ISO-10303-21;
HEADER;
FILE_DESCRIPTION(('SolidDesigner STEP Export'),'2;1');
FILE_NAME('mkdsv_5-hv-2-9.52.stp','2007-05-22T10:59:25',(''),(''),
'OneSpace Designer STEP processor for AP214 (Solid Model)',
'OneSpace Designer 14.50  18-Oct-2006 (C) CoCreate Software GmbH','');
FILE_SCHEMA(('AUTOMOTIVE_DESIGN { 1 0 10303 214 1 1 1 1 }'));
ENDSEC;
DATA;
#10=CARTESIAN_POINT('',(-109.41723490192,71.3666923710639,
0.668741084047205));
#20=DIRECTION('',(0.,1.,0.));
#30=DIRECTION('',(0.707106781186547,0.,-0.707106781186548));
#40=AXIS2_PLACEMENT_3D('',#10,#20,#30);
#50=PLANE('',#40);
#60=CARTESIAN_POINT('',(-108.748493817872,71.3666923710639,0.));
#70=DIRECTION('',(0.,1.,0.));
#80=DIRECTION('',(-1.,0.,0.));
#90=AXIS2_PLACEMENT_3D('',#60,#70,#80);
#100=CIRCLE('',#90,2.5);
#110=CARTESIAN_POINT('',(-106.750649338036,71.3666923710639,
1.50286973300611));
#120=VERTEX_POINT('',#110);
#130=CARTESIAN_POINT('',(-106.248493817872,71.3666923710639,
3.06161699786838E-16));
#140=VERTEX_POINT('',#130);
#150=EDGE_CURVE('',#120,#140,#100,.T.);
#160=ORIENTED_EDGE('',*,*,#150,.T.);
#170=CARTESIAN_POINT('',(-161.845165058604,71.3666923710639,
-53.5916459875626));
#180=DIRECTION('',(0.707106781186548,0.,0.707106781186547));
#190=VECTOR('',#180,1.);
#200=LINE('',#170,#190);
#210=CARTESIAN_POINT('',(-110.251363550878,71.3666923710639,
-1.99784447983674));
#220=VERTEX_POINT('',#210);
#230=EDGE_CURVE('',#220,#120,#200,.T.);
#240=ORIENTED_EDGE('',*,*,#230,.T.);
#250=EDGE_CURVE('',#140,#220,#100,.T.);
#260=ORIENTED_EDGE('',*,*,#250,.T.);
#270=EDGE_LOOP('',(#260,#240,#160));
#280=FACE_OUTER_BOUND('',#270,.T.);
#290=ADVANCED_FACE('',(#280),#50,.T.);
#300=COLOUR_RGB('',0.94901967048645,0.94901967048645,1.);
#310=FILL_AREA_STYLE_COLOUR('',#300);
#320=FILL_AREA_STYLE('',(#310));
#330=SURFACE_STYLE_FILL_AREA(#320);
#340=SURFACE_SIDE_STYLE('',(#330));
#350=SURFACE_STYLE_USAGE(.BOTH.,#340);
#360=PRESENTATION_STYLE_ASSIGNMENT((#350));
#370=CARTESIAN_POINT('',(-108.995981191288,71.3666923710639,
0.247487373415282));
#380=DIRECTION('',(0.707106781186547,0.,-0.707106781186548));
#390=DIRECTION('',(0.,-1.,0.));
#400=AXIS2_PLACEMENT_3D('',#370,#380,#390);
#410=PLANE('',#400);
#420=CARTESIAN_POINT('',(-161.845165058604,71.3666923710639,
-52.6016964939014));
#430=DIRECTION('',(-0.707106781186548,0.,-0.707106781186547));
#440=VECTOR('',#430,1.);
#450=LINE('',#420,#440);
#460=CARTESIAN_POINT('',(-107.245624084866,71.3666923710639,
1.9978444798367));
#470=VERTEX_POINT('',#460);
#480=CARTESIAN_POINT('',(-110.746338297709,71.3666923710639,
-1.50286973300615));
#490=VERTEX_POINT('',#480);
#500=EDGE_CURVE('',#470,#490,#450,.T.);
#510=ORIENTED_EDGE('',*,*,#500,.F.);
#520=CARTESIAN_POINT('',(-110.746338297709,69.9106353403537,
-1.50286973300615));
#530=DIRECTION('',(0.,1.,0.));
#540=VECTOR('',#530,1.);
#550=LINE('',#520,#540);
#560=CARTESIAN_POINT('',(-110.746338297709,70.3666923710639,
-1.50286973300615));
#570=VERTEX_POINT('',#560);
#580=EDGE_CURVE('',#570,#490,#550,.T.);
#590=ORIENTED_EDGE('',*,*,#580,.T.);
#600=CARTESIAN_POINT('',(-161.845165058604,70.3666923710639,
-52.6016964939014));
#610=DIRECTION('',(-0.707106781186548,0.,-0.707106781186547));
#620=VECTOR('',#610,1.);
#630=LINE('',#600,#620);
#640=CARTESIAN_POINT('',(-107.245624084866,70.3666923710639,
1.99784447983671));
#650=VERTEX_POINT('',#640);
#660=EDGE_CURVE('',#650,#570,#630,.T.);
#670=ORIENTED_EDGE('',*,*,#660,.T.);
#680=CARTESIAN_POINT('',(-107.245624084866,69.9106353403537,
1.99784447983671));
#690=DIRECTION('',(0.,1.,0.));
#700=VECTOR('',#690,1.);
#710=LINE('',#680,#700);
#720=EDGE_CURVE('',#650,#470,#710,.T.);
#730=ORIENTED_EDGE('',*,*,#720,.F.);
#740=EDGE_LOOP('',(#730,#670,#590,#510));
#750=FACE_OUTER_BOUND('',#740,.T.);
#760=ADVANCED_FACE('',(#750),#410,.T.);
#770=COLOUR_RGB('',0.94901967048645,0.94901967048645,1.);
#780=FILL_AREA_STYLE_COLOUR('',#770);
#790=FILL_AREA_STYLE('',(#780));
#800=SURFACE_STYLE_FILL_AREA(#790);
#810=SURFACE_SIDE_STYLE('',(#800));
#820=SURFACE_STYLE_USAGE(.BOTH.,#810);
#830=PRESENTATION_STYLE_ASSIGNMENT((#820));
#840=CARTESIAN_POINT('',(-108.748493817872,69.9106353403537,0.));
#850=DIRECTION('',(0.,1.,0.));
#860=DIRECTION('',(-1.,0.,0.));
#870=AXIS2_PLACEMENT_3D('',#840,#850,#860);
#880=CYLINDRICAL_SURFACE('',#870,2.5);
#890=CARTESIAN_POINT('',(-106.248493817872,69.9106353403537,
3.06161699786838E-16));
#900=DIRECTION('',(0.,1.,0.));
#910=VECTOR('',#900,1.);
#920=LINE('',#890,#910);
#930=CARTESIAN_POINT('',(-106.248493817872,70.0666923710639,
3.06161699786838E-16));
#940=VERTEX_POINT('',#930);
#950=EDGE_CURVE('',#940,#140,#920,.T.);
#960=ORIENTED_EDGE('',*,*,#950,.F.);
#970=ORIENTED_EDGE('',*,*,#250,.F.);
#980=CARTESIAN_POINT('',(-110.251363550878,69.9106353403537,
-1.99784447983674));
#990=DIRECTION('',(0.,1.,0.));
#1000=VECTOR('',#990,1.);
#1010=LINE('',#980,#1000);
#1020=CARTESIAN_POINT('',(-110.251363550878,70.3666923710639,
-1.99784447983674));
#1030=VERTEX_POINT('',#1020);
#1040=EDGE_CURVE('',#1030,#220,#1010,.T.);
#1050=ORIENTED_EDGE('',*,*,#1040,.T.);
#1060=CARTESIAN_POINT('',(-108.748493817872,70.3666923710639,0.));
#1070=DIRECTION('',(0.,1.,0.));
#1080=DIRECTION('',(-1.,0.,0.));
#1090=AXIS2_PLACEMENT_3D('',#1060,#1070,#1080);
#1100=CIRCLE('',#1090,2.5);
#1110=EDGE_CURVE('',#1030,#570,#1100,.T.);
#1120=ORIENTED_EDGE('',*,*,#1110,.F.);
#1130=ORIENTED_EDGE('',*,*,#580,.F.);
#1140=CARTESIAN_POINT('',(-108.748493817872,71.3666923710639,0.));
#1150=DIRECTION('',(0.,1.,0.));
#1160=DIRECTION('',(-1.,0.,0.));
#1170=AXIS2_PLACEMENT_3D('',#1140,#1150,#1160);
#1180=CIRCLE('',#1170,2.5);
#1190=CARTESIAN_POINT('',(-111.248493817872,71.3666923710639,0.));
#1200=VERTEX_POINT('',#1190);
#1210=EDGE_CURVE('',#490,#1200,#1180,.T.);
#1220=ORIENTED_EDGE('',*,*,#1210,.F.);
#1230=CARTESIAN_POINT('',(-111.248493817872,69.9106353403537,0.));
#1240=DIRECTION('',(0.,1.,0.));
#1250=VECTOR('',#1240,1.);
#1260=LINE('',#1230,#1250);
#1270=CARTESIAN_POINT('',(-111.248493817872,70.0666923710639,0.));
#1280=VERTEX_POINT('',#1270);
#1290=EDGE_CURVE('',#1280,#1200,#1260,.T.);
#1300=ORIENTED_EDGE('',*,*,#1290,.T.);
#1310=CARTESIAN_POINT('',(-108.748493817872,70.0666923710639,0.));
#1320=DIRECTION('',(0.,1.,0.));
#1330=DIRECTION('',(-1.,0.,0.));
#1340=AXIS2_PLACEMENT_3D('',#1310,#1320,#1330);
#1350=CIRCLE('',#1340,2.5);
#1360=EDGE_CURVE('',#940,#1280,#1350,.T.);
#1370=ORIENTED_EDGE('',*,*,#1360,.T.);
#1380=EDGE_LOOP('',(#1370,#1300,#1220,#1130,#1120,#1050,#970,#960));
#1390=FACE_OUTER_BOUND('',#1380,.T.);
#1400=ADVANCED_FACE('',(#1390),#880,.T.);
#1410=COLOUR_RGB('',0.949019610881805,0.949019610881805,1.);
#1420=FILL_AREA_STYLE_COLOUR('',#1410);
#1430=FILL_AREA_STYLE('',(#1420));
#1440=SURFACE_STYLE_FILL_AREA(#1430);
#1450=SURFACE_SIDE_STYLE('',(#1440));
#1460=SURFACE_STYLE_USAGE(.BOTH.,#1450);
#1470=PRESENTATION_STYLE_ASSIGNMENT((#1460));
#1480=CARTESIAN_POINT('',(-108.501006444457,70.3666923710639,
-0.247487373415318));
#1490=DIRECTION('',(-0.707106781186547,0.,0.707106781186548));
#1500=DIRECTION('',(0.,1.,0.));
#1510=AXIS2_PLACEMENT_3D('',#1480,#1490,#1500);
#1520=PLANE('',#1510);
#1530=ORIENTED_EDGE('',*,*,#230,.F.);
#1540=CARTESIAN_POINT('',(-106.750649338036,69.9106353403537,
1.50286973300611));
#1550=DIRECTION('',(0.,1.,0.));
#1560=VECTOR('',#1550,1.);
#1570=LINE('',#1540,#1560);
#1580=CARTESIAN_POINT('',(-106.750649338036,70.3666923710639,
1.50286973300611));
#1590=VERTEX_POINT('',#1580);
#1600=EDGE_CURVE('',#1590,#120,#1570,.T.);
#1610=ORIENTED_EDGE('',*,*,#1600,.T.);
#1620=CARTESIAN_POINT('',(-161.845165058604,70.3666923710639,
-53.5916459875626));
#1630=DIRECTION('',(0.707106781186548,0.,0.707106781186547));
#1640=VECTOR('',#1630,1.);
#1650=LINE('',#1620,#1640);
#1660=EDGE_CURVE('',#1030,#1590,#1650,.T.);
#1670=ORIENTED_EDGE('',*,*,#1660,.T.);
#1680=ORIENTED_EDGE('',*,*,#1040,.F.);
#1690=EDGE_LOOP('',(#1680,#1670,#1610,#1530));
#1700=FACE_OUTER_BOUND('',#1690,.T.);
#1710=ADVANCED_FACE('',(#1700),#1520,.T.);
#1720=COLOUR_RGB('',0.94901967048645,0.94901967048645,1.);
#1730=FILL_AREA_STYLE_COLOUR('',#1720);
#1740=FILL_AREA_STYLE('',(#1730));
#1750=SURFACE_STYLE_FILL_AREA(#1740);
#1760=SURFACE_SIDE_STYLE('',(#1750));
#1770=SURFACE_STYLE_USAGE(.BOTH.,#1760);
#1780=PRESENTATION_STYLE_ASSIGNMENT((#1770));
#1790=CARTESIAN_POINT('',(-108.501006444457,70.3666923710639,
-0.247487373415318));
#1800=DIRECTION('',(0.,1.,0.));
#1810=DIRECTION('',(0.707106781186547,0.,-0.707106781186548));
#1820=AXIS2_PLACEMENT_3D('',#1790,#1800,#1810);
#1830=PLANE('',#1820);
#1840=ORIENTED_EDGE('',*,*,#1660,.F.);
#1850=EDGE_CURVE('',#650,#1590,#1100,.T.);
#1860=ORIENTED_EDGE('',*,*,#1850,.T.);
#1870=ORIENTED_EDGE('',*,*,#660,.F.);
#1880=ORIENTED_EDGE('',*,*,#1110,.T.);
#1890=EDGE_LOOP('',(#1880,#1870,#1860,#1840));
#1900=FACE_OUTER_BOUND('',#1890,.T.);
#1910=ADVANCED_FACE('',(#1900),#1830,.T.);
#1920=COLOUR_RGB('',0.94901967048645,0.94901967048645,1.);
#1930=FILL_AREA_STYLE_COLOUR('',#1920);
#1940=FILL_AREA_STYLE('',(#1930));
#1950=SURFACE_STYLE_FILL_AREA(#1940);
#1960=SURFACE_SIDE_STYLE('',(#1950));
#1970=SURFACE_STYLE_USAGE(.BOTH.,#1960);
#1980=PRESENTATION_STYLE_ASSIGNMENT((#1970));
#1990=ORIENTED_EDGE('',*,*,#1210,.T.);
#2000=ORIENTED_EDGE('',*,*,#500,.T.);
#2010=EDGE_CURVE('',#1200,#470,#1180,.T.);
#2020=ORIENTED_EDGE('',*,*,#2010,.T.);
#2030=EDGE_LOOP('',(#2020,#2000,#1990));
#2040=FACE_OUTER_BOUND('',#2030,.T.);
#2050=ADVANCED_FACE('',(#2040),#50,.T.);
#2060=COLOUR_RGB('',0.94901967048645,0.94901967048645,1.);
#2070=FILL_AREA_STYLE_COLOUR('',#2060);
#2080=FILL_AREA_STYLE('',(#2070));
#2090=SURFACE_STYLE_FILL_AREA(#2080);
#2100=SURFACE_SIDE_STYLE('',(#2090));
#2110=SURFACE_STYLE_USAGE(.BOTH.,#2100);
#2120=PRESENTATION_STYLE_ASSIGNMENT((#2110));
#2130=CARTESIAN_POINT('',(-89.580712,70.0666923710639,-19.4840024));
#2140=DIRECTION('',(-0.,-1.,-0.));
#2150=DIRECTION('',(-1.,0.,0.));
#2160=AXIS2_PLACEMENT_3D('',#2130,#2140,#2150);
#2170=PLANE('',#2160);
#2180=CARTESIAN_POINT('',(-108.748493817872,70.0666923710639,0.));
#2190=DIRECTION('',(0.,1.,0.));
#2200=DIRECTION('',(-1.,0.,0.));
#2210=AXIS2_PLACEMENT_3D('',#2180,#2190,#2200);
#2220=CIRCLE('',#2210,2.6);
#2230=CARTESIAN_POINT('',(-111.348493817872,70.0666923710639,0.));
#2240=VERTEX_POINT('',#2230);
#2250=CARTESIAN_POINT('',(-106.148493817872,70.0666923710639,
3.18408167778312E-16));
#2260=VERTEX_POINT('',#2250);
#2270=EDGE_CURVE('',#2240,#2260,#2220,.T.);
#2280=ORIENTED_EDGE('',*,*,#2270,.T.);
#2290=EDGE_CURVE('',#2260,#2240,#2220,.T.);
#2300=ORIENTED_EDGE('',*,*,#2290,.T.);
#2310=EDGE_LOOP('',(#2300,#2280));
#2320=FACE_OUTER_BOUND('',#2310,.T.);
#2330=EDGE_CURVE('',#1280,#940,#1350,.T.);
#2340=ORIENTED_EDGE('',*,*,#2330,.F.);
#2350=ORIENTED_EDGE('',*,*,#1360,.F.);
#2360=EDGE_LOOP('',(#2350,#2340));
#2370=FACE_BOUND('',#2360,.T.);
#2380=ADVANCED_FACE('',(#2320,#2370),#2170,.F.);
#2390=COLOUR_RGB('',0.501960813999176,1.,0.501960813999176);
#2400=FILL_AREA_STYLE_COLOUR('',#2390);
#2410=FILL_AREA_STYLE('',(#2400));
#2420=SURFACE_STYLE_FILL_AREA(#2410);
#2430=SURFACE_SIDE_STYLE('',(#2420));
#2440=SURFACE_STYLE_USAGE(.BOTH.,#2430);
#2450=PRESENTATION_STYLE_ASSIGNMENT((#2440));
#2460=CARTESIAN_POINT('',(-108.748493817872,70.0666923710639,0.));
#2470=DIRECTION('',(0.,1.,0.));
#2480=DIRECTION('',(-1.,0.,0.));
#2490=AXIS2_PLACEMENT_3D('',#2460,#2470,#2480);
#2500=CYLINDRICAL_SURFACE('',#2490,2.6);
#2510=CARTESIAN_POINT('',(-106.148493817872,70.0666923710639,
3.18408167778312E-16));
#2520=DIRECTION('',(0.,1.,0.));
#2530=VECTOR('',#2520,1.);
#2540=LINE('',#2510,#2530);
#2550=CARTESIAN_POINT('',(-106.148493817872,74.5666923710639,
3.18408167778312E-16));
#2560=VERTEX_POINT('',#2550);
#2570=EDGE_CURVE('',#2260,#2560,#2540,.T.);
#2580=ORIENTED_EDGE('',*,*,#2570,.T.);
#2590=ORIENTED_EDGE('',*,*,#2290,.F.);
#2600=CARTESIAN_POINT('',(-111.348493817872,70.0666923710639,0.));
#2610=DIRECTION('',(0.,1.,0.));
#2620=VECTOR('',#2610,1.);
#2630=LINE('',#2600,#2620);
#2640=CARTESIAN_POINT('',(-111.348493817872,74.5666923710639,0.));
#2650=VERTEX_POINT('',#2640);
#2660=EDGE_CURVE('',#2240,#2650,#2630,.T.);
#2670=ORIENTED_EDGE('',*,*,#2660,.F.);
#2680=CARTESIAN_POINT('',(-108.748493817872,74.5666923710639,0.));
#2690=DIRECTION('',(0.,1.,0.));
#2700=DIRECTION('',(-1.,0.,0.));
#2710=AXIS2_PLACEMENT_3D('',#2680,#2690,#2700);
#2720=CIRCLE('',#2710,2.6);
#2730=EDGE_CURVE('',#2560,#2650,#2720,.T.);
#2740=ORIENTED_EDGE('',*,*,#2730,.T.);
#2750=EDGE_LOOP('',(#2740,#2670,#2590,#2580));
#2760=FACE_OUTER_BOUND('',#2750,.T.);
#2770=ADVANCED_FACE('',(#2760),#2500,.F.);
#2780=COLOUR_RGB('',0.501960813999176,1.,0.501960813999176);
#2790=FILL_AREA_STYLE_COLOUR('',#2780);
#2800=FILL_AREA_STYLE('',(#2790));
#2810=SURFACE_STYLE_FILL_AREA(#2800);
#2820=SURFACE_SIDE_STYLE('',(#2810));
#2830=SURFACE_STYLE_USAGE(.BOTH.,#2820);
#2840=PRESENTATION_STYLE_ASSIGNMENT((#2830));
#2850=CARTESIAN_POINT('',(-107.405851739585,74.5666923710639,
0.527572458736952));
#2860=DIRECTION('',(0.,1.,-0.));
#2870=DIRECTION('',(-1.,0.,0.));
#2880=AXIS2_PLACEMENT_3D('',#2850,#2860,#2870);
#2890=PLANE('',#2880);
#2900=CARTESIAN_POINT('',(-108.748493817872,74.5666923710639,0.));
#2910=DIRECTION('',(0.,1.,0.));
#2920=DIRECTION('',(1.,0.,0.));
#2930=AXIS2_PLACEMENT_3D('',#2900,#2910,#2920);
#2940=CIRCLE('',#2930,3.05);
#2950=CARTESIAN_POINT('',(-111.798493817872,74.5666923710639,0.));
#2960=VERTEX_POINT('',#2950);
#2970=CARTESIAN_POINT('',(-105.698493817872,74.5666923710639,0.));
#2980=VERTEX_POINT('',#2970);
#2990=EDGE_CURVE('',#2960,#2980,#2940,.T.);
#3000=ORIENTED_EDGE('',*,*,#2990,.T.);
#3010=EDGE_CURVE('',#2980,#2960,#2940,.T.);
#3020=ORIENTED_EDGE('',*,*,#3010,.T.);
#3030=EDGE_LOOP('',(#3020,#3000));
#3040=FACE_OUTER_BOUND('',#3030,.T.);
#3050=EDGE_CURVE('',#2650,#2560,#2720,.T.);
#3060=ORIENTED_EDGE('',*,*,#3050,.F.);
#3070=ORIENTED_EDGE('',*,*,#2730,.F.);
#3080=EDGE_LOOP('',(#3070,#3060));
#3090=FACE_BOUND('',#3080,.T.);
#3100=ADVANCED_FACE('',(#3040,#3090),#2890,.T.);
#3110=COLOUR_RGB('',0.501960813999176,1.,0.501960813999176);
#3120=FILL_AREA_STYLE_COLOUR('',#3110);
#3130=FILL_AREA_STYLE('',(#3120));
#3140=SURFACE_STYLE_FILL_AREA(#3130);
#3150=SURFACE_SIDE_STYLE('',(#3140));
#3160=SURFACE_STYLE_USAGE(.BOTH.,#3150);
#3170=PRESENTATION_STYLE_ASSIGNMENT((#3160));
#3180=CARTESIAN_POINT('',(-108.748493817872,74.3666923710639,0.));
#3190=DIRECTION('',(0.,1.,0.));
#3200=DIRECTION('',(1.,0.,0.));
#3210=AXIS2_PLACEMENT_3D('',#3180,#3190,#3200);
#3220=TOROIDAL_SURFACE('',#3210,3.05,0.2);
#3230=CARTESIAN_POINT('',(-111.798493817872,74.3666923710639,0.));
#3240=DIRECTION('',(0.,0.,1.));
#3250=DIRECTION('',(1.,0.,0.));
#3260=AXIS2_PLACEMENT_3D('',#3230,#3240,#3250);
#3270=CIRCLE('',#3260,0.2);
#3280=CARTESIAN_POINT('',(-111.998493817872,74.3666923710639,0.));
#3290=VERTEX_POINT('',#3280);
#3300=EDGE_CURVE('',#2960,#3290,#3270,.T.);
#3310=ORIENTED_EDGE('',*,*,#3300,.F.);
#3320=CARTESIAN_POINT('',(-108.748493817872,74.3666923710639,0.));
#3330=DIRECTION('',(0.,1.,0.));
#3340=DIRECTION('',(1.,0.,0.));
#3350=AXIS2_PLACEMENT_3D('',#3320,#3330,#3340);
#3360=CIRCLE('',#3350,3.25);
#3370=CARTESIAN_POINT('',(-105.498493817872,74.3666923710639,0.));
#3380=VERTEX_POINT('',#3370);
#3390=EDGE_CURVE('',#3380,#3290,#3360,.T.);
#3400=ORIENTED_EDGE('',*,*,#3390,.T.);
#3410=CARTESIAN_POINT('',(-105.698493817872,74.3666923710639,0.));
#3420=DIRECTION('',(0.,0.,-1.));
#3430=DIRECTION('',(-1.,0.,0.));
#3440=AXIS2_PLACEMENT_3D('',#3410,#3420,#3430);
#3450=CIRCLE('',#3440,0.2);
#3460=EDGE_CURVE('',#2980,#3380,#3450,.T.);
#3470=ORIENTED_EDGE('',*,*,#3460,.T.);
#3480=ORIENTED_EDGE('',*,*,#3010,.F.);
#3490=EDGE_LOOP('',(#3480,#3470,#3400,#3310));
#3500=FACE_OUTER_BOUND('',#3490,.T.);
#3510=ADVANCED_FACE('',(#3500),#3220,.T.);
#3520=COLOUR_RGB('',0.501960813999176,1.,0.501960813999176);
#3530=FILL_AREA_STYLE_COLOUR('',#3520);
#3540=FILL_AREA_STYLE('',(#3530));
#3550=SURFACE_STYLE_FILL_AREA(#3540);
#3560=SURFACE_SIDE_STYLE('',(#3550));
#3570=SURFACE_STYLE_USAGE(.BOTH.,#3560);
#3580=PRESENTATION_STYLE_ASSIGNMENT((#3570));
#3590=CARTESIAN_POINT('',(-108.748493817872,70.0666923710639,0.));
#3600=DIRECTION('',(0.,1.,0.));
#3610=DIRECTION('',(-1.,0.,0.));
#3620=AXIS2_PLACEMENT_3D('',#3590,#3600,#3610);
#3630=CYLINDRICAL_SURFACE('',#3620,3.25);
#3640=CARTESIAN_POINT('',(-105.498493817872,70.0666923710639,
3.9801020972289E-16));
#3650=DIRECTION('',(0.,1.,0.));
#3660=VECTOR('',#3650,1.);
#3670=LINE('',#3640,#3660);
#3680=CARTESIAN_POINT('',(-105.498493817872,70.0666923710639,
3.9801020972289E-16));
#3690=VERTEX_POINT('',#3680);
#3700=EDGE_CURVE('',#3690,#3380,#3670,.T.);
#3710=ORIENTED_EDGE('',*,*,#3700,.T.);
#3720=CARTESIAN_POINT('',(-108.748493817872,70.0666923710639,0.));
#3730=DIRECTION('',(0.,1.,0.));
#3740=DIRECTION('',(-1.,0.,0.));
#3750=AXIS2_PLACEMENT_3D('',#3720,#3730,#3740);
#3760=CIRCLE('',#3750,3.25);
#3770=CARTESIAN_POINT('',(-111.998493817872,70.0666923710639,0.));
#3780=VERTEX_POINT('',#3770);
#3790=EDGE_CURVE('',#3780,#3690,#3760,.T.);
#3800=ORIENTED_EDGE('',*,*,#3790,.T.);
#3810=CARTESIAN_POINT('',(-111.998493817872,70.0666923710639,0.));
#3820=DIRECTION('',(0.,1.,0.));
#3830=VECTOR('',#3820,1.);
#3840=LINE('',#3810,#3830);
#3850=EDGE_CURVE('',#3780,#3290,#3840,.T.);
#3860=ORIENTED_EDGE('',*,*,#3850,.F.);
#3870=EDGE_CURVE('',#3290,#3380,#3360,.T.);
#3880=ORIENTED_EDGE('',*,*,#3870,.F.);
#3890=EDGE_LOOP('',(#3880,#3860,#3800,#3710));
#3900=FACE_OUTER_BOUND('',#3890,.T.);
#3910=ADVANCED_FACE('',(#3900),#3630,.T.);
#3920=COLOUR_RGB('',0.501960813999176,1.,0.501960813999176);
#3930=FILL_AREA_STYLE_COLOUR('',#3920);
#3940=FILL_AREA_STYLE('',(#3930));
#3950=SURFACE_STYLE_FILL_AREA(#3940);
#3960=SURFACE_SIDE_STYLE('',(#3950));
#3970=SURFACE_STYLE_USAGE(.BOTH.,#3960);
#3980=PRESENTATION_STYLE_ASSIGNMENT((#3970));
#3990=ORIENTED_EDGE('',*,*,#3790,.F.);
#4000=EDGE_CURVE('',#3690,#3780,#3760,.T.);
#4010=ORIENTED_EDGE('',*,*,#4000,.F.);
#4020=EDGE_LOOP('',(#4010,#3990));
#4030=FACE_BOUND('',#4020,.T.);
#4040=CARTESIAN_POINT('',(-108.748493817872,70.0666923710639,-9.52));
#4050=DIRECTION('',(0.,1.,0.));
#4060=DIRECTION('',(-1.,0.,0.));
#4070=AXIS2_PLACEMENT_3D('',#4040,#4050,#4060);
#4080=CIRCLE('',#4070,3.25);
#4090=CARTESIAN_POINT('',(-111.998493817872,70.0666923710639,-9.52));
#4100=VERTEX_POINT('',#4090);
#4110=CARTESIAN_POINT('',(-105.498493817872,70.0666923710639,-9.52));
#4120=VERTEX_POINT('',#4110);
#4130=EDGE_CURVE('',#4100,#4120,#4080,.T.);
#4140=ORIENTED_EDGE('',*,*,#4130,.F.);
#4150=EDGE_CURVE('',#4120,#4100,#4080,.T.);
#4160=ORIENTED_EDGE('',*,*,#4150,.F.);
#4170=EDGE_LOOP('',(#4160,#4140));
#4180=FACE_BOUND('',#4170,.T.);
#4190=CARTESIAN_POINT('',(-108.748493817872,70.0666923710639,-4.76));
#4200=DIRECTION('',(0.,-1.,0.));
#4210=DIRECTION('',(-1.,0.,0.));
#4220=AXIS2_PLACEMENT_3D('',#4190,#4200,#4210);
#4230=CIRCLE('',#4220,0.299999999999997);
#4240=CARTESIAN_POINT('',(-109.048493817872,70.0666923710639,-4.76));
#4250=VERTEX_POINT('',#4240);
#4260=CARTESIAN_POINT('',(-108.748493817872,70.0666923710639,-5.06));
#4270=VERTEX_POINT('',#4260);
#4280=EDGE_CURVE('',#4250,#4270,#4230,.T.);
#4290=ORIENTED_EDGE('',*,*,#4280,.T.);
#4300=CARTESIAN_POINT('',(-108.748493817872,70.0666923710639,-4.46));
#4310=VERTEX_POINT('',#4300);
#4320=EDGE_CURVE('',#4310,#4250,#4230,.T.);
#4330=ORIENTED_EDGE('',*,*,#4320,.T.);
#4340=CARTESIAN_POINT('',(-108.448493817872,70.0666923710639,-4.76));
#4350=VERTEX_POINT('',#4340);
#4360=EDGE_CURVE('',#4350,#4310,#4230,.T.);
#4370=ORIENTED_EDGE('',*,*,#4360,.T.);
#4380=EDGE_CURVE('',#4270,#4350,#4230,.T.);
#4390=ORIENTED_EDGE('',*,*,#4380,.T.);
#4400=EDGE_LOOP('',(#4390,#4370,#4330,#4290));
#4410=FACE_BOUND('',#4400,.T.);
#4420=CARTESIAN_POINT('',(-105.398493817872,70.0666923710639,0.));
#4430=DIRECTION('',(0.,0.,-1.));
#4440=VECTOR('',#4430,1.);
#4450=LINE('',#4420,#4440);
#4460=CARTESIAN_POINT('',(-105.398493817872,70.0666923710639,4.76));
#4470=VERTEX_POINT('',#4460);
#4480=CARTESIAN_POINT('',(-105.398493817872,70.0666923710639,-14.28));
#4490=VERTEX_POINT('',#4480);
#4500=EDGE_CURVE('',#4470,#4490,#4450,.T.);
#4510=ORIENTED_EDGE('',*,*,#4500,.T.);
#4520=CARTESIAN_POINT('',(-161.845165058604,70.0666923710639,4.76));
#4530=DIRECTION('',(1.,0.,0.));
#4540=VECTOR('',#4530,1.);
#4550=LINE('',#4520,#4540);
#4560=CARTESIAN_POINT('',(-112.098493817872,70.0666923710639,4.76));
#4570=VERTEX_POINT('',#4560);
#4580=EDGE_CURVE('',#4570,#4470,#4550,.T.);
#4590=ORIENTED_EDGE('',*,*,#4580,.T.);
#4600=CARTESIAN_POINT('',(-112.098493817872,70.066692371064,0.));
#4610=DIRECTION('',(0.,0.,1.));
#4620=VECTOR('',#4610,1.);
#4630=LINE('',#4600,#4620);
#4640=CARTESIAN_POINT('',(-112.098493817872,70.0666923710639,-14.28));
#4650=VERTEX_POINT('',#4640);
#4660=EDGE_CURVE('',#4650,#4570,#4630,.T.);
#4670=ORIENTED_EDGE('',*,*,#4660,.T.);
#4680=CARTESIAN_POINT('',(0.,70.0666923710639,-14.28));
#4690=DIRECTION('',(1.,0.,0.));
#4700=VECTOR('',#4690,1.);
#4710=LINE('',#4680,#4700);
#4720=EDGE_CURVE('',#4650,#4490,#4710,.T.);
#4730=ORIENTED_EDGE('',*,*,#4720,.F.);
#4740=EDGE_LOOP('',(#4730,#4670,#4590,#4510));
#4750=FACE_OUTER_BOUND('',#4740,.T.);
#4760=ADVANCED_FACE('',(#4030,#4180,#4410,#4750),#2170,.F.);
#4770=COLOUR_RGB('',0.501960813999176,1.,0.501960813999176);
#4780=FILL_AREA_STYLE_COLOUR('',#4770);
#4790=FILL_AREA_STYLE('',(#4780));
#4800=SURFACE_STYLE_FILL_AREA(#4790);
#4810=SURFACE_SIDE_STYLE('',(#4800));
#4820=SURFACE_STYLE_USAGE(.BOTH.,#4810);
#4830=PRESENTATION_STYLE_ASSIGNMENT((#4820));
#4840=CARTESIAN_POINT('',(-99.3484938178724,65.066692371064,0.));
#4850=DIRECTION('',(-0.,1.,0.));
#4860=DIRECTION('',(1.,0.,0.));
#4870=AXIS2_PLACEMENT_3D('',#4840,#4850,#4860);
#4880=PLANE('',#4870);
#4890=CARTESIAN_POINT('',(-99.3484938178724,65.066692371064,0.));
#4900=DIRECTION('',(0.,0.,-1.));
#4910=VECTOR('',#4900,1.);
#4920=LINE('',#4890,#4910);
#4930=CARTESIAN_POINT('',(-99.3484938178724,65.066692371064,4.76));
#4940=VERTEX_POINT('',#4930);
#4950=CARTESIAN_POINT('',(-99.3484938178724,65.066692371064,-14.28));
#4960=VERTEX_POINT('',#4950);
#4970=EDGE_CURVE('',#4940,#4960,#4920,.T.);
#4980=ORIENTED_EDGE('',*,*,#4970,.T.);
#4990=CARTESIAN_POINT('',(-161.845165058604,65.066692371064,4.76));
#5000=DIRECTION('',(-1.,0.,0.));
#5010=VECTOR('',#5000,1.);
#5020=LINE('',#4990,#5010);
#5030=CARTESIAN_POINT('',(-102.511742471924,65.066692371064,4.76));
#5040=VERTEX_POINT('',#5030);
#5050=EDGE_CURVE('',#4940,#5040,#5020,.T.);
#5060=ORIENTED_EDGE('',*,*,#5050,.F.);
#5070=CARTESIAN_POINT('',(-102.511742471924,65.066692371064,0.));
#5080=DIRECTION('',(0.,0.,-1.));
#5090=VECTOR('',#5080,1.);
#5100=LINE('',#5070,#5090);
#5110=CARTESIAN_POINT('',(-102.511742471924,65.066692371064,-14.28));
#5120=VERTEX_POINT('',#5110);
#5130=EDGE_CURVE('',#5040,#5120,#5100,.T.);
#5140=ORIENTED_EDGE('',*,*,#5130,.F.);
#5150=CARTESIAN_POINT('',(0.,65.066692371064,-14.28));
#5160=DIRECTION('',(-1.,0.,0.));
#5170=VECTOR('',#5160,1.);
#5180=LINE('',#5150,#5170);
#5190=EDGE_CURVE('',#4960,#5120,#5180,.T.);
#5200=ORIENTED_EDGE('',*,*,#5190,.T.);
#5210=EDGE_LOOP('',(#5200,#5140,#5060,#4980));
#5220=FACE_OUTER_BOUND('',#5210,.T.);
#5230=ADVANCED_FACE('',(#5220),#4880,.T.);
#5240=COLOUR_RGB('',0.501960813999176,1.,0.501960813999176);
#5250=FILL_AREA_STYLE_COLOUR('',#5240);
#5260=FILL_AREA_STYLE('',(#5250));
#5270=SURFACE_STYLE_FILL_AREA(#5260);
#5280=SURFACE_SIDE_STYLE('',(#5270));
#5290=SURFACE_STYLE_USAGE(.BOTH.,#5280);
#5300=PRESENTATION_STYLE_ASSIGNMENT((#5290));
#5310=CARTESIAN_POINT('',(-104.341493817872,53.066692371064,
4.63130930009332));
#5320=DIRECTION('',(1.,0.,-3.79590857139853E-14));
#5330=DIRECTION('',(-3.79590857139853E-14,0.,-1.));
#5340=AXIS2_PLACEMENT_3D('',#5310,#5320,#5330);
#5350=PLANE('',#5340);
#5360=CARTESIAN_POINT('',(-104.341493817872,53.066692371064,5.));
#5370=DIRECTION('',(3.79590857139853E-14,0.,1.));
#5380=VECTOR('',#5370,1.);
#5390=LINE('',#5360,#5380);
#5400=CARTESIAN_POINT('',(-104.341493817872,53.066692371064,
4.63130930009332));
#5410=VERTEX_POINT('',#5400);
#5420=CARTESIAN_POINT('',(-104.341493817872,53.066692371064,4.76));
#5430=VERTEX_POINT('',#5420);
#5440=EDGE_CURVE('',#5410,#5430,#5390,.T.);
#5450=ORIENTED_EDGE('',*,*,#5440,.T.);
#5460=CARTESIAN_POINT('',(-104.341493817872,0.,4.63130930009331));
#5470=DIRECTION('',(0.,1.,0.));
#5480=VECTOR('',#5470,1.);
#5490=LINE('',#5460,#5480);
#5500=CARTESIAN_POINT('',(-104.341493817872,65.066692371064,
4.63130930009331));
#5510=VERTEX_POINT('',#5500);
#5520=EDGE_CURVE('',#5410,#5510,#5490,.T.);
#5530=ORIENTED_EDGE('',*,*,#5520,.F.);
#5540=CARTESIAN_POINT('',(-104.341493817872,65.066692371064,0.));
#5550=DIRECTION('',(3.79590857139853E-14,0.,1.));
#5560=VECTOR('',#5550,1.);
#5570=LINE('',#5540,#5560);
#5580=CARTESIAN_POINT('',(-104.341493817872,65.066692371064,4.76));
#5590=VERTEX_POINT('',#5580);
#5600=EDGE_CURVE('',#5510,#5590,#5570,.T.);
#5610=ORIENTED_EDGE('',*,*,#5600,.F.);
#5620=CARTESIAN_POINT('',(-104.341493817872,20.1116003819201,4.76));
#5630=DIRECTION('',(0.,-1.,0.));
#5640=VECTOR('',#5630,1.);
#5650=LINE('',#5620,#5640);
#5660=EDGE_CURVE('',#5590,#5430,#5650,.T.);
#5670=ORIENTED_EDGE('',*,*,#5660,.F.);
#5680=EDGE_LOOP('',(#5670,#5610,#5530,#5450));
#5690=FACE_OUTER_BOUND('',#5680,.T.);
#5700=ADVANCED_FACE('',(#5690),#5350,.F.);
#5710=COLOUR_RGB('',0.501960813999176,1.,0.501960813999176);
#5720=FILL_AREA_STYLE_COLOUR('',#5710);
#5730=FILL_AREA_STYLE('',(#5720));
#5740=SURFACE_STYLE_FILL_AREA(#5730);
#5750=SURFACE_SIDE_STYLE('',(#5740));
#5760=SURFACE_STYLE_USAGE(.BOTH.,#5750);
#5770=PRESENTATION_STYLE_ASSIGNMENT((#5760));
#5780=CARTESIAN_POINT('',(-108.541493817872,56.355896558486,-14.28));
#5790=DIRECTION('',(1.,0.,0.));
#5800=DIRECTION('',(0.,1.,0.));
#5810=AXIS2_PLACEMENT_3D('',#5780,#5790,#5800);
#5820=PLANE('',#5810);
#5830=CARTESIAN_POINT('',(-108.541493817872,0.,-14.28));
#5840=DIRECTION('',(0.,-1.,0.));
#5850=VECTOR('',#5840,1.);
#5860=LINE('',#5830,#5850);
#5870=CARTESIAN_POINT('',(-108.541493817872,56.355896558486,-14.28));
#5880=VERTEX_POINT('',#5870);
#5890=CARTESIAN_POINT('',(-108.541493817872,53.7774881836419,-14.28));
#5900=VERTEX_POINT('',#5890);
#5910=EDGE_CURVE('',#5880,#5900,#5860,.T.);
#5920=ORIENTED_EDGE('',*,*,#5910,.T.);
#5930=CARTESIAN_POINT('',(-108.541493817872,56.355896558486,-14.28));
#5940=DIRECTION('',(0.,0.,-1.));
#5950=VECTOR('',#5940,1.);
#5960=LINE('',#5930,#5950);
#5970=CARTESIAN_POINT('',(-108.541493817872,56.355896558486,-14.18));
#5980=VERTEX_POINT('',#5970);
#5990=EDGE_CURVE('',#5980,#5880,#5960,.T.);
#6000=ORIENTED_EDGE('',*,*,#5990,.T.);
#6010=CARTESIAN_POINT('',(-108.541493817872,56.355896558486,-14.18));
#6020=DIRECTION('',(0.,-1.,0.));
#6030=VECTOR('',#6020,1.);
#6040=LINE('',#6010,#6030);
#6050=CARTESIAN_POINT('',(-108.541493817872,53.7774881836419,-14.18));
#6060=VERTEX_POINT('',#6050);
#6070=EDGE_CURVE('',#5980,#6060,#6040,.T.);
#6080=ORIENTED_EDGE('',*,*,#6070,.F.);
#6090=CARTESIAN_POINT('',(-108.541493817872,53.7774881836419,-14.28));
#6100=DIRECTION('',(0.,0.,-1.));
#6110=VECTOR('',#6100,1.);
#6120=LINE('',#6090,#6110);
#6130=EDGE_CURVE('',#6060,#5900,#6120,.T.);
#6140=ORIENTED_EDGE('',*,*,#6130,.F.);
#6150=EDGE_LOOP('',(#6140,#6080,#6000,#5920));
#6160=FACE_OUTER_BOUND('',#6150,.T.);
#6170=ADVANCED_FACE('',(#6160),#5820,.F.);
#6180=COLOUR_RGB('',0.501960813999176,1.,0.501960813999176);
#6190=FILL_AREA_STYLE_COLOUR('',#6180);
#6200=FILL_AREA_STYLE('',(#6190));
#6210=SURFACE_STYLE_FILL_AREA(#6200);
#6220=SURFACE_SIDE_STYLE('',(#6210));
#6230=SURFACE_STYLE_USAGE(.BOTH.,#6220);
#6240=PRESENTATION_STYLE_ASSIGNMENT((#6230));
#6250=CARTESIAN_POINT('',(-111.330698005294,56.355896558486,-14.28));
#6260=DIRECTION('',(0.,0.,-1.));
#6270=DIRECTION('',(-1.,0.,0.));
#6280=AXIS2_PLACEMENT_3D('',#6250,#6260,#6270);
#6290=CYLINDRICAL_SURFACE('',#6280,0.210795812577999);
#6300=CARTESIAN_POINT('',(-111.330698005294,56.355896558486,-14.28));
#6310=DIRECTION('',(0.,0.,-1.));
#6320=DIRECTION('',(-1.,0.,0.));
#6330=AXIS2_PLACEMENT_3D('',#6300,#6310,#6320);
#6340=CIRCLE('',#6330,0.210795812577999);
#6350=CARTESIAN_POINT('',(-111.541493817872,56.355896558486,-14.28));
#6360=VERTEX_POINT('',#6350);
#6370=CARTESIAN_POINT('',(-111.330698005294,56.566692371064,-14.28));
#6380=VERTEX_POINT('',#6370);
#6390=EDGE_CURVE('',#6360,#6380,#6340,.T.);
#6400=ORIENTED_EDGE('',*,*,#6390,.T.);
#6410=CARTESIAN_POINT('',(-111.541493817872,56.355896558486,-14.28));
#6420=DIRECTION('',(0.,0.,-1.));
#6430=VECTOR('',#6420,1.);
#6440=LINE('',#6410,#6430);
#6450=CARTESIAN_POINT('',(-111.541493817872,56.355896558486,-14.18));
#6460=VERTEX_POINT('',#6450);
#6470=EDGE_CURVE('',#6460,#6360,#6440,.T.);
#6480=ORIENTED_EDGE('',*,*,#6470,.T.);
#6490=CARTESIAN_POINT('',(-111.330698005294,56.355896558486,-14.18));
#6500=DIRECTION('',(0.,0.,-1.));
#6510=DIRECTION('',(-1.,0.,0.));
#6520=AXIS2_PLACEMENT_3D('',#6490,#6500,#6510);
#6530=CIRCLE('',#6520,0.210795812577999);
#6540=CARTESIAN_POINT('',(-111.330698005294,56.566692371064,-14.18));
#6550=VERTEX_POINT('',#6540);
#6560=EDGE_CURVE('',#6460,#6550,#6530,.T.);
#6570=ORIENTED_EDGE('',*,*,#6560,.F.);
#6580=CARTESIAN_POINT('',(-111.330698005294,56.566692371064,-14.28));
#6590=DIRECTION('',(0.,0.,1.));
#6600=VECTOR('',#6590,1.);
#6610=LINE('',#6580,#6600);
#6620=EDGE_CURVE('',#6380,#6550,#6610,.T.);
#6630=ORIENTED_EDGE('',*,*,#6620,.T.);
#6640=EDGE_LOOP('',(#6630,#6570,#6480,#6400));
#6650=FACE_OUTER_BOUND('',#6640,.T.);
#6660=ADVANCED_FACE('',(#6650),#6290,.F.);
#6670=COLOUR_RGB('',0.501960813999176,1.,0.501960813999176);
#6680=FILL_AREA_STYLE_COLOUR('',#6670);
#6690=FILL_AREA_STYLE('',(#6680));
#6700=SURFACE_STYLE_FILL_AREA(#6690);
#6710=SURFACE_SIDE_STYLE('',(#6700));
#6720=SURFACE_STYLE_USAGE(.BOTH.,#6710);
#6730=PRESENTATION_STYLE_ASSIGNMENT((#6720));
#6740=CARTESIAN_POINT('',(-111.541493817872,53.7774881836419,-14.28));
#6750=DIRECTION('',(-1.,0.,0.));
#6760=DIRECTION('',(0.,-1.,0.));
#6770=AXIS2_PLACEMENT_3D('',#6740,#6750,#6760);
#6780=PLANE('',#6770);
#6790=CARTESIAN_POINT('',(-111.541493817872,0.,-14.28));
#6800=DIRECTION('',(0.,1.,0.));
#6810=VECTOR('',#6800,1.);
#6820=LINE('',#6790,#6810);
#6830=CARTESIAN_POINT('',(-111.541493817872,53.7774881836419,-14.28));
#6840=VERTEX_POINT('',#6830);
#6850=EDGE_CURVE('',#6840,#6360,#6820,.T.);
#6860=ORIENTED_EDGE('',*,*,#6850,.T.);
#6870=CARTESIAN_POINT('',(-111.541493817872,53.7774881836419,-14.28));
#6880=DIRECTION('',(0.,0.,-1.));
#6890=VECTOR('',#6880,1.);
#6900=LINE('',#6870,#6890);
#6910=CARTESIAN_POINT('',(-111.541493817872,53.7774881836419,-14.18));
#6920=VERTEX_POINT('',#6910);
#6930=EDGE_CURVE('',#6920,#6840,#6900,.T.);
#6940=ORIENTED_EDGE('',*,*,#6930,.T.);
#6950=CARTESIAN_POINT('',(-111.541493817872,56.355896558486,-14.18));
#6960=DIRECTION('',(0.,-1.,0.));
#6970=VECTOR('',#6960,1.);
#6980=LINE('',#6950,#6970);
#6990=EDGE_CURVE('',#6460,#6920,#6980,.T.);
#7000=ORIENTED_EDGE('',*,*,#6990,.T.);
#7010=ORIENTED_EDGE('',*,*,#6470,.F.);
#7020=EDGE_LOOP('',(#7010,#7000,#6940,#6860));
#7030=FACE_OUTER_BOUND('',#7020,.T.);
#7040=ADVANCED_FACE('',(#7030),#6780,.F.);
#7050=COLOUR_RGB('',0.501960813999176,1.,0.501960813999176);
#7060=FILL_AREA_STYLE_COLOUR('',#7050);
#7070=FILL_AREA_STYLE('',(#7060));
#7080=SURFACE_STYLE_FILL_AREA(#7070);
#7090=SURFACE_SIDE_STYLE('',(#7080));
#7100=SURFACE_STYLE_USAGE(.BOTH.,#7090);
#7110=PRESENTATION_STYLE_ASSIGNMENT((#7100));
#7120=CARTESIAN_POINT('',(-111.330698005294,53.7774881836419,-14.28));
#7130=DIRECTION('',(0.,0.,-1.));
#7140=DIRECTION('',(-1.,0.,0.));
#7150=AXIS2_PLACEMENT_3D('',#7120,#7130,#7140);
#7160=CYLINDRICAL_SURFACE('',#7150,0.210795812577921);
#7170=CARTESIAN_POINT('',(-111.330698005294,53.7774881836419,-14.28));
#7180=DIRECTION('',(0.,0.,-1.));
#7190=DIRECTION('',(-1.,0.,0.));
#7200=AXIS2_PLACEMENT_3D('',#7170,#7180,#7190);
#7210=CIRCLE('',#7200,0.210795812577921);
#7220=CARTESIAN_POINT('',(-111.330698005294,53.566692371064,-14.28));
#7230=VERTEX_POINT('',#7220);
#7240=EDGE_CURVE('',#7230,#6840,#7210,.T.);
#7250=ORIENTED_EDGE('',*,*,#7240,.T.);
#7260=CARTESIAN_POINT('',(-111.330698005294,53.566692371064,-14.28));
#7270=DIRECTION('',(0.,0.,1.));
#7280=VECTOR('',#7270,1.);
#7290=LINE('',#7260,#7280);
#7300=CARTESIAN_POINT('',(-111.330698005294,53.566692371064,-14.18));
#7310=VERTEX_POINT('',#7300);
#7320=EDGE_CURVE('',#7230,#7310,#7290,.T.);
#7330=ORIENTED_EDGE('',*,*,#7320,.F.);
#7340=CARTESIAN_POINT('',(-111.330698005294,53.7774881836419,-14.18));
#7350=DIRECTION('',(0.,0.,-1.));
#7360=DIRECTION('',(-1.,0.,0.));
#7370=AXIS2_PLACEMENT_3D('',#7340,#7350,#7360);
#7380=CIRCLE('',#7370,0.210795812577921);
#7390=EDGE_CURVE('',#7310,#6920,#7380,.T.);
#7400=ORIENTED_EDGE('',*,*,#7390,.F.);
#7410=ORIENTED_EDGE('',*,*,#6930,.F.);
#7420=EDGE_LOOP('',(#7410,#7400,#7330,#7250));
#7430=FACE_OUTER_BOUND('',#7420,.T.);
#7440=ADVANCED_FACE('',(#7430),#7160,.F.);
#7450=COLOUR_RGB('',0.501960813999176,1.,0.501960813999176);
#7460=FILL_AREA_STYLE_COLOUR('',#7450);
#7470=FILL_AREA_STYLE('',(#7460));
#7480=SURFACE_STYLE_FILL_AREA(#7470);
#7490=SURFACE_SIDE_STYLE('',(#7480));
#7500=SURFACE_STYLE_USAGE(.BOTH.,#7490);
#7510=PRESENTATION_STYLE_ASSIGNMENT((#7500));
#7520=CARTESIAN_POINT('',(-108.75228963045,53.566692371064,-14.28));
#7530=DIRECTION('',(0.,-1.,0.));
#7540=DIRECTION('',(1.,0.,0.));
#7550=AXIS2_PLACEMENT_3D('',#7520,#7530,#7540);
#7560=PLANE('',#7550);
#7570=CARTESIAN_POINT('',(0.,53.566692371064,-14.28));
#7580=DIRECTION('',(-1.,0.,0.));
#7590=VECTOR('',#7580,1.);
#7600=LINE('',#7570,#7590);
#7610=CARTESIAN_POINT('',(-108.75228963045,53.566692371064,-14.28));
#7620=VERTEX_POINT('',#7610);
#7630=EDGE_CURVE('',#7620,#7230,#7600,.T.);
#7640=ORIENTED_EDGE('',*,*,#7630,.T.);
#7650=CARTESIAN_POINT('',(-108.75228963045,53.566692371064,-14.28));
#7660=DIRECTION('',(0.,0.,1.));
#7670=VECTOR('',#7660,1.);
#7680=LINE('',#7650,#7670);
#7690=CARTESIAN_POINT('',(-108.75228963045,53.566692371064,-14.18));
#7700=VERTEX_POINT('',#7690);
#7710=EDGE_CURVE('',#7620,#7700,#7680,.T.);
#7720=ORIENTED_EDGE('',*,*,#7710,.F.);
#7730=CARTESIAN_POINT('',(-111.330698005294,53.566692371064,-14.18));
#7740=DIRECTION('',(1.,0.,0.));
#7750=VECTOR('',#7740,1.);
#7760=LINE('',#7730,#7750);
#7770=EDGE_CURVE('',#7310,#7700,#7760,.T.);
#7780=ORIENTED_EDGE('',*,*,#7770,.T.);
#7790=ORIENTED_EDGE('',*,*,#7320,.T.);
#7800=EDGE_LOOP('',(#7790,#7780,#7720,#7640));
#7810=FACE_OUTER_BOUND('',#7800,.T.);
#7820=ADVANCED_FACE('',(#7810),#7560,.F.);
#7830=COLOUR_RGB('',0.501960813999176,1.,0.501960813999176);
#7840=FILL_AREA_STYLE_COLOUR('',#7830);
#7850=FILL_AREA_STYLE('',(#7840));
#7860=SURFACE_STYLE_FILL_AREA(#7850);
#7870=SURFACE_SIDE_STYLE('',(#7860));
#7880=SURFACE_STYLE_USAGE(.BOTH.,#7870);
#7890=PRESENTATION_STYLE_ASSIGNMENT((#7880));
#7900=CARTESIAN_POINT('',(-108.75228963045,53.7774881836419,-14.28));
#7910=DIRECTION('',(0.,0.,-1.));
#7920=DIRECTION('',(-1.,0.,0.));
#7930=AXIS2_PLACEMENT_3D('',#7900,#7910,#7920);
#7940=CYLINDRICAL_SURFACE('',#7930,0.210795812577999);
#7950=CARTESIAN_POINT('',(-108.75228963045,53.7774881836419,-14.28));
#7960=DIRECTION('',(0.,0.,-1.));
#7970=DIRECTION('',(-1.,0.,0.));
#7980=AXIS2_PLACEMENT_3D('',#7950,#7960,#7970);
#7990=CIRCLE('',#7980,0.210795812577999);
#8000=EDGE_CURVE('',#5900,#7620,#7990,.T.);
#8010=ORIENTED_EDGE('',*,*,#8000,.T.);
#8020=ORIENTED_EDGE('',*,*,#6130,.T.);
#8030=CARTESIAN_POINT('',(-108.75228963045,53.7774881836419,-14.18));
#8040=DIRECTION('',(0.,0.,-1.));
#8050=DIRECTION('',(-1.,0.,0.));
#8060=AXIS2_PLACEMENT_3D('',#8030,#8040,#8050);
#8070=CIRCLE('',#8060,0.210795812577999);
#8080=EDGE_CURVE('',#6060,#7700,#8070,.T.);
#8090=ORIENTED_EDGE('',*,*,#8080,.F.);
#8100=ORIENTED_EDGE('',*,*,#7710,.T.);
#8110=EDGE_LOOP('',(#8100,#8090,#8020,#8010));
#8120=FACE_OUTER_BOUND('',#8110,.T.);
#8130=ADVANCED_FACE('',(#8120),#7940,.F.);
#8140=COLOUR_RGB('',0.501960813999176,1.,0.501960813999176);
#8150=FILL_AREA_STYLE_COLOUR('',#8140);
#8160=FILL_AREA_STYLE('',(#8150));
#8170=SURFACE_STYLE_FILL_AREA(#8160);
#8180=SURFACE_SIDE_STYLE('',(#8170));
#8190=SURFACE_STYLE_USAGE(.BOTH.,#8180);
#8200=PRESENTATION_STYLE_ASSIGNMENT((#8190));
#8210=CARTESIAN_POINT('',(-108.75228963045,56.355896558486,-14.28));
#8220=DIRECTION('',(0.,0.,-1.));
#8230=DIRECTION('',(-1.,0.,0.));
#8240=AXIS2_PLACEMENT_3D('',#8210,#8220,#8230);
#8250=CYLINDRICAL_SURFACE('',#8240,0.210795812577921);
#8260=CARTESIAN_POINT('',(-108.75228963045,56.355896558486,-14.28));
#8270=DIRECTION('',(0.,0.,-1.));
#8280=DIRECTION('',(-1.,0.,0.));
#8290=AXIS2_PLACEMENT_3D('',#8260,#8270,#8280);
#8300=CIRCLE('',#8290,0.210795812577921);
#8310=CARTESIAN_POINT('',(-108.75228963045,56.566692371064,-14.28));
#8320=VERTEX_POINT('',#8310);
#8330=EDGE_CURVE('',#8320,#5880,#8300,.T.);
#8340=ORIENTED_EDGE('',*,*,#8330,.T.);
#8350=CARTESIAN_POINT('',(-108.75228963045,56.566692371064,-14.28));
#8360=DIRECTION('',(0.,0.,1.));
#8370=VECTOR('',#8360,1.);
#8380=LINE('',#8350,#8370);
#8390=CARTESIAN_POINT('',(-108.75228963045,56.566692371064,-14.18));
#8400=VERTEX_POINT('',#8390);
#8410=EDGE_CURVE('',#8320,#8400,#8380,.T.);
#8420=ORIENTED_EDGE('',*,*,#8410,.F.);
#8430=CARTESIAN_POINT('',(-108.75228963045,56.355896558486,-14.18));
#8440=DIRECTION('',(0.,0.,-1.));
#8450=DIRECTION('',(-1.,0.,0.));
#8460=AXIS2_PLACEMENT_3D('',#8430,#8440,#8450);
#8470=CIRCLE('',#8460,0.210795812577921);
#8480=EDGE_CURVE('',#8400,#5980,#8470,.T.);
#8490=ORIENTED_EDGE('',*,*,#8480,.F.);
#8500=ORIENTED_EDGE('',*,*,#5990,.F.);
#8510=EDGE_LOOP('',(#8500,#8490,#8420,#8340));
#8520=FACE_OUTER_BOUND('',#8510,.T.);
#8530=ADVANCED_FACE('',(#8520),#8250,.F.);
#8540=COLOUR_RGB('',0.501960813999176,1.,0.501960813999176);
#8550=FILL_AREA_STYLE_COLOUR('',#8540);
#8560=FILL_AREA_STYLE('',(#8550));
#8570=SURFACE_STYLE_FILL_AREA(#8560);
#8580=SURFACE_SIDE_STYLE('',(#8570));
#8590=SURFACE_STYLE_USAGE(.BOTH.,#8580);
#8600=PRESENTATION_STYLE_ASSIGNMENT((#8590));
#8610=CARTESIAN_POINT('',(-111.330698005294,56.566692371064,-14.28));
#8620=DIRECTION('',(0.,1.,-0.));
#8630=DIRECTION('',(-1.,0.,0.));
#8640=AXIS2_PLACEMENT_3D('',#8610,#8620,#8630);
#8650=PLANE('',#8640);
#8660=CARTESIAN_POINT('',(0.,56.566692371064,-14.28));
#8670=DIRECTION('',(1.,0.,0.));
#8680=VECTOR('',#8670,1.);
#8690=LINE('',#8660,#8680);
#8700=EDGE_CURVE('',#6380,#8320,#8690,.T.);
#8710=ORIENTED_EDGE('',*,*,#8700,.T.);
#8720=ORIENTED_EDGE('',*,*,#6620,.F.);
#8730=CARTESIAN_POINT('',(-108.75228963045,56.566692371064,-14.18));
#8740=DIRECTION('',(-1.,0.,0.));
#8750=VECTOR('',#8740,1.);
#8760=LINE('',#8730,#8750);
#8770=EDGE_CURVE('',#8400,#6550,#8760,.T.);
#8780=ORIENTED_EDGE('',*,*,#8770,.T.);
#8790=ORIENTED_EDGE('',*,*,#8410,.T.);
#8800=EDGE_LOOP('',(#8790,#8780,#8720,#8710));
#8810=FACE_OUTER_BOUND('',#8800,.T.);
#8820=ADVANCED_FACE('',(#8810),#8650,.F.);
#8830=COLOUR_RGB('',0.501960813999176,1.,0.501960813999176);
#8840=FILL_AREA_STYLE_COLOUR('',#8830);
#8850=FILL_AREA_STYLE('',(#8840));
#8860=SURFACE_STYLE_FILL_AREA(#8850);
#8870=SURFACE_SIDE_STYLE('',(#8860));
#8880=SURFACE_STYLE_USAGE(.BOTH.,#8870);
#8890=PRESENTATION_STYLE_ASSIGNMENT((#8880));
#8900=CARTESIAN_POINT('',(-108.844210076974,55.9224235601295,-14.18));
#8910=DIRECTION('',(0.,0.,-1.));
#8920=DIRECTION('',(-1.,0.,0.));
#8930=AXIS2_PLACEMENT_3D('',#8900,#8910,#8920);
#8940=PLANE('',#8930);
#8950=ORIENTED_EDGE('',*,*,#7770,.F.);
#8960=ORIENTED_EDGE('',*,*,#8080,.T.);
#8970=ORIENTED_EDGE('',*,*,#6070,.T.);
#8980=ORIENTED_EDGE('',*,*,#8480,.T.);
#8990=ORIENTED_EDGE('',*,*,#8770,.F.);
#9000=ORIENTED_EDGE('',*,*,#6560,.T.);
#9010=ORIENTED_EDGE('',*,*,#6990,.F.);
#9020=ORIENTED_EDGE('',*,*,#7390,.T.);
#9030=EDGE_LOOP('',(#9020,#9010,#9000,#8990,#8980,#8970,#8960,#8950));
#9040=FACE_OUTER_BOUND('',#9030,.T.);
#9050=CARTESIAN_POINT('',(-109.986337530778,55.2905002708381,-14.18));
#9060=DIRECTION('',(0.,0.,-1.));
#9070=DIRECTION('',(-1.,0.,0.));
#9080=AXIS2_PLACEMENT_3D('',#9050,#9060,#9070);
#9090=CIRCLE('',#9080,0.456724260585462);
#9100=CARTESIAN_POINT('',(-110.185727395755,54.879597932135,-14.18));
#9110=VERTEX_POINT('',#9100);
#9120=CARTESIAN_POINT('',(-110.443061791363,55.2905002708381,-14.18));
#9130=VERTEX_POINT('',#9120);
#9140=EDGE_CURVE('',#9110,#9130,#9090,.T.);
#9150=ORIENTED_EDGE('',*,*,#9140,.T.);
#9160=CARTESIAN_POINT('',(-110.254746964401,54.7373625071993,-14.18));
#9170=DIRECTION('',(0.,0.,-1.));
#9180=DIRECTION('',(-1.,0.,0.));
#9190=AXIS2_PLACEMENT_3D('',#9160,#9170,#9180);
#9200=CIRCLE('',#9190,0.15809685943344);
#9210=CARTESIAN_POINT('',(-110.096650104967,54.7373625071993,-14.18));
#9220=VERTEX_POINT('',#9210);
#9230=EDGE_CURVE('',#9110,#9220,#9200,.T.);
#9240=ORIENTED_EDGE('',*,*,#9230,.F.);
#9250=CARTESIAN_POINT('',(-110.096650104968,54.4974135562264,-14.18));
#9260=DIRECTION('',(0.,1.,0.));
#9270=VECTOR('',#9260,1.);
#9280=LINE('',#9250,#9270);
#9290=CARTESIAN_POINT('',(-110.096650104968,54.4974135562264,-14.18));
#9300=VERTEX_POINT('',#9290);
#9310=EDGE_CURVE('',#9300,#9220,#9280,.T.);
#9320=ORIENTED_EDGE('',*,*,#9310,.T.);
#9330=CARTESIAN_POINT('',(-110.254746964401,54.4974135562264,-14.18));
#9340=DIRECTION('',(0.,0.,-1.));
#9350=DIRECTION('',(-1.,0.,0.));
#9360=AXIS2_PLACEMENT_3D('',#9330,#9340,#9350);
#9370=CIRCLE('',#9360,0.158096859433385);
#9380=CARTESIAN_POINT('',(-110.254746964401,54.3393166967929,-14.18));
#9390=VERTEX_POINT('',#9380);
#9400=EDGE_CURVE('',#9300,#9390,#9370,.T.);
#9410=ORIENTED_EDGE('',*,*,#9400,.F.);
#9420=CARTESIAN_POINT('',(-110.267398614215,54.3393166967929,-14.18));
#9430=DIRECTION('',(1.,0.,0.));
#9440=VECTOR('',#9430,1.);
#9450=LINE('',#9420,#9440);
#9460=CARTESIAN_POINT('',(-110.267398614215,54.3393166967929,-14.18));
#9470=VERTEX_POINT('',#9460);
#9480=EDGE_CURVE('',#9470,#9390,#9450,.T.);
#9490=ORIENTED_EDGE('',*,*,#9480,.T.);
#9500=CARTESIAN_POINT('',(-110.267398614215,55.2905002708381,-14.18));
#9510=DIRECTION('',(0.,0.,-1.));
#9520=DIRECTION('',(-1.,0.,0.));
#9530=AXIS2_PLACEMENT_3D('',#9500,#9510,#9520);
#9540=CIRCLE('',#9530,0.951183574045199);
#9550=CARTESIAN_POINT('',(-111.21858218826,55.2905002708381,-14.18));
#9560=VERTEX_POINT('',#9550);
#9570=EDGE_CURVE('',#9470,#9560,#9540,.T.);
#9580=ORIENTED_EDGE('',*,*,#9570,.F.);
#9590=CARTESIAN_POINT('',(-110.267398614215,56.2416838448833,-14.18));
#9600=VERTEX_POINT('',#9590);
#9610=EDGE_CURVE('',#9560,#9600,#9540,.T.);
#9620=ORIENTED_EDGE('',*,*,#9610,.F.);
#9630=CARTESIAN_POINT('',(-110.267398614215,56.2416838448833,-14.18));
#9640=DIRECTION('',(1.,0.,0.));
#9650=VECTOR('',#9640,1.);
#9660=LINE('',#9630,#9650);
#9670=CARTESIAN_POINT('',(-110.254746964401,56.2416838448833,-14.18));
#9680=VERTEX_POINT('',#9670);
#9690=EDGE_CURVE('',#9600,#9680,#9660,.T.);
#9700=ORIENTED_EDGE('',*,*,#9690,.F.);
#9710=CARTESIAN_POINT('',(-110.254746964401,56.0835869854499,-14.18));
#9720=DIRECTION('',(0.,0.,-1.));
#9730=DIRECTION('',(-1.,0.,0.));
#9740=AXIS2_PLACEMENT_3D('',#9710,#9720,#9730);
#9750=CIRCLE('',#9740,0.15809685943344);
#9760=CARTESIAN_POINT('',(-110.096650104967,56.0835869854499,-14.18));
#9770=VERTEX_POINT('',#9760);
#9780=EDGE_CURVE('',#9680,#9770,#9750,.T.);
#9790=ORIENTED_EDGE('',*,*,#9780,.F.);
#9800=CARTESIAN_POINT('',(-110.096650104967,55.8436380344771,-14.18));
#9810=DIRECTION('',(0.,1.,0.));
#9820=VECTOR('',#9810,1.);
#9830=LINE('',#9800,#9820);
#9840=CARTESIAN_POINT('',(-110.096650104967,55.8436380344771,-14.18));
#9850=VERTEX_POINT('',#9840);
#9860=EDGE_CURVE('',#9850,#9770,#9830,.T.);
#9870=ORIENTED_EDGE('',*,*,#9860,.T.);
#9880=CARTESIAN_POINT('',(-110.254746964401,55.8436380344771,-14.18));
#9890=DIRECTION('',(0.,0.,-1.));
#9900=DIRECTION('',(-1.,0.,0.));
#9910=AXIS2_PLACEMENT_3D('',#9880,#9890,#9900);
#9920=CIRCLE('',#9910,0.158096859433584);
#9930=CARTESIAN_POINT('',(-110.185727395755,55.7014026095413,-14.18));
#9940=VERTEX_POINT('',#9930);
#9950=EDGE_CURVE('',#9850,#9940,#9920,.T.);
#9960=ORIENTED_EDGE('',*,*,#9950,.F.);
#9970=EDGE_CURVE('',#9130,#9940,#9090,.T.);
#9980=ORIENTED_EDGE('',*,*,#9970,.T.);
#9990=EDGE_LOOP('',(#9980,#9960,#9870,#9790,#9700,#9620,#9580,#9490,
#9410,#9320,#9240,#9150));
#10000=FACE_BOUND('',#9990,.T.);
#10010=CARTESIAN_POINT('',(-109.717928097155,56.0835869854499,-14.18));
#10020=DIRECTION('',(0.,0.,-1.));
#10030=DIRECTION('',(-1.,0.,0.));
#10040=AXIS2_PLACEMENT_3D('',#10010,#10020,#10030);
#10050=CIRCLE('',#10040,0.158096859433613);
#10060=CARTESIAN_POINT('',(-109.876024956588,56.0835869854499,-14.18));
#10070=VERTEX_POINT('',#10060);
#10080=CARTESIAN_POINT('',(-109.717928097155,56.2416838448833,-14.18));
#10090=VERTEX_POINT('',#10080);
#10100=EDGE_CURVE('',#10070,#10090,#10050,.T.);
#10110=ORIENTED_EDGE('',*,*,#10100,.F.);
#10120=CARTESIAN_POINT('',(-109.041308648314,56.2416838448833,-14.18));
#10130=DIRECTION('',(-1.,-2.88787519585346E-14,0.));
#10140=VECTOR('',#10130,1.);
#10150=LINE('',#10120,#10140);
#10160=CARTESIAN_POINT('',(-109.041308648314,56.2416838448833,-14.18));
#10170=VERTEX_POINT('',#10160);
#10180=EDGE_CURVE('',#10170,#10090,#10150,.T.);
#10190=ORIENTED_EDGE('',*,*,#10180,.T.);
#10200=CARTESIAN_POINT('',(-109.041308648314,56.0835869854499,-14.18));
#10210=DIRECTION('',(0.,0.,-1.));
#10220=DIRECTION('',(-1.,0.,0.));
#10230=AXIS2_PLACEMENT_3D('',#10200,#10210,#10220);
#10240=CIRCLE('',#10230,0.15809685943344);
#10250=CARTESIAN_POINT('',(-108.88321178888,56.0835869854499,-14.18));
#10260=VERTEX_POINT('',#10250);
#10270=EDGE_CURVE('',#10170,#10260,#10240,.T.);
#10280=ORIENTED_EDGE('',*,*,#10270,.F.);
#10290=CARTESIAN_POINT('',(-108.88321178888,56.0835869854499,-14.18));
#10300=DIRECTION('',(0.,-1.,0.));
#10310=VECTOR('',#10300,1.);
#10320=LINE('',#10290,#10310);
#10330=CARTESIAN_POINT('',(-108.88321178888,54.0497977566858,-14.18));
#10340=VERTEX_POINT('',#10330);
#10350=EDGE_CURVE('',#10260,#10340,#10320,.T.);
#10360=ORIENTED_EDGE('',*,*,#10350,.F.);
#10370=CARTESIAN_POINT('',(-109.041308648314,54.0497977566858,-14.18));
#10380=DIRECTION('',(0.,0.,-1.));
#10390=DIRECTION('',(-1.,0.,0.));
#10400=AXIS2_PLACEMENT_3D('',#10370,#10380,#10390);
#10410=CIRCLE('',#10400,0.158096859433499);
#10420=CARTESIAN_POINT('',(-109.041308648314,53.8917008972524,-14.18));
#10430=VERTEX_POINT('',#10420);
#10440=EDGE_CURVE('',#10340,#10430,#10410,.T.);
#10450=ORIENTED_EDGE('',*,*,#10440,.F.);
#10460=CARTESIAN_POINT('',(-109.717928097155,53.8917008972524,-14.18));
#10470=DIRECTION('',(1.,0.,0.));
#10480=VECTOR('',#10470,1.);
#10490=LINE('',#10460,#10480);
#10500=CARTESIAN_POINT('',(-109.717928097155,53.8917008972524,-14.18));
#10510=VERTEX_POINT('',#10500);
#10520=EDGE_CURVE('',#10510,#10430,#10490,.T.);
#10530=ORIENTED_EDGE('',*,*,#10520,.T.);
#10540=CARTESIAN_POINT('',(-109.717928097155,54.0497977566858,-14.18));
#10550=DIRECTION('',(0.,0.,-1.));
#10560=DIRECTION('',(-1.,0.,0.));
#10570=AXIS2_PLACEMENT_3D('',#10540,#10550,#10560);
#10580=CIRCLE('',#10570,0.158096859433439);
#10590=CARTESIAN_POINT('',(-109.876024956588,54.0497977566858,-14.18));
#10600=VERTEX_POINT('',#10590);
#10610=EDGE_CURVE('',#10510,#10600,#10580,.T.);
#10620=ORIENTED_EDGE('',*,*,#10610,.F.);
#10630=CARTESIAN_POINT('',(-109.876024956588,54.7373625071993,-14.18));
#10640=DIRECTION('',(0.,-1.,0.));
#10650=VECTOR('',#10640,1.);
#10660=LINE('',#10630,#10650);
#10670=CARTESIAN_POINT('',(-109.876024956588,54.7373625071993,-14.18));
#10680=VERTEX_POINT('',#10670);
#10690=EDGE_CURVE('',#10680,#10600,#10660,.T.);
#10700=ORIENTED_EDGE('',*,*,#10690,.T.);
#10710=CARTESIAN_POINT('',(-109.717928097155,54.7373625071993,-14.18));
#10720=DIRECTION('',(0.,0.,-1.));
#10730=DIRECTION('',(-1.,0.,0.));
#10740=AXIS2_PLACEMENT_3D('',#10710,#10720,#10730);
#10750=CIRCLE('',#10740,0.1580968594333);
#10760=CARTESIAN_POINT('',(-109.786947665801,54.879597932135,-14.18));
#10770=VERTEX_POINT('',#10760);
#10780=EDGE_CURVE('',#10680,#10770,#10750,.T.);
#10790=ORIENTED_EDGE('',*,*,#10780,.F.);
#10800=CARTESIAN_POINT('',(-109.986337530778,55.2905002708381,-14.18));
#10810=DIRECTION('',(0.,0.,-1.));
#10820=DIRECTION('',(-1.,0.,0.));
#10830=AXIS2_PLACEMENT_3D('',#10800,#10810,#10820);
#10840=CIRCLE('',#10830,0.456724260585518);
#10850=CARTESIAN_POINT('',(-109.529613270192,55.2905002708381,-14.18));
#10860=VERTEX_POINT('',#10850);
#10870=EDGE_CURVE('',#10860,#10770,#10840,.T.);
#10880=ORIENTED_EDGE('',*,*,#10870,.T.);
#10890=CARTESIAN_POINT('',(-109.786947665801,55.7014026095413,-14.18));
#10900=VERTEX_POINT('',#10890);
#10910=EDGE_CURVE('',#10900,#10860,#10840,.T.);
#10920=ORIENTED_EDGE('',*,*,#10910,.T.);
#10930=CARTESIAN_POINT('',(-109.717928097155,55.8436380344771,-14.18));
#10940=DIRECTION('',(0.,0.,-1.));
#10950=DIRECTION('',(-1.,0.,0.));
#10960=AXIS2_PLACEMENT_3D('',#10930,#10940,#10950);
#10970=CIRCLE('',#10960,0.158096859433421);
#10980=CARTESIAN_POINT('',(-109.876024956588,55.8436380344771,-14.18));
#10990=VERTEX_POINT('',#10980);
#11000=EDGE_CURVE('',#10900,#10990,#10970,.T.);
#11010=ORIENTED_EDGE('',*,*,#11000,.F.);
#11020=CARTESIAN_POINT('',(-109.876024956588,56.0835869854498,-14.18));
#11030=DIRECTION('',(0.,-1.,0.));
#11040=VECTOR('',#11030,1.);
#11050=LINE('',#11020,#11040);
#11060=EDGE_CURVE('',#10070,#10990,#11050,.T.);
#11070=ORIENTED_EDGE('',*,*,#11060,.T.);
#11080=EDGE_LOOP('',(#11070,#11010,#10920,#10880,#10790,#10700,#10620,
#10530,#10450,#10360,#10280,#10190,#10110));
#11090=FACE_BOUND('',#11080,.T.);
#11100=CARTESIAN_POINT('',(-109.986337530778,55.2905002708381,-14.18));
#11110=DIRECTION('',(0.,0.,-1.));
#11120=DIRECTION('',(-1.,0.,0.));
#11130=AXIS2_PLACEMENT_3D('',#11100,#11110,#11120);
#11140=CIRCLE('',#11130,0.228362130292794);
#11150=CARTESIAN_POINT('',(-110.214699661071,55.2905002708381,-14.18));
#11160=VERTEX_POINT('',#11150);
#11170=CARTESIAN_POINT('',(-109.757975400485,55.2905002708381,-14.18));
#11180=VERTEX_POINT('',#11170);
#11190=EDGE_CURVE('',#11160,#11180,#11140,.T.);
#11200=ORIENTED_EDGE('',*,*,#11190,.F.);
#11210=EDGE_CURVE('',#11180,#11160,#11140,.T.);
#11220=ORIENTED_EDGE('',*,*,#11210,.F.);
#11230=EDGE_LOOP('',(#11220,#11200));
#11240=FACE_BOUND('',#11230,.T.);
#11250=ADVANCED_FACE('',(#9040,#10000,#11090,#11240),#8940,.T.);
#11260=COLOUR_RGB('',0.501960813999176,1.,0.501960813999176);
#11270=FILL_AREA_STYLE_COLOUR('',#11260);
#11280=FILL_AREA_STYLE('',(#11270));
#11290=SURFACE_STYLE_FILL_AREA(#11280);
#11300=SURFACE_SIDE_STYLE('',(#11290));
#11310=SURFACE_STYLE_USAGE(.BOTH.,#11300);
#11320=PRESENTATION_STYLE_ASSIGNMENT((#11310));
#11330=CARTESIAN_POINT('',(-109.986337530778,55.2905002708381,-14.28));
#11340=DIRECTION('',(0.,0.,-1.));
#11350=DIRECTION('',(-1.,0.,0.));
#11360=AXIS2_PLACEMENT_3D('',#11330,#11340,#11350);
#11370=CYLINDRICAL_SURFACE('',#11360,0.456724260585462);
#11380=CARTESIAN_POINT('',(-109.986337530778,55.2905002708381,-14.28));
#11390=DIRECTION('',(0.,0.,-1.));
#11400=DIRECTION('',(-1.,0.,0.));
#11410=AXIS2_PLACEMENT_3D('',#11380,#11390,#11400);
#11420=CIRCLE('',#11410,0.456724260585462);
#11430=CARTESIAN_POINT('',(-110.443061791363,55.2905002708381,-14.28));
#11440=VERTEX_POINT('',#11430);
#11450=CARTESIAN_POINT('',(-110.185727395755,55.7014026095412,-14.28));
#11460=VERTEX_POINT('',#11450);
#11470=EDGE_CURVE('',#11440,#11460,#11420,.T.);
#11480=ORIENTED_EDGE('',*,*,#11470,.T.);
#11490=CARTESIAN_POINT('',(-110.443061791363,55.2905002708381,-14.28));
#11500=DIRECTION('',(0.,0.,-1.));
#11510=VECTOR('',#11500,1.);
#11520=LINE('',#11490,#11510);
#11530=EDGE_CURVE('',#9130,#11440,#11520,.T.);
#11540=ORIENTED_EDGE('',*,*,#11530,.T.);
#11550=ORIENTED_EDGE('',*,*,#9970,.F.);
#11560=CARTESIAN_POINT('',(-110.185727395755,55.7014026095413,-14.28));
#11570=DIRECTION('',(0.,0.,1.));
#11580=VECTOR('',#11570,1.);
#11590=LINE('',#11560,#11580);
#11600=EDGE_CURVE('',#11460,#9940,#11590,.T.);
#11610=ORIENTED_EDGE('',*,*,#11600,.T.);
#11620=EDGE_LOOP('',(#11610,#11550,#11540,#11480));
#11630=FACE_OUTER_BOUND('',#11620,.T.);
#11640=ADVANCED_FACE('',(#11630),#11370,.F.);
#11650=COLOUR_RGB('',0.501960813999176,1.,0.501960813999176);
#11660=FILL_AREA_STYLE_COLOUR('',#11650);
#11670=FILL_AREA_STYLE('',(#11660));
#11680=SURFACE_STYLE_FILL_AREA(#11670);
#11690=SURFACE_SIDE_STYLE('',(#11680));
#11700=SURFACE_STYLE_USAGE(.BOTH.,#11690);
#11710=PRESENTATION_STYLE_ASSIGNMENT((#11700));
#11720=CARTESIAN_POINT('',(-110.254746964401,55.8436380344771,-14.28));
#11730=DIRECTION('',(0.,0.,-1.));
#11740=DIRECTION('',(-1.,0.,0.));
#11750=AXIS2_PLACEMENT_3D('',#11720,#11730,#11740);
#11760=CYLINDRICAL_SURFACE('',#11750,0.158096859433584);
#11770=CARTESIAN_POINT('',(-110.254746964401,55.8436380344771,-14.28));
#11780=DIRECTION('',(0.,0.,-1.));
#11790=DIRECTION('',(-1.,0.,0.));
#11800=AXIS2_PLACEMENT_3D('',#11770,#11780,#11790);
#11810=CIRCLE('',#11800,0.158096859433584);
#11820=CARTESIAN_POINT('',(-110.096650104967,55.8436380344771,-14.28));
#11830=VERTEX_POINT('',#11820);
#11840=EDGE_CURVE('',#11830,#11460,#11810,.T.);
#11850=ORIENTED_EDGE('',*,*,#11840,.F.);
#11860=ORIENTED_EDGE('',*,*,#11600,.F.);
#11870=ORIENTED_EDGE('',*,*,#9950,.T.);
#11880=CARTESIAN_POINT('',(-110.096650104967,55.8436380344771,-14.28));
#11890=DIRECTION('',(0.,0.,-1.));
#11900=VECTOR('',#11890,1.);
#11910=LINE('',#11880,#11900);
#11920=EDGE_CURVE('',#9850,#11830,#11910,.T.);
#11930=ORIENTED_EDGE('',*,*,#11920,.F.);
#11940=EDGE_LOOP('',(#11930,#11870,#11860,#11850));
#11950=FACE_OUTER_BOUND('',#11940,.T.);
#11960=ADVANCED_FACE('',(#11950),#11760,.T.);
#11970=COLOUR_RGB('',0.501960813999176,1.,0.501960813999176);
#11980=FILL_AREA_STYLE_COLOUR('',#11970);
#11990=FILL_AREA_STYLE('',(#11980));
#12000=SURFACE_STYLE_FILL_AREA(#11990);
#12010=SURFACE_SIDE_STYLE('',(#12000));
#12020=SURFACE_STYLE_USAGE(.BOTH.,#12010);
#12030=PRESENTATION_STYLE_ASSIGNMENT((#12020));
#12040=CARTESIAN_POINT('',(-110.254746964401,54.7373625071993,-14.28));
#12050=DIRECTION('',(0.,0.,-1.));
#12060=DIRECTION('',(-1.,0.,0.));
#12070=AXIS2_PLACEMENT_3D('',#12040,#12050,#12060);
#12080=CYLINDRICAL_SURFACE('',#12070,0.15809685943344);
#12090=CARTESIAN_POINT('',(-110.254746964401,54.7373625071993,-14.28));
#12100=DIRECTION('',(0.,0.,-1.));
#12110=DIRECTION('',(-1.,0.,0.));
#12120=AXIS2_PLACEMENT_3D('',#12090,#12100,#12110);
#12130=CIRCLE('',#12120,0.15809685943344);
#12140=CARTESIAN_POINT('',(-110.185727395755,54.879597932135,-14.28));
#12150=VERTEX_POINT('',#12140);
#12160=CARTESIAN_POINT('',(-110.096650104967,54.7373625071993,-14.28));
#12170=VERTEX_POINT('',#12160);
#12180=EDGE_CURVE('',#12150,#12170,#12130,.T.);
#12190=ORIENTED_EDGE('',*,*,#12180,.F.);
#12200=CARTESIAN_POINT('',(-110.096650104967,54.7373625071993,-14.28));
#12210=DIRECTION('',(0.,0.,-1.));
#12220=VECTOR('',#12210,1.);
#12230=LINE('',#12200,#12220);
#12240=EDGE_CURVE('',#9220,#12170,#12230,.T.);
#12250=ORIENTED_EDGE('',*,*,#12240,.T.);
#12260=ORIENTED_EDGE('',*,*,#9230,.T.);
#12270=CARTESIAN_POINT('',(-110.185727395755,54.879597932135,-14.28));
#12280=DIRECTION('',(0.,0.,1.));
#12290=VECTOR('',#12280,1.);
#12300=LINE('',#12270,#12290);
#12310=EDGE_CURVE('',#12150,#9110,#12300,.T.);
#12320=ORIENTED_EDGE('',*,*,#12310,.T.);
#12330=EDGE_LOOP('',(#12320,#12260,#12250,#12190));
#12340=FACE_OUTER_BOUND('',#12330,.T.);
#12350=ADVANCED_FACE('',(#12340),#12080,.T.);
#12360=COLOUR_RGB('',0.501960813999176,1.,0.501960813999176);
#12370=FILL_AREA_STYLE_COLOUR('',#12360);
#12380=FILL_AREA_STYLE('',(#12370));
#12390=SURFACE_STYLE_FILL_AREA(#12380);
#12400=SURFACE_SIDE_STYLE('',(#12390));
#12410=SURFACE_STYLE_USAGE(.BOTH.,#12400);
#12420=PRESENTATION_STYLE_ASSIGNMENT((#12410));
#12430=CARTESIAN_POINT('',(-110.096650104968,54.4974135562264,-14.28));
#12440=DIRECTION('',(-1.,0.,0.));
#12450=DIRECTION('',(0.,-1.,0.));
#12460=AXIS2_PLACEMENT_3D('',#12430,#12440,#12450);
#12470=PLANE('',#12460);
#12480=CARTESIAN_POINT('',(-110.096650104968,0.,-14.28));
#12490=DIRECTION('',(0.,1.,0.));
#12500=VECTOR('',#12490,1.);
#12510=LINE('',#12480,#12500);
#12520=CARTESIAN_POINT('',(-110.096650104968,54.4974135562264,-14.28));
#12530=VERTEX_POINT('',#12520);
#12540=EDGE_CURVE('',#12530,#12170,#12510,.T.);
#12550=ORIENTED_EDGE('',*,*,#12540,.T.);
#12560=CARTESIAN_POINT('',(-110.096650104968,54.4974135562264,-14.28));
#12570=DIRECTION('',(0.,0.,-1.));
#12580=VECTOR('',#12570,1.);
#12590=LINE('',#12560,#12580);
#12600=EDGE_CURVE('',#9300,#12530,#12590,.T.);
#12610=ORIENTED_EDGE('',*,*,#12600,.T.);
#12620=ORIENTED_EDGE('',*,*,#9310,.F.);
#12630=ORIENTED_EDGE('',*,*,#12240,.F.);
#12640=EDGE_LOOP('',(#12630,#12620,#12610,#12550));
#12650=FACE_OUTER_BOUND('',#12640,.T.);
#12660=ADVANCED_FACE('',(#12650),#12470,.F.);
#12670=COLOUR_RGB('',0.501960813999176,1.,0.501960813999176);
#12680=FILL_AREA_STYLE_COLOUR('',#12670);
#12690=FILL_AREA_STYLE('',(#12680));
#12700=SURFACE_STYLE_FILL_AREA(#12690);
#12710=SURFACE_SIDE_STYLE('',(#12700));
#12720=SURFACE_STYLE_USAGE(.BOTH.,#12710);
#12730=PRESENTATION_STYLE_ASSIGNMENT((#12720));
#12740=CARTESIAN_POINT('',(-110.254746964401,54.4974135562264,-14.28));
#12750=DIRECTION('',(0.,0.,-1.));
#12760=DIRECTION('',(-1.,0.,0.));
#12770=AXIS2_PLACEMENT_3D('',#12740,#12750,#12760);
#12780=CYLINDRICAL_SURFACE('',#12770,0.158096859433385);
#12790=CARTESIAN_POINT('',(-110.254746964401,54.4974135562264,-14.28));
#12800=DIRECTION('',(0.,0.,-1.));
#12810=DIRECTION('',(-1.,0.,0.));
#12820=AXIS2_PLACEMENT_3D('',#12790,#12800,#12810);
#12830=CIRCLE('',#12820,0.158096859433385);
#12840=CARTESIAN_POINT('',(-110.254746964401,54.3393166967929,-14.28));
#12850=VERTEX_POINT('',#12840);
#12860=EDGE_CURVE('',#12530,#12850,#12830,.T.);
#12870=ORIENTED_EDGE('',*,*,#12860,.F.);
#12880=CARTESIAN_POINT('',(-110.254746964401,54.3393166967929,-14.28));
#12890=DIRECTION('',(0.,0.,1.));
#12900=VECTOR('',#12890,1.);
#12910=LINE('',#12880,#12900);
#12920=EDGE_CURVE('',#12850,#9390,#12910,.T.);
#12930=ORIENTED_EDGE('',*,*,#12920,.F.);
#12940=ORIENTED_EDGE('',*,*,#9400,.T.);
#12950=ORIENTED_EDGE('',*,*,#12600,.F.);
#12960=EDGE_LOOP('',(#12950,#12940,#12930,#12870));
#12970=FACE_OUTER_BOUND('',#12960,.T.);
#12980=ADVANCED_FACE('',(#12970),#12780,.T.);
#12990=COLOUR_RGB('',0.501960813999176,1.,0.501960813999176);
#13000=FILL_AREA_STYLE_COLOUR('',#12990);
#13010=FILL_AREA_STYLE('',(#13000));
#13020=SURFACE_STYLE_FILL_AREA(#13010);
#13030=SURFACE_SIDE_STYLE('',(#13020));
#13040=SURFACE_STYLE_USAGE(.BOTH.,#13030);
#13050=PRESENTATION_STYLE_ASSIGNMENT((#13040));
#13060=CARTESIAN_POINT('',(-110.267398614215,54.3393166967929,-14.28));
#13070=DIRECTION('',(0.,1.,-0.));
#13080=DIRECTION('',(-1.,0.,0.));
#13090=AXIS2_PLACEMENT_3D('',#13060,#13070,#13080);
#13100=PLANE('',#13090);
#13110=CARTESIAN_POINT('',(0.,54.3393166967929,-14.28));
#13120=DIRECTION('',(1.,0.,0.));
#13130=VECTOR('',#13120,1.);
#13140=LINE('',#13110,#13130);
#13150=CARTESIAN_POINT('',(-110.267398614215,54.3393166967929,-14.28));
#13160=VERTEX_POINT('',#13150);
#13170=EDGE_CURVE('',#13160,#12850,#13140,.T.);
#13180=ORIENTED_EDGE('',*,*,#13170,.T.);
#13190=CARTESIAN_POINT('',(-110.267398614215,54.3393166967929,-14.28));
#13200=DIRECTION('',(0.,0.,1.));
#13210=VECTOR('',#13200,1.);
#13220=LINE('',#13190,#13210);
#13230=EDGE_CURVE('',#13160,#9470,#13220,.T.);
#13240=ORIENTED_EDGE('',*,*,#13230,.F.);
#13250=ORIENTED_EDGE('',*,*,#9480,.F.);
#13260=ORIENTED_EDGE('',*,*,#12920,.T.);
#13270=EDGE_LOOP('',(#13260,#13250,#13240,#13180));
#13280=FACE_OUTER_BOUND('',#13270,.T.);
#13290=ADVANCED_FACE('',(#13280),#13100,.F.);
#13300=COLOUR_RGB('',0.501960813999176,1.,0.501960813999176);
#13310=FILL_AREA_STYLE_COLOUR('',#13300);
#13320=FILL_AREA_STYLE('',(#13310));
#13330=SURFACE_STYLE_FILL_AREA(#13320);
#13340=SURFACE_SIDE_STYLE('',(#13330));
#13350=SURFACE_STYLE_USAGE(.BOTH.,#13340);
#13360=PRESENTATION_STYLE_ASSIGNMENT((#13350));
#13370=CARTESIAN_POINT('',(-110.267398614215,55.2905002708381,-14.28));
#13380=DIRECTION('',(0.,0.,-1.));
#13390=DIRECTION('',(-1.,0.,0.));
#13400=AXIS2_PLACEMENT_3D('',#13370,#13380,#13390);
#13410=CYLINDRICAL_SURFACE('',#13400,0.951183574045199);
#13420=CARTESIAN_POINT('',(-110.267398614215,55.2905002708381,-14.28));
#13430=DIRECTION('',(0.,0.,-1.));
#13440=DIRECTION('',(-1.,0.,0.));
#13450=AXIS2_PLACEMENT_3D('',#13420,#13430,#13440);
#13460=CIRCLE('',#13450,0.951183574045199);
#13470=CARTESIAN_POINT('',(-111.21858218826,55.2905002708381,-14.28));
#13480=VERTEX_POINT('',#13470);
#13490=EDGE_CURVE('',#13160,#13480,#13460,.T.);
#13500=ORIENTED_EDGE('',*,*,#13490,.F.);
#13510=CARTESIAN_POINT('',(-111.21858218826,55.2905002708381,-14.28));
#13520=DIRECTION('',(0.,0.,-1.));
#13530=VECTOR('',#13520,1.);
#13540=LINE('',#13510,#13530);
#13550=EDGE_CURVE('',#9560,#13480,#13540,.T.);
#13560=ORIENTED_EDGE('',*,*,#13550,.T.);
#13570=ORIENTED_EDGE('',*,*,#9570,.T.);
#13580=ORIENTED_EDGE('',*,*,#13230,.T.);
#13590=EDGE_LOOP('',(#13580,#13570,#13560,#13500));
#13600=FACE_OUTER_BOUND('',#13590,.T.);
#13610=ADVANCED_FACE('',(#13600),#13410,.T.);
#13620=COLOUR_RGB('',0.501960813999176,1.,0.501960813999176);
#13630=FILL_AREA_STYLE_COLOUR('',#13620);
#13640=FILL_AREA_STYLE('',(#13630));
#13650=SURFACE_STYLE_FILL_AREA(#13640);
#13660=SURFACE_SIDE_STYLE('',(#13650));
#13670=SURFACE_STYLE_USAGE(.BOTH.,#13660);
#13680=PRESENTATION_STYLE_ASSIGNMENT((#13670));
#13690=CARTESIAN_POINT('',(-110.254746964401,56.2416838448833,-14.28));
#13700=DIRECTION('',(0.,-1.,0.));
#13710=DIRECTION('',(1.,0.,0.));
#13720=AXIS2_PLACEMENT_3D('',#13690,#13700,#13710);
#13730=PLANE('',#13720);
#13740=CARTESIAN_POINT('',(0.,56.2416838448833,-14.28));
#13750=DIRECTION('',(-1.,0.,0.));
#13760=VECTOR('',#13750,1.);
#13770=LINE('',#13740,#13760);
#13780=CARTESIAN_POINT('',(-110.254746964401,56.2416838448833,-14.28));
#13790=VERTEX_POINT('',#13780);
#13800=CARTESIAN_POINT('',(-110.267398614215,56.2416838448833,-14.28));
#13810=VERTEX_POINT('',#13800);
#13820=EDGE_CURVE('',#13790,#13810,#13770,.T.);
#13830=ORIENTED_EDGE('',*,*,#13820,.T.);
#13840=CARTESIAN_POINT('',(-110.254746964401,56.2416838448833,-14.28));
#13850=DIRECTION('',(0.,0.,1.));
#13860=VECTOR('',#13850,1.);
#13870=LINE('',#13840,#13860);
#13880=EDGE_CURVE('',#13790,#9680,#13870,.T.);
#13890=ORIENTED_EDGE('',*,*,#13880,.F.);
#13900=ORIENTED_EDGE('',*,*,#9690,.T.);
#13910=CARTESIAN_POINT('',(-110.267398614215,56.2416838448833,-14.28));
#13920=DIRECTION('',(0.,0.,1.));
#13930=VECTOR('',#13920,1.);
#13940=LINE('',#13910,#13930);
#13950=EDGE_CURVE('',#13810,#9600,#13940,.T.);
#13960=ORIENTED_EDGE('',*,*,#13950,.T.);
#13970=EDGE_LOOP('',(#13960,#13900,#13890,#13830));
#13980=FACE_OUTER_BOUND('',#13970,.T.);
#13990=ADVANCED_FACE('',(#13980),#13730,.F.);
#14000=COLOUR_RGB('',0.501960813999176,1.,0.501960813999176);
#14010=FILL_AREA_STYLE_COLOUR('',#14000);
#14020=FILL_AREA_STYLE('',(#14010));
#14030=SURFACE_STYLE_FILL_AREA(#14020);
#14040=SURFACE_SIDE_STYLE('',(#14030));
#14050=SURFACE_STYLE_USAGE(.BOTH.,#14040);
#14060=PRESENTATION_STYLE_ASSIGNMENT((#14050));
#14070=CARTESIAN_POINT('',(-110.254746964401,56.0835869854499,-14.28));
#14080=DIRECTION('',(0.,0.,-1.));
#14090=DIRECTION('',(-1.,0.,0.));
#14100=AXIS2_PLACEMENT_3D('',#14070,#14080,#14090);
#14110=CYLINDRICAL_SURFACE('',#14100,0.15809685943344);
#14120=CARTESIAN_POINT('',(-110.254746964401,56.0835869854499,-14.28));
#14130=DIRECTION('',(0.,0.,-1.));
#14140=DIRECTION('',(-1.,0.,0.));
#14150=AXIS2_PLACEMENT_3D('',#14120,#14130,#14140);
#14160=CIRCLE('',#14150,0.15809685943344);
#14170=CARTESIAN_POINT('',(-110.096650104967,56.0835869854499,-14.28));
#14180=VERTEX_POINT('',#14170);
#14190=EDGE_CURVE('',#13790,#14180,#14160,.T.);
#14200=ORIENTED_EDGE('',*,*,#14190,.F.);
#14210=CARTESIAN_POINT('',(-110.096650104967,56.0835869854499,-14.28));
#14220=DIRECTION('',(0.,0.,-1.));
#14230=VECTOR('',#14220,1.);
#14240=LINE('',#14210,#14230);
#14250=EDGE_CURVE('',#9770,#14180,#14240,.T.);
#14260=ORIENTED_EDGE('',*,*,#14250,.T.);
#14270=ORIENTED_EDGE('',*,*,#9780,.T.);
#14280=ORIENTED_EDGE('',*,*,#13880,.T.);
#14290=EDGE_LOOP('',(#14280,#14270,#14260,#14200));
#14300=FACE_OUTER_BOUND('',#14290,.T.);
#14310=ADVANCED_FACE('',(#14300),#14110,.T.);
#14320=COLOUR_RGB('',0.501960813999176,1.,0.501960813999176);
#14330=FILL_AREA_STYLE_COLOUR('',#14320);
#14340=FILL_AREA_STYLE('',(#14330));
#14350=SURFACE_STYLE_FILL_AREA(#14340);
#14360=SURFACE_SIDE_STYLE('',(#14350));
#14370=SURFACE_STYLE_USAGE(.BOTH.,#14360);
#14380=PRESENTATION_STYLE_ASSIGNMENT((#14370));
#14390=CARTESIAN_POINT('',(-110.096650104967,55.8436380344771,-14.28));
#14400=DIRECTION('',(-1.,0.,0.));
#14410=DIRECTION('',(0.,-1.,0.));
#14420=AXIS2_PLACEMENT_3D('',#14390,#14400,#14410);
#14430=PLANE('',#14420);
#14440=CARTESIAN_POINT('',(-110.096650104967,0.,-14.28));
#14450=DIRECTION('',(0.,1.,0.));
#14460=VECTOR('',#14450,1.);
#14470=LINE('',#14440,#14460);
#14480=EDGE_CURVE('',#11830,#14180,#14470,.T.);
#14490=ORIENTED_EDGE('',*,*,#14480,.T.);
#14500=ORIENTED_EDGE('',*,*,#11920,.T.);
#14510=ORIENTED_EDGE('',*,*,#9860,.F.);
#14520=ORIENTED_EDGE('',*,*,#14250,.F.);
#14530=EDGE_LOOP('',(#14520,#14510,#14500,#14490));
#14540=FACE_OUTER_BOUND('',#14530,.T.);
#14550=ADVANCED_FACE('',(#14540),#14430,.F.);
#14560=COLOUR_RGB('',0.501960813999176,1.,0.501960813999176);
#14570=FILL_AREA_STYLE_COLOUR('',#14560);
#14580=FILL_AREA_STYLE('',(#14570));
#14590=SURFACE_STYLE_FILL_AREA(#14580);
#14600=SURFACE_SIDE_STYLE('',(#14590));
#14610=SURFACE_STYLE_USAGE(.BOTH.,#14600);
#14620=PRESENTATION_STYLE_ASSIGNMENT((#14610));
#14630=CARTESIAN_POINT('',(-104.506605746883,59.0444355592237,-14.28));
#14640=DIRECTION('',(0.,0.,-1.));
#14650=DIRECTION('',(-1.,0.,0.));
#14660=AXIS2_PLACEMENT_3D('',#14630,#14640,#14650);
#14670=PLANE('',#14660);
#14680=EDGE_CURVE('',#13480,#13810,#13460,.T.);
#14690=ORIENTED_EDGE('',*,*,#14680,.T.);
#14700=ORIENTED_EDGE('',*,*,#13490,.T.);
#14710=ORIENTED_EDGE('',*,*,#13170,.F.);
#14720=ORIENTED_EDGE('',*,*,#12860,.T.);
#14730=ORIENTED_EDGE('',*,*,#12540,.F.);
#14740=ORIENTED_EDGE('',*,*,#12180,.T.);
#14750=EDGE_CURVE('',#12150,#11440,#11420,.T.);
#14760=ORIENTED_EDGE('',*,*,#14750,.F.);
#14770=ORIENTED_EDGE('',*,*,#11470,.F.);
#14780=ORIENTED_EDGE('',*,*,#11840,.T.);
#14790=ORIENTED_EDGE('',*,*,#14480,.F.);
#14800=ORIENTED_EDGE('',*,*,#14190,.T.);
#14810=ORIENTED_EDGE('',*,*,#13820,.F.);
#14820=EDGE_LOOP('',(#14810,#14800,#14790,#14780,#14770,#14760,#14740,
#14730,#14720,#14710,#14700,#14690));
#14830=FACE_OUTER_BOUND('',#14820,.T.);
#14840=ADVANCED_FACE('',(#14830),#14670,.T.);
#14850=COLOUR_RGB('',0.501960813999176,1.,0.501960813999176);
#14860=FILL_AREA_STYLE_COLOUR('',#14850);
#14870=FILL_AREA_STYLE('',(#14860));
#14880=SURFACE_STYLE_FILL_AREA(#14870);
#14890=SURFACE_SIDE_STYLE('',(#14880));
#14900=SURFACE_STYLE_USAGE(.BOTH.,#14890);
#14910=PRESENTATION_STYLE_ASSIGNMENT((#14900));
#14920=CARTESIAN_POINT('',(-109.876024956588,56.0835869854498,-14.28));
#14930=DIRECTION('',(1.,0.,0.));
#14940=DIRECTION('',(0.,1.,0.));
#14950=AXIS2_PLACEMENT_3D('',#14920,#14930,#14940);
#14960=PLANE('',#14950);
#14970=CARTESIAN_POINT('',(-109.876024956588,0.,-14.28));
#14980=DIRECTION('',(0.,-1.,0.));
#14990=VECTOR('',#14980,1.);
#15000=LINE('',#14970,#14990);
#15010=CARTESIAN_POINT('',(-109.876024956588,56.0835869854499,-14.28));
#15020=VERTEX_POINT('',#15010);
#15030=CARTESIAN_POINT('',(-109.876024956588,55.8436380344771,-14.28));
#15040=VERTEX_POINT('',#15030);
#15050=EDGE_CURVE('',#15020,#15040,#15000,.T.);
#15060=ORIENTED_EDGE('',*,*,#15050,.T.);
#15070=CARTESIAN_POINT('',(-109.876024956588,56.0835869854499,-14.28));
#15080=DIRECTION('',(0.,0.,-1.));
#15090=VECTOR('',#15080,1.);
#15100=LINE('',#15070,#15090);
#15110=EDGE_CURVE('',#10070,#15020,#15100,.T.);
#15120=ORIENTED_EDGE('',*,*,#15110,.T.);
#15130=ORIENTED_EDGE('',*,*,#11060,.F.);
#15140=CARTESIAN_POINT('',(-109.876024956588,55.8436380344771,-14.28));
#15150=DIRECTION('',(0.,0.,-1.));
#15160=VECTOR('',#15150,1.);
#15170=LINE('',#15140,#15160);
#15180=EDGE_CURVE('',#10990,#15040,#15170,.T.);
#15190=ORIENTED_EDGE('',*,*,#15180,.F.);
#15200=EDGE_LOOP('',(#15190,#15130,#15120,#15060));
#15210=FACE_OUTER_BOUND('',#15200,.T.);
#15220=ADVANCED_FACE('',(#15210),#14960,.F.);
#15230=COLOUR_RGB('',0.501960813999176,1.,0.501960813999176);
#15240=FILL_AREA_STYLE_COLOUR('',#15230);
#15250=FILL_AREA_STYLE('',(#15240));
#15260=SURFACE_STYLE_FILL_AREA(#15250);
#15270=SURFACE_SIDE_STYLE('',(#15260));
#15280=SURFACE_STYLE_USAGE(.BOTH.,#15270);
#15290=PRESENTATION_STYLE_ASSIGNMENT((#15280));
#15300=CARTESIAN_POINT('',(-109.717928097155,56.0835869854499,-14.28));
#15310=DIRECTION('',(0.,0.,-1.));
#15320=DIRECTION('',(-1.,0.,0.));
#15330=AXIS2_PLACEMENT_3D('',#15300,#15310,#15320);
#15340=CYLINDRICAL_SURFACE('',#15330,0.158096859433613);
#15350=CARTESIAN_POINT('',(-109.717928097155,56.0835869854499,-14.28));
#15360=DIRECTION('',(0.,0.,-1.));
#15370=DIRECTION('',(-1.,0.,0.));
#15380=AXIS2_PLACEMENT_3D('',#15350,#15360,#15370);
#15390=CIRCLE('',#15380,0.158096859433613);
#15400=CARTESIAN_POINT('',(-109.717928097155,56.2416838448835,-14.28));
#15410=VERTEX_POINT('',#15400);
#15420=EDGE_CURVE('',#15020,#15410,#15390,.T.);
#15430=ORIENTED_EDGE('',*,*,#15420,.F.);
#15440=CARTESIAN_POINT('',(-109.717928097155,56.2416838448833,-14.28));
#15450=DIRECTION('',(0.,0.,1.));
#15460=VECTOR('',#15450,1.);
#15470=LINE('',#15440,#15460);
#15480=EDGE_CURVE('',#15410,#10090,#15470,.T.);
#15490=ORIENTED_EDGE('',*,*,#15480,.F.);
#15500=ORIENTED_EDGE('',*,*,#10100,.T.);
#15510=ORIENTED_EDGE('',*,*,#15110,.F.);
#15520=EDGE_LOOP('',(#15510,#15500,#15490,#15430));
#15530=FACE_OUTER_BOUND('',#15520,.T.);
#15540=ADVANCED_FACE('',(#15530),#15340,.T.);
#15550=COLOUR_RGB('',0.501960813999176,1.,0.501960813999176);
#15560=FILL_AREA_STYLE_COLOUR('',#15550);
#15570=FILL_AREA_STYLE('',(#15560));
#15580=SURFACE_STYLE_FILL_AREA(#15570);
#15590=SURFACE_SIDE_STYLE('',(#15580));
#15600=SURFACE_STYLE_USAGE(.BOTH.,#15590);
#15610=PRESENTATION_STYLE_ASSIGNMENT((#15600));
#15620=CARTESIAN_POINT('',(-109.041308648314,56.2416838448833,-14.28));
#15630=DIRECTION('',(2.88787519585346E-14,-1.,0.));
#15640=DIRECTION('',(1.,2.88787519585346E-14,0.));
#15650=AXIS2_PLACEMENT_3D('',#15620,#15630,#15640);
#15660=PLANE('',#15650);
#15670=CARTESIAN_POINT('',(0.,56.2416838448865,-14.28));
#15680=DIRECTION('',(-1.,-2.88787519585346E-14,0.));
#15690=VECTOR('',#15680,1.);
#15700=LINE('',#15670,#15690);
#15710=CARTESIAN_POINT('',(-109.041308648314,56.2416838448833,-14.28));
#15720=VERTEX_POINT('',#15710);
#15730=EDGE_CURVE('',#15720,#15410,#15700,.T.);
#15740=ORIENTED_EDGE('',*,*,#15730,.T.);
#15750=CARTESIAN_POINT('',(-109.041308648314,56.2416838448833,-14.28));
#15760=DIRECTION('',(0.,0.,1.));
#15770=VECTOR('',#15760,1.);
#15780=LINE('',#15750,#15770);
#15790=EDGE_CURVE('',#15720,#10170,#15780,.T.);
#15800=ORIENTED_EDGE('',*,*,#15790,.F.);
#15810=ORIENTED_EDGE('',*,*,#10180,.F.);
#15820=ORIENTED_EDGE('',*,*,#15480,.T.);
#15830=EDGE_LOOP('',(#15820,#15810,#15800,#15740));
#15840=FACE_OUTER_BOUND('',#15830,.T.);
#15850=ADVANCED_FACE('',(#15840),#15660,.F.);
#15860=COLOUR_RGB('',0.501960813999176,1.,0.501960813999176);
#15870=FILL_AREA_STYLE_COLOUR('',#15860);
#15880=FILL_AREA_STYLE('',(#15870));
#15890=SURFACE_STYLE_FILL_AREA(#15880);
#15900=SURFACE_SIDE_STYLE('',(#15890));
#15910=SURFACE_STYLE_USAGE(.BOTH.,#15900);
#15920=PRESENTATION_STYLE_ASSIGNMENT((#15910));
#15930=CARTESIAN_POINT('',(-109.041308648314,56.0835869854499,-14.28));
#15940=DIRECTION('',(0.,0.,-1.));
#15950=DIRECTION('',(-1.,0.,0.));
#15960=AXIS2_PLACEMENT_3D('',#15930,#15940,#15950);
#15970=CYLINDRICAL_SURFACE('',#15960,0.15809685943344);
#15980=CARTESIAN_POINT('',(-109.041308648314,56.0835869854499,-14.28));
#15990=DIRECTION('',(0.,0.,-1.));
#16000=DIRECTION('',(-1.,0.,0.));
#16010=AXIS2_PLACEMENT_3D('',#15980,#15990,#16000);
#16020=CIRCLE('',#16010,0.15809685943344);
#16030=CARTESIAN_POINT('',(-108.88321178888,56.0835869854499,-14.28));
#16040=VERTEX_POINT('',#16030);
#16050=EDGE_CURVE('',#15720,#16040,#16020,.T.);
#16060=ORIENTED_EDGE('',*,*,#16050,.F.);
#16070=CARTESIAN_POINT('',(-108.88321178888,56.0835869854499,-14.28));
#16080=DIRECTION('',(0.,0.,-1.));
#16090=VECTOR('',#16080,1.);
#16100=LINE('',#16070,#16090);
#16110=EDGE_CURVE('',#10260,#16040,#16100,.T.);
#16120=ORIENTED_EDGE('',*,*,#16110,.T.);
#16130=ORIENTED_EDGE('',*,*,#10270,.T.);
#16140=ORIENTED_EDGE('',*,*,#15790,.T.);
#16150=EDGE_LOOP('',(#16140,#16130,#16120,#16060));
#16160=FACE_OUTER_BOUND('',#16150,.T.);
#16170=ADVANCED_FACE('',(#16160),#15970,.T.);
#16180=COLOUR_RGB('',0.501960813999176,1.,0.501960813999176);
#16190=FILL_AREA_STYLE_COLOUR('',#16180);
#16200=FILL_AREA_STYLE('',(#16190));
#16210=SURFACE_STYLE_FILL_AREA(#16200);
#16220=SURFACE_SIDE_STYLE('',(#16210));
#16230=SURFACE_STYLE_USAGE(.BOTH.,#16220);
#16240=PRESENTATION_STYLE_ASSIGNMENT((#16230));
#16250=CARTESIAN_POINT('',(-108.88321178888,54.0497977566858,-14.28));
#16260=DIRECTION('',(-1.,0.,0.));
#16270=DIRECTION('',(0.,-1.,0.));
#16280=AXIS2_PLACEMENT_3D('',#16250,#16260,#16270);
#16290=PLANE('',#16280);
#16300=CARTESIAN_POINT('',(-108.88321178888,0.,-14.28));
#16310=DIRECTION('',(0.,1.,0.));
#16320=VECTOR('',#16310,1.);
#16330=LINE('',#16300,#16320);
#16340=CARTESIAN_POINT('',(-108.88321178888,54.0497977566858,-14.28));
#16350=VERTEX_POINT('',#16340);
#16360=EDGE_CURVE('',#16350,#16040,#16330,.T.);
#16370=ORIENTED_EDGE('',*,*,#16360,.T.);
#16380=CARTESIAN_POINT('',(-108.88321178888,54.0497977566858,-14.28));
#16390=DIRECTION('',(0.,0.,-1.));
#16400=VECTOR('',#16390,1.);
#16410=LINE('',#16380,#16400);
#16420=EDGE_CURVE('',#10340,#16350,#16410,.T.);
#16430=ORIENTED_EDGE('',*,*,#16420,.T.);
#16440=ORIENTED_EDGE('',*,*,#10350,.T.);
#16450=ORIENTED_EDGE('',*,*,#16110,.F.);
#16460=EDGE_LOOP('',(#16450,#16440,#16430,#16370));
#16470=FACE_OUTER_BOUND('',#16460,.T.);
#16480=ADVANCED_FACE('',(#16470),#16290,.F.);
#16490=COLOUR_RGB('',0.501960813999176,1.,0.501960813999176);
#16500=FILL_AREA_STYLE_COLOUR('',#16490);
#16510=FILL_AREA_STYLE('',(#16500));
#16520=SURFACE_STYLE_FILL_AREA(#16510);
#16530=SURFACE_SIDE_STYLE('',(#16520));
#16540=SURFACE_STYLE_USAGE(.BOTH.,#16530);
#16550=PRESENTATION_STYLE_ASSIGNMENT((#16540));
#16560=CARTESIAN_POINT('',(-109.041308648314,54.0497977566858,-14.28));
#16570=DIRECTION('',(0.,0.,-1.));
#16580=DIRECTION('',(-1.,0.,0.));
#16590=AXIS2_PLACEMENT_3D('',#16560,#16570,#16580);
#16600=CYLINDRICAL_SURFACE('',#16590,0.158096859433499);
#16610=CARTESIAN_POINT('',(-109.041308648314,54.0497977566858,-14.28));
#16620=DIRECTION('',(0.,0.,-1.));
#16630=DIRECTION('',(-1.,0.,0.));
#16640=AXIS2_PLACEMENT_3D('',#16610,#16620,#16630);
#16650=CIRCLE('',#16640,0.158096859433499);
#16660=CARTESIAN_POINT('',(-109.041308648314,53.8917008972523,-14.28));
#16670=VERTEX_POINT('',#16660);
#16680=EDGE_CURVE('',#16350,#16670,#16650,.T.);
#16690=ORIENTED_EDGE('',*,*,#16680,.F.);
#16700=CARTESIAN_POINT('',(-109.041308648314,53.8917008972524,-14.28));
#16710=DIRECTION('',(0.,0.,1.));
#16720=VECTOR('',#16710,1.);
#16730=LINE('',#16700,#16720);
#16740=EDGE_CURVE('',#16670,#10430,#16730,.T.);
#16750=ORIENTED_EDGE('',*,*,#16740,.F.);
#16760=ORIENTED_EDGE('',*,*,#10440,.T.);
#16770=ORIENTED_EDGE('',*,*,#16420,.F.);
#16780=EDGE_LOOP('',(#16770,#16760,#16750,#16690));
#16790=FACE_OUTER_BOUND('',#16780,.T.);
#16800=ADVANCED_FACE('',(#16790),#16600,.T.);
#16810=COLOUR_RGB('',0.501960813999176,1.,0.501960813999176);
#16820=FILL_AREA_STYLE_COLOUR('',#16810);
#16830=FILL_AREA_STYLE('',(#16820));
#16840=SURFACE_STYLE_FILL_AREA(#16830);
#16850=SURFACE_SIDE_STYLE('',(#16840));
#16860=SURFACE_STYLE_USAGE(.BOTH.,#16850);
#16870=PRESENTATION_STYLE_ASSIGNMENT((#16860));
#16880=CARTESIAN_POINT('',(-109.717928097155,53.8917008972524,-14.28));
#16890=DIRECTION('',(0.,1.,-0.));
#16900=DIRECTION('',(-1.,0.,0.));
#16910=AXIS2_PLACEMENT_3D('',#16880,#16890,#16900);
#16920=PLANE('',#16910);
#16930=CARTESIAN_POINT('',(0.,53.8917008972524,-14.28));
#16940=DIRECTION('',(1.,0.,0.));
#16950=VECTOR('',#16940,1.);
#16960=LINE('',#16930,#16950);
#16970=CARTESIAN_POINT('',(-109.717928097155,53.8917008972524,-14.28));
#16980=VERTEX_POINT('',#16970);
#16990=EDGE_CURVE('',#16980,#16670,#16960,.T.);
#17000=ORIENTED_EDGE('',*,*,#16990,.T.);
#17010=CARTESIAN_POINT('',(-109.717928097155,53.8917008972524,-14.28));
#17020=DIRECTION('',(0.,0.,1.));
#17030=VECTOR('',#17020,1.);
#17040=LINE('',#17010,#17030);
#17050=EDGE_CURVE('',#16980,#10510,#17040,.T.);
#17060=ORIENTED_EDGE('',*,*,#17050,.F.);
#17070=ORIENTED_EDGE('',*,*,#10520,.F.);
#17080=ORIENTED_EDGE('',*,*,#16740,.T.);
#17090=EDGE_LOOP('',(#17080,#17070,#17060,#17000));
#17100=FACE_OUTER_BOUND('',#17090,.T.);
#17110=ADVANCED_FACE('',(#17100),#16920,.F.);
#17120=COLOUR_RGB('',0.501960813999176,1.,0.501960813999176);
#17130=FILL_AREA_STYLE_COLOUR('',#17120);
#17140=FILL_AREA_STYLE('',(#17130));
#17150=SURFACE_STYLE_FILL_AREA(#17140);
#17160=SURFACE_SIDE_STYLE('',(#17150));
#17170=SURFACE_STYLE_USAGE(.BOTH.,#17160);
#17180=PRESENTATION_STYLE_ASSIGNMENT((#17170));
#17190=CARTESIAN_POINT('',(-109.717928097155,54.0497977566858,-14.28));
#17200=DIRECTION('',(0.,0.,-1.));
#17210=DIRECTION('',(-1.,0.,0.));
#17220=AXIS2_PLACEMENT_3D('',#17190,#17200,#17210);
#17230=CYLINDRICAL_SURFACE('',#17220,0.158096859433439);
#17240=CARTESIAN_POINT('',(-109.717928097155,54.0497977566858,-14.28));
#17250=DIRECTION('',(0.,0.,-1.));
#17260=DIRECTION('',(-1.,0.,0.));
#17270=AXIS2_PLACEMENT_3D('',#17240,#17250,#17260);
#17280=CIRCLE('',#17270,0.158096859433439);
#17290=CARTESIAN_POINT('',(-109.876024956588,54.0497977566858,-14.28));
#17300=VERTEX_POINT('',#17290);
#17310=EDGE_CURVE('',#16980,#17300,#17280,.T.);
#17320=ORIENTED_EDGE('',*,*,#17310,.F.);
#17330=CARTESIAN_POINT('',(-109.876024956588,54.0497977566858,-14.28));
#17340=DIRECTION('',(0.,0.,-1.));
#17350=VECTOR('',#17340,1.);
#17360=LINE('',#17330,#17350);
#17370=EDGE_CURVE('',#10600,#17300,#17360,.T.);
#17380=ORIENTED_EDGE('',*,*,#17370,.T.);
#17390=ORIENTED_EDGE('',*,*,#10610,.T.);
#17400=ORIENTED_EDGE('',*,*,#17050,.T.);
#17410=EDGE_LOOP('',(#17400,#17390,#17380,#17320));
#17420=FACE_OUTER_BOUND('',#17410,.T.);
#17430=ADVANCED_FACE('',(#17420),#17230,.T.);
#17440=COLOUR_RGB('',0.501960813999176,1.,0.501960813999176);
#17450=FILL_AREA_STYLE_COLOUR('',#17440);
#17460=FILL_AREA_STYLE('',(#17450));
#17470=SURFACE_STYLE_FILL_AREA(#17460);
#17480=SURFACE_SIDE_STYLE('',(#17470));
#17490=SURFACE_STYLE_USAGE(.BOTH.,#17480);
#17500=PRESENTATION_STYLE_ASSIGNMENT((#17490));
#17510=CARTESIAN_POINT('',(-109.876024956588,54.7373625071993,-14.28));
#17520=DIRECTION('',(1.,0.,0.));
#17530=DIRECTION('',(0.,1.,0.));
#17540=AXIS2_PLACEMENT_3D('',#17510,#17520,#17530);
#17550=PLANE('',#17540);
#17560=CARTESIAN_POINT('',(-109.876024956588,0.,-14.28));
#17570=DIRECTION('',(0.,-1.,0.));
#17580=VECTOR('',#17570,1.);
#17590=LINE('',#17560,#17580);
#17600=CARTESIAN_POINT('',(-109.876024956588,54.7373625071993,-14.28));
#17610=VERTEX_POINT('',#17600);
#17620=EDGE_CURVE('',#17610,#17300,#17590,.T.);
#17630=ORIENTED_EDGE('',*,*,#17620,.T.);
#17640=CARTESIAN_POINT('',(-109.876024956588,54.7373625071993,-14.28));
#17650=DIRECTION('',(0.,0.,-1.));
#17660=VECTOR('',#17650,1.);
#17670=LINE('',#17640,#17660);
#17680=EDGE_CURVE('',#10680,#17610,#17670,.T.);
#17690=ORIENTED_EDGE('',*,*,#17680,.T.);
#17700=ORIENTED_EDGE('',*,*,#10690,.F.);
#17710=ORIENTED_EDGE('',*,*,#17370,.F.);
#17720=EDGE_LOOP('',(#17710,#17700,#17690,#17630));
#17730=FACE_OUTER_BOUND('',#17720,.T.);
#17740=ADVANCED_FACE('',(#17730),#17550,.F.);
#17750=COLOUR_RGB('',0.501960813999176,1.,0.501960813999176);
#17760=FILL_AREA_STYLE_COLOUR('',#17750);
#17770=FILL_AREA_STYLE('',(#17760));
#17780=SURFACE_STYLE_FILL_AREA(#17770);
#17790=SURFACE_SIDE_STYLE('',(#17780));
#17800=SURFACE_STYLE_USAGE(.BOTH.,#17790);
#17810=PRESENTATION_STYLE_ASSIGNMENT((#17800));
#17820=CARTESIAN_POINT('',(-109.717928097155,54.7373625071993,-14.28));
#17830=DIRECTION('',(0.,0.,-1.));
#17840=DIRECTION('',(-1.,0.,0.));
#17850=AXIS2_PLACEMENT_3D('',#17820,#17830,#17840);
#17860=CYLINDRICAL_SURFACE('',#17850,0.1580968594333);
#17870=CARTESIAN_POINT('',(-109.717928097155,54.7373625071993,-14.28));
#17880=DIRECTION('',(0.,0.,-1.));
#17890=DIRECTION('',(-1.,0.,0.));
#17900=AXIS2_PLACEMENT_3D('',#17870,#17880,#17890);
#17910=CIRCLE('',#17900,0.1580968594333);
#17920=CARTESIAN_POINT('',(-109.7869476658,54.8795979321349,-14.28));
#17930=VERTEX_POINT('',#17920);
#17940=EDGE_CURVE('',#17610,#17930,#17910,.T.);
#17950=ORIENTED_EDGE('',*,*,#17940,.F.);
#17960=CARTESIAN_POINT('',(-109.786947665801,54.879597932135,-14.28));
#17970=DIRECTION('',(0.,0.,1.));
#17980=VECTOR('',#17970,1.);
#17990=LINE('',#17960,#17980);
#18000=EDGE_CURVE('',#17930,#10770,#17990,.T.);
#18010=ORIENTED_EDGE('',*,*,#18000,.F.);
#18020=ORIENTED_EDGE('',*,*,#10780,.T.);
#18030=ORIENTED_EDGE('',*,*,#17680,.F.);
#18040=EDGE_LOOP('',(#18030,#18020,#18010,#17950));
#18050=FACE_OUTER_BOUND('',#18040,.T.);
#18060=ADVANCED_FACE('',(#18050),#17860,.T.);
#18070=COLOUR_RGB('',0.501960813999176,1.,0.501960813999176);
#18080=FILL_AREA_STYLE_COLOUR('',#18070);
#18090=FILL_AREA_STYLE('',(#18080));
#18100=SURFACE_STYLE_FILL_AREA(#18090);
#18110=SURFACE_SIDE_STYLE('',(#18100));
#18120=SURFACE_STYLE_USAGE(.BOTH.,#18110);
#18130=PRESENTATION_STYLE_ASSIGNMENT((#18120));
#18140=CARTESIAN_POINT('',(-109.986337530778,55.2905002708381,-14.28));
#18150=DIRECTION('',(0.,0.,-1.));
#18160=DIRECTION('',(-1.,0.,0.));
#18170=AXIS2_PLACEMENT_3D('',#18140,#18150,#18160);
#18180=CYLINDRICAL_SURFACE('',#18170,0.456724260585518);
#18190=CARTESIAN_POINT('',(-109.986337530778,55.2905002708381,-14.28));
#18200=DIRECTION('',(0.,0.,-1.));
#18210=DIRECTION('',(-1.,0.,0.));
#18220=AXIS2_PLACEMENT_3D('',#18190,#18200,#18210);
#18230=CIRCLE('',#18220,0.456724260585518);
#18240=CARTESIAN_POINT('',(-109.529613270192,55.2905002708381,-14.28));
#18250=VERTEX_POINT('',#18240);
#18260=EDGE_CURVE('',#18250,#17930,#18230,.T.);
#18270=ORIENTED_EDGE('',*,*,#18260,.T.);
#18280=CARTESIAN_POINT('',(-109.529613270192,55.2905002708381,-14.28));
#18290=DIRECTION('',(0.,0.,-1.));
#18300=VECTOR('',#18290,1.);
#18310=LINE('',#18280,#18300);
#18320=EDGE_CURVE('',#10860,#18250,#18310,.T.);
#18330=ORIENTED_EDGE('',*,*,#18320,.T.);
#18340=ORIENTED_EDGE('',*,*,#10870,.F.);
#18350=ORIENTED_EDGE('',*,*,#18000,.T.);
#18360=EDGE_LOOP('',(#18350,#18340,#18330,#18270));
#18370=FACE_OUTER_BOUND('',#18360,.T.);
#18380=ADVANCED_FACE('',(#18370),#18180,.F.);
#18390=COLOUR_RGB('',0.501960813999176,1.,0.501960813999176);
#18400=FILL_AREA_STYLE_COLOUR('',#18390);
#18410=FILL_AREA_STYLE('',(#18400));
#18420=SURFACE_STYLE_FILL_AREA(#18410);
#18430=SURFACE_SIDE_STYLE('',(#18420));
#18440=SURFACE_STYLE_USAGE(.BOTH.,#18430);
#18450=PRESENTATION_STYLE_ASSIGNMENT((#18440));
#18460=CARTESIAN_POINT('',(-109.717928097155,55.8436380344771,-14.28));
#18470=DIRECTION('',(0.,0.,-1.));
#18480=DIRECTION('',(-1.,0.,0.));
#18490=AXIS2_PLACEMENT_3D('',#18460,#18470,#18480);
#18500=CYLINDRICAL_SURFACE('',#18490,0.158096859433421);
#18510=CARTESIAN_POINT('',(-109.717928097155,55.8436380344771,-14.28));
#18520=DIRECTION('',(0.,0.,-1.));
#18530=DIRECTION('',(-1.,0.,0.));
#18540=AXIS2_PLACEMENT_3D('',#18510,#18520,#18530);
#18550=CIRCLE('',#18540,0.158096859433421);
#18560=CARTESIAN_POINT('',(-109.786947665801,55.7014026095413,-14.28));
#18570=VERTEX_POINT('',#18560);
#18580=EDGE_CURVE('',#18570,#15040,#18550,.T.);
#18590=ORIENTED_EDGE('',*,*,#18580,.F.);
#18600=ORIENTED_EDGE('',*,*,#15180,.T.);
#18610=ORIENTED_EDGE('',*,*,#11000,.T.);
#18620=CARTESIAN_POINT('',(-109.786947665801,55.7014026095413,-14.28));
#18630=DIRECTION('',(0.,0.,1.));
#18640=VECTOR('',#18630,1.);
#18650=LINE('',#18620,#18640);
#18660=EDGE_CURVE('',#18570,#10900,#18650,.T.);
#18670=ORIENTED_EDGE('',*,*,#18660,.T.);
#18680=EDGE_LOOP('',(#18670,#18610,#18600,#18590));
#18690=FACE_OUTER_BOUND('',#18680,.T.);
#18700=ADVANCED_FACE('',(#18690),#18500,.T.);
#18710=COLOUR_RGB('',0.501960813999176,1.,0.501960813999176);
#18720=FILL_AREA_STYLE_COLOUR('',#18710);
#18730=FILL_AREA_STYLE('',(#18720));
#18740=SURFACE_STYLE_FILL_AREA(#18730);
#18750=SURFACE_SIDE_STYLE('',(#18740));
#18760=SURFACE_STYLE_USAGE(.BOTH.,#18750);
#18770=PRESENTATION_STYLE_ASSIGNMENT((#18760));
#18780=ORIENTED_EDGE('',*,*,#18580,.T.);
#18790=EDGE_CURVE('',#18570,#18250,#18230,.T.);
#18800=ORIENTED_EDGE('',*,*,#18790,.F.);
#18810=ORIENTED_EDGE('',*,*,#18260,.F.);
#18820=ORIENTED_EDGE('',*,*,#17940,.T.);
#18830=ORIENTED_EDGE('',*,*,#17620,.F.);
#18840=ORIENTED_EDGE('',*,*,#17310,.T.);
#18850=ORIENTED_EDGE('',*,*,#16990,.F.);
#18860=ORIENTED_EDGE('',*,*,#16680,.T.);
#18870=ORIENTED_EDGE('',*,*,#16360,.F.);
#18880=ORIENTED_EDGE('',*,*,#16050,.T.);
#18890=ORIENTED_EDGE('',*,*,#15730,.F.);
#18900=ORIENTED_EDGE('',*,*,#15420,.T.);
#18910=ORIENTED_EDGE('',*,*,#15050,.F.);
#18920=EDGE_LOOP('',(#18910,#18900,#18890,#18880,#18870,#18860,#18850,
#18840,#18830,#18820,#18810,#18800,#18780));
#18930=FACE_OUTER_BOUND('',#18920,.T.);
#18940=ADVANCED_FACE('',(#18930),#14670,.T.);
#18950=COLOUR_RGB('',0.501960813999176,1.,0.501960813999176);
#18960=FILL_AREA_STYLE_COLOUR('',#18950);
#18970=FILL_AREA_STYLE('',(#18960));
#18980=SURFACE_STYLE_FILL_AREA(#18970);
#18990=SURFACE_SIDE_STYLE('',(#18980));
#19000=SURFACE_STYLE_USAGE(.BOTH.,#18990);
#19010=PRESENTATION_STYLE_ASSIGNMENT((#19000));
#19020=CARTESIAN_POINT('',(-109.986337530778,55.2905002708381,-14.28));
#19030=DIRECTION('',(0.,0.,-1.));
#19040=DIRECTION('',(-1.,0.,0.));
#19050=AXIS2_PLACEMENT_3D('',#19020,#19030,#19040);
#19060=CYLINDRICAL_SURFACE('',#19050,0.228362130292794);
#19070=CARTESIAN_POINT('',(-110.214699661071,55.2905002708381,-14.28));
#19080=DIRECTION('',(0.,0.,-1.));
#19090=VECTOR('',#19080,1.);
#19100=LINE('',#19070,#19090);
#19110=CARTESIAN_POINT('',(-110.214699661071,55.2905002708381,-14.28));
#19120=VERTEX_POINT('',#19110);
#19130=EDGE_CURVE('',#11160,#19120,#19100,.T.);
#19140=ORIENTED_EDGE('',*,*,#19130,.T.);
#19150=ORIENTED_EDGE('',*,*,#11210,.T.);
#19160=CARTESIAN_POINT('',(-109.757975400485,55.2905002708381,-14.28));
#19170=DIRECTION('',(0.,0.,-1.));
#19180=VECTOR('',#19170,1.);
#19190=LINE('',#19160,#19180);
#19200=CARTESIAN_POINT('',(-109.757975400485,55.2905002708381,-14.28));
#19210=VERTEX_POINT('',#19200);
#19220=EDGE_CURVE('',#11180,#19210,#19190,.T.);
#19230=ORIENTED_EDGE('',*,*,#19220,.F.);
#19240=CARTESIAN_POINT('',(-109.986337530778,55.2905002708381,-14.28));
#19250=DIRECTION('',(0.,0.,-1.));
#19260=DIRECTION('',(-1.,0.,0.));
#19270=AXIS2_PLACEMENT_3D('',#19240,#19250,#19260);
#19280=CIRCLE('',#19270,0.228362130292794);
#19290=EDGE_CURVE('',#19210,#19120,#19280,.T.);
#19300=ORIENTED_EDGE('',*,*,#19290,.F.);
#19310=EDGE_LOOP('',(#19300,#19230,#19150,#19140));
#19320=FACE_OUTER_BOUND('',#19310,.T.);
#19330=ADVANCED_FACE('',(#19320),#19060,.T.);
#19340=COLOUR_RGB('',0.501960813999176,1.,0.501960813999176);
#19350=FILL_AREA_STYLE_COLOUR('',#19340);
#19360=FILL_AREA_STYLE('',(#19350));
#19370=SURFACE_STYLE_FILL_AREA(#19360);
#19380=SURFACE_SIDE_STYLE('',(#19370));
#19390=SURFACE_STYLE_USAGE(.BOTH.,#19380);
#19400=PRESENTATION_STYLE_ASSIGNMENT((#19390));
#19410=EDGE_CURVE('',#19120,#19210,#19280,.T.);
#19420=ORIENTED_EDGE('',*,*,#19410,.T.);
#19430=ORIENTED_EDGE('',*,*,#19290,.T.);
#19440=EDGE_LOOP('',(#19430,#19420));
#19450=FACE_OUTER_BOUND('',#19440,.T.);
#19460=ADVANCED_FACE('',(#19450),#14670,.T.);
#19470=COLOUR_RGB('',0.501960813999176,1.,0.501960813999176);
#19480=FILL_AREA_STYLE_COLOUR('',#19470);
#19490=FILL_AREA_STYLE('',(#19480));
#19500=SURFACE_STYLE_FILL_AREA(#19490);
#19510=SURFACE_SIDE_STYLE('',(#19500));
#19520=SURFACE_STYLE_USAGE(.BOTH.,#19510);
#19530=PRESENTATION_STYLE_ASSIGNMENT((#19520));
#19540=CARTESIAN_POINT('',(-112.098493817872,70.066692371064,0.));
#19550=DIRECTION('',(-0.996194698091746,0.0871557427476516,0.));
#19560=DIRECTION('',(0.0871557427476516,0.996194698091746,0.));
#19570=AXIS2_PLACEMENT_3D('',#19540,#19550,#19560);
#19580=PLANE('',#19570);
#19590=CARTESIAN_POINT('',(-116.468998052317,20.1116003819201,4.76));
#19600=DIRECTION('',(-0.0871557427476516,-0.996194698091746,0.));
#19610=VECTOR('',#19600,1.);
#19620=LINE('',#19590,#19610);
#19630=CARTESIAN_POINT('',(-112.623425799028,64.066692371064,4.76));
#19640=VERTEX_POINT('',#19630);
#19650=EDGE_CURVE('',#4570,#19640,#19620,.T.);
#19660=ORIENTED_EDGE('',*,*,#19650,.F.);
#19670=CARTESIAN_POINT('',(-112.623425799028,64.066692371064,0.));
#19680=DIRECTION('',(0.,0.,1.));
#19690=VECTOR('',#19680,1.);
#19700=LINE('',#19670,#19690);
#19710=CARTESIAN_POINT('',(-112.623425799028,64.066692371064,-14.28));
#19720=VERTEX_POINT('',#19710);
#19730=EDGE_CURVE('',#19720,#19640,#19700,.T.);
#19740=ORIENTED_EDGE('',*,*,#19730,.T.);
#19750=CARTESIAN_POINT('',(-118.228535091098,0.,-14.28));
#19760=DIRECTION('',(-0.0871557427476516,-0.996194698091746,0.));
#19770=VECTOR('',#19760,1.);
#19780=LINE('',#19750,#19770);
#19790=EDGE_CURVE('',#4650,#19720,#19780,.T.);
#19800=ORIENTED_EDGE('',*,*,#19790,.T.);
#19810=ORIENTED_EDGE('',*,*,#4660,.F.);
#19820=EDGE_LOOP('',(#19810,#19800,#19740,#19660));
#19830=FACE_OUTER_BOUND('',#19820,.T.);
#19840=ADVANCED_FACE('',(#19830),#19580,.T.);
#19850=COLOUR_RGB('',0.501960813999176,1.,0.501960813999176);
#19860=FILL_AREA_STYLE_COLOUR('',#19850);
#19870=FILL_AREA_STYLE('',(#19860));
#19880=SURFACE_STYLE_FILL_AREA(#19870);
#19890=SURFACE_SIDE_STYLE('',(#19880));
#19900=SURFACE_STYLE_USAGE(.BOTH.,#19890);
#19910=PRESENTATION_STYLE_ASSIGNMENT((#19900));
#19920=CARTESIAN_POINT('',(-112.623425799028,64.066692371064,0.));
#19930=DIRECTION('',(-0.,1.,0.));
#19940=DIRECTION('',(1.,0.,0.));
#19950=AXIS2_PLACEMENT_3D('',#19920,#19930,#19940);
#19960=PLANE('',#19950);
#19970=CARTESIAN_POINT('',(-161.845165058604,64.066692371064,4.76));
#19980=DIRECTION('',(-1.,0.,0.));
#19990=VECTOR('',#19980,1.);
#20000=LINE('',#19970,#19990);
#20010=CARTESIAN_POINT('',(-114.348493817872,64.066692371064,4.76));
#20020=VERTEX_POINT('',#20010);
#20030=EDGE_CURVE('',#19640,#20020,#20000,.T.);
#20040=ORIENTED_EDGE('',*,*,#20030,.F.);
#20050=CARTESIAN_POINT('',(-114.348493817872,64.066692371064,0.));
#20060=DIRECTION('',(0.,0.,1.));
#20070=VECTOR('',#20060,1.);
#20080=LINE('',#20050,#20070);
#20090=CARTESIAN_POINT('',(-114.348493817872,64.066692371064,-14.28));
#20100=VERTEX_POINT('',#20090);
#20110=EDGE_CURVE('',#20100,#20020,#20080,.T.);
#20120=ORIENTED_EDGE('',*,*,#20110,.T.);
#20130=CARTESIAN_POINT('',(0.,64.066692371064,-14.28));
#20140=DIRECTION('',(-1.,0.,0.));
#20150=VECTOR('',#20140,1.);
#20160=LINE('',#20130,#20150);
#20170=EDGE_CURVE('',#19720,#20100,#20160,.T.);
#20180=ORIENTED_EDGE('',*,*,#20170,.T.);
#20190=ORIENTED_EDGE('',*,*,#19730,.F.);
#20200=EDGE_LOOP('',(#20190,#20180,#20120,#20040));
#20210=FACE_OUTER_BOUND('',#20200,.T.);
#20220=ADVANCED_FACE('',(#20210),#19960,.T.);
#20230=COLOUR_RGB('',0.501960813999176,1.,0.501960813999176);
#20240=FILL_AREA_STYLE_COLOUR('',#20230);
#20250=FILL_AREA_STYLE('',(#20240));
#20260=SURFACE_STYLE_FILL_AREA(#20250);
#20270=SURFACE_SIDE_STYLE('',(#20260));
#20280=SURFACE_STYLE_USAGE(.BOTH.,#20270);
#20290=PRESENTATION_STYLE_ASSIGNMENT((#20280));
#20300=CARTESIAN_POINT('',(-114.848493817872,53.066692371064,0.));
#20310=DIRECTION('',(-1.,9.473903143468E-15,0.));
#20320=DIRECTION('',(9.473903143468E-15,1.,0.));
#20330=AXIS2_PLACEMENT_3D('',#20300,#20310,#20320);
#20340=PLANE('',#20330);
#20350=CARTESIAN_POINT('',(-114.848493817873,0.,-14.28));
#20360=DIRECTION('',(-9.473903143468E-15,-1.,0.));
#20370=VECTOR('',#20360,1.);
#20380=LINE('',#20350,#20370);
#20390=CARTESIAN_POINT('',(-114.848493817872,63.566692371064,-14.28));
#20400=VERTEX_POINT('',#20390);
#20410=CARTESIAN_POINT('',(-114.848493817872,53.066692371064,-14.28));
#20420=VERTEX_POINT('',#20410);
#20430=EDGE_CURVE('',#20400,#20420,#20380,.T.);
#20440=ORIENTED_EDGE('',*,*,#20430,.T.);
#20450=CARTESIAN_POINT('',(-114.848493817872,63.566692371064,0.));
#20460=DIRECTION('',(0.,0.,1.));
#20470=VECTOR('',#20460,1.);
#20480=LINE('',#20450,#20470);
#20490=CARTESIAN_POINT('',(-114.848493817872,63.566692371064,4.76));
#20500=VERTEX_POINT('',#20490);
#20510=EDGE_CURVE('',#20400,#20500,#20480,.T.);
#20520=ORIENTED_EDGE('',*,*,#20510,.F.);
#20530=CARTESIAN_POINT('',(-114.848493817873,20.1116003819201,4.76));
#20540=DIRECTION('',(-9.473903143468E-15,-1.,0.));
#20550=VECTOR('',#20540,1.);
#20560=LINE('',#20530,#20550);
#20570=CARTESIAN_POINT('',(-114.848493817872,53.066692371064,4.76));
#20580=VERTEX_POINT('',#20570);
#20590=EDGE_CURVE('',#20500,#20580,#20560,.T.);
#20600=ORIENTED_EDGE('',*,*,#20590,.F.);
#20610=CARTESIAN_POINT('',(-114.848493817872,53.066692371064,0.));
#20620=DIRECTION('',(0.,0.,1.));
#20630=VECTOR('',#20620,1.);
#20640=LINE('',#20610,#20630);
#20650=EDGE_CURVE('',#20420,#20580,#20640,.T.);
#20660=ORIENTED_EDGE('',*,*,#20650,.T.);
#20670=EDGE_LOOP('',(#20660,#20600,#20520,#20440));
#20680=FACE_OUTER_BOUND('',#20670,.T.);
#20690=ADVANCED_FACE('',(#20680),#20340,.T.);
#20700=COLOUR_RGB('',0.501960813999176,1.,0.501960813999176);
#20710=FILL_AREA_STYLE_COLOUR('',#20700);
#20720=FILL_AREA_STYLE('',(#20710));
#20730=SURFACE_STYLE_FILL_AREA(#20720);
#20740=SURFACE_SIDE_STYLE('',(#20730));
#20750=SURFACE_STYLE_USAGE(.BOTH.,#20740);
#20760=PRESENTATION_STYLE_ASSIGNMENT((#20750));
#20770=CARTESIAN_POINT('',(-112.455493817872,53.066692371064,-14.28));
#20780=DIRECTION('',(0.,0.,-1.));
#20790=DIRECTION('',(-1.,0.,0.));
#20800=AXIS2_PLACEMENT_3D('',#20770,#20780,#20790);
#20810=PLANE('',#20800);
#20820=ORIENTED_EDGE('',*,*,#8330,.F.);
#20830=ORIENTED_EDGE('',*,*,#5910,.F.);
#20840=ORIENTED_EDGE('',*,*,#8000,.F.);
#20850=ORIENTED_EDGE('',*,*,#7630,.F.);
#20860=ORIENTED_EDGE('',*,*,#7240,.F.);
#20870=ORIENTED_EDGE('',*,*,#6850,.F.);
#20880=ORIENTED_EDGE('',*,*,#6390,.F.);
#20890=ORIENTED_EDGE('',*,*,#8700,.F.);
#20900=EDGE_LOOP('',(#20890,#20880,#20870,#20860,#20850,#20840,#20830,
#20820));
#20910=FACE_BOUND('',#20900,.T.);
#20920=CARTESIAN_POINT('',(-98.8484938178693,0.,-14.28));
#20930=DIRECTION('',(-4.73695157173382E-14,1.,0.));
#20940=VECTOR('',#20930,1.);
#20950=LINE('',#20920,#20940);
#20960=CARTESIAN_POINT('',(-98.8484938178718,53.066692371064,-14.28));
#20970=VERTEX_POINT('',#20960);
#20980=CARTESIAN_POINT('',(-98.8484938178724,64.566692371064,-14.28));
#20990=VERTEX_POINT('',#20980);
#21000=EDGE_CURVE('',#20970,#20990,#20950,.T.);
#21010=ORIENTED_EDGE('',*,*,#21000,.F.);
#21020=CARTESIAN_POINT('',(-99.3484938178724,64.566692371064,-14.28));
#21030=DIRECTION('',(0.,0.,1.));
#21040=DIRECTION('',(1.,0.,0.));
#21050=AXIS2_PLACEMENT_3D('',#21020,#21030,#21040);
#21060=CIRCLE('',#21050,0.5);
#21070=EDGE_CURVE('',#20990,#4960,#21060,.T.);
#21080=ORIENTED_EDGE('',*,*,#21070,.F.);
#21090=ORIENTED_EDGE('',*,*,#5190,.F.);
#21100=CARTESIAN_POINT('',(-64.9454701162121,0.,-14.28));
#21110=DIRECTION('',(-0.499999999999999,0.866025403784439,0.));
#21120=VECTOR('',#21110,1.);
#21130=LINE('',#21100,#21120);
#21140=EDGE_CURVE('',#5120,#4490,#21130,.T.);
#21150=ORIENTED_EDGE('',*,*,#21140,.F.);
#21160=ORIENTED_EDGE('',*,*,#4720,.T.);
#21170=ORIENTED_EDGE('',*,*,#19790,.F.);
#21180=ORIENTED_EDGE('',*,*,#20170,.F.);
#21190=CARTESIAN_POINT('',(-114.348493817872,63.566692371064,-14.28));
#21200=DIRECTION('',(0.,0.,1.));
#21210=DIRECTION('',(1.,0.,0.));
#21220=AXIS2_PLACEMENT_3D('',#21190,#21200,#21210);
#21230=CIRCLE('',#21220,0.5);
#21240=EDGE_CURVE('',#20100,#20400,#21230,.T.);
#21250=ORIENTED_EDGE('',*,*,#21240,.F.);
#21260=ORIENTED_EDGE('',*,*,#20430,.F.);
#21270=CARTESIAN_POINT('',(-54.9518225771403,53.066692371064,-14.28));
#21280=DIRECTION('',(-1.,0.,0.));
#21290=VECTOR('',#21280,1.);
#21300=LINE('',#21270,#21290);
#21310=EDGE_CURVE('',#20970,#20420,#21300,.T.);
#21320=ORIENTED_EDGE('',*,*,#21310,.T.);
#21330=EDGE_LOOP('',(#21320,#21260,#21250,#21180,#21170,#21160,#21150,
#21090,#21080,#21010));
#21340=FACE_OUTER_BOUND('',#21330,.T.);
#21350=CARTESIAN_POINT('',(-161.845165058604,63.066692371064,-14.28));
#21360=DIRECTION('',(1.,0.,0.));
#21370=VECTOR('',#21360,1.);
#21380=LINE('',#21350,#21370);
#21390=CARTESIAN_POINT('',(-112.455493817872,63.066692371064,-14.28));
#21400=VERTEX_POINT('',#21390);
#21410=CARTESIAN_POINT('',(-112.041493817872,63.066692371064,-14.28));
#21420=VERTEX_POINT('',#21410);
#21430=EDGE_CURVE('',#21400,#21420,#21380,.T.);
#21440=ORIENTED_EDGE('',*,*,#21430,.F.);
#21450=CARTESIAN_POINT('',(-112.041493817872,20.1116003819201,-14.28));
#21460=DIRECTION('',(0.,-1.,0.));
#21470=VECTOR('',#21460,1.);
#21480=LINE('',#21450,#21470);
#21490=CARTESIAN_POINT('',(-112.041493817872,54.066692371064,-14.28));
#21500=VERTEX_POINT('',#21490);
#21510=EDGE_CURVE('',#21420,#21500,#21480,.T.);
#21520=ORIENTED_EDGE('',*,*,#21510,.F.);
#21530=CARTESIAN_POINT('',(-161.845165058604,54.066692371064,-14.28));
#21540=DIRECTION('',(1.,0.,0.));
#21550=VECTOR('',#21540,1.);
#21560=LINE('',#21530,#21550);
#21570=CARTESIAN_POINT('',(-112.455493817872,54.066692371064,-14.28));
#21580=VERTEX_POINT('',#21570);
#21590=EDGE_CURVE('',#21580,#21500,#21560,.T.);
#21600=ORIENTED_EDGE('',*,*,#21590,.T.);
#21610=CARTESIAN_POINT('',(-112.455493817872,20.1116003819201,-14.28));
#21620=DIRECTION('',(0.,1.,0.));
#21630=VECTOR('',#21620,1.);
#21640=LINE('',#21610,#21630);
#21650=EDGE_CURVE('',#21580,#21400,#21640,.T.);
#21660=ORIENTED_EDGE('',*,*,#21650,.F.);
#21670=EDGE_LOOP('',(#21660,#21600,#21520,#21440));
#21680=FACE_BOUND('',#21670,.T.);
#21690=CARTESIAN_POINT('',(-104.341493817872,20.1116003819201,-14.28));
#21700=DIRECTION('',(0.,-1.,0.));
#21710=VECTOR('',#21700,1.);
#21720=LINE('',#21690,#21710);
#21730=CARTESIAN_POINT('',(-104.341493817872,65.066692371064,-14.28));
#21740=VERTEX_POINT('',#21730);
#21750=CARTESIAN_POINT('',(-104.341493817872,54.066692371064,-14.28));
#21760=VERTEX_POINT('',#21750);
#21770=EDGE_CURVE('',#21740,#21760,#21720,.T.);
#21780=ORIENTED_EDGE('',*,*,#21770,.F.);
#21790=CARTESIAN_POINT('',(-161.845165058604,54.066692371064,-14.28));
#21800=DIRECTION('',(1.,0.,0.));
#21810=VECTOR('',#21800,1.);
#21820=LINE('',#21790,#21810);
#21830=CARTESIAN_POINT('',(-104.755493817872,54.066692371064,-14.28));
#21840=VERTEX_POINT('',#21830);
#21850=EDGE_CURVE('',#21840,#21760,#21820,.T.);
#21860=ORIENTED_EDGE('',*,*,#21850,.T.);
#21870=CARTESIAN_POINT('',(-104.755493817872,20.1116003819201,-14.28));
#21880=DIRECTION('',(0.,1.,0.));
#21890=VECTOR('',#21880,1.);
#21900=LINE('',#21870,#21890);
#21910=CARTESIAN_POINT('',(-104.755493817872,65.066692371064,-14.28));
#21920=VERTEX_POINT('',#21910);
#21930=EDGE_CURVE('',#21840,#21920,#21900,.T.);
#21940=ORIENTED_EDGE('',*,*,#21930,.F.);
#21950=CARTESIAN_POINT('',(-161.845165058604,65.066692371064,-14.28));
#21960=DIRECTION('',(1.,0.,0.));
#21970=VECTOR('',#21960,1.);
#21980=LINE('',#21950,#21970);
#21990=EDGE_CURVE('',#21920,#21740,#21980,.T.);
#22000=ORIENTED_EDGE('',*,*,#21990,.F.);
#22010=EDGE_LOOP('',(#22000,#21940,#21860,#21780));
#22020=FACE_BOUND('',#22010,.T.);
#22030=ADVANCED_FACE('',(#20910,#21340,#21680,#22020),#20810,.T.);
#22040=COLOUR_RGB('',0.501960813999176,1.,0.501960813999176);
#22050=FILL_AREA_STYLE_COLOUR('',#22040);
#22060=FILL_AREA_STYLE('',(#22050));
#22070=SURFACE_STYLE_FILL_AREA(#22060);
#22080=SURFACE_SIDE_STYLE('',(#22070));
#22090=SURFACE_STYLE_USAGE(.BOTH.,#22080);
#22100=PRESENTATION_STYLE_ASSIGNMENT((#22090));
#22110=CARTESIAN_POINT('',(-104.191534474256,53.066692371064,
4.45297431311317));
#22120=DIRECTION('',(0.765370897600524,-0.,0.643589456956971));
#22130=DIRECTION('',(0.643589456956971,0.,-0.765370897600524));
#22140=AXIS2_PLACEMENT_3D('',#22110,#22120,#22130);
#22150=PLANE('',#22140);
#22160=CARTESIAN_POINT('',(-104.651520561876,53.066692371064,5.));
#22170=DIRECTION('',(-0.643589456956971,0.,0.765370897600524));
#22180=VECTOR('',#22170,1.);
#22190=LINE('',#22160,#22180);
#22200=CARTESIAN_POINT('',(-104.191534474256,53.066692371064,
4.45297431311317));
#22210=VERTEX_POINT('',#22200);
#22220=EDGE_CURVE('',#22210,#5410,#22190,.T.);
#22230=ORIENTED_EDGE('',*,*,#22220,.T.);
#22240=CARTESIAN_POINT('',(-104.191534474256,0.,4.45297431311318));
#22250=DIRECTION('',(0.,1.,0.));
#22260=VECTOR('',#22250,1.);
#22270=LINE('',#22240,#22260);
#22280=CARTESIAN_POINT('',(-104.191534474256,65.066692371064,
4.45297431311318));
#22290=VERTEX_POINT('',#22280);
#22300=EDGE_CURVE('',#22210,#22290,#22270,.T.);
#22310=ORIENTED_EDGE('',*,*,#22300,.F.);
#22320=CARTESIAN_POINT('',(-100.447091970622,65.066692371064,0.));
#22330=DIRECTION('',(-0.643589456956971,0.,0.765370897600524));
#22340=VECTOR('',#22330,1.);
#22350=LINE('',#22320,#22340);
#22360=EDGE_CURVE('',#22290,#5510,#22350,.T.);
#22370=ORIENTED_EDGE('',*,*,#22360,.F.);
#22380=ORIENTED_EDGE('',*,*,#5520,.T.);
#22390=EDGE_LOOP('',(#22380,#22370,#22310,#22230));
#22400=FACE_OUTER_BOUND('',#22390,.T.);
#22410=ADVANCED_FACE('',(#22400),#22150,.F.);
#22420=COLOUR_RGB('',0.501960813999176,1.,0.501960813999176);
#22430=FILL_AREA_STYLE_COLOUR('',#22420);
#22440=FILL_AREA_STYLE('',(#22430));
#22450=SURFACE_STYLE_FILL_AREA(#22440);
#22460=SURFACE_SIDE_STYLE('',(#22450));
#22470=SURFACE_STYLE_USAGE(.BOTH.,#22460);
#22480=PRESENTATION_STYLE_ASSIGNMENT((#22470));
#22490=CARTESIAN_POINT('',(-104.755493817872,53.066692371064,4.76));
#22500=DIRECTION('',(-1.,0.,0.));
#22510=DIRECTION('',(0.,0.,1.));
#22520=AXIS2_PLACEMENT_3D('',#22490,#22500,#22510);
#22530=PLANE('',#22520);
#22540=CARTESIAN_POINT('',(-104.755493817872,53.066692371064,5.));
#22550=DIRECTION('',(0.,0.,-1.));
#22560=VECTOR('',#22550,1.);
#22570=LINE('',#22540,#22560);
#22580=CARTESIAN_POINT('',(-104.755493817872,53.066692371064,4.76));
#22590=VERTEX_POINT('',#22580);
#22600=CARTESIAN_POINT('',(-104.755493817872,53.066692371064,
4.63130930009329));
#22610=VERTEX_POINT('',#22600);
#22620=EDGE_CURVE('',#22590,#22610,#22570,.T.);
#22630=ORIENTED_EDGE('',*,*,#22620,.T.);
#22640=CARTESIAN_POINT('',(-104.755493817872,20.1116003819201,4.76));
#22650=DIRECTION('',(0.,1.,0.));
#22660=VECTOR('',#22650,1.);
#22670=LINE('',#22640,#22660);
#22680=CARTESIAN_POINT('',(-104.755493817872,65.066692371064,4.76));
#22690=VERTEX_POINT('',#22680);
#22700=EDGE_CURVE('',#22590,#22690,#22670,.T.);
#22710=ORIENTED_EDGE('',*,*,#22700,.F.);
#22720=CARTESIAN_POINT('',(-104.755493817872,65.066692371064,0.));
#22730=DIRECTION('',(0.,0.,-1.));
#22740=VECTOR('',#22730,1.);
#22750=LINE('',#22720,#22740);
#22760=CARTESIAN_POINT('',(-104.755493817872,65.066692371064,
4.63130930009329));
#22770=VERTEX_POINT('',#22760);
#22780=EDGE_CURVE('',#22690,#22770,#22750,.T.);
#22790=ORIENTED_EDGE('',*,*,#22780,.F.);
#22800=CARTESIAN_POINT('',(-104.755493817872,0.,4.63130930009329));
#22810=DIRECTION('',(0.,1.,0.));
#22820=VECTOR('',#22810,1.);
#22830=LINE('',#22800,#22820);
#22840=EDGE_CURVE('',#22610,#22770,#22830,.T.);
#22850=ORIENTED_EDGE('',*,*,#22840,.T.);
#22860=EDGE_LOOP('',(#22850,#22790,#22710,#22630));
#22870=FACE_OUTER_BOUND('',#22860,.T.);
#22880=ADVANCED_FACE('',(#22870),#22530,.F.);
#22890=COLOUR_RGB('',0.501960813999176,1.,0.501960813999176);
#22900=FILL_AREA_STYLE_COLOUR('',#22890);
#22910=FILL_AREA_STYLE('',(#22900));
#22920=SURFACE_STYLE_FILL_AREA(#22910);
#22930=SURFACE_SIDE_STYLE('',(#22920));
#22940=SURFACE_STYLE_USAGE(.BOTH.,#22930);
#22950=PRESENTATION_STYLE_ASSIGNMENT((#22940));
#22960=CARTESIAN_POINT('',(-112.455493817872,53.066692371064,
4.63130930009327));
#22970=DIRECTION('',(-0.765370897600457,0.,0.64358945695705));
#22980=DIRECTION('',(0.64358945695705,0.,0.765370897600457));
#22990=AXIS2_PLACEMENT_3D('',#22960,#22970,#22980);
#23000=PLANE('',#22990);
#23010=CARTESIAN_POINT('',(-112.145467073869,53.066692371064,5.));
#23020=DIRECTION('',(-0.64358945695705,0.,-0.765370897600457));
#23030=VECTOR('',#23020,1.);
#23040=LINE('',#23010,#23030);
#23050=CARTESIAN_POINT('',(-112.455493817872,53.066692371064,
4.63130930009329));
#23060=VERTEX_POINT('',#23050);
#23070=CARTESIAN_POINT('',(-112.605453161488,53.066692371064,
4.45297431311315));
#23080=VERTEX_POINT('',#23070);
#23090=EDGE_CURVE('',#23060,#23080,#23040,.T.);
#23100=ORIENTED_EDGE('',*,*,#23090,.T.);
#23110=CARTESIAN_POINT('',(-112.455493817872,0.,4.63130930009331));
#23120=DIRECTION('',(0.,1.,0.));
#23130=VECTOR('',#23120,1.);
#23140=LINE('',#23110,#23130);
#23150=CARTESIAN_POINT('',(-112.455493817872,63.066692371064,
4.6313093000933));
#23160=VERTEX_POINT('',#23150);
#23170=EDGE_CURVE('',#23060,#23160,#23140,.T.);
#23180=ORIENTED_EDGE('',*,*,#23170,.F.);
#23190=CARTESIAN_POINT('',(-116.349895665123,63.066692371064,0.));
#23200=DIRECTION('',(-0.64358945695705,0.,-0.765370897600457));
#23210=VECTOR('',#23200,1.);
#23220=LINE('',#23190,#23210);
#23230=CARTESIAN_POINT('',(-112.605453161488,63.066692371064,
4.45297431311314));
#23240=VERTEX_POINT('',#23230);
#23250=EDGE_CURVE('',#23160,#23240,#23220,.T.);
#23260=ORIENTED_EDGE('',*,*,#23250,.F.);
#23270=CARTESIAN_POINT('',(-112.605453161488,0.,4.45297431311315));
#23280=DIRECTION('',(0.,1.,0.));
#23290=VECTOR('',#23280,1.);
#23300=LINE('',#23270,#23290);
#23310=EDGE_CURVE('',#23080,#23240,#23300,.T.);
#23320=ORIENTED_EDGE('',*,*,#23310,.T.);
#23330=EDGE_LOOP('',(#23320,#23260,#23180,#23100));
#23340=FACE_OUTER_BOUND('',#23330,.T.);
#23350=ADVANCED_FACE('',(#23340),#23000,.F.);
#23360=COLOUR_RGB('',0.501960813999176,1.,0.501960813999176);
#23370=FILL_AREA_STYLE_COLOUR('',#23360);
#23380=FILL_AREA_STYLE('',(#23370));
#23390=SURFACE_STYLE_FILL_AREA(#23380);
#23400=SURFACE_SIDE_STYLE('',(#23390));
#23410=SURFACE_STYLE_USAGE(.BOTH.,#23400);
#23420=PRESENTATION_STYLE_ASSIGNMENT((#23410));
#23430=CARTESIAN_POINT('',(-111.891534474256,53.066692371064,
4.45297431311316));
#23440=DIRECTION('',(0.765370897600524,-0.,0.643589456956971));
#23450=DIRECTION('',(0.643589456956971,0.,-0.765370897600524));
#23460=AXIS2_PLACEMENT_3D('',#23430,#23440,#23450);
#23470=PLANE('',#23460);
#23480=CARTESIAN_POINT('',(-112.351520561876,53.066692371064,5.));
#23490=DIRECTION('',(-0.643589456956971,0.,0.765370897600524));
#23500=VECTOR('',#23490,1.);
#23510=LINE('',#23480,#23500);
#23520=CARTESIAN_POINT('',(-111.891534474256,53.066692371064,
4.45297431311317));
#23530=VERTEX_POINT('',#23520);
#23540=CARTESIAN_POINT('',(-112.041493817872,53.066692371064,
4.63130930009331));
#23550=VERTEX_POINT('',#23540);
#23560=EDGE_CURVE('',#23530,#23550,#23510,.T.);
#23570=ORIENTED_EDGE('',*,*,#23560,.T.);
#23580=CARTESIAN_POINT('',(-111.891534474256,0.,4.45297431311316));
#23590=DIRECTION('',(0.,1.,0.));
#23600=VECTOR('',#23590,1.);
#23610=LINE('',#23580,#23600);
#23620=CARTESIAN_POINT('',(-111.891534474256,63.066692371064,
4.45297431311318));
#23630=VERTEX_POINT('',#23620);
#23640=EDGE_CURVE('',#23530,#23630,#23610,.T.);
#23650=ORIENTED_EDGE('',*,*,#23640,.F.);
#23660=CARTESIAN_POINT('',(-108.147091970622,63.066692371064,0.));
#23670=DIRECTION('',(-0.643589456956971,0.,0.765370897600524));
#23680=VECTOR('',#23670,1.);
#23690=LINE('',#23660,#23680);
#23700=CARTESIAN_POINT('',(-112.041493817872,63.066692371064,
4.63130930009333));
#23710=VERTEX_POINT('',#23700);
#23720=EDGE_CURVE('',#23630,#23710,#23690,.T.);
#23730=ORIENTED_EDGE('',*,*,#23720,.F.);
#23740=CARTESIAN_POINT('',(-112.041493817872,0.,4.63130930009331));
#23750=DIRECTION('',(0.,1.,0.));
#23760=VECTOR('',#23750,1.);
#23770=LINE('',#23740,#23760);
#23780=EDGE_CURVE('',#23550,#23710,#23770,.T.);
#23790=ORIENTED_EDGE('',*,*,#23780,.T.);
#23800=EDGE_LOOP('',(#23790,#23730,#23650,#23570));
#23810=FACE_OUTER_BOUND('',#23800,.T.);
#23820=ADVANCED_FACE('',(#23810),#23470,.F.);
#23830=COLOUR_RGB('',0.501960813999176,1.,0.501960813999176);
#23840=FILL_AREA_STYLE_COLOUR('',#23830);
#23850=FILL_AREA_STYLE('',(#23840));
#23860=SURFACE_STYLE_FILL_AREA(#23850);
#23870=SURFACE_SIDE_STYLE('',(#23860));
#23880=SURFACE_STYLE_USAGE(.BOTH.,#23870);
#23890=PRESENTATION_STYLE_ASSIGNMENT((#23880));
#23900=CARTESIAN_POINT('',(-112.605453161488,53.066692371064,
4.19000000000007));
#23910=DIRECTION('',(0.,0.,-1.));
#23920=DIRECTION('',(-1.,0.,0.));
#23930=AXIS2_PLACEMENT_3D('',#23900,#23910,#23920);
#23940=PLANE('',#23930);
#23950=CARTESIAN_POINT('',(-161.845165058604,53.066692371064,
4.19000000000007));
#23960=DIRECTION('',(1.,0.,0.));
#23970=VECTOR('',#23960,1.);
#23980=LINE('',#23950,#23970);
#23990=CARTESIAN_POINT('',(-112.605453161488,53.066692371064,
4.19000000000007));
#24000=VERTEX_POINT('',#23990);
#24010=CARTESIAN_POINT('',(-111.891534474256,53.066692371064,
4.19000000000007));
#24020=VERTEX_POINT('',#24010);
#24030=EDGE_CURVE('',#24000,#24020,#23980,.T.);
#24040=ORIENTED_EDGE('',*,*,#24030,.T.);
#24050=CARTESIAN_POINT('',(-112.605453161488,0.,4.19000000000007));
#24060=DIRECTION('',(0.,1.,0.));
#24070=VECTOR('',#24060,1.);
#24080=LINE('',#24050,#24070);
#24090=CARTESIAN_POINT('',(-112.605453161488,63.066692371064,
4.19000000000007));
#24100=VERTEX_POINT('',#24090);
#24110=EDGE_CURVE('',#24000,#24100,#24080,.T.);
#24120=ORIENTED_EDGE('',*,*,#24110,.F.);
#24130=CARTESIAN_POINT('',(0.,63.066692371064,4.19000000000007));
#24140=DIRECTION('',(1.,0.,0.));
#24150=VECTOR('',#24140,1.);
#24160=LINE('',#24130,#24150);
#24170=CARTESIAN_POINT('',(-111.891534474256,63.066692371064,
4.19000000000007));
#24180=VERTEX_POINT('',#24170);
#24190=EDGE_CURVE('',#24100,#24180,#24160,.T.);
#24200=ORIENTED_EDGE('',*,*,#24190,.F.);
#24210=CARTESIAN_POINT('',(-111.891534474256,0.,4.19000000000007));
#24220=DIRECTION('',(0.,1.,0.));
#24230=VECTOR('',#24220,1.);
#24240=LINE('',#24210,#24230);
#24250=EDGE_CURVE('',#24020,#24180,#24240,.T.);
#24260=ORIENTED_EDGE('',*,*,#24250,.T.);
#24270=EDGE_LOOP('',(#24260,#24200,#24120,#24040));
#24280=FACE_OUTER_BOUND('',#24270,.T.);
#24290=ADVANCED_FACE('',(#24280),#23940,.F.);
#24300=COLOUR_RGB('',0.501960813999176,1.,0.501960813999176);
#24310=FILL_AREA_STYLE_COLOUR('',#24300);
#24320=FILL_AREA_STYLE('',(#24310));
#24330=SURFACE_STYLE_FILL_AREA(#24320);
#24340=SURFACE_SIDE_STYLE('',(#24330));
#24350=SURFACE_STYLE_USAGE(.BOTH.,#24340);
#24360=PRESENTATION_STYLE_ASSIGNMENT((#24350));
#24370=CARTESIAN_POINT('',(-104.905453161488,53.066692371064,
4.45297431311314));
#24380=DIRECTION('',(-1.,0.,5.91050972270024E-15));
#24390=DIRECTION('',(5.91050972270024E-15,0.,1.));
#24400=AXIS2_PLACEMENT_3D('',#24370,#24380,#24390);
#24410=PLANE('',#24400);
#24420=CARTESIAN_POINT('',(-104.905453161488,53.066692371064,5.));
#24430=DIRECTION('',(-5.91050972270024E-15,0.,-1.));
#24440=VECTOR('',#24430,1.);
#24450=LINE('',#24420,#24440);
#24460=CARTESIAN_POINT('',(-104.905453161488,53.066692371064,
4.45297431311314));
#24470=VERTEX_POINT('',#24460);
#24480=CARTESIAN_POINT('',(-104.905453161488,53.066692371064,
4.19000000000007));
#24490=VERTEX_POINT('',#24480);
#24500=EDGE_CURVE('',#24470,#24490,#24450,.T.);
#24510=ORIENTED_EDGE('',*,*,#24500,.T.);
#24520=CARTESIAN_POINT('',(-104.905453161488,0.,4.45297431311313));
#24530=DIRECTION('',(0.,1.,0.));
#24540=VECTOR('',#24530,1.);
#24550=LINE('',#24520,#24540);
#24560=CARTESIAN_POINT('',(-104.905453161488,65.066692371064,
4.45297431311313));
#24570=VERTEX_POINT('',#24560);
#24580=EDGE_CURVE('',#24470,#24570,#24550,.T.);
#24590=ORIENTED_EDGE('',*,*,#24580,.F.);
#24600=CARTESIAN_POINT('',(-104.905453161488,65.066692371064,0.));
#24610=DIRECTION('',(-5.91050972270024E-15,0.,-1.));
#24620=VECTOR('',#24610,1.);
#24630=LINE('',#24600,#24620);
#24640=CARTESIAN_POINT('',(-104.905453161488,65.066692371064,
4.19000000000007));
#24650=VERTEX_POINT('',#24640);
#24660=EDGE_CURVE('',#24570,#24650,#24630,.T.);
#24670=ORIENTED_EDGE('',*,*,#24660,.F.);
#24680=CARTESIAN_POINT('',(-104.905453161488,0.,4.19000000000007));
#24690=DIRECTION('',(0.,1.,0.));
#24700=VECTOR('',#24690,1.);
#24710=LINE('',#24680,#24700);
#24720=EDGE_CURVE('',#24490,#24650,#24710,.T.);
#24730=ORIENTED_EDGE('',*,*,#24720,.T.);
#24740=EDGE_LOOP('',(#24730,#24670,#24590,#24510));
#24750=FACE_OUTER_BOUND('',#24740,.T.);
#24760=ADVANCED_FACE('',(#24750),#24410,.F.);
#24770=COLOUR_RGB('',0.501960813999176,1.,0.501960813999176);
#24780=FILL_AREA_STYLE_COLOUR('',#24770);
#24790=FILL_AREA_STYLE('',(#24780));
#24800=SURFACE_STYLE_FILL_AREA(#24790);
#24810=SURFACE_SIDE_STYLE('',(#24800));
#24820=SURFACE_STYLE_USAGE(.BOTH.,#24810);
#24830=PRESENTATION_STYLE_ASSIGNMENT((#24820));
#24840=CARTESIAN_POINT('',(-104.755493817872,53.066692371064,
4.63130930009329));
#24850=DIRECTION('',(-0.765370897600457,0.,0.64358945695705));
#24860=DIRECTION('',(0.64358945695705,0.,0.765370897600457));
#24870=AXIS2_PLACEMENT_3D('',#24840,#24850,#24860);
#24880=PLANE('',#24870);
#24890=CARTESIAN_POINT('',(-104.445467073869,53.066692371064,5.));
#24900=DIRECTION('',(-0.64358945695705,0.,-0.765370897600457));
#24910=VECTOR('',#24900,1.);
#24920=LINE('',#24890,#24910);
#24930=EDGE_CURVE('',#22610,#24470,#24920,.T.);
#24940=ORIENTED_EDGE('',*,*,#24930,.T.);
#24950=ORIENTED_EDGE('',*,*,#22840,.F.);
#24960=CARTESIAN_POINT('',(-108.649895665123,65.066692371064,0.));
#24970=DIRECTION('',(-0.64358945695705,0.,-0.765370897600457));
#24980=VECTOR('',#24970,1.);
#24990=LINE('',#24960,#24980);
#25000=EDGE_CURVE('',#22770,#24570,#24990,.T.);
#25010=ORIENTED_EDGE('',*,*,#25000,.F.);
#25020=ORIENTED_EDGE('',*,*,#24580,.T.);
#25030=EDGE_LOOP('',(#25020,#25010,#24950,#24940));
#25040=FACE_OUTER_BOUND('',#25030,.T.);
#25050=ADVANCED_FACE('',(#25040),#24880,.F.);
#25060=COLOUR_RGB('',0.501960813999176,1.,0.501960813999176);
#25070=FILL_AREA_STYLE_COLOUR('',#25060);
#25080=FILL_AREA_STYLE('',(#25070));
#25090=SURFACE_STYLE_FILL_AREA(#25080);
#25100=SURFACE_SIDE_STYLE('',(#25090));
#25110=SURFACE_STYLE_USAGE(.BOTH.,#25100);
#25120=PRESENTATION_STYLE_ASSIGNMENT((#25110));
#25130=CARTESIAN_POINT('',(-111.891534474256,53.066692371064,
4.19000000000007));
#25140=DIRECTION('',(1.,-0.,0.));
#25150=DIRECTION('',(0.,0.,-1.));
#25160=AXIS2_PLACEMENT_3D('',#25130,#25140,#25150);
#25170=PLANE('',#25160);
#25180=CARTESIAN_POINT('',(-111.891534474256,53.066692371064,5.));
#25190=DIRECTION('',(0.,0.,1.));
#25200=VECTOR('',#25190,1.);
#25210=LINE('',#25180,#25200);
#25220=EDGE_CURVE('',#24020,#23530,#25210,.T.);
#25230=ORIENTED_EDGE('',*,*,#25220,.T.);
#25240=ORIENTED_EDGE('',*,*,#24250,.F.);
#25250=CARTESIAN_POINT('',(-111.891534474256,63.066692371064,0.));
#25260=DIRECTION('',(0.,0.,1.));
#25270=VECTOR('',#25260,1.);
#25280=LINE('',#25250,#25270);
#25290=EDGE_CURVE('',#24180,#23630,#25280,.T.);
#25300=ORIENTED_EDGE('',*,*,#25290,.F.);
#25310=ORIENTED_EDGE('',*,*,#23640,.T.);
#25320=EDGE_LOOP('',(#25310,#25300,#25240,#25230));
#25330=FACE_OUTER_BOUND('',#25320,.T.);
#25340=ADVANCED_FACE('',(#25330),#25170,.F.);
#25350=COLOUR_RGB('',0.501960813999176,1.,0.501960813999176);
#25360=FILL_AREA_STYLE_COLOUR('',#25350);
#25370=FILL_AREA_STYLE('',(#25360));
#25380=SURFACE_STYLE_FILL_AREA(#25370);
#25390=SURFACE_SIDE_STYLE('',(#25380));
#25400=SURFACE_STYLE_USAGE(.BOTH.,#25390);
#25410=PRESENTATION_STYLE_ASSIGNMENT((#25400));
#25420=CARTESIAN_POINT('',(-113.543000486915,53.066692371064,
-22.5212556198014));
#25430=DIRECTION('',(-0.,-1.,-0.));
#25440=DIRECTION('',(-1.,0.,0.));
#25450=AXIS2_PLACEMENT_3D('',#25420,#25430,#25440);
#25460=PLANE('',#25450);
#25470=CARTESIAN_POINT('',(-109.948493817872,53.066692371064,0.));
#25480=DIRECTION('',(0.,-1.,0.));
#25490=DIRECTION('',(1.,0.,0.));
#25500=AXIS2_PLACEMENT_3D('',#25470,#25480,#25490);
#25510=CIRCLE('',#25500,0.65);
#25520=CARTESIAN_POINT('',(-109.298493817872,53.066692371064,0.));
#25530=VERTEX_POINT('',#25520);
#25540=CARTESIAN_POINT('',(-110.598493817872,53.066692371064,
7.9602041944578E-17));
#25550=VERTEX_POINT('',#25540);
#25560=EDGE_CURVE('',#25530,#25550,#25510,.T.);
#25570=ORIENTED_EDGE('',*,*,#25560,.F.);
#25580=EDGE_CURVE('',#25550,#25530,#25510,.T.);
#25590=ORIENTED_EDGE('',*,*,#25580,.F.);
#25600=EDGE_LOOP('',(#25590,#25570));
#25610=FACE_BOUND('',#25600,.T.);
#25620=CARTESIAN_POINT('',(-113.548493817872,53.066692371064,-4.76));
#25630=DIRECTION('',(0.,-1.,0.));
#25640=DIRECTION('',(1.,0.,0.));
#25650=AXIS2_PLACEMENT_3D('',#25620,#25630,#25640);
#25660=CIRCLE('',#25650,0.8);
#25670=CARTESIAN_POINT('',(-112.748493817872,53.066692371064,-4.76));
#25680=VERTEX_POINT('',#25670);
#25690=CARTESIAN_POINT('',(-114.348493817872,53.066692371064,-4.76));
#25700=VERTEX_POINT('',#25690);
#25710=EDGE_CURVE('',#25680,#25700,#25660,.T.);
#25720=ORIENTED_EDGE('',*,*,#25710,.F.);
#25730=EDGE_CURVE('',#25700,#25680,#25660,.T.);
#25740=ORIENTED_EDGE('',*,*,#25730,.F.);
#25750=EDGE_LOOP('',(#25740,#25720));
#25760=FACE_BOUND('',#25750,.T.);
#25770=CARTESIAN_POINT('',(-100.148493817872,53.066692371064,-4.76));
#25780=DIRECTION('',(0.,-1.,0.));
#25790=DIRECTION('',(1.,0.,0.));
#25800=AXIS2_PLACEMENT_3D('',#25770,#25780,#25790);
#25810=CIRCLE('',#25800,0.8);
#25820=CARTESIAN_POINT('',(-99.3484938178721,53.066692371064,-4.76));
#25830=VERTEX_POINT('',#25820);
#25840=CARTESIAN_POINT('',(-100.948493817872,53.066692371064,-4.76));
#25850=VERTEX_POINT('',#25840);
#25860=EDGE_CURVE('',#25830,#25850,#25810,.T.);
#25870=ORIENTED_EDGE('',*,*,#25860,.F.);
#25880=EDGE_CURVE('',#25850,#25830,#25810,.T.);
#25890=ORIENTED_EDGE('',*,*,#25880,.F.);
#25900=EDGE_LOOP('',(#25890,#25870));
#25910=FACE_BOUND('',#25900,.T.);
#25920=CARTESIAN_POINT('',(-109.948493817872,53.066692371064,-9.52));
#25930=DIRECTION('',(0.,-1.,0.));
#25940=DIRECTION('',(1.,0.,0.));
#25950=AXIS2_PLACEMENT_3D('',#25920,#25930,#25940);
#25960=CIRCLE('',#25950,0.65);
#25970=CARTESIAN_POINT('',(-109.298493817872,53.066692371064,-9.52));
#25980=VERTEX_POINT('',#25970);
#25990=CARTESIAN_POINT('',(-110.598493817872,53.066692371064,-9.52));
#26000=VERTEX_POINT('',#25990);
#26010=EDGE_CURVE('',#25980,#26000,#25960,.T.);
#26020=ORIENTED_EDGE('',*,*,#26010,.F.);
#26030=EDGE_CURVE('',#26000,#25980,#25960,.T.);
#26040=ORIENTED_EDGE('',*,*,#26030,.F.);
#26050=EDGE_LOOP('',(#26040,#26020));
#26060=FACE_BOUND('',#26050,.T.);
#26070=ORIENTED_EDGE('',*,*,#20650,.F.);
#26080=CARTESIAN_POINT('',(-161.845165058604,53.066692371064,4.76));
#26090=DIRECTION('',(1.,0.,0.));
#26100=VECTOR('',#26090,1.);
#26110=LINE('',#26080,#26100);
#26120=CARTESIAN_POINT('',(-112.455493817872,53.066692371064,4.76));
#26130=VERTEX_POINT('',#26120);
#26140=EDGE_CURVE('',#20580,#26130,#26110,.T.);
#26150=ORIENTED_EDGE('',*,*,#26140,.F.);
#26160=CARTESIAN_POINT('',(-112.455493817872,53.066692371064,5.));
#26170=DIRECTION('',(0.,0.,-1.));
#26180=VECTOR('',#26170,1.);
#26190=LINE('',#26160,#26180);
#26200=EDGE_CURVE('',#26130,#23060,#26190,.T.);
#26210=ORIENTED_EDGE('',*,*,#26200,.F.);
#26220=ORIENTED_EDGE('',*,*,#23090,.F.);
#26230=CARTESIAN_POINT('',(-112.605453161488,53.066692371064,5.));
#26240=DIRECTION('',(-5.91050972270024E-15,0.,-1.));
#26250=VECTOR('',#26240,1.);
#26260=LINE('',#26230,#26250);
#26270=EDGE_CURVE('',#23080,#24000,#26260,.T.);
#26280=ORIENTED_EDGE('',*,*,#26270,.F.);
#26290=ORIENTED_EDGE('',*,*,#24030,.F.);
#26300=ORIENTED_EDGE('',*,*,#25220,.F.);
#26310=ORIENTED_EDGE('',*,*,#23560,.F.);
#26320=CARTESIAN_POINT('',(-112.041493817872,53.066692371064,5.));
#26330=DIRECTION('',(3.79590857139853E-14,0.,1.));
#26340=VECTOR('',#26330,1.);
#26350=LINE('',#26320,#26340);
#26360=CARTESIAN_POINT('',(-112.041493817872,53.066692371064,4.76));
#26370=VERTEX_POINT('',#26360);
#26380=EDGE_CURVE('',#23550,#26370,#26350,.T.);
#26390=ORIENTED_EDGE('',*,*,#26380,.F.);
#26400=EDGE_CURVE('',#26370,#22590,#26110,.T.);
#26410=ORIENTED_EDGE('',*,*,#26400,.F.);
#26420=ORIENTED_EDGE('',*,*,#22620,.F.);
#26430=ORIENTED_EDGE('',*,*,#24930,.F.);
#26440=ORIENTED_EDGE('',*,*,#24500,.F.);
#26450=CARTESIAN_POINT('',(-161.845165058604,53.066692371064,
4.19000000000007));
#26460=DIRECTION('',(1.,0.,0.));
#26470=VECTOR('',#26460,1.);
#26480=LINE('',#26450,#26470);
#26490=CARTESIAN_POINT('',(-104.191534474256,53.066692371064,
4.19000000000007));
#26500=VERTEX_POINT('',#26490);
#26510=EDGE_CURVE('',#24490,#26500,#26480,.T.);
#26520=ORIENTED_EDGE('',*,*,#26510,.F.);
#26530=CARTESIAN_POINT('',(-104.191534474256,53.066692371064,5.));
#26540=DIRECTION('',(0.,0.,1.));
#26550=VECTOR('',#26540,1.);
#26560=LINE('',#26530,#26550);
#26570=EDGE_CURVE('',#26500,#22210,#26560,.T.);
#26580=ORIENTED_EDGE('',*,*,#26570,.F.);
#26590=ORIENTED_EDGE('',*,*,#22220,.F.);
#26600=ORIENTED_EDGE('',*,*,#5440,.F.);
#26610=CARTESIAN_POINT('',(-98.8484938178724,53.066692371064,4.76));
#26620=VERTEX_POINT('',#26610);
#26630=EDGE_CURVE('',#5430,#26620,#26110,.T.);
#26640=ORIENTED_EDGE('',*,*,#26630,.F.);
#26650=CARTESIAN_POINT('',(-98.8484938178724,53.066692371064,0.));
#26660=DIRECTION('',(0.,0.,1.));
#26670=VECTOR('',#26660,1.);
#26680=LINE('',#26650,#26670);
#26690=EDGE_CURVE('',#20970,#26620,#26680,.T.);
#26700=ORIENTED_EDGE('',*,*,#26690,.T.);
#26710=ORIENTED_EDGE('',*,*,#21310,.F.);
#26720=EDGE_LOOP('',(#26710,#26700,#26640,#26600,#26590,#26580,#26520,
#26440,#26430,#26420,#26410,#26390,#26310,#26300,#26290,#26280,#26220,
#26210,#26150,#26070));
#26730=FACE_OUTER_BOUND('',#26720,.T.);
#26740=ADVANCED_FACE('',(#25610,#25760,#25910,#26060,#26730),#25460,.T.)
;
#26750=COLOUR_RGB('',0.501960813999176,1.,0.501960813999176);
#26760=FILL_AREA_STYLE_COLOUR('',#26750);
#26770=FILL_AREA_STYLE('',(#26760));
#26780=SURFACE_STYLE_FILL_AREA(#26770);
#26790=SURFACE_SIDE_STYLE('',(#26780));
#26800=SURFACE_STYLE_USAGE(.BOTH.,#26790);
#26810=PRESENTATION_STYLE_ASSIGNMENT((#26800));
#26820=CARTESIAN_POINT('',(-111.27107256766,63.066692371064,
3.53446662248666));
#26830=DIRECTION('',(-0.,1.,0.));
#26840=DIRECTION('',(1.,0.,0.));
#26850=AXIS2_PLACEMENT_3D('',#26820,#26830,#26840);
#26860=PLANE('',#26850);
#26870=CARTESIAN_POINT('',(-161.845165058604,63.066692371064,4.76));
#26880=DIRECTION('',(1.,0.,0.));
#26890=VECTOR('',#26880,1.);
#26900=LINE('',#26870,#26890);
#26910=CARTESIAN_POINT('',(-112.455493817872,63.066692371064,4.76));
#26920=VERTEX_POINT('',#26910);
#26930=CARTESIAN_POINT('',(-112.041493817872,63.066692371064,4.76));
#26940=VERTEX_POINT('',#26930);
#26950=EDGE_CURVE('',#26920,#26940,#26900,.T.);
#26960=ORIENTED_EDGE('',*,*,#26950,.F.);
#26970=CARTESIAN_POINT('',(-112.041493817872,63.066692371064,0.));
#26980=DIRECTION('',(3.79590857139853E-14,0.,1.));
#26990=VECTOR('',#26980,1.);
#27000=LINE('',#26970,#26990);
#27010=EDGE_CURVE('',#23710,#26940,#27000,.T.);
#27020=ORIENTED_EDGE('',*,*,#27010,.T.);
#27030=ORIENTED_EDGE('',*,*,#23720,.T.);
#27040=ORIENTED_EDGE('',*,*,#25290,.T.);
#27050=ORIENTED_EDGE('',*,*,#24190,.T.);
#27060=CARTESIAN_POINT('',(-112.605453161488,63.066692371064,0.));
#27070=DIRECTION('',(-5.91050972270024E-15,0.,-1.));
#27080=VECTOR('',#27070,1.);
#27090=LINE('',#27060,#27080);
#27100=EDGE_CURVE('',#23240,#24100,#27090,.T.);
#27110=ORIENTED_EDGE('',*,*,#27100,.T.);
#27120=ORIENTED_EDGE('',*,*,#23250,.T.);
#27130=CARTESIAN_POINT('',(-112.455493817872,63.066692371064,0.));
#27140=DIRECTION('',(0.,0.,-1.));
#27150=VECTOR('',#27140,1.);
#27160=LINE('',#27130,#27150);
#27170=EDGE_CURVE('',#26920,#23160,#27160,.T.);
#27180=ORIENTED_EDGE('',*,*,#27170,.T.);
#27190=EDGE_LOOP('',(#27180,#27120,#27110,#27050,#27040,#27030,#27020,
#26960));
#27200=FACE_OUTER_BOUND('',#27190,.T.);
#27210=ADVANCED_FACE('',(#27200),#26860,.F.);
#27220=COLOUR_RGB('',0.501960813999176,1.,0.501960813999176);
#27230=FILL_AREA_STYLE_COLOUR('',#27220);
#27240=FILL_AREA_STYLE('',(#27230));
#27250=SURFACE_STYLE_FILL_AREA(#27240);
#27260=SURFACE_SIDE_STYLE('',(#27250));
#27270=SURFACE_STYLE_USAGE(.BOTH.,#27260);
#27280=PRESENTATION_STYLE_ASSIGNMENT((#27270));
#27290=CARTESIAN_POINT('',(-104.905453161488,53.066692371064,
4.19000000000007));
#27300=DIRECTION('',(0.,0.,-1.));
#27310=DIRECTION('',(-1.,0.,0.));
#27320=AXIS2_PLACEMENT_3D('',#27290,#27300,#27310);
#27330=PLANE('',#27320);
#27340=ORIENTED_EDGE('',*,*,#26510,.T.);
#27350=ORIENTED_EDGE('',*,*,#24720,.F.);
#27360=CARTESIAN_POINT('',(0.,65.066692371064,4.19000000000007));
#27370=DIRECTION('',(1.,0.,0.));
#27380=VECTOR('',#27370,1.);
#27390=LINE('',#27360,#27380);
#27400=CARTESIAN_POINT('',(-104.191534474256,65.066692371064,
4.19000000000007));
#27410=VERTEX_POINT('',#27400);
#27420=EDGE_CURVE('',#24650,#27410,#27390,.T.);
#27430=ORIENTED_EDGE('',*,*,#27420,.F.);
#27440=CARTESIAN_POINT('',(-104.191534474256,0.,4.19000000000007));
#27450=DIRECTION('',(0.,1.,0.));
#27460=VECTOR('',#27450,1.);
#27470=LINE('',#27440,#27460);
#27480=EDGE_CURVE('',#26500,#27410,#27470,.T.);
#27490=ORIENTED_EDGE('',*,*,#27480,.T.);
#27500=EDGE_LOOP('',(#27490,#27430,#27350,#27340));
#27510=FACE_OUTER_BOUND('',#27500,.T.);
#27520=ADVANCED_FACE('',(#27510),#27330,.F.);
#27530=COLOUR_RGB('',0.501960813999176,1.,0.501960813999176);
#27540=FILL_AREA_STYLE_COLOUR('',#27530);
#27550=FILL_AREA_STYLE('',(#27540));
#27560=SURFACE_STYLE_FILL_AREA(#27550);
#27570=SURFACE_SIDE_STYLE('',(#27560));
#27580=SURFACE_STYLE_USAGE(.BOTH.,#27570);
#27590=PRESENTATION_STYLE_ASSIGNMENT((#27580));
#27600=CARTESIAN_POINT('',(-112.605453161488,53.066692371064,
4.45297431311312));
#27610=DIRECTION('',(-1.,0.,5.91050972270024E-15));
#27620=DIRECTION('',(5.91050972270024E-15,0.,1.));
#27630=AXIS2_PLACEMENT_3D('',#27600,#27610,#27620);
#27640=PLANE('',#27630);
#27650=ORIENTED_EDGE('',*,*,#26270,.T.);
#27660=ORIENTED_EDGE('',*,*,#23310,.F.);
#27670=ORIENTED_EDGE('',*,*,#27100,.F.);
#27680=ORIENTED_EDGE('',*,*,#24110,.T.);
#27690=EDGE_LOOP('',(#27680,#27670,#27660,#27650));
#27700=FACE_OUTER_BOUND('',#27690,.T.);
#27710=ADVANCED_FACE('',(#27700),#27640,.F.);
#27720=COLOUR_RGB('',0.501960813999176,1.,0.501960813999176);
#27730=FILL_AREA_STYLE_COLOUR('',#27720);
#27740=FILL_AREA_STYLE('',(#27730));
#27750=SURFACE_STYLE_FILL_AREA(#27740);
#27760=SURFACE_SIDE_STYLE('',(#27750));
#27770=SURFACE_STYLE_USAGE(.BOTH.,#27760);
#27780=PRESENTATION_STYLE_ASSIGNMENT((#27770));
#27790=CARTESIAN_POINT('',(-112.455493817872,53.066692371064,4.76));
#27800=DIRECTION('',(-1.,0.,0.));
#27810=DIRECTION('',(0.,0.,1.));
#27820=AXIS2_PLACEMENT_3D('',#27790,#27800,#27810);
#27830=PLANE('',#27820);
#27840=ORIENTED_EDGE('',*,*,#26200,.T.);
#27850=CARTESIAN_POINT('',(-112.455493817872,20.1116003819201,4.76));
#27860=DIRECTION('',(0.,1.,0.));
#27870=VECTOR('',#27860,1.);
#27880=LINE('',#27850,#27870);
#27890=EDGE_CURVE('',#26130,#26920,#27880,.T.);
#27900=ORIENTED_EDGE('',*,*,#27890,.F.);
#27910=ORIENTED_EDGE('',*,*,#27170,.F.);
#27920=ORIENTED_EDGE('',*,*,#23170,.T.);
#27930=EDGE_LOOP('',(#27920,#27910,#27900,#27840));
#27940=FACE_OUTER_BOUND('',#27930,.T.);
#27950=ADVANCED_FACE('',(#27940),#27830,.F.);
#27960=COLOUR_RGB('',0.501960813999176,1.,0.501960813999176);
#27970=FILL_AREA_STYLE_COLOUR('',#27960);
#27980=FILL_AREA_STYLE('',(#27970));
#27990=SURFACE_STYLE_FILL_AREA(#27980);
#28000=SURFACE_SIDE_STYLE('',(#27990));
#28010=SURFACE_STYLE_USAGE(.BOTH.,#28000);
#28020=PRESENTATION_STYLE_ASSIGNMENT((#28010));
#28030=CARTESIAN_POINT('',(-112.041493817872,53.066692371064,
4.63130930009332));
#28040=DIRECTION('',(1.,0.,-3.79590857139853E-14));
#28050=DIRECTION('',(-3.79590857139853E-14,0.,-1.));
#28060=AXIS2_PLACEMENT_3D('',#28030,#28040,#28050);
#28070=PLANE('',#28060);
#28080=ORIENTED_EDGE('',*,*,#26380,.T.);
#28090=ORIENTED_EDGE('',*,*,#23780,.F.);
#28100=ORIENTED_EDGE('',*,*,#27010,.F.);
#28110=CARTESIAN_POINT('',(-112.041493817872,20.1116003819201,4.76));
#28120=DIRECTION('',(0.,-1.,0.));
#28130=VECTOR('',#28120,1.);
#28140=LINE('',#28110,#28130);
#28150=EDGE_CURVE('',#26940,#26370,#28140,.T.);
#28160=ORIENTED_EDGE('',*,*,#28150,.F.);
#28170=EDGE_LOOP('',(#28160,#28100,#28090,#28080));
#28180=FACE_OUTER_BOUND('',#28170,.T.);
#28190=ADVANCED_FACE('',(#28180),#28070,.F.);
#28200=COLOUR_RGB('',0.501960813999176,1.,0.501960813999176);
#28210=FILL_AREA_STYLE_COLOUR('',#28200);
#28220=FILL_AREA_STYLE('',(#28210));
#28230=SURFACE_STYLE_FILL_AREA(#28220);
#28240=SURFACE_SIDE_STYLE('',(#28230));
#28250=SURFACE_STYLE_USAGE(.BOTH.,#28240);
#28260=PRESENTATION_STYLE_ASSIGNMENT((#28250));
#28270=CARTESIAN_POINT('',(-114.348493817872,63.566692371064,0.));
#28280=DIRECTION('',(0.,0.,1.));
#28290=DIRECTION('',(1.,0.,0.));
#28300=AXIS2_PLACEMENT_3D('',#28270,#28280,#28290);
#28310=CYLINDRICAL_SURFACE('',#28300,0.5);
#28320=ORIENTED_EDGE('',*,*,#20110,.F.);
#28330=CARTESIAN_POINT('',(-114.348493817872,63.566692371064,4.76));
#28340=DIRECTION('',(0.,0.,1.));
#28350=DIRECTION('',(1.,0.,0.));
#28360=AXIS2_PLACEMENT_3D('',#28330,#28340,#28350);
#28370=CIRCLE('',#28360,0.5);
#28380=EDGE_CURVE('',#20020,#20500,#28370,.T.);
#28390=ORIENTED_EDGE('',*,*,#28380,.F.);
#28400=ORIENTED_EDGE('',*,*,#20510,.T.);
#28410=ORIENTED_EDGE('',*,*,#21240,.T.);
#28420=EDGE_LOOP('',(#28410,#28400,#28390,#28320));
#28430=FACE_OUTER_BOUND('',#28420,.T.);
#28440=ADVANCED_FACE('',(#28430),#28310,.T.);
#28450=COLOUR_RGB('',0.501960813999176,1.,0.501960813999176);
#28460=FILL_AREA_STYLE_COLOUR('',#28450);
#28470=FILL_AREA_STYLE('',(#28460));
#28480=SURFACE_STYLE_FILL_AREA(#28470);
#28490=SURFACE_SIDE_STYLE('',(#28480));
#28500=SURFACE_STYLE_USAGE(.BOTH.,#28490);
#28510=PRESENTATION_STYLE_ASSIGNMENT((#28500));
#28520=CARTESIAN_POINT('',(-99.3484938178724,64.566692371064,0.));
#28530=DIRECTION('',(0.,0.,1.));
#28540=DIRECTION('',(1.,0.,0.));
#28550=AXIS2_PLACEMENT_3D('',#28520,#28530,#28540);
#28560=CYLINDRICAL_SURFACE('',#28550,0.5);
#28570=CARTESIAN_POINT('',(-98.8484938178724,64.566692371064,0.));
#28580=DIRECTION('',(0.,0.,1.));
#28590=VECTOR('',#28580,1.);
#28600=LINE('',#28570,#28590);
#28610=CARTESIAN_POINT('',(-98.8484938178724,64.566692371064,4.76));
#28620=VERTEX_POINT('',#28610);
#28630=EDGE_CURVE('',#20990,#28620,#28600,.T.);
#28640=ORIENTED_EDGE('',*,*,#28630,.F.);
#28650=CARTESIAN_POINT('',(-99.3484938178724,64.566692371064,4.76));
#28660=DIRECTION('',(0.,0.,1.));
#28670=DIRECTION('',(1.,0.,0.));
#28680=AXIS2_PLACEMENT_3D('',#28650,#28660,#28670);
#28690=CIRCLE('',#28680,0.5);
#28700=EDGE_CURVE('',#28620,#4940,#28690,.T.);
#28710=ORIENTED_EDGE('',*,*,#28700,.F.);
#28720=ORIENTED_EDGE('',*,*,#4970,.F.);
#28730=ORIENTED_EDGE('',*,*,#21070,.T.);
#28740=EDGE_LOOP('',(#28730,#28720,#28710,#28640));
#28750=FACE_OUTER_BOUND('',#28740,.T.);
#28760=ADVANCED_FACE('',(#28750),#28560,.T.);
#28770=COLOUR_RGB('',0.501960813999176,1.,0.501960813999176);
#28780=FILL_AREA_STYLE_COLOUR('',#28770);
#28790=FILL_AREA_STYLE('',(#28780));
#28800=SURFACE_STYLE_FILL_AREA(#28790);
#28810=SURFACE_SIDE_STYLE('',(#28800));
#28820=SURFACE_STYLE_USAGE(.BOTH.,#28810);
#28830=PRESENTATION_STYLE_ASSIGNMENT((#28820));
#28840=CARTESIAN_POINT('',(-102.511742471924,65.066692371064,0.));
#28850=DIRECTION('',(0.866025403784439,0.499999999999999,0.));
#28860=DIRECTION('',(0.499999999999999,-0.866025403784439,0.));
#28870=AXIS2_PLACEMENT_3D('',#28840,#28850,#28860);
#28880=PLANE('',#28870);
#28890=ORIENTED_EDGE('',*,*,#5130,.T.);
#28900=CARTESIAN_POINT('',(-76.5569080105478,20.1116003819201,4.76));
#28910=DIRECTION('',(-0.499999999999999,0.866025403784439,0.));
#28920=VECTOR('',#28910,1.);
#28930=LINE('',#28900,#28920);
#28940=EDGE_CURVE('',#5040,#4470,#28930,.T.);
#28950=ORIENTED_EDGE('',*,*,#28940,.F.);
#28960=ORIENTED_EDGE('',*,*,#4500,.F.);
#28970=ORIENTED_EDGE('',*,*,#21140,.T.);
#28980=EDGE_LOOP('',(#28970,#28960,#28950,#28890));
#28990=FACE_OUTER_BOUND('',#28980,.T.);
#29000=ADVANCED_FACE('',(#28990),#28880,.T.);
#29010=COLOUR_RGB('',0.501960813999176,1.,0.501960813999176);
#29020=FILL_AREA_STYLE_COLOUR('',#29010);
#29030=FILL_AREA_STYLE('',(#29020));
#29040=SURFACE_STYLE_FILL_AREA(#29030);
#29050=SURFACE_SIDE_STYLE('',(#29040));
#29060=SURFACE_STYLE_USAGE(.BOTH.,#29050);
#29070=PRESENTATION_STYLE_ASSIGNMENT((#29060));
#29080=CARTESIAN_POINT('',(-109.498493817872,52.566692371064,
-0.449999999999999));
#29090=DIRECTION('',(0.,0.,-1.));
#29100=DIRECTION('',(-1.,0.,0.));
#29110=AXIS2_PLACEMENT_3D('',#29080,#29090,#29100);
#29120=PLANE('',#29110);
#29130=CARTESIAN_POINT('',(-110.398493817872,52.566692371064,
-0.449999999999999));
#29140=DIRECTION('',(0.,-1.,0.));
#29150=VECTOR('',#29140,1.);
#29160=LINE('',#29130,#29150);
#29170=CARTESIAN_POINT('',(-110.398493817872,52.566692371064,
-0.449999999999999));
#29180=VERTEX_POINT('',#29170);
#29190=CARTESIAN_POINT('',(-110.398493817872,49.066692371064,
-0.449999999999999));
#29200=VERTEX_POINT('',#29190);
#29210=EDGE_CURVE('',#29180,#29200,#29160,.T.);
#29220=ORIENTED_EDGE('',*,*,#29210,.F.);
#29230=CARTESIAN_POINT('',(-161.845165058604,49.066692371064,
-0.449999999999999));
#29240=DIRECTION('',(-1.,0.,0.));
#29250=VECTOR('',#29240,1.);
#29260=LINE('',#29230,#29250);
#29270=CARTESIAN_POINT('',(-109.498493817872,49.066692371064,
-0.449999999999999));
#29280=VERTEX_POINT('',#29270);
#29290=EDGE_CURVE('',#29280,#29200,#29260,.T.);
#29300=ORIENTED_EDGE('',*,*,#29290,.T.);
#29310=CARTESIAN_POINT('',(-109.498493817872,52.566692371064,
-0.449999999999999));
#29320=DIRECTION('',(0.,-1.,0.));
#29330=VECTOR('',#29320,1.);
#29340=LINE('',#29310,#29330);
#29350=CARTESIAN_POINT('',(-109.498493817872,52.566692371064,
-0.449999999999999));
#29360=VERTEX_POINT('',#29350);
#29370=EDGE_CURVE('',#29360,#29280,#29340,.T.);
#29380=ORIENTED_EDGE('',*,*,#29370,.T.);
#29390=CARTESIAN_POINT('',(-161.845165058604,52.566692371064,
-0.449999999999999));
#29400=DIRECTION('',(1.,0.,0.));
#29410=VECTOR('',#29400,1.);
#29420=LINE('',#29390,#29410);
#29430=EDGE_CURVE('',#29180,#29360,#29420,.T.);
#29440=ORIENTED_EDGE('',*,*,#29430,.T.);
#29450=EDGE_LOOP('',(#29440,#29380,#29300,#29220));
#29460=FACE_OUTER_BOUND('',#29450,.T.);
#29470=ADVANCED_FACE('',(#29460),#29120,.T.);
#29480=COLOUR_RGB('',0.94901967048645,0.94901967048645,1.);
#29490=FILL_AREA_STYLE_COLOUR('',#29480);
#29500=FILL_AREA_STYLE('',(#29490));
#29510=SURFACE_STYLE_FILL_AREA(#29500);
#29520=SURFACE_SIDE_STYLE('',(#29510));
#29530=SURFACE_STYLE_USAGE(.BOTH.,#29520);
#29540=PRESENTATION_STYLE_ASSIGNMENT((#29530));
#29550=CARTESIAN_POINT('',(-110.398493817872,52.566692371064,
-0.449999999999999));
#29560=DIRECTION('',(-1.,0.,0.));
#29570=DIRECTION('',(0.,0.,1.));
#29580=AXIS2_PLACEMENT_3D('',#29550,#29560,#29570);
#29590=PLANE('',#29580);
#29600=CARTESIAN_POINT('',(-110.398493817872,52.566692371064,
0.449999999999999));
#29610=DIRECTION('',(0.,-1.,0.));
#29620=VECTOR('',#29610,1.);
#29630=LINE('',#29600,#29620);
#29640=CARTESIAN_POINT('',(-110.398493817872,52.566692371064,
0.449999999999999));
#29650=VERTEX_POINT('',#29640);
#29660=CARTESIAN_POINT('',(-110.398493817872,49.066692371064,
0.450000000000001));
#29670=VERTEX_POINT('',#29660);
#29680=EDGE_CURVE('',#29650,#29670,#29630,.T.);
#29690=ORIENTED_EDGE('',*,*,#29680,.F.);
#29700=CARTESIAN_POINT('',(-110.398493817872,20.1116003819201,
-7.30849351525996));
#29710=DIRECTION('',(0.,0.965925826289068,0.25881904510252));
#29720=VECTOR('',#29710,1.);
#29730=LINE('',#29700,#29720);
#29740=CARTESIAN_POINT('',(-110.398493817872,48.066692371064,
0.182050807568877));
#29750=VERTEX_POINT('',#29740);
#29760=EDGE_CURVE('',#29750,#29670,#29730,.T.);
#29770=ORIENTED_EDGE('',*,*,#29760,.T.);
#29780=CARTESIAN_POINT('',(-110.398493817872,48.066692371064,
-0.449999999999999));
#29790=DIRECTION('',(0.,0.,1.));
#29800=VECTOR('',#29790,1.);
#29810=LINE('',#29780,#29800);
#29820=CARTESIAN_POINT('',(-110.398493817872,48.066692371064,
-0.182050807568878));
#29830=VERTEX_POINT('',#29820);
#29840=EDGE_CURVE('',#29830,#29750,#29810,.T.);
#29850=ORIENTED_EDGE('',*,*,#29840,.T.);
#29860=CARTESIAN_POINT('',(-110.398493817872,20.1116003819201,
7.30849351525996));
#29870=DIRECTION('',(0.,-0.965925826289068,0.25881904510252));
#29880=VECTOR('',#29870,1.);
#29890=LINE('',#29860,#29880);
#29900=EDGE_CURVE('',#29200,#29830,#29890,.T.);
#29910=ORIENTED_EDGE('',*,*,#29900,.T.);
#29920=ORIENTED_EDGE('',*,*,#29210,.T.);
#29930=CARTESIAN_POINT('',(-110.398493817872,52.566692371064,5.));
#29940=DIRECTION('',(0.,0.,-1.));
#29950=VECTOR('',#29940,1.);
#29960=LINE('',#29930,#29950);
#29970=EDGE_CURVE('',#29650,#29180,#29960,.T.);
#29980=ORIENTED_EDGE('',*,*,#29970,.T.);
#29990=EDGE_LOOP('',(#29980,#29920,#29910,#29850,#29770,#29690));
#30000=FACE_OUTER_BOUND('',#29990,.T.);
#30010=ADVANCED_FACE('',(#30000),#29590,.T.);
#30020=COLOUR_RGB('',0.94901967048645,0.94901967048645,1.);
#30030=FILL_AREA_STYLE_COLOUR('',#30020);
#30040=FILL_AREA_STYLE('',(#30030));
#30050=SURFACE_STYLE_FILL_AREA(#30040);
#30060=SURFACE_SIDE_STYLE('',(#30050));
#30070=SURFACE_STYLE_USAGE(.BOTH.,#30060);
#30080=PRESENTATION_STYLE_ASSIGNMENT((#30070));
#30090=CARTESIAN_POINT('',(-113.548493817872,51.266692371064,-4.76));
#30100=DIRECTION('',(0.,-1.,0.));
#30110=DIRECTION('',(-1.,0.,0.));
#30120=AXIS2_PLACEMENT_3D('',#30090,#30100,#30110);
#30130=TOROIDAL_SURFACE('',#30120,0.549999999999997,0.2);
#30140=CARTESIAN_POINT('',(-112.998493817872,51.266692371064,-4.76));
#30150=DIRECTION('',(-0.,0.,1.));
#30160=DIRECTION('',(1.,0.,0.));
#30170=AXIS2_PLACEMENT_3D('',#30140,#30150,#30160);
#30180=CIRCLE('',#30170,0.2);
#30190=CARTESIAN_POINT('',(-112.998493817872,51.066692371064,-4.76));
#30200=VERTEX_POINT('',#30190);
#30210=CARTESIAN_POINT('',(-112.798493817872,51.266692371064,-4.76));
#30220=VERTEX_POINT('',#30210);
#30230=EDGE_CURVE('',#30200,#30220,#30180,.T.);
#30240=ORIENTED_EDGE('',*,*,#30230,.F.);
#30250=CARTESIAN_POINT('',(-113.548493817872,51.266692371064,-4.76));
#30260=DIRECTION('',(0.,-1.,0.));
#30270=DIRECTION('',(-1.,0.,0.));
#30280=AXIS2_PLACEMENT_3D('',#30250,#30260,#30270);
#30290=CIRCLE('',#30280,0.75);
#30300=CARTESIAN_POINT('',(-114.298493817872,51.266692371064,-4.76));
#30310=VERTEX_POINT('',#30300);
#30320=EDGE_CURVE('',#30310,#30220,#30290,.T.);
#30330=ORIENTED_EDGE('',*,*,#30320,.T.);
#30340=CARTESIAN_POINT('',(-114.098493817872,51.266692371064,-4.76));
#30350=DIRECTION('',(0.,0.,-1.));
#30360=DIRECTION('',(-1.,0.,0.));
#30370=AXIS2_PLACEMENT_3D('',#30340,#30350,#30360);
#30380=CIRCLE('',#30370,0.2);
#30390=CARTESIAN_POINT('',(-114.098493817872,51.066692371064,-4.76));
#30400=VERTEX_POINT('',#30390);
#30410=EDGE_CURVE('',#30400,#30310,#30380,.T.);
#30420=ORIENTED_EDGE('',*,*,#30410,.T.);
#30430=CARTESIAN_POINT('',(-113.548493817872,51.066692371064,-4.76));
#30440=DIRECTION('',(0.,-1.,0.));
#30450=DIRECTION('',(-1.,0.,0.));
#30460=AXIS2_PLACEMENT_3D('',#30430,#30440,#30450);
#30470=CIRCLE('',#30460,0.549999999999997);
#30480=EDGE_CURVE('',#30400,#30200,#30470,.T.);
#30490=ORIENTED_EDGE('',*,*,#30480,.F.);
#30500=EDGE_LOOP('',(#30490,#30420,#30330,#30240));
#30510=FACE_OUTER_BOUND('',#30500,.T.);
#30520=ADVANCED_FACE('',(#30510),#30130,.T.);
#30530=COLOUR_RGB('',0.501960813999176,1.,0.501960813999176);
#30540=FILL_AREA_STYLE_COLOUR('',#30530);
#30550=FILL_AREA_STYLE('',(#30540));
#30560=SURFACE_STYLE_FILL_AREA(#30550);
#30570=SURFACE_SIDE_STYLE('',(#30560));
#30580=SURFACE_STYLE_USAGE(.BOTH.,#30570);
#30590=PRESENTATION_STYLE_ASSIGNMENT((#30580));
#30600=CARTESIAN_POINT('',(-113.548493817872,52.566692371064,-4.76));
#30610=DIRECTION('',(0.,-1.,0.));
#30620=DIRECTION('',(1.,0.,0.));
#30630=AXIS2_PLACEMENT_3D('',#30600,#30610,#30620);
#30640=CYLINDRICAL_SURFACE('',#30630,0.75);
#30650=CARTESIAN_POINT('',(-114.298493817872,52.566692371064,-4.76));
#30660=DIRECTION('',(0.,-1.,0.));
#30670=VECTOR('',#30660,1.);
#30680=LINE('',#30650,#30670);
#30690=CARTESIAN_POINT('',(-114.298493817872,52.566692371064,-4.76));
#30700=VERTEX_POINT('',#30690);
#30710=EDGE_CURVE('',#30700,#30310,#30680,.T.);
#30720=ORIENTED_EDGE('',*,*,#30710,.T.);
#30730=CARTESIAN_POINT('',(-113.548493817872,52.566692371064,-4.76));
#30740=DIRECTION('',(0.,-1.,0.));
#30750=DIRECTION('',(1.,0.,0.));
#30760=AXIS2_PLACEMENT_3D('',#30730,#30740,#30750);
#30770=CIRCLE('',#30760,0.75);
#30780=CARTESIAN_POINT('',(-112.798493817872,52.566692371064,-4.76));
#30790=VERTEX_POINT('',#30780);
#30800=EDGE_CURVE('',#30790,#30700,#30770,.T.);
#30810=ORIENTED_EDGE('',*,*,#30800,.T.);
#30820=CARTESIAN_POINT('',(-112.798493817872,52.566692371064,-4.76));
#30830=DIRECTION('',(0.,-1.,0.));
#30840=VECTOR('',#30830,1.);
#30850=LINE('',#30820,#30840);
#30860=EDGE_CURVE('',#30790,#30220,#30850,.T.);
#30870=ORIENTED_EDGE('',*,*,#30860,.F.);
#30880=EDGE_CURVE('',#30220,#30310,#30290,.T.);
#30890=ORIENTED_EDGE('',*,*,#30880,.F.);
#30900=EDGE_LOOP('',(#30890,#30870,#30810,#30720));
#30910=FACE_OUTER_BOUND('',#30900,.T.);
#30920=ADVANCED_FACE('',(#30910),#30640,.T.);
#30930=COLOUR_RGB('',0.501960813999176,1.,0.501960813999176);
#30940=FILL_AREA_STYLE_COLOUR('',#30930);
#30950=FILL_AREA_STYLE('',(#30940));
#30960=SURFACE_STYLE_FILL_AREA(#30950);
#30970=SURFACE_SIDE_STYLE('',(#30960));
#30980=SURFACE_STYLE_USAGE(.BOTH.,#30970);
#30990=PRESENTATION_STYLE_ASSIGNMENT((#30980));
#31000=CARTESIAN_POINT('',(-104.755493817872,53.066692371064,4.76));
#31010=DIRECTION('',(0.,0.,-1.));
#31020=DIRECTION('',(-1.,0.,0.));
#31030=AXIS2_PLACEMENT_3D('',#31000,#31010,#31020);
#31040=PLANE('',#31030);
#31050=ORIENTED_EDGE('',*,*,#5660,.T.);
#31060=CARTESIAN_POINT('',(-161.845165058604,65.066692371064,4.76));
#31070=DIRECTION('',(1.,0.,0.));
#31080=VECTOR('',#31070,1.);
#31090=LINE('',#31060,#31080);
#31100=EDGE_CURVE('',#22690,#5590,#31090,.T.);
#31110=ORIENTED_EDGE('',*,*,#31100,.T.);
#31120=ORIENTED_EDGE('',*,*,#22700,.T.);
#31130=ORIENTED_EDGE('',*,*,#26400,.T.);
#31140=ORIENTED_EDGE('',*,*,#28150,.T.);
#31150=ORIENTED_EDGE('',*,*,#26950,.T.);
#31160=ORIENTED_EDGE('',*,*,#27890,.T.);
#31170=ORIENTED_EDGE('',*,*,#26140,.T.);
#31180=ORIENTED_EDGE('',*,*,#20590,.T.);
#31190=ORIENTED_EDGE('',*,*,#28380,.T.);
#31200=ORIENTED_EDGE('',*,*,#20030,.T.);
#31210=ORIENTED_EDGE('',*,*,#19650,.T.);
#31220=ORIENTED_EDGE('',*,*,#4580,.F.);
#31230=ORIENTED_EDGE('',*,*,#28940,.T.);
#31240=ORIENTED_EDGE('',*,*,#5050,.T.);
#31250=ORIENTED_EDGE('',*,*,#28700,.T.);
#31260=CARTESIAN_POINT('',(-98.8484938178703,20.1116003819201,4.76));
#31270=DIRECTION('',(-4.73695157173382E-14,1.,0.));
#31280=VECTOR('',#31270,1.);
#31290=LINE('',#31260,#31280);
#31300=EDGE_CURVE('',#26620,#28620,#31290,.T.);
#31310=ORIENTED_EDGE('',*,*,#31300,.T.);
#31320=ORIENTED_EDGE('',*,*,#26630,.T.);
#31330=EDGE_LOOP('',(#31320,#31310,#31250,#31240,#31230,#31220,#31210,
#31200,#31190,#31180,#31170,#31160,#31150,#31140,#31130,#31120,#31110,
#31050));
#31340=FACE_OUTER_BOUND('',#31330,.T.);
#31350=ADVANCED_FACE('',(#31340),#31040,.F.);
#31360=COLOUR_RGB('',0.501960813999176,1.,0.501960813999176);
#31370=FILL_AREA_STYLE_COLOUR('',#31360);
#31380=FILL_AREA_STYLE('',(#31370));
#31390=SURFACE_STYLE_FILL_AREA(#31380);
#31400=SURFACE_SIDE_STYLE('',(#31390));
#31410=SURFACE_STYLE_USAGE(.BOTH.,#31400);
#31420=PRESENTATION_STYLE_ASSIGNMENT((#31410));
#31430=CARTESIAN_POINT('',(-100.148493817872,51.266692371064,-4.76));
#31440=DIRECTION('',(0.,-1.,0.));
#31450=DIRECTION('',(-1.,0.,0.));
#31460=AXIS2_PLACEMENT_3D('',#31430,#31440,#31450);
#31470=TOROIDAL_SURFACE('',#31460,0.549999999999997,0.2);
#31480=CARTESIAN_POINT('',(-99.5984938178721,51.266692371064,-4.76));
#31490=DIRECTION('',(-0.,0.,1.));
#31500=DIRECTION('',(1.,0.,0.));
#31510=AXIS2_PLACEMENT_3D('',#31480,#31490,#31500);
#31520=CIRCLE('',#31510,0.2);
#31530=CARTESIAN_POINT('',(-99.5984938178721,51.066692371064,-4.76));
#31540=VERTEX_POINT('',#31530);
#31550=CARTESIAN_POINT('',(-99.3984938178721,51.266692371064,-4.76));
#31560=VERTEX_POINT('',#31550);
#31570=EDGE_CURVE('',#31540,#31560,#31520,.T.);
#31580=ORIENTED_EDGE('',*,*,#31570,.F.);
#31590=CARTESIAN_POINT('',(-100.148493817872,51.266692371064,-4.76));
#31600=DIRECTION('',(0.,-1.,0.));
#31610=DIRECTION('',(-1.,0.,0.));
#31620=AXIS2_PLACEMENT_3D('',#31590,#31600,#31610);
#31630=CIRCLE('',#31620,0.75);
#31640=CARTESIAN_POINT('',(-100.898493817872,51.266692371064,-4.76));
#31650=VERTEX_POINT('',#31640);
#31660=EDGE_CURVE('',#31650,#31560,#31630,.T.);
#31670=ORIENTED_EDGE('',*,*,#31660,.T.);
#31680=CARTESIAN_POINT('',(-100.698493817872,51.266692371064,-4.76));
#31690=DIRECTION('',(0.,0.,-1.));
#31700=DIRECTION('',(-1.,0.,0.));
#31710=AXIS2_PLACEMENT_3D('',#31680,#31690,#31700);
#31720=CIRCLE('',#31710,0.2);
#31730=CARTESIAN_POINT('',(-100.698493817872,51.066692371064,-4.76));
#31740=VERTEX_POINT('',#31730);
#31750=EDGE_CURVE('',#31740,#31650,#31720,.T.);
#31760=ORIENTED_EDGE('',*,*,#31750,.T.);
#31770=CARTESIAN_POINT('',(-100.148493817872,51.066692371064,-4.76));
#31780=DIRECTION('',(0.,-1.,0.));
#31790=DIRECTION('',(-1.,0.,0.));
#31800=AXIS2_PLACEMENT_3D('',#31770,#31780,#31790);
#31810=CIRCLE('',#31800,0.549999999999997);
#31820=EDGE_CURVE('',#31740,#31540,#31810,.T.);
#31830=ORIENTED_EDGE('',*,*,#31820,.F.);
#31840=EDGE_LOOP('',(#31830,#31760,#31670,#31580));
#31850=FACE_OUTER_BOUND('',#31840,.T.);
#31860=ADVANCED_FACE('',(#31850),#31470,.T.);
#31870=COLOUR_RGB('',0.501960813999176,1.,0.501960813999176);
#31880=FILL_AREA_STYLE_COLOUR('',#31870);
#31890=FILL_AREA_STYLE('',(#31880));
#31900=SURFACE_STYLE_FILL_AREA(#31890);
#31910=SURFACE_SIDE_STYLE('',(#31900));
#31920=SURFACE_STYLE_USAGE(.BOTH.,#31910);
#31930=PRESENTATION_STYLE_ASSIGNMENT((#31920));
#31940=CARTESIAN_POINT('',(-106.632189384012,51.066692371064,
-2.66142645199903));
#31950=DIRECTION('',(0.,-1.,0.));
#31960=DIRECTION('',(1.,0.,0.));
#31970=AXIS2_PLACEMENT_3D('',#31940,#31950,#31960);
#31980=PLANE('',#31970);
#31990=EDGE_CURVE('',#31540,#31740,#31810,.T.);
#32000=ORIENTED_EDGE('',*,*,#31990,.T.);
#32010=ORIENTED_EDGE('',*,*,#31820,.T.);
#32020=EDGE_LOOP('',(#32010,#32000));
#32030=FACE_OUTER_BOUND('',#32020,.T.);
#32040=ADVANCED_FACE('',(#32030),#31980,.T.);
#32050=COLOUR_RGB('',0.501960813999176,1.,0.501960813999176);
#32060=FILL_AREA_STYLE_COLOUR('',#32050);
#32070=FILL_AREA_STYLE('',(#32060));
#32080=SURFACE_STYLE_FILL_AREA(#32070);
#32090=SURFACE_SIDE_STYLE('',(#32080));
#32100=SURFACE_STYLE_USAGE(.BOTH.,#32090);
#32110=PRESENTATION_STYLE_ASSIGNMENT((#32100));
#32120=CARTESIAN_POINT('',(-100.148493817872,52.566692371064,-4.76));
#32130=DIRECTION('',(0.,-1.,0.));
#32140=DIRECTION('',(1.,0.,0.));
#32150=AXIS2_PLACEMENT_3D('',#32120,#32130,#32140);
#32160=CYLINDRICAL_SURFACE('',#32150,0.75);
#32170=CARTESIAN_POINT('',(-100.898493817872,52.566692371064,-4.76));
#32180=DIRECTION('',(0.,-1.,0.));
#32190=VECTOR('',#32180,1.);
#32200=LINE('',#32170,#32190);
#32210=CARTESIAN_POINT('',(-100.898493817872,52.566692371064,-4.76));
#32220=VERTEX_POINT('',#32210);
#32230=EDGE_CURVE('',#32220,#31650,#32200,.T.);
#32240=ORIENTED_EDGE('',*,*,#32230,.T.);
#32250=CARTESIAN_POINT('',(-100.148493817872,52.566692371064,-4.76));
#32260=DIRECTION('',(0.,-1.,0.));
#32270=DIRECTION('',(1.,0.,0.));
#32280=AXIS2_PLACEMENT_3D('',#32250,#32260,#32270);
#32290=CIRCLE('',#32280,0.75);
#32300=CARTESIAN_POINT('',(-99.3984938178721,52.566692371064,-4.76));
#32310=VERTEX_POINT('',#32300);
#32320=EDGE_CURVE('',#32310,#32220,#32290,.T.);
#32330=ORIENTED_EDGE('',*,*,#32320,.T.);
#32340=CARTESIAN_POINT('',(-99.3984938178721,52.566692371064,-4.76));
#32350=DIRECTION('',(0.,-1.,0.));
#32360=VECTOR('',#32350,1.);
#32370=LINE('',#32340,#32360);
#32380=EDGE_CURVE('',#32310,#31560,#32370,.T.);
#32390=ORIENTED_EDGE('',*,*,#32380,.F.);
#32400=EDGE_CURVE('',#31560,#31650,#31630,.T.);
#32410=ORIENTED_EDGE('',*,*,#32400,.F.);
#32420=EDGE_LOOP('',(#32410,#32390,#32330,#32240));
#32430=FACE_OUTER_BOUND('',#32420,.T.);
#32440=ADVANCED_FACE('',(#32430),#32160,.T.);
#32450=COLOUR_RGB('',0.501960813999176,1.,0.501960813999176);
#32460=FILL_AREA_STYLE_COLOUR('',#32450);
#32470=FILL_AREA_STYLE('',(#32460));
#32480=SURFACE_STYLE_FILL_AREA(#32470);
#32490=SURFACE_SIDE_STYLE('',(#32480));
#32500=SURFACE_STYLE_USAGE(.BOTH.,#32490);
#32510=PRESENTATION_STYLE_ASSIGNMENT((#32500));
#32520=CARTESIAN_POINT('',(-106.632189384012,51.066692371064,
-2.66142645199903));
#32530=DIRECTION('',(0.,-1.,0.));
#32540=DIRECTION('',(1.,0.,0.));
#32550=AXIS2_PLACEMENT_3D('',#32520,#32530,#32540);
#32560=PLANE('',#32550);
#32570=EDGE_CURVE('',#30200,#30400,#30470,.T.);
#32580=ORIENTED_EDGE('',*,*,#32570,.T.);
#32590=ORIENTED_EDGE('',*,*,#30480,.T.);
#32600=EDGE_LOOP('',(#32590,#32580));
#32610=FACE_OUTER_BOUND('',#32600,.T.);
#32620=ADVANCED_FACE('',(#32610),#32560,.T.);
#32630=COLOUR_RGB('',0.501960813999176,1.,0.501960813999176);
#32640=FILL_AREA_STYLE_COLOUR('',#32630);
#32650=FILL_AREA_STYLE('',(#32640));
#32660=SURFACE_STYLE_FILL_AREA(#32650);
#32670=SURFACE_SIDE_STYLE('',(#32660));
#32680=SURFACE_STYLE_USAGE(.BOTH.,#32670);
#32690=PRESENTATION_STYLE_ASSIGNMENT((#32680));
#32700=CARTESIAN_POINT('',(-106.632189384012,52.566692371064,
-2.66142645199903));
#32710=DIRECTION('',(0.,-1.,0.));
#32720=DIRECTION('',(1.,0.,0.));
#32730=AXIS2_PLACEMENT_3D('',#32700,#32710,#32720);
#32740=PLANE('',#32730);
#32750=CARTESIAN_POINT('',(-100.148493817872,52.566692371064,-4.76));
#32760=DIRECTION('',(0.,-1.,0.));
#32770=DIRECTION('',(1.,0.,0.));
#32780=AXIS2_PLACEMENT_3D('',#32750,#32760,#32770);
#32790=CIRCLE('',#32780,0.8);
#32800=CARTESIAN_POINT('',(-99.3484938178721,52.566692371064,-4.76));
#32810=VERTEX_POINT('',#32800);
#32820=CARTESIAN_POINT('',(-100.948493817872,52.566692371064,-4.76));
#32830=VERTEX_POINT('',#32820);
#32840=EDGE_CURVE('',#32810,#32830,#32790,.T.);
#32850=ORIENTED_EDGE('',*,*,#32840,.T.);
#32860=EDGE_CURVE('',#32830,#32810,#32790,.T.);
#32870=ORIENTED_EDGE('',*,*,#32860,.T.);
#32880=EDGE_LOOP('',(#32870,#32850));
#32890=FACE_OUTER_BOUND('',#32880,.T.);
#32900=ORIENTED_EDGE('',*,*,#32320,.F.);
#32910=EDGE_CURVE('',#32220,#32310,#32290,.T.);
#32920=ORIENTED_EDGE('',*,*,#32910,.F.);
#32930=EDGE_LOOP('',(#32920,#32900));
#32940=FACE_BOUND('',#32930,.T.);
#32950=ADVANCED_FACE('',(#32890,#32940),#32740,.T.);
#32960=COLOUR_RGB('',0.501960813999176,1.,0.501960813999176);
#32970=FILL_AREA_STYLE_COLOUR('',#32960);
#32980=FILL_AREA_STYLE('',(#32970));
#32990=SURFACE_STYLE_FILL_AREA(#32980);
#33000=SURFACE_SIDE_STYLE('',(#32990));
#33010=SURFACE_STYLE_USAGE(.BOTH.,#33000);
#33020=PRESENTATION_STYLE_ASSIGNMENT((#33010));
#33030=CARTESIAN_POINT('',(-100.148493817872,53.066692371064,-4.76));
#33040=DIRECTION('',(0.,-1.,0.));
#33050=DIRECTION('',(1.,0.,0.));
#33060=AXIS2_PLACEMENT_3D('',#33030,#33040,#33050);
#33070=CYLINDRICAL_SURFACE('',#33060,0.8);
#33080=CARTESIAN_POINT('',(-99.3484938178721,53.066692371064,-4.76));
#33090=DIRECTION('',(0.,-1.,0.));
#33100=VECTOR('',#33090,1.);
#33110=LINE('',#33080,#33100);
#33120=EDGE_CURVE('',#25830,#32810,#33110,.T.);
#33130=ORIENTED_EDGE('',*,*,#33120,.T.);
#33140=ORIENTED_EDGE('',*,*,#25880,.T.);
#33150=CARTESIAN_POINT('',(-100.948493817872,53.066692371064,-4.76));
#33160=DIRECTION('',(0.,-1.,0.));
#33170=VECTOR('',#33160,1.);
#33180=LINE('',#33150,#33170);
#33190=EDGE_CURVE('',#25850,#32830,#33180,.T.);
#33200=ORIENTED_EDGE('',*,*,#33190,.F.);
#33210=ORIENTED_EDGE('',*,*,#32860,.F.);
#33220=EDGE_LOOP('',(#33210,#33200,#33140,#33130));
#33230=FACE_OUTER_BOUND('',#33220,.T.);
#33240=ADVANCED_FACE('',(#33230),#33070,.T.);
#33250=COLOUR_RGB('',0.501960813999176,1.,0.501960813999176);
#33260=FILL_AREA_STYLE_COLOUR('',#33250);
#33270=FILL_AREA_STYLE('',(#33260));
#33280=SURFACE_STYLE_FILL_AREA(#33270);
#33290=SURFACE_SIDE_STYLE('',(#33280));
#33300=SURFACE_STYLE_USAGE(.BOTH.,#33290);
#33310=PRESENTATION_STYLE_ASSIGNMENT((#33300));
#33320=CARTESIAN_POINT('',(-113.548493817872,53.066692371064,-4.76));
#33330=DIRECTION('',(0.,-1.,0.));
#33340=DIRECTION('',(1.,0.,0.));
#33350=AXIS2_PLACEMENT_3D('',#33320,#33330,#33340);
#33360=CYLINDRICAL_SURFACE('',#33350,0.8);
#33370=CARTESIAN_POINT('',(-112.748493817872,53.066692371064,-4.76));
#33380=DIRECTION('',(0.,-1.,0.));
#33390=VECTOR('',#33380,1.);
#33400=LINE('',#33370,#33390);
#33410=CARTESIAN_POINT('',(-112.748493817872,52.566692371064,-4.76));
#33420=VERTEX_POINT('',#33410);
#33430=EDGE_CURVE('',#25680,#33420,#33400,.T.);
#33440=ORIENTED_EDGE('',*,*,#33430,.T.);
#33450=ORIENTED_EDGE('',*,*,#25730,.T.);
#33460=CARTESIAN_POINT('',(-114.348493817872,53.066692371064,-4.76));
#33470=DIRECTION('',(0.,-1.,0.));
#33480=VECTOR('',#33470,1.);
#33490=LINE('',#33460,#33480);
#33500=CARTESIAN_POINT('',(-114.348493817872,52.566692371064,-4.76));
#33510=VERTEX_POINT('',#33500);
#33520=EDGE_CURVE('',#25700,#33510,#33490,.T.);
#33530=ORIENTED_EDGE('',*,*,#33520,.F.);
#33540=CARTESIAN_POINT('',(-113.548493817872,52.566692371064,-4.76));
#33550=DIRECTION('',(0.,-1.,0.));
#33560=DIRECTION('',(1.,0.,0.));
#33570=AXIS2_PLACEMENT_3D('',#33540,#33550,#33560);
#33580=CIRCLE('',#33570,0.8);
#33590=EDGE_CURVE('',#33510,#33420,#33580,.T.);
#33600=ORIENTED_EDGE('',*,*,#33590,.F.);
#33610=EDGE_LOOP('',(#33600,#33530,#33450,#33440));
#33620=FACE_OUTER_BOUND('',#33610,.T.);
#33630=ADVANCED_FACE('',(#33620),#33360,.T.);
#33640=COLOUR_RGB('',0.501960813999176,1.,0.501960813999176);
#33650=FILL_AREA_STYLE_COLOUR('',#33640);
#33660=FILL_AREA_STYLE('',(#33650));
#33670=SURFACE_STYLE_FILL_AREA(#33660);
#33680=SURFACE_SIDE_STYLE('',(#33670));
#33690=SURFACE_STYLE_USAGE(.BOTH.,#33680);
#33700=PRESENTATION_STYLE_ASSIGNMENT((#33690));
#33710=CARTESIAN_POINT('',(-109.948493817872,48.566692371064,
0.316025403784439));
#33720=DIRECTION('',(0.,0.25881904510252,-0.965925826289068));
#33730=DIRECTION('',(0.,0.965925826289068,0.25881904510252));
#33740=AXIS2_PLACEMENT_3D('',#33710,#33720,#33730);
#33750=PLANE('',#33740);
#33760=ORIENTED_EDGE('',*,*,#29760,.F.);
#33770=CARTESIAN_POINT('',(-161.845165058604,49.066692371064,
0.449999999999999));
#33780=DIRECTION('',(1.,0.,0.));
#33790=VECTOR('',#33780,1.);
#33800=LINE('',#33770,#33790);
#33810=CARTESIAN_POINT('',(-109.498493817872,49.066692371064,
0.450000000000001));
#33820=VERTEX_POINT('',#33810);
#33830=EDGE_CURVE('',#29670,#33820,#33800,.T.);
#33840=ORIENTED_EDGE('',*,*,#33830,.F.);
#33850=CARTESIAN_POINT('',(-109.498493817872,20.1116003819201,
-7.30849351525996));
#33860=DIRECTION('',(0.,-0.965925826289068,-0.25881904510252));
#33870=VECTOR('',#33860,1.);
#33880=LINE('',#33850,#33870);
#33890=CARTESIAN_POINT('',(-109.498493817872,48.066692371064,
0.182050807568879));
#33900=VERTEX_POINT('',#33890);
#33910=EDGE_CURVE('',#33820,#33900,#33880,.T.);
#33920=ORIENTED_EDGE('',*,*,#33910,.F.);
#33930=CARTESIAN_POINT('',(-161.845165058604,48.066692371064,
0.182050807568877));
#33940=DIRECTION('',(-1.,0.,0.));
#33950=VECTOR('',#33940,1.);
#33960=LINE('',#33930,#33950);
#33970=EDGE_CURVE('',#33900,#29750,#33960,.T.);
#33980=ORIENTED_EDGE('',*,*,#33970,.F.);
#33990=EDGE_LOOP('',(#33980,#33920,#33840,#33760));
#34000=FACE_OUTER_BOUND('',#33990,.T.);
#34010=ADVANCED_FACE('',(#34000),#33750,.F.);
#34020=COLOUR_RGB('',0.94901967048645,0.94901967048645,1.);
#34030=FILL_AREA_STYLE_COLOUR('',#34020);
#34040=FILL_AREA_STYLE('',(#34030));
#34050=SURFACE_STYLE_FILL_AREA(#34040);
#34060=SURFACE_SIDE_STYLE('',(#34050));
#34070=SURFACE_STYLE_USAGE(.BOTH.,#34060);
#34080=PRESENTATION_STYLE_ASSIGNMENT((#34070));
#34090=CARTESIAN_POINT('',(-109.948493817872,48.566692371064,
-9.20397459621556));
#34100=DIRECTION('',(0.,-0.258819045102521,0.965925826289068));
#34110=DIRECTION('',(0.,0.965925826289068,0.258819045102521));
#34120=AXIS2_PLACEMENT_3D('',#34090,#34100,#34110);
#34130=PLANE('',#34120);
#34140=CARTESIAN_POINT('',(-110.398493817872,20.1116003819201,
-16.82849351526));
#34150=DIRECTION('',(0.,-0.965925826289068,-0.258819045102521));
#34160=VECTOR('',#34150,1.);
#34170=LINE('',#34140,#34160);
#34180=CARTESIAN_POINT('',(-110.398493817872,49.066692371064,-9.07));
#34190=VERTEX_POINT('',#34180);
#34200=CARTESIAN_POINT('',(-110.398493817872,48.066692371064,
-9.33794919243112));
#34210=VERTEX_POINT('',#34200);
#34220=EDGE_CURVE('',#34190,#34210,#34170,.T.);
#34230=ORIENTED_EDGE('',*,*,#34220,.T.);
#34240=CARTESIAN_POINT('',(-161.845165058604,49.066692371064,-9.07));
#34250=DIRECTION('',(-1.,0.,0.));
#34260=VECTOR('',#34250,1.);
#34270=LINE('',#34240,#34260);
#34280=CARTESIAN_POINT('',(-109.498493817872,49.066692371064,-9.07));
#34290=VERTEX_POINT('',#34280);
#34300=EDGE_CURVE('',#34290,#34190,#34270,.T.);
#34310=ORIENTED_EDGE('',*,*,#34300,.T.);
#34320=CARTESIAN_POINT('',(-109.498493817872,20.1116003819201,
-16.82849351526));
#34330=DIRECTION('',(0.,0.965925826289068,0.258819045102521));
#34340=VECTOR('',#34330,1.);
#34350=LINE('',#34320,#34340);
#34360=CARTESIAN_POINT('',(-109.498493817872,48.066692371064,
-9.33794919243113));
#34370=VERTEX_POINT('',#34360);
#34380=EDGE_CURVE('',#34370,#34290,#34350,.T.);
#34390=ORIENTED_EDGE('',*,*,#34380,.T.);
#34400=CARTESIAN_POINT('',(-161.845165058604,48.066692371064,
-9.33794919243112));
#34410=DIRECTION('',(1.,0.,0.));
#34420=VECTOR('',#34410,1.);
#34430=LINE('',#34400,#34420);
#34440=EDGE_CURVE('',#34210,#34370,#34430,.T.);
#34450=ORIENTED_EDGE('',*,*,#34440,.T.);
#34460=EDGE_LOOP('',(#34450,#34390,#34310,#34230));
#34470=FACE_OUTER_BOUND('',#34460,.T.);
#34480=ADVANCED_FACE('',(#34470),#34130,.T.);
#34490=COLOUR_RGB('',0.94901967048645,0.94901967048645,1.);
#34500=FILL_AREA_STYLE_COLOUR('',#34490);
#34510=FILL_AREA_STYLE('',(#34500));
#34520=SURFACE_STYLE_FILL_AREA(#34510);
#34530=SURFACE_SIDE_STYLE('',(#34520));
#34540=SURFACE_STYLE_USAGE(.BOTH.,#34530);
#34550=PRESENTATION_STYLE_ASSIGNMENT((#34540));
#34560=CARTESIAN_POINT('',(-109.948493817872,48.566692371064,
-9.83602540378444));
#34570=DIRECTION('',(0.,-0.258819045102521,-0.965925826289068));
#34580=DIRECTION('',(0.,0.965925826289068,-0.258819045102521));
#34590=AXIS2_PLACEMENT_3D('',#34560,#34570,#34580);
#34600=PLANE('',#34590);
#34610=CARTESIAN_POINT('',(-109.498493817872,20.1116003819201,
-2.21150648474002));
#34620=DIRECTION('',(0.,-0.965925826289068,0.258819045102521));
#34630=VECTOR('',#34620,1.);
#34640=LINE('',#34610,#34630);
#34650=CARTESIAN_POINT('',(-109.498493817872,49.066692371064,-9.97));
#34660=VERTEX_POINT('',#34650);
#34670=CARTESIAN_POINT('',(-109.498493817872,48.066692371064,
-9.70205080756887));
#34680=VERTEX_POINT('',#34670);
#34690=EDGE_CURVE('',#34660,#34680,#34640,.T.);
#34700=ORIENTED_EDGE('',*,*,#34690,.T.);
#34710=CARTESIAN_POINT('',(-161.845165058604,49.066692371064,-9.97));
#34720=DIRECTION('',(1.,0.,0.));
#34730=VECTOR('',#34720,1.);
#34740=LINE('',#34710,#34730);
#34750=CARTESIAN_POINT('',(-110.398493817872,49.066692371064,-9.97));
#34760=VERTEX_POINT('',#34750);
#34770=EDGE_CURVE('',#34760,#34660,#34740,.T.);
#34780=ORIENTED_EDGE('',*,*,#34770,.T.);
#34790=CARTESIAN_POINT('',(-110.398493817872,20.1116003819201,
-2.21150648474002));
#34800=DIRECTION('',(0.,0.965925826289068,-0.258819045102521));
#34810=VECTOR('',#34800,1.);
#34820=LINE('',#34790,#34810);
#34830=CARTESIAN_POINT('',(-110.398493817872,48.066692371064,
-9.70205080756887));
#34840=VERTEX_POINT('',#34830);
#34850=EDGE_CURVE('',#34840,#34760,#34820,.T.);
#34860=ORIENTED_EDGE('',*,*,#34850,.T.);
#34870=CARTESIAN_POINT('',(-161.845165058604,48.066692371064,
-9.70205080756887));
#34880=DIRECTION('',(-1.,0.,0.));
#34890=VECTOR('',#34880,1.);
#34900=LINE('',#34870,#34890);
#34910=EDGE_CURVE('',#34680,#34840,#34900,.T.);
#34920=ORIENTED_EDGE('',*,*,#34910,.T.);
#34930=EDGE_LOOP('',(#34920,#34860,#34780,#34700));
#34940=FACE_OUTER_BOUND('',#34930,.T.);
#34950=ADVANCED_FACE('',(#34940),#34600,.T.);
#34960=COLOUR_RGB('',0.94901967048645,0.94901967048645,1.);
#34970=FILL_AREA_STYLE_COLOUR('',#34960);
#34980=FILL_AREA_STYLE('',(#34970));
#34990=SURFACE_STYLE_FILL_AREA(#34980);
#35000=SURFACE_SIDE_STYLE('',(#34990));
#35010=SURFACE_STYLE_USAGE(.BOTH.,#35000);
#35020=PRESENTATION_STYLE_ASSIGNMENT((#35010));
#35030=CARTESIAN_POINT('',(-106.632189384012,52.566692371064,
-2.66142645199903));
#35040=DIRECTION('',(0.,-1.,0.));
#35050=DIRECTION('',(1.,0.,0.));
#35060=AXIS2_PLACEMENT_3D('',#35030,#35040,#35050);
#35070=PLANE('',#35060);
#35080=EDGE_CURVE('',#33420,#33510,#33580,.T.);
#35090=ORIENTED_EDGE('',*,*,#35080,.T.);
#35100=ORIENTED_EDGE('',*,*,#33590,.T.);
#35110=EDGE_LOOP('',(#35100,#35090));
#35120=FACE_OUTER_BOUND('',#35110,.T.);
#35130=ORIENTED_EDGE('',*,*,#30800,.F.);
#35140=EDGE_CURVE('',#30700,#30790,#30770,.T.);
#35150=ORIENTED_EDGE('',*,*,#35140,.F.);
#35160=EDGE_LOOP('',(#35150,#35130));
#35170=FACE_BOUND('',#35160,.T.);
#35180=ADVANCED_FACE('',(#35120,#35170),#35070,.T.);
#35190=COLOUR_RGB('',0.501960813999176,1.,0.501960813999176);
#35200=FILL_AREA_STYLE_COLOUR('',#35190);
#35210=FILL_AREA_STYLE('',(#35200));
#35220=SURFACE_STYLE_FILL_AREA(#35210);
#35230=SURFACE_SIDE_STYLE('',(#35220));
#35240=SURFACE_STYLE_USAGE(.BOTH.,#35230);
#35250=PRESENTATION_STYLE_ASSIGNMENT((#35240));
#35260=CARTESIAN_POINT('',(-109.948493817872,48.566692371064,
-0.316025403784439));
#35270=DIRECTION('',(0.,0.25881904510252,0.965925826289068));
#35280=DIRECTION('',(0.,0.965925826289068,-0.25881904510252));
#35290=AXIS2_PLACEMENT_3D('',#35260,#35270,#35280);
#35300=PLANE('',#35290);
#35310=CARTESIAN_POINT('',(-109.498493817872,20.1116003819201,
7.30849351525996));
#35320=DIRECTION('',(0.,0.965925826289068,-0.25881904510252));
#35330=VECTOR('',#35320,1.);
#35340=LINE('',#35310,#35330);
#35350=CARTESIAN_POINT('',(-109.498493817872,48.066692371064,
-0.182050807568879));
#35360=VERTEX_POINT('',#35350);
#35370=EDGE_CURVE('',#35360,#29280,#35340,.T.);
#35380=ORIENTED_EDGE('',*,*,#35370,.F.);
#35390=ORIENTED_EDGE('',*,*,#29290,.F.);
#35400=ORIENTED_EDGE('',*,*,#29900,.F.);
#35410=CARTESIAN_POINT('',(-161.845165058604,48.066692371064,
-0.182050807568878));
#35420=DIRECTION('',(1.,0.,0.));
#35430=VECTOR('',#35420,1.);
#35440=LINE('',#35410,#35430);
#35450=EDGE_CURVE('',#29830,#35360,#35440,.T.);
#35460=ORIENTED_EDGE('',*,*,#35450,.F.);
#35470=EDGE_LOOP('',(#35460,#35400,#35390,#35380));
#35480=FACE_OUTER_BOUND('',#35470,.T.);
#35490=ADVANCED_FACE('',(#35480),#35300,.F.);
#35500=COLOUR_RGB('',0.94901967048645,0.94901967048645,1.);
#35510=FILL_AREA_STYLE_COLOUR('',#35500);
#35520=FILL_AREA_STYLE('',(#35510));
#35530=SURFACE_STYLE_FILL_AREA(#35520);
#35540=SURFACE_SIDE_STYLE('',(#35530));
#35550=SURFACE_STYLE_USAGE(.BOTH.,#35540);
#35560=PRESENTATION_STYLE_ASSIGNMENT((#35550));
#35570=CARTESIAN_POINT('',(-109.498493817872,52.566692371064,
0.449999999999999));
#35580=DIRECTION('',(1.,-0.,0.));
#35590=DIRECTION('',(0.,0.,-1.));
#35600=AXIS2_PLACEMENT_3D('',#35570,#35580,#35590);
#35610=PLANE('',#35600);
#35620=ORIENTED_EDGE('',*,*,#29370,.F.);
#35630=ORIENTED_EDGE('',*,*,#35370,.T.);
#35640=CARTESIAN_POINT('',(-109.498493817872,48.066692371064,
0.449999999999999));
#35650=DIRECTION('',(0.,0.,-1.));
#35660=VECTOR('',#35650,1.);
#35670=LINE('',#35640,#35660);
#35680=EDGE_CURVE('',#33900,#35360,#35670,.T.);
#35690=ORIENTED_EDGE('',*,*,#35680,.T.);
#35700=ORIENTED_EDGE('',*,*,#33910,.T.);
#35710=CARTESIAN_POINT('',(-109.498493817872,52.566692371064,
0.449999999999999));
#35720=DIRECTION('',(0.,-1.,0.));
#35730=VECTOR('',#35720,1.);
#35740=LINE('',#35710,#35730);
#35750=CARTESIAN_POINT('',(-109.498493817872,52.566692371064,
0.449999999999999));
#35760=VERTEX_POINT('',#35750);
#35770=EDGE_CURVE('',#35760,#33820,#35740,.T.);
#35780=ORIENTED_EDGE('',*,*,#35770,.T.);
#35790=CARTESIAN_POINT('',(-109.498493817872,52.566692371064,5.));
#35800=DIRECTION('',(0.,0.,1.));
#35810=VECTOR('',#35800,1.);
#35820=LINE('',#35790,#35810);
#35830=EDGE_CURVE('',#29360,#35760,#35820,.T.);
#35840=ORIENTED_EDGE('',*,*,#35830,.T.);
#35850=EDGE_LOOP('',(#35840,#35780,#35700,#35690,#35630,#35620));
#35860=FACE_OUTER_BOUND('',#35850,.T.);
#35870=ADVANCED_FACE('',(#35860),#35610,.T.);
#35880=COLOUR_RGB('',0.94901967048645,0.94901967048645,1.);
#35890=FILL_AREA_STYLE_COLOUR('',#35880);
#35900=FILL_AREA_STYLE('',(#35890));
#35910=SURFACE_STYLE_FILL_AREA(#35900);
#35920=SURFACE_SIDE_STYLE('',(#35910));
#35930=SURFACE_STYLE_USAGE(.BOTH.,#35920);
#35940=PRESENTATION_STYLE_ASSIGNMENT((#35930));
#35950=CARTESIAN_POINT('',(-107.015949315487,48.066692371064,
-3.71504146872276));
#35960=DIRECTION('',(0.,-1.,0.));
#35970=DIRECTION('',(1.,0.,0.));
#35980=AXIS2_PLACEMENT_3D('',#35950,#35960,#35970);
#35990=PLANE('',#35980);
#36000=ORIENTED_EDGE('',*,*,#29840,.F.);
#36010=ORIENTED_EDGE('',*,*,#33970,.T.);
#36020=ORIENTED_EDGE('',*,*,#35680,.F.);
#36030=ORIENTED_EDGE('',*,*,#35450,.T.);
#36040=EDGE_LOOP('',(#36030,#36020,#36010,#36000));
#36050=FACE_OUTER_BOUND('',#36040,.T.);
#36060=ADVANCED_FACE('',(#36050),#35990,.T.);
#36070=COLOUR_RGB('',0.94901967048645,0.94901967048645,1.);
#36080=FILL_AREA_STYLE_COLOUR('',#36070);
#36090=FILL_AREA_STYLE('',(#36080));
#36100=SURFACE_STYLE_FILL_AREA(#36090);
#36110=SURFACE_SIDE_STYLE('',(#36100));
#36120=SURFACE_STYLE_USAGE(.BOTH.,#36110);
#36130=PRESENTATION_STYLE_ASSIGNMENT((#36120));
#36140=CARTESIAN_POINT('',(-104.191534474256,53.066692371064,
4.19000000000007));
#36150=DIRECTION('',(1.,-0.,0.));
#36160=DIRECTION('',(0.,0.,-1.));
#36170=AXIS2_PLACEMENT_3D('',#36140,#36150,#36160);
#36180=PLANE('',#36170);
#36190=ORIENTED_EDGE('',*,*,#26570,.T.);
#36200=ORIENTED_EDGE('',*,*,#27480,.F.);
#36210=CARTESIAN_POINT('',(-104.191534474256,65.066692371064,0.));
#36220=DIRECTION('',(0.,0.,1.));
#36230=VECTOR('',#36220,1.);
#36240=LINE('',#36210,#36230);
#36250=EDGE_CURVE('',#27410,#22290,#36240,.T.);
#36260=ORIENTED_EDGE('',*,*,#36250,.F.);
#36270=ORIENTED_EDGE('',*,*,#22300,.T.);
#36280=EDGE_LOOP('',(#36270,#36260,#36200,#36190));
#36290=FACE_OUTER_BOUND('',#36280,.T.);
#36300=ADVANCED_FACE('',(#36290),#36180,.F.);
#36310=COLOUR_RGB('',0.501960813999176,1.,0.501960813999176);
#36320=FILL_AREA_STYLE_COLOUR('',#36310);
#36330=FILL_AREA_STYLE('',(#36320));
#36340=SURFACE_STYLE_FILL_AREA(#36330);
#36350=SURFACE_SIDE_STYLE('',(#36340));
#36360=SURFACE_STYLE_USAGE(.BOTH.,#36350);
#36370=PRESENTATION_STYLE_ASSIGNMENT((#36360));
#36380=CARTESIAN_POINT('',(-111.27107256766,65.066692371064,
3.53446662248666));
#36390=DIRECTION('',(-0.,1.,0.));
#36400=DIRECTION('',(1.,0.,0.));
#36410=AXIS2_PLACEMENT_3D('',#36380,#36390,#36400);
#36420=PLANE('',#36410);
#36430=ORIENTED_EDGE('',*,*,#5600,.T.);
#36440=ORIENTED_EDGE('',*,*,#22360,.T.);
#36450=ORIENTED_EDGE('',*,*,#36250,.T.);
#36460=ORIENTED_EDGE('',*,*,#27420,.T.);
#36470=ORIENTED_EDGE('',*,*,#24660,.T.);
#36480=ORIENTED_EDGE('',*,*,#25000,.T.);
#36490=ORIENTED_EDGE('',*,*,#22780,.T.);
#36500=ORIENTED_EDGE('',*,*,#31100,.F.);
#36510=EDGE_LOOP('',(#36500,#36490,#36480,#36470,#36460,#36450,#36440,
#36430));
#36520=FACE_OUTER_BOUND('',#36510,.T.);
#36530=ADVANCED_FACE('',(#36520),#36420,.F.);
#36540=COLOUR_RGB('',0.501960813999176,1.,0.501960813999176);
#36550=FILL_AREA_STYLE_COLOUR('',#36540);
#36560=FILL_AREA_STYLE('',(#36550));
#36570=SURFACE_STYLE_FILL_AREA(#36560);
#36580=SURFACE_SIDE_STYLE('',(#36570));
#36590=SURFACE_STYLE_USAGE(.BOTH.,#36580);
#36600=PRESENTATION_STYLE_ASSIGNMENT((#36590));
#36610=CARTESIAN_POINT('',(-98.8484938178724,64.2666923710639,0.));
#36620=DIRECTION('',(1.,4.73695157173382E-14,0.));
#36630=DIRECTION('',(4.73695157173382E-14,-1.,0.));
#36640=AXIS2_PLACEMENT_3D('',#36610,#36620,#36630);
#36650=PLANE('',#36640);
#36660=CARTESIAN_POINT('',(-98.8484938178719,55.066692371064,0.));
#36670=DIRECTION('',(0.,0.,1.));
#36680=VECTOR('',#36670,1.);
#36690=LINE('',#36660,#36680);
#36700=CARTESIAN_POINT('',(-98.8484938178719,55.066692371064,-13.52));
#36710=VERTEX_POINT('',#36700);
#36720=CARTESIAN_POINT('',(-98.8484938178719,55.066692371064,
-5.20502302128956));
#36730=VERTEX_POINT('',#36720);
#36740=EDGE_CURVE('',#36710,#36730,#36690,.T.);
#36750=ORIENTED_EDGE('',*,*,#36740,.T.);
#36760=CARTESIAN_POINT('',(-98.8484938178693,0.,-13.52));
#36770=DIRECTION('',(4.73695157173382E-14,-1.,-4.37028941492441E-27));
#36780=VECTOR('',#36770,1.);
#36790=LINE('',#36760,#36780);
#36800=CARTESIAN_POINT('',(-98.8484938178724,64.2666923710639,-13.52));
#36810=VERTEX_POINT('',#36800);
#36820=EDGE_CURVE('',#36810,#36710,#36790,.T.);
#36830=ORIENTED_EDGE('',*,*,#36820,.T.);
#36840=CARTESIAN_POINT('',(-98.8484938178724,64.2666923710639,0.));
#36850=DIRECTION('',(0.,0.,-1.));
#36860=VECTOR('',#36850,1.);
#36870=LINE('',#36840,#36860);
#36880=CARTESIAN_POINT('',(-98.8484938178724,64.2666923710639,
-5.20502302128952));
#36890=VERTEX_POINT('',#36880);
#36900=EDGE_CURVE('',#36890,#36810,#36870,.T.);
#36910=ORIENTED_EDGE('',*,*,#36900,.T.);
#36920=CARTESIAN_POINT('',(-98.8484938178693,0.,-5.20502302128974));
#36930=DIRECTION('',(-4.73695157173382E-14,1.,3.31543649758882E-15));
#36940=VECTOR('',#36930,1.);
#36950=LINE('',#36920,#36940);
#36960=EDGE_CURVE('',#36730,#36890,#36950,.T.);
#36970=ORIENTED_EDGE('',*,*,#36960,.T.);
#36980=EDGE_LOOP('',(#36970,#36910,#36830,#36750));
#36990=FACE_BOUND('',#36980,.T.);
#37000=CARTESIAN_POINT('',(-98.8484938178693,0.,4.00000000000004));
#37010=DIRECTION('',(4.73695157173382E-14,-1.,1.45150406560666E-28));
#37020=VECTOR('',#37010,1.);
#37030=LINE('',#37000,#37020);
#37040=CARTESIAN_POINT('',(-98.8484938178724,64.2666923710639,
4.00000000000004));
#37050=VERTEX_POINT('',#37040);
#37060=CARTESIAN_POINT('',(-98.8484938178719,55.066692371064,
4.00000000000004));
#37070=VERTEX_POINT('',#37060);
#37080=EDGE_CURVE('',#37050,#37070,#37030,.T.);
#37090=ORIENTED_EDGE('',*,*,#37080,.F.);
#37100=CARTESIAN_POINT('',(-98.8484938178719,55.066692371064,0.));
#37110=DIRECTION('',(0.,0.,-1.));
#37120=VECTOR('',#37110,1.);
#37130=LINE('',#37100,#37120);
#37140=CARTESIAN_POINT('',(-98.8484938178719,55.066692371064,
-4.31497697871043));
#37150=VERTEX_POINT('',#37140);
#37160=EDGE_CURVE('',#37070,#37150,#37130,.T.);
#37170=ORIENTED_EDGE('',*,*,#37160,.F.);
#37180=CARTESIAN_POINT('',(-98.8484938178693,0.,-4.31497697871026));
#37190=DIRECTION('',(-4.73695157173382E-14,1.,-3.31543649758463E-15));
#37200=VECTOR('',#37190,1.);
#37210=LINE('',#37180,#37200);
#37220=CARTESIAN_POINT('',(-98.8484938178724,64.2666923710639,
-4.31497697871047));
#37230=VERTEX_POINT('',#37220);
#37240=EDGE_CURVE('',#37150,#37230,#37210,.T.);
#37250=ORIENTED_EDGE('',*,*,#37240,.F.);
#37260=CARTESIAN_POINT('',(-98.8484938178724,64.2666923710639,0.));
#37270=DIRECTION('',(0.,0.,1.));
#37280=VECTOR('',#37270,1.);
#37290=LINE('',#37260,#37280);
#37300=EDGE_CURVE('',#37230,#37050,#37290,.T.);
#37310=ORIENTED_EDGE('',*,*,#37300,.F.);
#37320=EDGE_LOOP('',(#37310,#37250,#37170,#37090));
#37330=FACE_BOUND('',#37320,.T.);
#37340=ORIENTED_EDGE('',*,*,#26690,.F.);
#37350=ORIENTED_EDGE('',*,*,#31300,.F.);
#37360=ORIENTED_EDGE('',*,*,#28630,.T.);
#37370=ORIENTED_EDGE('',*,*,#21000,.T.);
#37380=EDGE_LOOP('',(#37370,#37360,#37350,#37340));
#37390=FACE_OUTER_BOUND('',#37380,.T.);
#37400=ADVANCED_FACE('',(#36990,#37330,#37390),#36650,.T.);
#37410=COLOUR_RGB('',0.501960813999176,1.,0.501960813999176);
#37420=FILL_AREA_STYLE_COLOUR('',#37410);
#37430=FILL_AREA_STYLE('',(#37420));
#37440=SURFACE_STYLE_FILL_AREA(#37430);
#37450=SURFACE_SIDE_STYLE('',(#37440));
#37460=SURFACE_STYLE_USAGE(.BOTH.,#37450);
#37470=PRESENTATION_STYLE_ASSIGNMENT((#37460));
#37480=CARTESIAN_POINT('',(-104.408493817872,62.5666923710639,0.));
#37490=DIRECTION('',(-0.965925826289062,0.258819045102545,0.));
#37500=DIRECTION('',(0.258819045102545,0.965925826289062,0.));
#37510=AXIS2_PLACEMENT_3D('',#37480,#37490,#37500);
#37520=PLANE('',#37510);
#37530=CARTESIAN_POINT('',(-121.173188511787,0.,-4.73137371300404));
#37540=DIRECTION('',(-0.256954423311779,-0.958966963029024,
-0.119819815387116));
#37550=VECTOR('',#37540,1.);
#37560=LINE('',#37530,#37550);
#37570=CARTESIAN_POINT('',(-104.052279609894,63.8961018936152,
3.25223722252476));
#37580=VERTEX_POINT('',#37570);
#37590=CARTESIAN_POINT('',(-104.123468641228,63.6304208117357,
3.21904123203718));
#37600=VERTEX_POINT('',#37590);
#37610=EDGE_CURVE('',#37580,#37600,#37560,.T.);
#37620=ORIENTED_EDGE('',*,*,#37610,.T.);
#37630=CARTESIAN_POINT('',(-104.052279609894,63.8961018936152,0.));
#37640=DIRECTION('',(0.,0.,-1.));
#37650=VECTOR('',#37640,1.);
#37660=LINE('',#37630,#37650);
#37670=CARTESIAN_POINT('',(-104.052279609894,63.8961018936152,
-3.25223722252462));
#37680=VERTEX_POINT('',#37670);
#37690=EDGE_CURVE('',#37580,#37680,#37660,.T.);
#37700=ORIENTED_EDGE('',*,*,#37690,.F.);
#37710=CARTESIAN_POINT('',(-121.173188511787,0.,4.73137371300464));
#37720=DIRECTION('',(0.256954423311779,0.958966963029023,
-0.119819815387123));
#37730=VECTOR('',#37720,1.);
#37740=LINE('',#37710,#37730);
#37750=CARTESIAN_POINT('',(-104.123468641228,63.6304208117358,
-3.21904123203701));
#37760=VERTEX_POINT('',#37750);
#37770=EDGE_CURVE('',#37760,#37680,#37740,.T.);
#37780=ORIENTED_EDGE('',*,*,#37770,.T.);
#37790=CARTESIAN_POINT('',(-121.173188511787,0.,33.3442010231377));
#37800=DIRECTION('',(0.226298136910135,0.844556144606717,
-0.485297920702366));
#37810=VECTOR('',#37800,1.);
#37820=LINE('',#37790,#37810);
#37830=CARTESIAN_POINT('',(-104.408493817872,62.566692371064,
-2.60780276820435));
#37840=VERTEX_POINT('',#37830);
#37850=EDGE_CURVE('',#37840,#37760,#37820,.T.);
#37860=ORIENTED_EDGE('',*,*,#37850,.T.);
#37870=CARTESIAN_POINT('',(-104.408493817872,62.566692371064,0.));
#37880=DIRECTION('',(0.,0.,1.));
#37890=VECTOR('',#37880,1.);
#37900=LINE('',#37870,#37890);
#37910=CARTESIAN_POINT('',(-104.408493817872,62.566692371064,
2.60780276820437));
#37920=VERTEX_POINT('',#37910);
#37930=EDGE_CURVE('',#37840,#37920,#37900,.T.);
#37940=ORIENTED_EDGE('',*,*,#37930,.F.);
#37950=CARTESIAN_POINT('',(-121.173188511787,0.,-33.3442010231362));
#37960=DIRECTION('',(-0.226298136910137,-0.844556144606725,
-0.485297920702351));
#37970=VECTOR('',#37960,1.);
#37980=LINE('',#37950,#37970);
#37990=EDGE_CURVE('',#37600,#37920,#37980,.T.);
#38000=ORIENTED_EDGE('',*,*,#37990,.T.);
#38010=EDGE_LOOP('',(#38000,#37940,#37860,#37780,#37700,#37620));
#38020=FACE_OUTER_BOUND('',#38010,.T.);
#38030=ADVANCED_FACE('',(#38020),#37520,.F.);
#38040=COLOUR_RGB('',0.501960813999176,1.,0.501960813999176);
#38050=FILL_AREA_STYLE_COLOUR('',#38040);
#38060=FILL_AREA_STYLE('',(#38050));
#38070=SURFACE_STYLE_FILL_AREA(#38060);
#38080=SURFACE_SIDE_STYLE('',(#38070));
#38090=SURFACE_STYLE_USAGE(.BOTH.,#38080);
#38100=PRESENTATION_STYLE_ASSIGNMENT((#38090));
#38110=CARTESIAN_POINT('',(-104.656898530433,62.5666923710639,
-0.754063782660812));
#38120=DIRECTION('',(-8.5265128291212E-14,1.,0.));
#38130=DIRECTION('',(-1.,-8.5265128291212E-14,0.));
#38140=AXIS2_PLACEMENT_3D('',#38110,#38120,#38130);
#38150=PLANE('',#38140);
#38160=CARTESIAN_POINT('',(-105.624532219644,62.5666923710639,0.));
#38170=DIRECTION('',(0.422618261740694,3.6054492724702E-14,
-0.906307787036652));
#38180=VECTOR('',#38170,1.);
#38190=LINE('',#38160,#38180);
#38200=CARTESIAN_POINT('',(-104.808493817873,62.5666923710639,-1.75));
#38210=VERTEX_POINT('',#38200);
#38220=EDGE_CURVE('',#38210,#37840,#38190,.T.);
#38230=ORIENTED_EDGE('',*,*,#38220,.T.);
#38240=CARTESIAN_POINT('',(-104.808493817873,62.5666923710639,0.));
#38250=DIRECTION('',(8.12048840868686E-15,6.92619874784048E-28,-1.));
#38260=VECTOR('',#38250,1.);
#38270=LINE('',#38240,#38260);
#38280=CARTESIAN_POINT('',(-104.808493817873,62.5666923710639,1.75));
#38290=VERTEX_POINT('',#38280);
#38300=EDGE_CURVE('',#38290,#38210,#38270,.T.);
#38310=ORIENTED_EDGE('',*,*,#38300,.T.);
#38320=CARTESIAN_POINT('',(-105.624532219644,62.5666923710639,0.));
#38330=DIRECTION('',(-0.422618261740708,-3.60267371490863E-14,
-0.906307787036646));
#38340=VECTOR('',#38330,1.);
#38350=LINE('',#38320,#38340);
#38360=EDGE_CURVE('',#37920,#38290,#38350,.T.);
#38370=ORIENTED_EDGE('',*,*,#38360,.T.);
#38380=ORIENTED_EDGE('',*,*,#37930,.T.);
#38390=EDGE_LOOP('',(#38380,#38370,#38310,#38230));
#38400=FACE_OUTER_BOUND('',#38390,.T.);
#38410=ADVANCED_FACE('',(#38400),#38150,.F.);
#38420=COLOUR_RGB('',0.501960813999176,1.,0.501960813999176);
#38430=FILL_AREA_STYLE_COLOUR('',#38420);
#38440=FILL_AREA_STYLE('',(#38430));
#38450=SURFACE_STYLE_FILL_AREA(#38440);
#38460=SURFACE_SIDE_STYLE('',(#38450));
#38470=SURFACE_STYLE_USAGE(.BOTH.,#38460);
#38480=PRESENTATION_STYLE_ASSIGNMENT((#38470));
#38490=CARTESIAN_POINT('',(-104.808493817872,58.1666923710639,1.75));
#38500=DIRECTION('',(-1.,-8.5265128291212E-14,-8.12048840868686E-15));
#38510=DIRECTION('',(8.12048840868686E-15,6.92394485953985E-28,-1.));
#38520=AXIS2_PLACEMENT_3D('',#38490,#38500,#38510);
#38530=PLANE('',#38520);
#38540=CARTESIAN_POINT('',(-104.808493817872,58.1666923710639,-1.75));
#38550=DIRECTION('',(-8.12048840868686E-15,-6.92394485953985E-28,1.));
#38560=VECTOR('',#38550,1.);
#38570=LINE('',#38540,#38560);
#38580=CARTESIAN_POINT('',(-104.808493817872,58.1666923710639,-1.75));
#38590=VERTEX_POINT('',#38580);
#38600=CARTESIAN_POINT('',(-104.808493817872,58.1666923710639,1.75));
#38610=VERTEX_POINT('',#38600);
#38620=EDGE_CURVE('',#38590,#38610,#38570,.T.);
#38630=ORIENTED_EDGE('',*,*,#38620,.F.);
#38640=CARTESIAN_POINT('',(-104.808493817872,58.1666923710639,1.75));
#38650=DIRECTION('',(-8.5265128291212E-14,1.,0.));
#38660=VECTOR('',#38650,1.);
#38670=LINE('',#38640,#38660);
#38680=EDGE_CURVE('',#38610,#38290,#38670,.T.);
#38690=ORIENTED_EDGE('',*,*,#38680,.F.);
#38700=ORIENTED_EDGE('',*,*,#38300,.F.);
#38710=CARTESIAN_POINT('',(-104.808493817872,58.1666923710639,-1.75));
#38720=DIRECTION('',(-8.5265128291212E-14,1.,0.));
#38730=VECTOR('',#38720,1.);
#38740=LINE('',#38710,#38730);
#38750=EDGE_CURVE('',#38590,#38210,#38740,.T.);
#38760=ORIENTED_EDGE('',*,*,#38750,.T.);
#38770=EDGE_LOOP('',(#38760,#38700,#38690,#38630));
#38780=FACE_OUTER_BOUND('',#38770,.T.);
#38790=ADVANCED_FACE('',(#38780),#38530,.F.);
#38800=COLOUR_RGB('',0.501960813999176,1.,0.501960813999176);
#38810=FILL_AREA_STYLE_COLOUR('',#38800);
#38820=FILL_AREA_STYLE('',(#38810));
#38830=SURFACE_STYLE_FILL_AREA(#38820);
#38840=SURFACE_SIDE_STYLE('',(#38830));
#38850=SURFACE_STYLE_USAGE(.BOTH.,#38840);
#38860=PRESENTATION_STYLE_ASSIGNMENT((#38850));
#38870=CARTESIAN_POINT('',(-104.408493817872,58.166692371064,0.));
#38880=DIRECTION('',(-0.742102642751152,-0.670286257968755,-0.));
#38890=DIRECTION('',(-0.670286257968755,0.742102642751152,0.));
#38900=AXIS2_PLACEMENT_3D('',#38870,#38880,#38890);
#38910=PLANE('',#38900);
#38920=CARTESIAN_POINT('',(-105.624532219644,59.5130206015964,0.));
#38930=DIRECTION('',(-0.382788608617452,0.423801673826482,
0.820892820272286));
#38940=VECTOR('',#38930,1.);
#38950=LINE('',#38920,#38940);
#38960=CARTESIAN_POINT('',(-104.123468641228,57.8511287826362,
-3.21904123203695));
#38970=VERTEX_POINT('',#38960);
#38980=CARTESIAN_POINT('',(-104.408493817872,58.166692371064,
-2.60780276820354));
#38990=VERTEX_POINT('',#38980);
#39000=EDGE_CURVE('',#38970,#38990,#38950,.T.);
#39010=ORIENTED_EDGE('',*,*,#39000,.T.);
#39020=CARTESIAN_POINT('',(-51.8708361923973,0.,-27.584843901683));
#39030=DIRECTION('',(-0.639763953566049,0.708310091448155,
0.298326830959343));
#39040=VECTOR('',#39030,1.);
#39050=LINE('',#39020,#39040);
#39060=CARTESIAN_POINT('',(-102.448697158698,55.9969174984071,
-3.99999999999995));
#39070=VERTEX_POINT('',#39060);
#39080=EDGE_CURVE('',#39070,#38970,#39050,.T.);
#39090=ORIENTED_EDGE('',*,*,#39080,.T.);
#39100=CARTESIAN_POINT('',(-51.8708361923973,0.,-8.42498945994149));
#39110=DIRECTION('',(-0.66913668605592,0.740829902419085,
0.0585418743791963));
#39120=VECTOR('',#39110,1.);
#39130=LINE('',#39100,#39120);
#39140=CARTESIAN_POINT('',(-101.608493817872,55.066692371064,
-4.07350826737883));
#39150=VERTEX_POINT('',#39140);
#39160=EDGE_CURVE('',#39150,#39070,#39130,.T.);
#39170=ORIENTED_EDGE('',*,*,#39160,.T.);
#39180=CARTESIAN_POINT('',(-101.608493817872,55.066692371064,0.));
#39190=DIRECTION('',(0.,0.,-1.));
#39200=VECTOR('',#39190,1.);
#39210=LINE('',#39180,#39200);
#39220=CARTESIAN_POINT('',(-101.608493817872,55.066692371064,
4.00000000000005));
#39230=VERTEX_POINT('',#39220);
#39240=EDGE_CURVE('',#39230,#39150,#39210,.T.);
#39250=ORIENTED_EDGE('',*,*,#39240,.T.);
#39260=CARTESIAN_POINT('',(-51.8708361923973,0.,3.99999999999985));
#39270=DIRECTION('',(0.670286257968755,-0.742102642751152,
-2.692290834716E-15));
#39280=VECTOR('',#39270,1.);
#39290=LINE('',#39260,#39280);
#39300=CARTESIAN_POINT('',(-102.448697158698,55.9969174984071,
4.00000000000005));
#39310=VERTEX_POINT('',#39300);
#39320=EDGE_CURVE('',#39310,#39230,#39290,.T.);
#39330=ORIENTED_EDGE('',*,*,#39320,.T.);
#39340=CARTESIAN_POINT('',(-51.8708361923973,0.,27.5848439016817));
#39350=DIRECTION('',(0.639763953566052,-0.708310091448159,
0.298326830959327));
#39360=VECTOR('',#39350,1.);
#39370=LINE('',#39340,#39360);
#39380=CARTESIAN_POINT('',(-104.123468641228,57.8511287826361,
3.21904123203714));
#39390=VERTEX_POINT('',#39380);
#39400=EDGE_CURVE('',#39390,#39310,#39370,.T.);
#39410=ORIENTED_EDGE('',*,*,#39400,.T.);
#39420=CARTESIAN_POINT('',(-105.624532219644,59.5130206015965,0.));
#39430=DIRECTION('',(0.382788608617462,-0.423801673826494,
0.820892820272275));
#39440=VECTOR('',#39430,1.);
#39450=LINE('',#39420,#39440);
#39460=CARTESIAN_POINT('',(-104.408493817872,58.166692371064,
2.60780276820357));
#39470=VERTEX_POINT('',#39460);
#39480=EDGE_CURVE('',#39470,#39390,#39450,.T.);
#39490=ORIENTED_EDGE('',*,*,#39480,.T.);
#39500=CARTESIAN_POINT('',(-104.408493817872,58.166692371064,0.));
#39510=DIRECTION('',(0.,0.,-1.));
#39520=VECTOR('',#39510,1.);
#39530=LINE('',#39500,#39520);
#39540=EDGE_CURVE('',#39470,#38990,#39530,.T.);
#39550=ORIENTED_EDGE('',*,*,#39540,.F.);
#39560=EDGE_LOOP('',(#39550,#39490,#39410,#39330,#39250,#39170,#39090,
#39010));
#39570=FACE_OUTER_BOUND('',#39560,.T.);
#39580=ADVANCED_FACE('',(#39570),#38910,.F.);
#39590=COLOUR_RGB('',0.501960813999176,1.,0.501960813999176);
#39600=FILL_AREA_STYLE_COLOUR('',#39590);
#39610=FILL_AREA_STYLE('',(#39600));
#39620=SURFACE_STYLE_FILL_AREA(#39610);
#39630=SURFACE_SIDE_STYLE('',(#39620));
#39640=SURFACE_STYLE_USAGE(.BOTH.,#39630);
#39650=PRESENTATION_STYLE_ASSIGNMENT((#39640));
#39660=CARTESIAN_POINT('',(-101.608493817873,58.1666923710642,
-4.07350826737883));
#39670=DIRECTION('',(-0.0871557427476635,-7.4313455866954E-15,
-0.996194698091745));
#39680=DIRECTION('',(0.996194698091745,8.49406687358179E-14,
-0.0871557427476635));
#39690=AXIS2_PLACEMENT_3D('',#39660,#39670,#39680);
#39700=PLANE('',#39690);
#39710=CARTESIAN_POINT('',(0.,55.066692371064,-12.9630995943871));
#39720=DIRECTION('',(-0.996194698091745,0.,0.0871557427476635));
#39730=VECTOR('',#39720,1.);
#39740=LINE('',#39710,#39730);
#39750=EDGE_CURVE('',#37150,#39150,#39740,.T.);
#39760=ORIENTED_EDGE('',*,*,#39750,.F.);
#39770=ORIENTED_EDGE('',*,*,#39160,.F.);
#39780=CARTESIAN_POINT('',(-102.448697158694,0.,-3.99999999999995));
#39790=DIRECTION('',(8.39253486795646E-14,-1.,1.1721552764232E-16));
#39800=VECTOR('',#39790,1.);
#39810=LINE('',#39780,#39800);
#39820=CARTESIAN_POINT('',(-102.448697158699,64.2666923710639,
-3.99999999999995));
#39830=VERTEX_POINT('',#39820);
#39840=EDGE_CURVE('',#39830,#39070,#39810,.T.);
#39850=ORIENTED_EDGE('',*,*,#39840,.T.);
#39860=CARTESIAN_POINT('',(0.,64.2666923710639,-12.9630995943872));
#39870=DIRECTION('',(-0.996194698091745,0.,0.0871557427476635));
#39880=VECTOR('',#39870,1.);
#39890=LINE('',#39860,#39880);
#39900=EDGE_CURVE('',#37230,#39830,#39890,.T.);
#39910=ORIENTED_EDGE('',*,*,#39900,.T.);
#39920=ORIENTED_EDGE('',*,*,#37240,.T.);
#39930=EDGE_LOOP('',(#39920,#39910,#39850,#39770,#39760));
#39940=FACE_OUTER_BOUND('',#39930,.T.);
#39950=ADVANCED_FACE('',(#39940),#39700,.F.);
#39960=COLOUR_RGB('',0.501960813999176,1.,0.501960813999176);
#39970=FILL_AREA_STYLE_COLOUR('',#39960);
#39980=FILL_AREA_STYLE('',(#39970));
#39990=SURFACE_STYLE_FILL_AREA(#39980);
#40000=SURFACE_SIDE_STYLE('',(#39990));
#40010=SURFACE_STYLE_USAGE(.BOTH.,#40000);
#40020=PRESENTATION_STYLE_ASSIGNMENT((#40010));
#40030=CARTESIAN_POINT('',(-103.56931669675,63.7666923710639,1.7));
#40040=DIRECTION('',(0.,0.,1.));
#40050=DIRECTION('',(1.,0.,0.));
#40060=AXIS2_PLACEMENT_3D('',#40030,#40040,#40050);
#40070=CYLINDRICAL_SURFACE('',#40060,0.5);
#40080=CARTESIAN_POINT('',(-103.56931669675,63.7666923710639,
-3.4774465275287));
#40090=DIRECTION('',(-0.422618261740704,-3.60346003055301E-14,
-0.906307787036648));
#40100=DIRECTION('',(0.906307787036648,7.72764497330043E-14,
-0.422618261740704));
#40110=AXIS2_PLACEMENT_3D('',#40080,#40090,#40100);
#40120=ELLIPSE('',#40110,0.551688959481247,0.5);
#40130=CARTESIAN_POINT('',(-103.56931669675,64.2666923710639,
-3.47744652752872));
#40140=VERTEX_POINT('',#40130);
#40150=EDGE_CURVE('',#37680,#40140,#40120,.T.);
#40160=ORIENTED_EDGE('',*,*,#40150,.T.);
#40170=ORIENTED_EDGE('',*,*,#37690,.T.);
#40180=CARTESIAN_POINT('',(-103.56931669675,63.7666923710639,
3.47744652752883));
#40190=DIRECTION('',(-0.422618261740683,-3.60346003055284E-14,
0.906307787036657));
#40200=DIRECTION('',(-0.906307787036657,-7.72764497330051E-14,
-0.422618261740683));
#40210=AXIS2_PLACEMENT_3D('',#40180,#40190,#40200);
#40220=ELLIPSE('',#40210,0.551688959481241,0.5);
#40230=CARTESIAN_POINT('',(-103.56931669675,64.2666923710639,
3.47744652752885));
#40240=VERTEX_POINT('',#40230);
#40250=EDGE_CURVE('',#40240,#37580,#40220,.T.);
#40260=ORIENTED_EDGE('',*,*,#40250,.T.);
#40270=CARTESIAN_POINT('',(-103.56931669675,64.2666923710639,0.));
#40280=DIRECTION('',(0.,0.,-1.));
#40290=VECTOR('',#40280,1.);
#40300=LINE('',#40270,#40290);
#40310=EDGE_CURVE('',#40240,#40140,#40300,.T.);
#40320=ORIENTED_EDGE('',*,*,#40310,.F.);
#40330=EDGE_LOOP('',(#40320,#40260,#40170,#40160));
#40340=FACE_OUTER_BOUND('',#40330,.T.);
#40350=ADVANCED_FACE('',(#40340),#40070,.F.);
#40360=COLOUR_RGB('',0.501960813999176,1.,0.501960813999176);
#40370=FILL_AREA_STYLE_COLOUR('',#40360);
#40380=FILL_AREA_STYLE('',(#40370));
#40390=SURFACE_STYLE_FILL_AREA(#40380);
#40400=SURFACE_SIDE_STYLE('',(#40390));
#40410=SURFACE_STYLE_USAGE(.BOTH.,#40400);
#40420=PRESENTATION_STYLE_ASSIGNMENT((#40410));
#40430=CARTESIAN_POINT('',(-102.448697158699,64.2666923710639,1.7));
#40440=DIRECTION('',(0.,1.,-0.));
#40450=DIRECTION('',(-1.,0.,0.));
#40460=AXIS2_PLACEMENT_3D('',#40430,#40440,#40450);
#40470=PLANE('',#40460);
#40480=CARTESIAN_POINT('',(0.,64.266692371064,51.7726120531015));
#40490=DIRECTION('',(0.906307787036657,0.,0.422618261740683));
#40500=VECTOR('',#40490,1.);
#40510=LINE('',#40480,#40500);
#40520=CARTESIAN_POINT('',(-102.448697158699,64.2666923710639,
4.00000000000005));
#40530=VERTEX_POINT('',#40520);
#40540=EDGE_CURVE('',#40240,#40530,#40510,.T.);
#40550=ORIENTED_EDGE('',*,*,#40540,.F.);
#40560=CARTESIAN_POINT('',(0.,64.2666923710639,3.99999999999965));
#40570=DIRECTION('',(1.,0.,-3.94723668911984E-15));
#40580=VECTOR('',#40570,1.);
#40590=LINE('',#40560,#40580);
#40600=EDGE_CURVE('',#40530,#37050,#40590,.T.);
#40610=ORIENTED_EDGE('',*,*,#40600,.F.);
#40620=ORIENTED_EDGE('',*,*,#37300,.T.);
#40630=ORIENTED_EDGE('',*,*,#39900,.F.);
#40640=CARTESIAN_POINT('',(0.,64.2666923710639,-51.7726120531042));
#40650=DIRECTION('',(-0.906307787036648,0.,0.422618261740703));
#40660=VECTOR('',#40650,1.);
#40670=LINE('',#40640,#40660);
#40680=EDGE_CURVE('',#39830,#40140,#40670,.T.);
#40690=ORIENTED_EDGE('',*,*,#40680,.F.);
#40700=ORIENTED_EDGE('',*,*,#40310,.T.);
#40710=EDGE_LOOP('',(#40700,#40690,#40630,#40620,#40610,#40550));
#40720=FACE_OUTER_BOUND('',#40710,.T.);
#40730=ADVANCED_FACE('',(#40720),#40470,.F.);
#40740=COLOUR_RGB('',0.501960813999176,1.,0.501960813999176);
#40750=FILL_AREA_STYLE_COLOUR('',#40740);
#40760=FILL_AREA_STYLE('',(#40750));
#40770=SURFACE_STYLE_FILL_AREA(#40760);
#40780=SURFACE_SIDE_STYLE('',(#40770));
#40790=SURFACE_STYLE_USAGE(.BOTH.,#40780);
#40800=PRESENTATION_STYLE_ASSIGNMENT((#40790));
#40810=CARTESIAN_POINT('',(-104.123468641228,58.166692371064,
3.21904123203714));
#40820=DIRECTION('',(-0.422618261740683,-3.60346003055284E-14,
0.906307787036657));
#40830=DIRECTION('',(-0.906307787036657,-7.72764497330051E-14,
-0.422618261740683));
#40840=AXIS2_PLACEMENT_3D('',#40810,#40820,#40830);
#40850=PLANE('',#40840);
#40860=ORIENTED_EDGE('',*,*,#39400,.F.);
#40870=CARTESIAN_POINT('',(-102.448697158694,0.,4.00000000000005));
#40880=DIRECTION('',(-8.39253486795646E-14,1.,0.));
#40890=VECTOR('',#40880,1.);
#40900=LINE('',#40870,#40890);
#40910=EDGE_CURVE('',#39310,#40530,#40900,.T.);
#40920=ORIENTED_EDGE('',*,*,#40910,.F.);
#40930=ORIENTED_EDGE('',*,*,#40540,.T.);
#40940=ORIENTED_EDGE('',*,*,#40250,.F.);
#40950=ORIENTED_EDGE('',*,*,#37610,.F.);
#40960=CARTESIAN_POINT('',(-104.123468641223,0.,3.21904123203713));
#40970=DIRECTION('',(8.5265128291212E-14,-1.,-9.81799765064792E-30));
#40980=VECTOR('',#40970,1.);
#40990=LINE('',#40960,#40980);
#41000=EDGE_CURVE('',#37600,#39390,#40990,.T.);
#41010=ORIENTED_EDGE('',*,*,#41000,.F.);
#41020=EDGE_LOOP('',(#41010,#40950,#40940,#40930,#40920,#40860));
#41030=FACE_OUTER_BOUND('',#41020,.T.);
#41040=ADVANCED_FACE('',(#41030),#40850,.F.);
#41050=COLOUR_RGB('',0.501960813999176,1.,0.501960813999176);
#41060=FILL_AREA_STYLE_COLOUR('',#41050);
#41070=FILL_AREA_STYLE('',(#41060));
#41080=SURFACE_STYLE_FILL_AREA(#41070);
#41090=SURFACE_SIDE_STYLE('',(#41080));
#41100=SURFACE_STYLE_USAGE(.BOTH.,#41090);
#41110=PRESENTATION_STYLE_ASSIGNMENT((#41100));
#41120=CARTESIAN_POINT('',(-98.8484938178722,58.1666923710644,
4.00000000000004));
#41130=DIRECTION('',(3.94723668911984E-15,3.36561642693582E-28,1.));
#41140=DIRECTION('',(-1.,-8.5265128291212E-14,3.94723668911984E-15));
#41150=AXIS2_PLACEMENT_3D('',#41120,#41130,#41140);
#41160=PLANE('',#41150);
#41170=ORIENTED_EDGE('',*,*,#39320,.F.);
#41180=CARTESIAN_POINT('',(0.,55.066692371064,3.99999999999965));
#41190=DIRECTION('',(1.,0.,-3.94723668911984E-15));
#41200=VECTOR('',#41190,1.);
#41210=LINE('',#41180,#41200);
#41220=EDGE_CURVE('',#39230,#37070,#41210,.T.);
#41230=ORIENTED_EDGE('',*,*,#41220,.F.);
#41240=ORIENTED_EDGE('',*,*,#37080,.T.);
#41250=ORIENTED_EDGE('',*,*,#40600,.T.);
#41260=ORIENTED_EDGE('',*,*,#40910,.T.);
#41270=EDGE_LOOP('',(#41260,#41250,#41240,#41230,#41170));
#41280=FACE_OUTER_BOUND('',#41270,.T.);
#41290=ADVANCED_FACE('',(#41280),#41160,.F.);
#41300=COLOUR_RGB('',0.501960813999176,1.,0.501960813999176);
#41310=FILL_AREA_STYLE_COLOUR('',#41300);
#41320=FILL_AREA_STYLE('',(#41310));
#41330=SURFACE_STYLE_FILL_AREA(#41320);
#41340=SURFACE_SIDE_STYLE('',(#41330));
#41350=SURFACE_STYLE_USAGE(.BOTH.,#41340);
#41360=PRESENTATION_STYLE_ASSIGNMENT((#41350));
#41370=CARTESIAN_POINT('',(-101.608493817872,55.066692371064,0.));
#41380=DIRECTION('',(-0.,-1.,-0.));
#41390=DIRECTION('',(-1.,0.,0.));
#41400=AXIS2_PLACEMENT_3D('',#41370,#41380,#41390);
#41410=PLANE('',#41400);
#41420=ORIENTED_EDGE('',*,*,#41220,.T.);
#41430=ORIENTED_EDGE('',*,*,#39240,.F.);
#41440=ORIENTED_EDGE('',*,*,#39750,.T.);
#41450=ORIENTED_EDGE('',*,*,#37160,.T.);
#41460=EDGE_LOOP('',(#41450,#41440,#41430,#41420));
#41470=FACE_OUTER_BOUND('',#41460,.T.);
#41480=ADVANCED_FACE('',(#41470),#41410,.F.);
#41490=COLOUR_RGB('',0.501960813999176,1.,0.501960813999176);
#41500=FILL_AREA_STYLE_COLOUR('',#41490);
#41510=FILL_AREA_STYLE('',(#41500));
#41520=SURFACE_STYLE_FILL_AREA(#41510);
#41530=SURFACE_SIDE_STYLE('',(#41520));
#41540=SURFACE_STYLE_USAGE(.BOTH.,#41530);
#41550=PRESENTATION_STYLE_ASSIGNMENT((#41540));
#41560=CARTESIAN_POINT('',(-104.123468641228,58.166692371064,
3.21904123203714));
#41570=DIRECTION('',(-0.906307787036646,-7.72764497330041E-14,
0.422618261740708));
#41580=DIRECTION('',(-0.422618261740708,-3.60346003055305E-14,
-0.906307787036646));
#41590=AXIS2_PLACEMENT_3D('',#41560,#41570,#41580);
#41600=PLANE('',#41590);
#41610=ORIENTED_EDGE('',*,*,#37990,.F.);
#41620=ORIENTED_EDGE('',*,*,#38360,.F.);
#41630=ORIENTED_EDGE('',*,*,#38680,.T.);
#41640=CARTESIAN_POINT('',(-104.808493817872,58.1666923710639,1.75));
#41650=DIRECTION('',(0.422618261740708,3.60346003055305E-14,
0.906307787036646));
#41660=VECTOR('',#41650,1.);
#41670=LINE('',#41640,#41660);
#41680=EDGE_CURVE('',#38610,#39470,#41670,.T.);
#41690=ORIENTED_EDGE('',*,*,#41680,.F.);
#41700=ORIENTED_EDGE('',*,*,#39480,.F.);
#41710=ORIENTED_EDGE('',*,*,#41000,.T.);
#41720=EDGE_LOOP('',(#41710,#41700,#41690,#41630,#41620,#41610));
#41730=FACE_OUTER_BOUND('',#41720,.T.);
#41740=ADVANCED_FACE('',(#41730),#41600,.F.);
#41750=COLOUR_RGB('',0.501960813999176,1.,0.501960813999176);
#41760=FILL_AREA_STYLE_COLOUR('',#41750);
#41770=FILL_AREA_STYLE('',(#41760));
#41780=SURFACE_STYLE_FILL_AREA(#41770);
#41790=SURFACE_SIDE_STYLE('',(#41780));
#41800=SURFACE_STYLE_USAGE(.BOTH.,#41790);
#41810=PRESENTATION_STYLE_ASSIGNMENT((#41800));
#41820=CARTESIAN_POINT('',(-104.123468641228,58.166692371064,
-3.21904123203695));
#41830=DIRECTION('',(-0.422618261740704,-3.60346003055301E-14,
-0.906307787036648));
#41840=DIRECTION('',(0.906307787036648,7.72764497330043E-14,
-0.422618261740704));
#41850=AXIS2_PLACEMENT_3D('',#41820,#41830,#41840);
#41860=PLANE('',#41850);
#41870=ORIENTED_EDGE('',*,*,#39080,.F.);
#41880=CARTESIAN_POINT('',(-104.123468641228,58.166692371064,
-3.21904123203695));
#41890=DIRECTION('',(-8.5265128291212E-14,1.,0.));
#41900=VECTOR('',#41890,1.);
#41910=LINE('',#41880,#41900);
#41920=EDGE_CURVE('',#38970,#37760,#41910,.T.);
#41930=ORIENTED_EDGE('',*,*,#41920,.F.);
#41940=ORIENTED_EDGE('',*,*,#37770,.F.);
#41950=ORIENTED_EDGE('',*,*,#40150,.F.);
#41960=ORIENTED_EDGE('',*,*,#40680,.T.);
#41970=ORIENTED_EDGE('',*,*,#39840,.F.);
#41980=EDGE_LOOP('',(#41970,#41960,#41950,#41940,#41930,#41870));
#41990=FACE_OUTER_BOUND('',#41980,.T.);
#42000=ADVANCED_FACE('',(#41990),#41860,.F.);
#42010=COLOUR_RGB('',0.501960813999176,1.,0.501960813999176);
#42020=FILL_AREA_STYLE_COLOUR('',#42010);
#42030=FILL_AREA_STYLE('',(#42020));
#42040=SURFACE_STYLE_FILL_AREA(#42030);
#42050=SURFACE_SIDE_STYLE('',(#42040));
#42060=SURFACE_STYLE_USAGE(.BOTH.,#42050);
#42070=PRESENTATION_STYLE_ASSIGNMENT((#42060));
#42080=CARTESIAN_POINT('',(-104.808493817872,58.1666923710639,-1.75));
#42090=DIRECTION('',(-0.906307787036652,-7.72764497330046E-14,
-0.422618261740694));
#42100=DIRECTION('',(0.422618261740694,3.60346003055293E-14,
-0.906307787036652));
#42110=AXIS2_PLACEMENT_3D('',#42080,#42090,#42100);
#42120=PLANE('',#42110);
#42130=ORIENTED_EDGE('',*,*,#39000,.F.);
#42140=CARTESIAN_POINT('',(-104.123468641228,58.166692371064,
-3.21904123203695));
#42150=DIRECTION('',(-0.422618261740694,-3.60346003055293E-14,
0.906307787036652));
#42160=VECTOR('',#42150,1.);
#42170=LINE('',#42140,#42160);
#42180=EDGE_CURVE('',#38990,#38590,#42170,.T.);
#42190=ORIENTED_EDGE('',*,*,#42180,.F.);
#42200=ORIENTED_EDGE('',*,*,#38750,.F.);
#42210=ORIENTED_EDGE('',*,*,#38220,.F.);
#42220=ORIENTED_EDGE('',*,*,#37850,.F.);
#42230=ORIENTED_EDGE('',*,*,#41920,.T.);
#42240=EDGE_LOOP('',(#42230,#42220,#42210,#42200,#42190,#42130));
#42250=FACE_OUTER_BOUND('',#42240,.T.);
#42260=ADVANCED_FACE('',(#42250),#42120,.F.);
#42270=COLOUR_RGB('',0.501960813999176,1.,0.501960813999176);
#42280=FILL_AREA_STYLE_COLOUR('',#42270);
#42290=FILL_AREA_STYLE('',(#42280));
#42300=SURFACE_STYLE_FILL_AREA(#42290);
#42310=SURFACE_SIDE_STYLE('',(#42300));
#42320=SURFACE_STYLE_USAGE(.BOTH.,#42310);
#42330=PRESENTATION_STYLE_ASSIGNMENT((#42320));
#42340=CARTESIAN_POINT('',(-104.656898530433,58.1666923710639,
-0.754063782660812));
#42350=DIRECTION('',(-8.5265128291212E-14,1.,0.));
#42360=DIRECTION('',(-1.,-8.5265128291212E-14,0.));
#42370=AXIS2_PLACEMENT_3D('',#42340,#42350,#42360);
#42380=PLANE('',#42370);
#42390=ORIENTED_EDGE('',*,*,#41680,.T.);
#42400=ORIENTED_EDGE('',*,*,#38620,.T.);
#42410=ORIENTED_EDGE('',*,*,#42180,.T.);
#42420=ORIENTED_EDGE('',*,*,#39540,.T.);
#42430=EDGE_LOOP('',(#42420,#42410,#42400,#42390));
#42440=FACE_OUTER_BOUND('',#42430,.T.);
#42450=ADVANCED_FACE('',(#42440),#42380,.T.);
#42460=COLOUR_RGB('',0.501960813999176,1.,0.501960813999176);
#42470=FILL_AREA_STYLE_COLOUR('',#42460);
#42480=FILL_AREA_STYLE('',(#42470));
#42490=SURFACE_STYLE_FILL_AREA(#42480);
#42500=SURFACE_SIDE_STYLE('',(#42490));
#42510=SURFACE_STYLE_USAGE(.BOTH.,#42500);
#42520=PRESENTATION_STYLE_ASSIGNMENT((#42510));
#42530=CARTESIAN_POINT('',(-101.608493817873,55.066692371064,
-9.51999999999976));
#42540=DIRECTION('',(0.,1.,-0.));
#42550=DIRECTION('',(-1.,0.,8.91056413556934E-14));
#42560=AXIS2_PLACEMENT_3D('',#42530,#42540,#42550);
#42570=PLANE('',#42560);
#42580=ORIENTED_EDGE('',*,*,#36740,.F.);
#42590=CARTESIAN_POINT('',(7.38964445190504E-13,55.066692371064,
3.44309959437833));
#42600=DIRECTION('',(-0.996194698091753,0.,-0.0871557427475748));
#42610=VECTOR('',#42600,1.);
#42620=LINE('',#42590,#42610);
#42630=CARTESIAN_POINT('',(-101.608493817872,55.066692371064,
-5.44649173262092));
#42640=VERTEX_POINT('',#42630);
#42650=EDGE_CURVE('',#36730,#42640,#42620,.T.);
#42660=ORIENTED_EDGE('',*,*,#42650,.F.);
#42670=CARTESIAN_POINT('',(-101.608493817873,55.066692371064,
-9.51999999999976));
#42680=DIRECTION('',(8.91056413556934E-14,0.,1.));
#42690=VECTOR('',#42680,1.);
#42700=LINE('',#42670,#42690);
#42710=CARTESIAN_POINT('',(-101.608493817873,55.066692371064,
-13.5199999999998));
#42720=VERTEX_POINT('',#42710);
#42730=EDGE_CURVE('',#42720,#42640,#42700,.T.);
#42740=ORIENTED_EDGE('',*,*,#42730,.T.);
#42750=CARTESIAN_POINT('',(-7.95807864051312E-13,55.066692371064,
-13.5200000000085));
#42760=DIRECTION('',(1.,0.,-8.51584046665736E-14));
#42770=VECTOR('',#42760,1.);
#42780=LINE('',#42750,#42770);
#42790=EDGE_CURVE('',#42720,#36710,#42780,.T.);
#42800=ORIENTED_EDGE('',*,*,#42790,.F.);
#42810=EDGE_LOOP('',(#42800,#42740,#42660,#42580));
#42820=FACE_OUTER_BOUND('',#42810,.T.);
#42830=ADVANCED_FACE('',(#42820),#42570,.T.);
#42840=COLOUR_RGB('',0.501960813999176,1.,0.501960813999176);
#42850=FILL_AREA_STYLE_COLOUR('',#42840);
#42860=FILL_AREA_STYLE('',(#42850));
#42870=SURFACE_STYLE_FILL_AREA(#42860);
#42880=SURFACE_SIDE_STYLE('',(#42870));
#42890=SURFACE_STYLE_USAGE(.BOTH.,#42880);
#42900=PRESENTATION_STYLE_ASSIGNMENT((#42890));
#42910=CARTESIAN_POINT('',(-104.808493817873,58.1666923710639,
-11.2699999999995));
#42920=DIRECTION('',(1.,8.5265128291212E-14,-9.72261297643803E-14));
#42930=DIRECTION('',(9.72261297643803E-14,6.92394485953985E-28,1.));
#42940=AXIS2_PLACEMENT_3D('',#42910,#42920,#42930);
#42950=PLANE('',#42940);
#42960=CARTESIAN_POINT('',(-104.808493817872,58.1666923710639,
-7.76999999999947));
#42970=DIRECTION('',(-8.5265128291212E-14,1.,7.59760394166393E-27));
#42980=VECTOR('',#42970,1.);
#42990=LINE('',#42960,#42980);
#43000=CARTESIAN_POINT('',(-104.808493817872,58.1666923710639,
-7.76999999999947));
#43010=VERTEX_POINT('',#43000);
#43020=CARTESIAN_POINT('',(-104.808493817873,62.5666923710639,
-7.76999999999947));
#43030=VERTEX_POINT('',#43020);
#43040=EDGE_CURVE('',#43010,#43030,#42990,.T.);
#43050=ORIENTED_EDGE('',*,*,#43040,.F.);
#43060=CARTESIAN_POINT('',(-104.808493817873,62.5666923710639,
-9.51999999999947));
#43070=DIRECTION('',(9.72261297643803E-14,6.92619874784048E-28,1.));
#43080=VECTOR('',#43070,1.);
#43090=LINE('',#43060,#43080);
#43100=CARTESIAN_POINT('',(-104.808493817873,62.5666923710639,
-11.2699999999995));
#43110=VERTEX_POINT('',#43100);
#43120=EDGE_CURVE('',#43110,#43030,#43090,.T.);
#43130=ORIENTED_EDGE('',*,*,#43120,.T.);
#43140=CARTESIAN_POINT('',(-104.808493817873,58.1666923710639,
-11.2699999999995));
#43150=DIRECTION('',(-8.5265128291212E-14,1.,7.59760394166393E-27));
#43160=VECTOR('',#43150,1.);
#43170=LINE('',#43140,#43160);
#43180=CARTESIAN_POINT('',(-104.808493817873,58.1666923710639,
-11.2699999999995));
#43190=VERTEX_POINT('',#43180);
#43200=EDGE_CURVE('',#43190,#43110,#43170,.T.);
#43210=ORIENTED_EDGE('',*,*,#43200,.T.);
#43220=CARTESIAN_POINT('',(-104.808493817872,58.1666923710639,
-7.76999999999947));
#43230=DIRECTION('',(-9.72261297643803E-14,-6.92394485953985E-28,-1.));
#43240=VECTOR('',#43230,1.);
#43250=LINE('',#43220,#43240);
#43260=EDGE_CURVE('',#43010,#43190,#43250,.T.);
#43270=ORIENTED_EDGE('',*,*,#43260,.T.);
#43280=EDGE_LOOP('',(#43270,#43210,#43130,#43050));
#43290=FACE_OUTER_BOUND('',#43280,.T.);
#43300=ADVANCED_FACE('',(#43290),#42950,.T.);
#43310=COLOUR_RGB('',0.501960813999176,1.,0.501960813999176);
#43320=FILL_AREA_STYLE_COLOUR('',#43310);
#43330=FILL_AREA_STYLE('',(#43320));
#43340=SURFACE_STYLE_FILL_AREA(#43330);
#43350=SURFACE_SIDE_STYLE('',(#43340));
#43360=SURFACE_STYLE_USAGE(.BOTH.,#43350);
#43370=PRESENTATION_STYLE_ASSIGNMENT((#43360));
#43380=CARTESIAN_POINT('',(-104.123468641228,58.166692371064,
-6.30095876796258));
#43390=DIRECTION('',(0.422618261740623,3.60346003055301E-14,
-0.906307787036686));
#43400=DIRECTION('',(0.906307787036686,7.72764497330043E-14,
0.422618261740623));
#43410=AXIS2_PLACEMENT_3D('',#43380,#43390,#43400);
#43420=PLANE('',#43410);
#43430=CARTESIAN_POINT('',(-102.448697158694,0.,-5.51999999999974));
#43440=DIRECTION('',(8.39253486795646E-14,-1.,-1.17215527649798E-16));
#43450=VECTOR('',#43440,1.);
#43460=LINE('',#43430,#43450);
#43470=CARTESIAN_POINT('',(-102.448697158699,64.2666923710639,
-5.51999999999973));
#43480=VERTEX_POINT('',#43470);
#43490=CARTESIAN_POINT('',(-102.448697158699,55.9969174984071,
-5.51999999999973));
#43500=VERTEX_POINT('',#43490);
#43510=EDGE_CURVE('',#43480,#43500,#43460,.T.);
#43520=ORIENTED_EDGE('',*,*,#43510,.T.);
#43530=CARTESIAN_POINT('',(4.20641299569979E-12,64.2666923710639,
42.2526120530954));
#43540=DIRECTION('',(-0.906307787036686,0.,-0.422618261740623));
#43550=VECTOR('',#43540,1.);
#43560=LINE('',#43530,#43550);
#43570=CARTESIAN_POINT('',(-103.56931669675,64.2666923710639,
-6.04255347247086));
#43580=VERTEX_POINT('',#43570);
#43590=EDGE_CURVE('',#43480,#43580,#43560,.T.);
#43600=ORIENTED_EDGE('',*,*,#43590,.F.);
#43610=CARTESIAN_POINT('',(-103.56931669675,63.7666923710639,
-6.04255347247088));
#43620=DIRECTION('',(0.422618261740623,3.60346003055301E-14,
-0.906307787036686));
#43630=DIRECTION('',(0.906307787036686,7.72764497330043E-14,
0.422618261740623));
#43640=AXIS2_PLACEMENT_3D('',#43610,#43620,#43630);
#43650=ELLIPSE('',#43640,0.551688959481247,0.5);
#43660=CARTESIAN_POINT('',(-104.052279609895,63.8961018936152,
-6.26776277747492));
#43670=VERTEX_POINT('',#43660);
#43680=EDGE_CURVE('',#43670,#43580,#43650,.T.);
#43690=ORIENTED_EDGE('',*,*,#43680,.T.);
#43700=CARTESIAN_POINT('',(-121.173188511788,0.,-14.2513737130027));
#43710=DIRECTION('',(0.256954423311789,0.958966963029023,0.1198198153871
));
#43720=VECTOR('',#43710,1.);
#43730=LINE('',#43700,#43720);
#43740=CARTESIAN_POINT('',(-104.123468641228,63.6304208117358,
-6.30095876796252));
#43750=VERTEX_POINT('',#43740);
#43760=EDGE_CURVE('',#43750,#43670,#43730,.T.);
#43770=ORIENTED_EDGE('',*,*,#43760,.T.);
#43780=CARTESIAN_POINT('',(-104.123468641228,58.166692371064,
-6.30095876796258));
#43790=DIRECTION('',(-8.5265128291212E-14,1.,7.59760394166393E-27));
#43800=VECTOR('',#43790,1.);
#43810=LINE('',#43780,#43800);
#43820=CARTESIAN_POINT('',(-104.123468641228,57.8511287826362,
-6.30095876796258));
#43830=VERTEX_POINT('',#43820);
#43840=EDGE_CURVE('',#43830,#43750,#43810,.T.);
#43850=ORIENTED_EDGE('',*,*,#43840,.T.);
#43860=CARTESIAN_POINT('',(-51.8708361923953,0.,18.0648439016788));
#43870=DIRECTION('',(-0.639763953566076,0.708310091448155,
-0.298326830959286));
#43880=VECTOR('',#43870,1.);
#43890=LINE('',#43860,#43880);
#43900=EDGE_CURVE('',#43500,#43830,#43890,.T.);
#43910=ORIENTED_EDGE('',*,*,#43900,.T.);
#43920=EDGE_LOOP('',(#43910,#43850,#43770,#43690,#43600,#43520));
#43930=FACE_OUTER_BOUND('',#43920,.T.);
#43940=ADVANCED_FACE('',(#43930),#43420,.T.);
#43950=COLOUR_RGB('',0.501960813999176,1.,0.501960813999176);
#43960=FILL_AREA_STYLE_COLOUR('',#43950);
#43970=FILL_AREA_STYLE('',(#43960));
#43980=SURFACE_STYLE_FILL_AREA(#43970);
#43990=SURFACE_SIDE_STYLE('',(#43980));
#44000=SURFACE_STYLE_USAGE(.BOTH.,#43990);
#44010=PRESENTATION_STYLE_ASSIGNMENT((#44000));
#44020=CARTESIAN_POINT('',(-101.608493817873,58.1666923710642,
-5.44649173262092));
#44030=DIRECTION('',(0.0871557427475748,7.4313455866954E-15,
-0.996194698091753));
#44040=DIRECTION('',(0.996194698091753,8.49406687358179E-14,
0.0871557427475748));
#44050=AXIS2_PLACEMENT_3D('',#44020,#44030,#44040);
#44060=PLANE('',#44050);
#44070=ORIENTED_EDGE('',*,*,#36960,.F.);
#44080=CARTESIAN_POINT('',(7.38964445190504E-13,64.2666923710639,
3.44309959437841));
#44090=DIRECTION('',(-0.996194698091753,0.,-0.0871557427475748));
#44100=VECTOR('',#44090,1.);
#44110=LINE('',#44080,#44100);
#44120=EDGE_CURVE('',#36890,#43480,#44110,.T.);
#44130=ORIENTED_EDGE('',*,*,#44120,.F.);
#44140=ORIENTED_EDGE('',*,*,#43510,.F.);
#44150=CARTESIAN_POINT('',(-51.870836192397,0.,-1.0950105400627));
#44160=DIRECTION('',(-0.669136686055925,0.740829902419085,
-0.0585418743791367));
#44170=VECTOR('',#44160,1.);
#44180=LINE('',#44150,#44170);
#44190=EDGE_CURVE('',#42640,#43500,#44180,.T.);
#44200=ORIENTED_EDGE('',*,*,#44190,.T.);
#44210=ORIENTED_EDGE('',*,*,#42650,.T.);
#44220=EDGE_LOOP('',(#44210,#44200,#44140,#44130,#44070));
#44230=FACE_OUTER_BOUND('',#44220,.T.);
#44240=ADVANCED_FACE('',(#44230),#44060,.T.);
#44250=COLOUR_RGB('',0.501960813999176,1.,0.501960813999176);
#44260=FILL_AREA_STYLE_COLOUR('',#44250);
#44270=FILL_AREA_STYLE('',(#44260));
#44280=SURFACE_STYLE_FILL_AREA(#44270);
#44290=SURFACE_SIDE_STYLE('',(#44280));
#44300=SURFACE_STYLE_USAGE(.BOTH.,#44290);
#44310=PRESENTATION_STYLE_ASSIGNMENT((#44300));
#44320=CARTESIAN_POINT('',(-104.123468641229,58.166692371064,
-12.7390412320367));
#44330=DIRECTION('',(0.906307787036684,7.72764497330041E-14,
0.422618261740627));
#44340=DIRECTION('',(-0.422618261740627,-3.60346003055305E-14,
0.906307787036684));
#44350=AXIS2_PLACEMENT_3D('',#44320,#44330,#44340);
#44360=PLANE('',#44350);
#44370=CARTESIAN_POINT('',(-104.123468641224,0.,-12.7390412320367));
#44380=DIRECTION('',(8.5265128291212E-14,-1.,-7.58778594401328E-27));
#44390=VECTOR('',#44380,1.);
#44400=LINE('',#44370,#44390);
#44410=CARTESIAN_POINT('',(-104.123468641229,63.6304208117357,
-12.7390412320367));
#44420=VERTEX_POINT('',#44410);
#44430=CARTESIAN_POINT('',(-104.123468641228,57.8511287826361,
-12.7390412320367));
#44440=VERTEX_POINT('',#44430);
#44450=EDGE_CURVE('',#44420,#44440,#44400,.T.);
#44460=ORIENTED_EDGE('',*,*,#44450,.F.);
#44470=CARTESIAN_POINT('',(-105.624532219644,59.5130206015965,
-9.5199999999994));
#44480=DIRECTION('',(0.382788608617389,-0.423801673826494,
-0.820892820272309));
#44490=VECTOR('',#44480,1.);
#44500=LINE('',#44470,#44490);
#44510=CARTESIAN_POINT('',(-104.408493817873,58.166692371064,
-12.1278027682031));
#44520=VERTEX_POINT('',#44510);
#44530=EDGE_CURVE('',#44520,#44440,#44500,.T.);
#44540=ORIENTED_EDGE('',*,*,#44530,.T.);
#44550=CARTESIAN_POINT('',(-104.808493817873,58.1666923710639,
-11.2699999999995));
#44560=DIRECTION('',(0.422618261740627,3.60346003055305E-14,
-0.906307787036684));
#44570=VECTOR('',#44560,1.);
#44580=LINE('',#44550,#44570);
#44590=EDGE_CURVE('',#43190,#44520,#44580,.T.);
#44600=ORIENTED_EDGE('',*,*,#44590,.T.);
#44610=ORIENTED_EDGE('',*,*,#43200,.F.);
#44620=CARTESIAN_POINT('',(-105.624532219644,62.5666923710639,
-9.5199999999994));
#44630=DIRECTION('',(-0.422618261740627,-3.60267371490863E-14,
0.906307787036684));
#44640=VECTOR('',#44630,1.);
#44650=LINE('',#44620,#44640);
#44660=CARTESIAN_POINT('',(-104.408493817873,62.566692371064,
-12.1278027682039));
#44670=VERTEX_POINT('',#44660);
#44680=EDGE_CURVE('',#44670,#43110,#44650,.T.);
#44690=ORIENTED_EDGE('',*,*,#44680,.T.);
#44700=CARTESIAN_POINT('',(-121.173188511784,0.,23.8242010231382));
#44710=DIRECTION('',(-0.226298136910094,-0.844556144606725,
0.485297920702371));
#44720=VECTOR('',#44710,1.);
#44730=LINE('',#44700,#44720);
#44740=EDGE_CURVE('',#44420,#44670,#44730,.T.);
#44750=ORIENTED_EDGE('',*,*,#44740,.T.);
#44760=EDGE_LOOP('',(#44750,#44690,#44610,#44600,#44540,#44460));
#44770=FACE_OUTER_BOUND('',#44760,.T.);
#44780=ADVANCED_FACE('',(#44770),#44360,.T.);
#44790=COLOUR_RGB('',0.501960813999176,1.,0.501960813999176);
#44800=FILL_AREA_STYLE_COLOUR('',#44790);
#44810=FILL_AREA_STYLE('',(#44800));
#44820=SURFACE_STYLE_FILL_AREA(#44810);
#44830=SURFACE_SIDE_STYLE('',(#44820));
#44840=SURFACE_STYLE_USAGE(.BOTH.,#44830);
#44850=PRESENTATION_STYLE_ASSIGNMENT((#44840));
#44860=CARTESIAN_POINT('',(-98.8484938178729,58.1666923710644,-13.52));
#44870=DIRECTION('',(8.51584046665736E-14,-3.36561642693582E-28,1.));
#44880=DIRECTION('',(-1.,-8.5265128291212E-14,8.51584046665736E-14));
#44890=AXIS2_PLACEMENT_3D('',#44860,#44870,#44880);
#44900=PLANE('',#44890);
#44910=CARTESIAN_POINT('',(-102.448697158695,0.,-13.5199999999997));
#44920=DIRECTION('',(-8.39253486795646E-14,1.,7.4782220200928E-27));
#44930=VECTOR('',#44920,1.);
#44940=LINE('',#44910,#44930);
#44950=CARTESIAN_POINT('',(-102.448697158699,55.9969174984071,
-13.5199999999997));
#44960=VERTEX_POINT('',#44950);
#44970=CARTESIAN_POINT('',(-102.4486971587,64.2666923710639,
-13.5199999999997));
#44980=VERTEX_POINT('',#44970);
#44990=EDGE_CURVE('',#44960,#44980,#44940,.T.);
#45000=ORIENTED_EDGE('',*,*,#44990,.F.);
#45010=CARTESIAN_POINT('',(-7.95807864051312E-13,64.2666923710639,
-13.5200000000085));
#45020=DIRECTION('',(1.,0.,-8.51584046665736E-14));
#45030=VECTOR('',#45020,1.);
#45040=LINE('',#45010,#45030);
#45050=EDGE_CURVE('',#44980,#36810,#45040,.T.);
#45060=ORIENTED_EDGE('',*,*,#45050,.F.);
#45070=ORIENTED_EDGE('',*,*,#36820,.F.);
#45080=ORIENTED_EDGE('',*,*,#42790,.T.);
#45090=CARTESIAN_POINT('',(-51.8708361923981,0.,-13.520000000004));
#45100=DIRECTION('',(0.670286257968755,-0.742102642751152,
-5.70339960734977E-14));
#45110=VECTOR('',#45100,1.);
#45120=LINE('',#45090,#45110);
#45130=EDGE_CURVE('',#44960,#42720,#45120,.T.);
#45140=ORIENTED_EDGE('',*,*,#45130,.T.);
#45150=EDGE_LOOP('',(#45140,#45080,#45070,#45060,#45000));
#45160=FACE_OUTER_BOUND('',#45150,.T.);
#45170=ADVANCED_FACE('',(#45160),#44900,.T.);
#45180=COLOUR_RGB('',0.501960813999176,1.,0.501960813999176);
#45190=FILL_AREA_STYLE_COLOUR('',#45180);
#45200=FILL_AREA_STYLE('',(#45190));
#45210=SURFACE_STYLE_FILL_AREA(#45200);
#45220=SURFACE_SIDE_STYLE('',(#45210));
#45230=SURFACE_STYLE_USAGE(.BOTH.,#45220);
#45240=PRESENTATION_STYLE_ASSIGNMENT((#45230));
#45250=CARTESIAN_POINT('',(-102.4486971587,64.2666923710639,
-11.2199999999997));
#45260=DIRECTION('',(-0.,-1.,0.));
#45270=DIRECTION('',(-1.,0.,8.91056413556934E-14));
#45280=AXIS2_PLACEMENT_3D('',#45250,#45260,#45270);
#45290=PLANE('',#45280);
#45300=CARTESIAN_POINT('',(-103.56931669675,64.2666923710639,
-9.51999999999958));
#45310=DIRECTION('',(8.91056413556934E-14,0.,1.));
#45320=VECTOR('',#45310,1.);
#45330=LINE('',#45300,#45320);
#45340=CARTESIAN_POINT('',(-103.569316696751,64.2666923710639,
-12.9974465275284));
#45350=VERTEX_POINT('',#45340);
#45360=EDGE_CURVE('',#45350,#43580,#45330,.T.);
#45370=ORIENTED_EDGE('',*,*,#45360,.F.);
#45380=ORIENTED_EDGE('',*,*,#43590,.T.);
#45390=ORIENTED_EDGE('',*,*,#44120,.T.);
#45400=ORIENTED_EDGE('',*,*,#36900,.F.);
#45410=ORIENTED_EDGE('',*,*,#45050,.T.);
#45420=CARTESIAN_POINT('',(-5.03064256918151E-12,64.266692371064,
-61.2926120531103));
#45430=DIRECTION('',(0.90630778703662,0.,-0.422618261740764));
#45440=VECTOR('',#45430,1.);
#45450=LINE('',#45420,#45440);
#45460=EDGE_CURVE('',#45350,#44980,#45450,.T.);
#45470=ORIENTED_EDGE('',*,*,#45460,.T.);
#45480=EDGE_LOOP('',(#45470,#45410,#45400,#45390,#45380,#45370));
#45490=FACE_OUTER_BOUND('',#45480,.T.);
#45500=ADVANCED_FACE('',(#45490),#45290,.T.);
#45510=COLOUR_RGB('',0.501960813999176,1.,0.501960813999176);
#45520=FILL_AREA_STYLE_COLOUR('',#45510);
#45530=FILL_AREA_STYLE('',(#45520));
#45540=SURFACE_STYLE_FILL_AREA(#45530);
#45550=SURFACE_SIDE_STYLE('',(#45540));
#45560=SURFACE_STYLE_USAGE(.BOTH.,#45550);
#45570=PRESENTATION_STYLE_ASSIGNMENT((#45560));
#45580=CARTESIAN_POINT('',(-104.123468641229,58.166692371064,
-12.7390412320367));
#45590=DIRECTION('',(0.422618261740764,3.60346003055284E-14,
0.90630778703662));
#45600=DIRECTION('',(-0.90630778703662,-7.72764497330051E-14,
0.422618261740764));
#45610=AXIS2_PLACEMENT_3D('',#45580,#45590,#45600);
#45620=PLANE('',#45610);
#45630=ORIENTED_EDGE('',*,*,#44450,.T.);
#45640=CARTESIAN_POINT('',(-121.173188511787,0.,-4.78862628699398));
#45650=DIRECTION('',(-0.256954423311768,-0.958966963029024,
0.119819815387139));
#45660=VECTOR('',#45650,1.);
#45670=LINE('',#45640,#45660);
#45680=CARTESIAN_POINT('',(-104.052279609895,63.8961018936152,
-12.7722372225243));
#45690=VERTEX_POINT('',#45680);
#45700=EDGE_CURVE('',#45690,#44420,#45670,.T.);
#45710=ORIENTED_EDGE('',*,*,#45700,.T.);
#45720=CARTESIAN_POINT('',(-103.569316696751,63.7666923710639,
-12.9974465275284));
#45730=DIRECTION('',(0.422618261740764,3.60346003055284E-14,
0.90630778703662));
#45740=DIRECTION('',(-0.90630778703662,-7.72764497330051E-14,
0.422618261740764));
#45750=AXIS2_PLACEMENT_3D('',#45720,#45730,#45740);
#45760=ELLIPSE('',#45750,0.551688959481241,0.5);
#45770=EDGE_CURVE('',#45350,#45690,#45760,.T.);
#45780=ORIENTED_EDGE('',*,*,#45770,.T.);
#45790=ORIENTED_EDGE('',*,*,#45460,.F.);
#45800=ORIENTED_EDGE('',*,*,#44990,.T.);
#45810=CARTESIAN_POINT('',(-51.8708361924002,0.,-37.1048439016859));
#45820=DIRECTION('',(0.639763953566026,-0.708310091448159,
-0.298326830959384));
#45830=VECTOR('',#45820,1.);
#45840=LINE('',#45810,#45830);
#45850=EDGE_CURVE('',#44440,#44960,#45840,.T.);
#45860=ORIENTED_EDGE('',*,*,#45850,.T.);
#45870=EDGE_LOOP('',(#45860,#45800,#45790,#45780,#45710,#45630));
#45880=FACE_OUTER_BOUND('',#45870,.T.);
#45890=ADVANCED_FACE('',(#45880),#45620,.T.);
#45900=COLOUR_RGB('',0.501960813999176,1.,0.501960813999176);
#45910=FILL_AREA_STYLE_COLOUR('',#45900);
#45920=FILL_AREA_STYLE('',(#45910));
#45930=SURFACE_STYLE_FILL_AREA(#45920);
#45940=SURFACE_SIDE_STYLE('',(#45930));
#45950=SURFACE_STYLE_USAGE(.BOTH.,#45940);
#45960=PRESENTATION_STYLE_ASSIGNMENT((#45950));
#45970=CARTESIAN_POINT('',(-104.408493817873,62.5666923710639,
-9.51999999999951));
#45980=DIRECTION('',(0.965925826289062,-0.258819045102545,
-8.6069440253515E-14));
#45990=DIRECTION('',(0.258819045102545,0.965925826289062,
-2.30622370089304E-14));
#46000=AXIS2_PLACEMENT_3D('',#45970,#45980,#45990);
#46010=PLANE('',#46000);
#46020=ORIENTED_EDGE('',*,*,#44740,.F.);
#46030=CARTESIAN_POINT('',(-104.408493817873,62.566692371064,
-9.51999999999951));
#46040=DIRECTION('',(-8.91056413556934E-14,0.,-1.));
#46050=VECTOR('',#46040,1.);
#46060=LINE('',#46030,#46050);
#46070=CARTESIAN_POINT('',(-104.408493817872,62.566692371064,
-6.91219723179516));
#46080=VERTEX_POINT('',#46070);
#46090=EDGE_CURVE('',#46080,#44670,#46060,.T.);
#46100=ORIENTED_EDGE('',*,*,#46090,.T.);
#46110=CARTESIAN_POINT('',(-121.17318851179,0.,-42.8642010231357));
#46120=DIRECTION('',(0.226298136910178,0.844556144606717,
0.485297920702346));
#46130=VECTOR('',#46120,1.);
#46140=LINE('',#46110,#46130);
#46150=EDGE_CURVE('',#46080,#43750,#46140,.T.);
#46160=ORIENTED_EDGE('',*,*,#46150,.F.);
#46170=ORIENTED_EDGE('',*,*,#43760,.F.);
#46180=CARTESIAN_POINT('',(-104.052279609895,63.8961018936152,
-9.51999999999954));
#46190=DIRECTION('',(8.91056413556934E-14,0.,1.));
#46200=VECTOR('',#46190,1.);
#46210=LINE('',#46180,#46200);
#46220=EDGE_CURVE('',#45690,#43670,#46210,.T.);
#46230=ORIENTED_EDGE('',*,*,#46220,.T.);
#46240=ORIENTED_EDGE('',*,*,#45700,.F.);
#46250=EDGE_LOOP('',(#46240,#46230,#46170,#46160,#46100,#46020));
#46260=FACE_OUTER_BOUND('',#46250,.T.);
#46270=ADVANCED_FACE('',(#46260),#46010,.T.);
#46280=COLOUR_RGB('',0.501960813999176,1.,0.501960813999176);
#46290=FILL_AREA_STYLE_COLOUR('',#46280);
#46300=FILL_AREA_STYLE('',(#46290));
#46310=SURFACE_STYLE_FILL_AREA(#46300);
#46320=SURFACE_SIDE_STYLE('',(#46310));
#46330=SURFACE_STYLE_USAGE(.BOTH.,#46320);
#46340=PRESENTATION_STYLE_ASSIGNMENT((#46330));
#46350=CARTESIAN_POINT('',(-103.569316696751,63.7666923710639,
-11.2199999999996));
#46360=DIRECTION('',(-8.91056413556934E-14,0.,-1.));
#46370=DIRECTION('',(1.,0.,-8.91056413556934E-14));
#46380=AXIS2_PLACEMENT_3D('',#46350,#46360,#46370);
#46390=CYLINDRICAL_SURFACE('',#46380,0.5);
#46400=ORIENTED_EDGE('',*,*,#45360,.T.);
#46410=ORIENTED_EDGE('',*,*,#45770,.F.);
#46420=ORIENTED_EDGE('',*,*,#46220,.F.);
#46430=ORIENTED_EDGE('',*,*,#43680,.F.);
#46440=EDGE_LOOP('',(#46430,#46420,#46410,#46400));
#46450=FACE_OUTER_BOUND('',#46440,.T.);
#46460=ADVANCED_FACE('',(#46450),#46390,.F.);
#46470=COLOUR_RGB('',0.501960813999176,1.,0.501960813999176);
#46480=FILL_AREA_STYLE_COLOUR('',#46470);
#46490=FILL_AREA_STYLE('',(#46480));
#46500=SURFACE_STYLE_FILL_AREA(#46490);
#46510=SURFACE_SIDE_STYLE('',(#46500));
#46520=SURFACE_STYLE_USAGE(.BOTH.,#46510);
#46530=PRESENTATION_STYLE_ASSIGNMENT((#46520));
#46540=CARTESIAN_POINT('',(-104.408493817873,58.166692371064,
-9.51999999999951));
#46550=DIRECTION('',(0.742102642751152,0.670286257968755,
-6.61255319340964E-14));
#46560=DIRECTION('',(-0.670286257968755,0.742102642751152,
5.97262869082137E-14));
#46570=AXIS2_PLACEMENT_3D('',#46540,#46550,#46560);
#46580=PLANE('',#46570);
#46590=CARTESIAN_POINT('',(-104.408493817873,58.166692371064,
-9.51999999999951));
#46600=DIRECTION('',(8.91056413556934E-14,0.,1.));
#46610=VECTOR('',#46600,1.);
#46620=LINE('',#46590,#46610);
#46630=CARTESIAN_POINT('',(-104.408493817872,58.166692371064,
-6.91219723179596));
#46640=VERTEX_POINT('',#46630);
#46650=EDGE_CURVE('',#44520,#46640,#46620,.T.);
#46660=ORIENTED_EDGE('',*,*,#46650,.T.);
#46670=ORIENTED_EDGE('',*,*,#44530,.F.);
#46680=ORIENTED_EDGE('',*,*,#45850,.F.);
#46690=ORIENTED_EDGE('',*,*,#45130,.F.);
#46700=ORIENTED_EDGE('',*,*,#42730,.F.);
#46710=ORIENTED_EDGE('',*,*,#44190,.F.);
#46720=ORIENTED_EDGE('',*,*,#43900,.F.);
#46730=CARTESIAN_POINT('',(-105.624532219644,59.5130206015964,
-9.5199999999994));
#46740=DIRECTION('',(-0.382788608617525,0.423801673826482,
-0.820892820272252));
#46750=VECTOR('',#46740,1.);
#46760=LINE('',#46730,#46750);
#46770=EDGE_CURVE('',#43830,#46640,#46760,.T.);
#46780=ORIENTED_EDGE('',*,*,#46770,.F.);
#46790=EDGE_LOOP('',(#46780,#46720,#46710,#46700,#46690,#46680,#46670,
#46660));
#46800=FACE_OUTER_BOUND('',#46790,.T.);
#46810=ADVANCED_FACE('',(#46800),#46580,.T.);
#46820=COLOUR_RGB('',0.501960813999176,1.,0.501960813999176);
#46830=FILL_AREA_STYLE_COLOUR('',#46820);
#46840=FILL_AREA_STYLE('',(#46830));
#46850=SURFACE_STYLE_FILL_AREA(#46840);
#46860=SURFACE_SIDE_STYLE('',(#46850));
#46870=SURFACE_STYLE_USAGE(.BOTH.,#46860);
#46880=PRESENTATION_STYLE_ASSIGNMENT((#46870));
#46890=CARTESIAN_POINT('',(-104.808493817872,58.1666923710639,
-7.76999999999947));
#46900=DIRECTION('',(0.906307787036615,7.72764497330046E-14,
-0.422618261740775));
#46910=DIRECTION('',(0.422618261740775,3.60346003055293E-14,
0.906307787036615));
#46920=AXIS2_PLACEMENT_3D('',#46890,#46900,#46910);
#46930=PLANE('',#46920);
#46940=ORIENTED_EDGE('',*,*,#43840,.F.);
#46950=ORIENTED_EDGE('',*,*,#46150,.T.);
#46960=CARTESIAN_POINT('',(-105.624532219644,62.5666923710639,
-9.5199999999994));
#46970=DIRECTION('',(0.422618261740775,3.6054492724702E-14,
0.906307787036615));
#46980=VECTOR('',#46970,1.);
#46990=LINE('',#46960,#46980);
#47000=EDGE_CURVE('',#43030,#46080,#46990,.T.);
#47010=ORIENTED_EDGE('',*,*,#47000,.T.);
#47020=ORIENTED_EDGE('',*,*,#43040,.T.);
#47030=CARTESIAN_POINT('',(-104.123468641228,58.166692371064,
-6.30095876796258));
#47040=DIRECTION('',(-0.422618261740775,-3.60346003055293E-14,
-0.906307787036615));
#47050=VECTOR('',#47040,1.);
#47060=LINE('',#47030,#47050);
#47070=EDGE_CURVE('',#46640,#43010,#47060,.T.);
#47080=ORIENTED_EDGE('',*,*,#47070,.T.);
#47090=ORIENTED_EDGE('',*,*,#46770,.T.);
#47100=EDGE_LOOP('',(#47090,#47080,#47020,#47010,#46950,#46940));
#47110=FACE_OUTER_BOUND('',#47100,.T.);
#47120=ADVANCED_FACE('',(#47110),#46930,.T.);
#47130=COLOUR_RGB('',0.501960813999176,1.,0.501960813999176);
#47140=FILL_AREA_STYLE_COLOUR('',#47130);
#47150=FILL_AREA_STYLE('',(#47140));
#47160=SURFACE_STYLE_FILL_AREA(#47150);
#47170=SURFACE_SIDE_STYLE('',(#47160));
#47180=SURFACE_STYLE_USAGE(.BOTH.,#47170);
#47190=PRESENTATION_STYLE_ASSIGNMENT((#47180));
#47200=CARTESIAN_POINT('',(-104.656898530433,62.5666923710639,
-8.76593621733867));
#47210=DIRECTION('',(8.5265128291212E-14,-1.,-7.59760394166393E-27));
#47220=DIRECTION('',(-1.,-8.5265128291212E-14,8.91056413556934E-14));
#47230=AXIS2_PLACEMENT_3D('',#47200,#47210,#47220);
#47240=PLANE('',#47230);
#47250=ORIENTED_EDGE('',*,*,#46090,.F.);
#47260=ORIENTED_EDGE('',*,*,#44680,.F.);
#47270=ORIENTED_EDGE('',*,*,#43120,.F.);
#47280=ORIENTED_EDGE('',*,*,#47000,.F.);
#47290=EDGE_LOOP('',(#47280,#47270,#47260,#47250));
#47300=FACE_OUTER_BOUND('',#47290,.T.);
#47310=ADVANCED_FACE('',(#47300),#47240,.T.);
#47320=COLOUR_RGB('',0.501960813999176,1.,0.501960813999176);
#47330=FILL_AREA_STYLE_COLOUR('',#47320);
#47340=FILL_AREA_STYLE('',(#47330));
#47350=SURFACE_STYLE_FILL_AREA(#47340);
#47360=SURFACE_SIDE_STYLE('',(#47350));
#47370=SURFACE_STYLE_USAGE(.BOTH.,#47360);
#47380=PRESENTATION_STYLE_ASSIGNMENT((#47370));
#47390=CARTESIAN_POINT('',(-104.656898530433,58.1666923710639,
-8.76593621733867));
#47400=DIRECTION('',(8.5265128291212E-14,-1.,-7.59760394166393E-27));
#47410=DIRECTION('',(-1.,-8.5265128291212E-14,8.91056413556934E-14));
#47420=AXIS2_PLACEMENT_3D('',#47390,#47400,#47410);
#47430=PLANE('',#47420);
#47440=ORIENTED_EDGE('',*,*,#46650,.F.);
#47450=ORIENTED_EDGE('',*,*,#47070,.F.);
#47460=ORIENTED_EDGE('',*,*,#43260,.F.);
#47470=ORIENTED_EDGE('',*,*,#44590,.F.);
#47480=EDGE_LOOP('',(#47470,#47460,#47450,#47440));
#47490=FACE_OUTER_BOUND('',#47480,.T.);
#47500=ADVANCED_FACE('',(#47490),#47430,.F.);
#47510=COLOUR_RGB('',0.501960813999176,1.,0.501960813999176);
#47520=FILL_AREA_STYLE_COLOUR('',#47510);
#47530=FILL_AREA_STYLE('',(#47520));
#47540=SURFACE_STYLE_FILL_AREA(#47530);
#47550=SURFACE_SIDE_STYLE('',(#47540));
#47560=SURFACE_STYLE_USAGE(.BOTH.,#47550);
#47570=PRESENTATION_STYLE_ASSIGNMENT((#47560));
#47580=CARTESIAN_POINT('',(-108.748493817872,70.0666923710639,-4.76));
#47590=DIRECTION('',(1.,0.,0.));
#47600=DIRECTION('',(0.,-1.,0.));
#47610=AXIS2_PLACEMENT_3D('',#47580,#47590,#47600);
#47620=SPHERICAL_SURFACE('',#47610,0.299999999999997);
#47630=CARTESIAN_POINT('',(-108.748493817872,70.0666923710639,-4.76));
#47640=DIRECTION('',(0.,0.,-1.));
#47650=DIRECTION('',(1.,-0.,0.));
#47660=AXIS2_PLACEMENT_3D('',#47630,#47640,#47650);
#47670=CIRCLE('',#47660,0.299999999999997);
#47680=CARTESIAN_POINT('',(-108.748493817872,70.3666923710639,-4.76));
#47690=VERTEX_POINT('',#47680);
#47700=EDGE_CURVE('',#47690,#4350,#47670,.T.);
#47710=ORIENTED_EDGE('',*,*,#47700,.T.);
#47720=CARTESIAN_POINT('',(-108.748493817872,70.0666923710639,-4.76));
#47730=DIRECTION('',(1.,0.,0.));
#47740=DIRECTION('',(0.,-1.,0.));
#47750=AXIS2_PLACEMENT_3D('',#47720,#47730,#47740);
#47760=CIRCLE('',#47750,0.299999999999997);
#47770=EDGE_CURVE('',#4270,#47690,#47760,.T.);
#47780=ORIENTED_EDGE('',*,*,#47770,.T.);
#47790=ORIENTED_EDGE('',*,*,#4380,.F.);
#47800=EDGE_LOOP('',(#47790,#47780,#47710));
#47810=FACE_OUTER_BOUND('',#47800,.T.);
#47820=ADVANCED_FACE('',(#47810),#47620,.T.);
#47830=COLOUR_RGB('',0.501960813999176,1.,0.501960813999176);
#47840=FILL_AREA_STYLE_COLOUR('',#47830);
#47850=FILL_AREA_STYLE('',(#47840));
#47860=SURFACE_STYLE_FILL_AREA(#47850);
#47870=SURFACE_SIDE_STYLE('',(#47860));
#47880=SURFACE_STYLE_USAGE(.BOTH.,#47870);
#47890=PRESENTATION_STYLE_ASSIGNMENT((#47880));
#47900=CARTESIAN_POINT('',(-108.748493817872,70.0666923710639,-9.52));
#47910=DIRECTION('',(0.,1.,0.));
#47920=DIRECTION('',(-1.,0.,0.));
#47930=AXIS2_PLACEMENT_3D('',#47900,#47910,#47920);
#47940=CYLINDRICAL_SURFACE('',#47930,3.25);
#47950=CARTESIAN_POINT('',(-105.498493817872,70.0666923710639,-9.52));
#47960=DIRECTION('',(0.,1.,0.));
#47970=VECTOR('',#47960,1.);
#47980=LINE('',#47950,#47970);
#47990=CARTESIAN_POINT('',(-105.498493817872,74.3666923710639,-9.52));
#48000=VERTEX_POINT('',#47990);
#48010=EDGE_CURVE('',#4120,#48000,#47980,.T.);
#48020=ORIENTED_EDGE('',*,*,#48010,.F.);
#48030=CARTESIAN_POINT('',(-108.748493817872,74.3666923710639,-9.52));
#48040=DIRECTION('',(0.,1.,0.));
#48050=DIRECTION('',(1.,0.,0.));
#48060=AXIS2_PLACEMENT_3D('',#48030,#48040,#48050);
#48070=CIRCLE('',#48060,3.25);
#48080=CARTESIAN_POINT('',(-111.998493817872,74.3666923710639,-9.52));
#48090=VERTEX_POINT('',#48080);
#48100=EDGE_CURVE('',#48000,#48090,#48070,.T.);
#48110=ORIENTED_EDGE('',*,*,#48100,.F.);
#48120=CARTESIAN_POINT('',(-111.998493817872,70.0666923710639,-9.52));
#48130=DIRECTION('',(0.,1.,0.));
#48140=VECTOR('',#48130,1.);
#48150=LINE('',#48120,#48140);
#48160=EDGE_CURVE('',#4100,#48090,#48150,.T.);
#48170=ORIENTED_EDGE('',*,*,#48160,.T.);
#48180=ORIENTED_EDGE('',*,*,#4150,.T.);
#48190=EDGE_LOOP('',(#48180,#48170,#48110,#48020));
#48200=FACE_OUTER_BOUND('',#48190,.T.);
#48210=ADVANCED_FACE('',(#48200),#47940,.T.);
#48220=COLOUR_RGB('',0.501960813999176,1.,0.501960813999176);
#48230=FILL_AREA_STYLE_COLOUR('',#48220);
#48240=FILL_AREA_STYLE('',(#48230));
#48250=SURFACE_STYLE_FILL_AREA(#48240);
#48260=SURFACE_SIDE_STYLE('',(#48250));
#48270=SURFACE_STYLE_USAGE(.BOTH.,#48260);
#48280=PRESENTATION_STYLE_ASSIGNMENT((#48270));
#48290=CARTESIAN_POINT('',(-108.748493817872,74.3666923710639,-9.52));
#48300=DIRECTION('',(0.,1.,0.));
#48310=DIRECTION('',(1.,0.,0.));
#48320=AXIS2_PLACEMENT_3D('',#48290,#48300,#48310);
#48330=TOROIDAL_SURFACE('',#48320,3.05,0.2);
#48340=CARTESIAN_POINT('',(-111.798493817872,74.3666923710639,-9.52));
#48350=DIRECTION('',(0.,0.,1.));
#48360=DIRECTION('',(1.,0.,0.));
#48370=AXIS2_PLACEMENT_3D('',#48340,#48350,#48360);
#48380=CIRCLE('',#48370,0.2);
#48390=CARTESIAN_POINT('',(-111.798493817872,74.5666923710639,-9.52));
#48400=VERTEX_POINT('',#48390);
#48410=EDGE_CURVE('',#48400,#48090,#48380,.T.);
#48420=ORIENTED_EDGE('',*,*,#48410,.F.);
#48430=ORIENTED_EDGE('',*,*,#48100,.T.);
#48440=CARTESIAN_POINT('',(-105.698493817872,74.3666923710639,-9.52));
#48450=DIRECTION('',(0.,0.,-1.));
#48460=DIRECTION('',(-1.,0.,0.));
#48470=AXIS2_PLACEMENT_3D('',#48440,#48450,#48460);
#48480=CIRCLE('',#48470,0.2);
#48490=CARTESIAN_POINT('',(-105.698493817872,74.5666923710639,-9.52));
#48500=VERTEX_POINT('',#48490);
#48510=EDGE_CURVE('',#48500,#48000,#48480,.T.);
#48520=ORIENTED_EDGE('',*,*,#48510,.T.);
#48530=CARTESIAN_POINT('',(-108.748493817872,74.5666923710639,-9.52));
#48540=DIRECTION('',(0.,1.,0.));
#48550=DIRECTION('',(1.,0.,0.));
#48560=AXIS2_PLACEMENT_3D('',#48530,#48540,#48550);
#48570=CIRCLE('',#48560,3.05);
#48580=EDGE_CURVE('',#48500,#48400,#48570,.T.);
#48590=ORIENTED_EDGE('',*,*,#48580,.F.);
#48600=EDGE_LOOP('',(#48590,#48520,#48430,#48420));
#48610=FACE_OUTER_BOUND('',#48600,.T.);
#48620=ADVANCED_FACE('',(#48610),#48330,.T.);
#48630=COLOUR_RGB('',0.501960813999176,1.,0.501960813999176);
#48640=FILL_AREA_STYLE_COLOUR('',#48630);
#48650=FILL_AREA_STYLE('',(#48640));
#48660=SURFACE_STYLE_FILL_AREA(#48650);
#48670=SURFACE_SIDE_STYLE('',(#48660));
#48680=SURFACE_STYLE_USAGE(.BOTH.,#48670);
#48690=PRESENTATION_STYLE_ASSIGNMENT((#48680));
#48700=CARTESIAN_POINT('',(-107.405851739585,74.5666923710639,
-8.99242754126305));
#48710=DIRECTION('',(0.,1.,-0.));
#48720=DIRECTION('',(-1.,0.,0.));
#48730=AXIS2_PLACEMENT_3D('',#48700,#48710,#48720);
#48740=PLANE('',#48730);
#48750=EDGE_CURVE('',#48400,#48500,#48570,.T.);
#48760=ORIENTED_EDGE('',*,*,#48750,.T.);
#48770=ORIENTED_EDGE('',*,*,#48580,.T.);
#48780=EDGE_LOOP('',(#48770,#48760));
#48790=FACE_OUTER_BOUND('',#48780,.T.);
#48800=CARTESIAN_POINT('',(-108.748493817872,74.5666923710639,-9.52));
#48810=DIRECTION('',(0.,1.,0.));
#48820=DIRECTION('',(-1.,0.,0.));
#48830=AXIS2_PLACEMENT_3D('',#48800,#48810,#48820);
#48840=CIRCLE('',#48830,2.6);
#48850=CARTESIAN_POINT('',(-111.348493817872,74.5666923710639,-9.52));
#48860=VERTEX_POINT('',#48850);
#48870=CARTESIAN_POINT('',(-106.148493817872,74.5666923710639,-9.52));
#48880=VERTEX_POINT('',#48870);
#48890=EDGE_CURVE('',#48860,#48880,#48840,.T.);
#48900=ORIENTED_EDGE('',*,*,#48890,.F.);
#48910=EDGE_CURVE('',#48880,#48860,#48840,.T.);
#48920=ORIENTED_EDGE('',*,*,#48910,.F.);
#48930=EDGE_LOOP('',(#48920,#48900));
#48940=FACE_BOUND('',#48930,.T.);
#48950=ADVANCED_FACE('',(#48790,#48940),#48740,.T.);
#48960=COLOUR_RGB('',0.501960813999176,1.,0.501960813999176);
#48970=FILL_AREA_STYLE_COLOUR('',#48960);
#48980=FILL_AREA_STYLE('',(#48970));
#48990=SURFACE_STYLE_FILL_AREA(#48980);
#49000=SURFACE_SIDE_STYLE('',(#48990));
#49010=SURFACE_STYLE_USAGE(.BOTH.,#49000);
#49020=PRESENTATION_STYLE_ASSIGNMENT((#49010));
#49030=CARTESIAN_POINT('',(-108.748493817872,70.0666923710639,-9.52));
#49040=DIRECTION('',(0.,1.,0.));
#49050=DIRECTION('',(-1.,0.,0.));
#49060=AXIS2_PLACEMENT_3D('',#49030,#49040,#49050);
#49070=CYLINDRICAL_SURFACE('',#49060,2.6);
#49080=CARTESIAN_POINT('',(-106.148493817872,70.0666923710639,-9.52));
#49090=DIRECTION('',(0.,1.,0.));
#49100=VECTOR('',#49090,1.);
#49110=LINE('',#49080,#49100);
#49120=CARTESIAN_POINT('',(-106.148493817872,70.0666923710639,-9.52));
#49130=VERTEX_POINT('',#49120);
#49140=EDGE_CURVE('',#49130,#48880,#49110,.T.);
#49150=ORIENTED_EDGE('',*,*,#49140,.T.);
#49160=CARTESIAN_POINT('',(-108.748493817872,70.0666923710639,-9.52));
#49170=DIRECTION('',(0.,1.,0.));
#49180=DIRECTION('',(-1.,0.,0.));
#49190=AXIS2_PLACEMENT_3D('',#49160,#49170,#49180);
#49200=CIRCLE('',#49190,2.6);
#49210=CARTESIAN_POINT('',(-111.348493817872,70.0666923710639,-9.52));
#49220=VERTEX_POINT('',#49210);
#49230=EDGE_CURVE('',#49130,#49220,#49200,.T.);
#49240=ORIENTED_EDGE('',*,*,#49230,.F.);
#49250=CARTESIAN_POINT('',(-111.348493817872,70.0666923710639,-9.52));
#49260=DIRECTION('',(0.,1.,0.));
#49270=VECTOR('',#49260,1.);
#49280=LINE('',#49250,#49270);
#49290=EDGE_CURVE('',#49220,#48860,#49280,.T.);
#49300=ORIENTED_EDGE('',*,*,#49290,.F.);
#49310=ORIENTED_EDGE('',*,*,#48910,.T.);
#49320=EDGE_LOOP('',(#49310,#49300,#49240,#49150));
#49330=FACE_OUTER_BOUND('',#49320,.T.);
#49340=ADVANCED_FACE('',(#49330),#49070,.F.);
#49350=COLOUR_RGB('',0.501960813999176,1.,0.501960813999176);
#49360=FILL_AREA_STYLE_COLOUR('',#49350);
#49370=FILL_AREA_STYLE('',(#49360));
#49380=SURFACE_STYLE_FILL_AREA(#49370);
#49390=SURFACE_SIDE_STYLE('',(#49380));
#49400=SURFACE_STYLE_USAGE(.BOTH.,#49390);
#49410=PRESENTATION_STYLE_ASSIGNMENT((#49400));
#49420=EDGE_CURVE('',#49220,#49130,#49200,.T.);
#49430=ORIENTED_EDGE('',*,*,#49420,.T.);
#49440=ORIENTED_EDGE('',*,*,#49230,.T.);
#49450=EDGE_LOOP('',(#49440,#49430));
#49460=FACE_OUTER_BOUND('',#49450,.T.);
#49470=CARTESIAN_POINT('',(-108.748493817872,70.0666923710639,-9.52));
#49480=DIRECTION('',(0.,1.,0.));
#49490=DIRECTION('',(-1.,0.,0.));
#49500=AXIS2_PLACEMENT_3D('',#49470,#49480,#49490);
#49510=CIRCLE('',#49500,2.5);
#49520=CARTESIAN_POINT('',(-111.248493817872,70.0666923710639,-9.52));
#49530=VERTEX_POINT('',#49520);
#49540=CARTESIAN_POINT('',(-106.248493817872,70.0666923710639,-9.52));
#49550=VERTEX_POINT('',#49540);
#49560=EDGE_CURVE('',#49530,#49550,#49510,.T.);
#49570=ORIENTED_EDGE('',*,*,#49560,.F.);
#49580=EDGE_CURVE('',#49550,#49530,#49510,.T.);
#49590=ORIENTED_EDGE('',*,*,#49580,.F.);
#49600=EDGE_LOOP('',(#49590,#49570));
#49610=FACE_BOUND('',#49600,.T.);
#49620=ADVANCED_FACE('',(#49460,#49610),#2170,.F.);
#49630=COLOUR_RGB('',0.501960813999176,1.,0.501960813999176);
#49640=FILL_AREA_STYLE_COLOUR('',#49630);
#49650=FILL_AREA_STYLE('',(#49640));
#49660=SURFACE_STYLE_FILL_AREA(#49650);
#49670=SURFACE_SIDE_STYLE('',(#49660));
#49680=SURFACE_STYLE_USAGE(.BOTH.,#49670);
#49690=PRESENTATION_STYLE_ASSIGNMENT((#49680));
#49700=CARTESIAN_POINT('',(-108.748493817872,69.9106353403537,-9.52));
#49710=DIRECTION('',(0.,1.,0.));
#49720=DIRECTION('',(-1.,0.,0.));
#49730=AXIS2_PLACEMENT_3D('',#49700,#49710,#49720);
#49740=CYLINDRICAL_SURFACE('',#49730,2.5);
#49750=CARTESIAN_POINT('',(-106.248493817872,69.9106353403537,-9.52));
#49760=DIRECTION('',(0.,1.,0.));
#49770=VECTOR('',#49760,1.);
#49780=LINE('',#49750,#49770);
#49790=CARTESIAN_POINT('',(-106.248493817872,71.3666923710639,-9.52));
#49800=VERTEX_POINT('',#49790);
#49810=EDGE_CURVE('',#49550,#49800,#49780,.T.);
#49820=ORIENTED_EDGE('',*,*,#49810,.F.);
#49830=CARTESIAN_POINT('',(-108.748493817872,71.3666923710639,-9.52));
#49840=DIRECTION('',(0.,1.,0.));
#49850=DIRECTION('',(-1.,0.,0.));
#49860=AXIS2_PLACEMENT_3D('',#49830,#49840,#49850);
#49870=CIRCLE('',#49860,2.5);
#49880=CARTESIAN_POINT('',(-110.251363550878,71.3666923710639,
-11.5178444798367));
#49890=VERTEX_POINT('',#49880);
#49900=EDGE_CURVE('',#49800,#49890,#49870,.T.);
#49910=ORIENTED_EDGE('',*,*,#49900,.F.);
#49920=CARTESIAN_POINT('',(-110.251363550878,69.9106353403537,
-11.5178444798367));
#49930=DIRECTION('',(0.,1.,0.));
#49940=VECTOR('',#49930,1.);
#49950=LINE('',#49920,#49940);
#49960=CARTESIAN_POINT('',(-110.251363550878,70.3666923710639,
-11.5178444798367));
#49970=VERTEX_POINT('',#49960);
#49980=EDGE_CURVE('',#49970,#49890,#49950,.T.);
#49990=ORIENTED_EDGE('',*,*,#49980,.T.);
#50000=CARTESIAN_POINT('',(-108.748493817872,70.3666923710639,-9.52));
#50010=DIRECTION('',(0.,1.,0.));
#50020=DIRECTION('',(-1.,0.,0.));
#50030=AXIS2_PLACEMENT_3D('',#50000,#50010,#50020);
#50040=CIRCLE('',#50030,2.5);
#50050=CARTESIAN_POINT('',(-110.746338297709,70.3666923710639,
-11.0228697330061));
#50060=VERTEX_POINT('',#50050);
#50070=EDGE_CURVE('',#49970,#50060,#50040,.T.);
#50080=ORIENTED_EDGE('',*,*,#50070,.F.);
#50090=CARTESIAN_POINT('',(-110.746338297709,69.9106353403537,
-11.0228697330061));
#50100=DIRECTION('',(0.,1.,0.));
#50110=VECTOR('',#50100,1.);
#50120=LINE('',#50090,#50110);
#50130=CARTESIAN_POINT('',(-110.746338297709,71.3666923710639,
-11.0228697330062));
#50140=VERTEX_POINT('',#50130);
#50150=EDGE_CURVE('',#50060,#50140,#50120,.T.);
#50160=ORIENTED_EDGE('',*,*,#50150,.F.);
#50170=CARTESIAN_POINT('',(-108.748493817872,71.3666923710639,-9.52));
#50180=DIRECTION('',(0.,1.,0.));
#50190=DIRECTION('',(-1.,0.,0.));
#50200=AXIS2_PLACEMENT_3D('',#50170,#50180,#50190);
#50210=CIRCLE('',#50200,2.5);
#50220=CARTESIAN_POINT('',(-111.248493817872,71.3666923710639,-9.52));
#50230=VERTEX_POINT('',#50220);
#50240=EDGE_CURVE('',#50140,#50230,#50210,.T.);
#50250=ORIENTED_EDGE('',*,*,#50240,.F.);
#50260=CARTESIAN_POINT('',(-111.248493817872,69.9106353403537,-9.52));
#50270=DIRECTION('',(0.,1.,0.));
#50280=VECTOR('',#50270,1.);
#50290=LINE('',#50260,#50280);
#50300=EDGE_CURVE('',#49530,#50230,#50290,.T.);
#50310=ORIENTED_EDGE('',*,*,#50300,.T.);
#50320=ORIENTED_EDGE('',*,*,#49580,.T.);
#50330=EDGE_LOOP('',(#50320,#50310,#50250,#50160,#50080,#49990,#49910,
#49820));
#50340=FACE_OUTER_BOUND('',#50330,.T.);
#50350=ADVANCED_FACE('',(#50340),#49740,.T.);
#50360=COLOUR_RGB('',0.949019610881805,0.949019610881805,1.);
#50370=FILL_AREA_STYLE_COLOUR('',#50360);
#50380=FILL_AREA_STYLE('',(#50370));
#50390=SURFACE_STYLE_FILL_AREA(#50380);
#50400=SURFACE_SIDE_STYLE('',(#50390));
#50410=SURFACE_STYLE_USAGE(.BOTH.,#50400);
#50420=PRESENTATION_STYLE_ASSIGNMENT((#50410));
#50430=CARTESIAN_POINT('',(-108.501006444457,70.3666923710639,
-9.76748737341532));
#50440=DIRECTION('',(-0.707106781186547,0.,0.707106781186548));
#50450=DIRECTION('',(0.,1.,0.));
#50460=AXIS2_PLACEMENT_3D('',#50430,#50440,#50450);
#50470=PLANE('',#50460);
#50480=CARTESIAN_POINT('',(-161.845165058604,71.3666923710639,
-63.1116459875626));
#50490=DIRECTION('',(0.707106781186548,0.,0.707106781186547));
#50500=VECTOR('',#50490,1.);
#50510=LINE('',#50480,#50500);
#50520=CARTESIAN_POINT('',(-106.750649338036,71.3666923710639,
-8.01713026699389));
#50530=VERTEX_POINT('',#50520);
#50540=EDGE_CURVE('',#49890,#50530,#50510,.T.);
#50550=ORIENTED_EDGE('',*,*,#50540,.F.);
#50560=CARTESIAN_POINT('',(-106.750649338036,69.9106353403537,
-8.01713026699389));
#50570=DIRECTION('',(0.,1.,0.));
#50580=VECTOR('',#50570,1.);
#50590=LINE('',#50560,#50580);
#50600=CARTESIAN_POINT('',(-106.750649338036,70.3666923710639,
-8.01713026699389));
#50610=VERTEX_POINT('',#50600);
#50620=EDGE_CURVE('',#50610,#50530,#50590,.T.);
#50630=ORIENTED_EDGE('',*,*,#50620,.T.);
#50640=CARTESIAN_POINT('',(-161.845165058604,70.3666923710639,
-63.1116459875626));
#50650=DIRECTION('',(0.707106781186548,0.,0.707106781186547));
#50660=VECTOR('',#50650,1.);
#50670=LINE('',#50640,#50660);
#50680=EDGE_CURVE('',#49970,#50610,#50670,.T.);
#50690=ORIENTED_EDGE('',*,*,#50680,.T.);
#50700=ORIENTED_EDGE('',*,*,#49980,.F.);
#50710=EDGE_LOOP('',(#50700,#50690,#50630,#50550));
#50720=FACE_OUTER_BOUND('',#50710,.T.);
#50730=ADVANCED_FACE('',(#50720),#50470,.T.);
#50740=COLOUR_RGB('',0.94901967048645,0.94901967048645,1.);
#50750=FILL_AREA_STYLE_COLOUR('',#50740);
#50760=FILL_AREA_STYLE('',(#50750));
#50770=SURFACE_STYLE_FILL_AREA(#50760);
#50780=SURFACE_SIDE_STYLE('',(#50770));
#50790=SURFACE_STYLE_USAGE(.BOTH.,#50780);
#50800=PRESENTATION_STYLE_ASSIGNMENT((#50790));
#50810=CARTESIAN_POINT('',(-109.41723490192,71.3666923710639,
-8.85125891595279));
#50820=DIRECTION('',(0.,1.,0.));
#50830=DIRECTION('',(0.707106781186547,0.,-0.707106781186548));
#50840=AXIS2_PLACEMENT_3D('',#50810,#50820,#50830);
#50850=PLANE('',#50840);
#50860=EDGE_CURVE('',#50530,#49800,#49870,.T.);
#50870=ORIENTED_EDGE('',*,*,#50860,.T.);
#50880=ORIENTED_EDGE('',*,*,#50540,.T.);
#50890=ORIENTED_EDGE('',*,*,#49900,.T.);
#50900=EDGE_LOOP('',(#50890,#50880,#50870));
#50910=FACE_OUTER_BOUND('',#50900,.T.);
#50920=ADVANCED_FACE('',(#50910),#50850,.T.);
#50930=COLOUR_RGB('',0.94901967048645,0.94901967048645,1.);
#50940=FILL_AREA_STYLE_COLOUR('',#50930);
#50950=FILL_AREA_STYLE('',(#50940));
#50960=SURFACE_STYLE_FILL_AREA(#50950);
#50970=SURFACE_SIDE_STYLE('',(#50960));
#50980=SURFACE_STYLE_USAGE(.BOTH.,#50970);
#50990=PRESENTATION_STYLE_ASSIGNMENT((#50980));
#51000=CARTESIAN_POINT('',(-108.501006444457,70.3666923710639,
-9.76748737341532));
#51010=DIRECTION('',(0.,1.,0.));
#51020=DIRECTION('',(0.707106781186547,0.,-0.707106781186548));
#51030=AXIS2_PLACEMENT_3D('',#51000,#51010,#51020);
#51040=PLANE('',#51030);
#51050=ORIENTED_EDGE('',*,*,#50680,.F.);
#51060=CARTESIAN_POINT('',(-107.245624084866,70.3666923710639,
-7.52215552016329));
#51070=VERTEX_POINT('',#51060);
#51080=EDGE_CURVE('',#51070,#50610,#50040,.T.);
#51090=ORIENTED_EDGE('',*,*,#51080,.T.);
#51100=CARTESIAN_POINT('',(-161.845165058604,70.3666923710639,
-62.1216964939014));
#51110=DIRECTION('',(-0.707106781186548,0.,-0.707106781186547));
#51120=VECTOR('',#51110,1.);
#51130=LINE('',#51100,#51120);
#51140=EDGE_CURVE('',#51070,#50060,#51130,.T.);
#51150=ORIENTED_EDGE('',*,*,#51140,.F.);
#51160=ORIENTED_EDGE('',*,*,#50070,.T.);
#51170=EDGE_LOOP('',(#51160,#51150,#51090,#51050));
#51180=FACE_OUTER_BOUND('',#51170,.T.);
#51190=ADVANCED_FACE('',(#51180),#51040,.T.);
#51200=COLOUR_RGB('',0.94901967048645,0.94901967048645,1.);
#51210=FILL_AREA_STYLE_COLOUR('',#51200);
#51220=FILL_AREA_STYLE('',(#51210));
#51230=SURFACE_STYLE_FILL_AREA(#51220);
#51240=SURFACE_SIDE_STYLE('',(#51230));
#51250=SURFACE_STYLE_USAGE(.BOTH.,#51240);
#51260=PRESENTATION_STYLE_ASSIGNMENT((#51250));
#51270=CARTESIAN_POINT('',(-108.995981191288,71.3666923710639,
-9.27251262658472));
#51280=DIRECTION('',(0.707106781186547,0.,-0.707106781186548));
#51290=DIRECTION('',(0.,-1.,0.));
#51300=AXIS2_PLACEMENT_3D('',#51270,#51280,#51290);
#51310=PLANE('',#51300);
#51320=CARTESIAN_POINT('',(-161.845165058604,71.3666923710639,
-62.1216964939014));
#51330=DIRECTION('',(-0.707106781186548,0.,-0.707106781186547));
#51340=VECTOR('',#51330,1.);
#51350=LINE('',#51320,#51340);
#51360=CARTESIAN_POINT('',(-107.245624084866,71.3666923710639,
-7.5221555201633));
#51370=VERTEX_POINT('',#51360);
#51380=EDGE_CURVE('',#51370,#50140,#51350,.T.);
#51390=ORIENTED_EDGE('',*,*,#51380,.F.);
#51400=ORIENTED_EDGE('',*,*,#50150,.T.);
#51410=ORIENTED_EDGE('',*,*,#51140,.T.);
#51420=CARTESIAN_POINT('',(-107.245624084866,69.9106353403537,
-7.52215552016329));
#51430=DIRECTION('',(0.,1.,0.));
#51440=VECTOR('',#51430,1.);
#51450=LINE('',#51420,#51440);
#51460=EDGE_CURVE('',#51070,#51370,#51450,.T.);
#51470=ORIENTED_EDGE('',*,*,#51460,.F.);
#51480=EDGE_LOOP('',(#51470,#51410,#51400,#51390));
#51490=FACE_OUTER_BOUND('',#51480,.T.);
#51500=ADVANCED_FACE('',(#51490),#51310,.T.);
#51510=COLOUR_RGB('',0.94901967048645,0.94901967048645,1.);
#51520=FILL_AREA_STYLE_COLOUR('',#51510);
#51530=FILL_AREA_STYLE('',(#51520));
#51540=SURFACE_STYLE_FILL_AREA(#51530);
#51550=SURFACE_SIDE_STYLE('',(#51540));
#51560=SURFACE_STYLE_USAGE(.BOTH.,#51550);
#51570=PRESENTATION_STYLE_ASSIGNMENT((#51560));
#51580=ORIENTED_EDGE('',*,*,#50240,.T.);
#51590=ORIENTED_EDGE('',*,*,#51380,.T.);
#51600=EDGE_CURVE('',#50230,#51370,#50210,.T.);
#51610=ORIENTED_EDGE('',*,*,#51600,.T.);
#51620=EDGE_LOOP('',(#51610,#51590,#51580));
#51630=FACE_OUTER_BOUND('',#51620,.T.);
#51640=ADVANCED_FACE('',(#51630),#50850,.T.);
#51650=COLOUR_RGB('',0.94901967048645,0.94901967048645,1.);
#51660=FILL_AREA_STYLE_COLOUR('',#51650);
#51670=FILL_AREA_STYLE('',(#51660));
#51680=SURFACE_STYLE_FILL_AREA(#51670);
#51690=SURFACE_SIDE_STYLE('',(#51680));
#51700=SURFACE_STYLE_USAGE(.BOTH.,#51690);
#51710=PRESENTATION_STYLE_ASSIGNMENT((#51700));
#51720=CARTESIAN_POINT('',(-109.948493817872,53.066692371064,-9.52));
#51730=DIRECTION('',(0.,-1.,0.));
#51740=DIRECTION('',(1.,0.,0.));
#51750=AXIS2_PLACEMENT_3D('',#51720,#51730,#51740);
#51760=CYLINDRICAL_SURFACE('',#51750,0.65);
#51770=CARTESIAN_POINT('',(-109.298493817872,53.066692371064,-9.52));
#51780=DIRECTION('',(0.,-1.,0.));
#51790=VECTOR('',#51780,1.);
#51800=LINE('',#51770,#51790);
#51810=CARTESIAN_POINT('',(-109.298493817872,52.566692371064,-9.52));
#51820=VERTEX_POINT('',#51810);
#51830=EDGE_CURVE('',#25980,#51820,#51800,.T.);
#51840=ORIENTED_EDGE('',*,*,#51830,.T.);
#51850=ORIENTED_EDGE('',*,*,#26030,.T.);
#51860=CARTESIAN_POINT('',(-110.598493817872,53.066692371064,-9.52));
#51870=DIRECTION('',(0.,-1.,0.));
#51880=VECTOR('',#51870,1.);
#51890=LINE('',#51860,#51880);
#51900=CARTESIAN_POINT('',(-110.598493817872,52.566692371064,-9.52));
#51910=VERTEX_POINT('',#51900);
#51920=EDGE_CURVE('',#26000,#51910,#51890,.T.);
#51930=ORIENTED_EDGE('',*,*,#51920,.F.);
#51940=CARTESIAN_POINT('',(-109.948493817872,52.566692371064,-9.52));
#51950=DIRECTION('',(0.,-1.,0.));
#51960=DIRECTION('',(1.,0.,0.));
#51970=AXIS2_PLACEMENT_3D('',#51940,#51950,#51960);
#51980=CIRCLE('',#51970,0.65);
#51990=EDGE_CURVE('',#51910,#51820,#51980,.T.);
#52000=ORIENTED_EDGE('',*,*,#51990,.F.);
#52010=EDGE_LOOP('',(#52000,#51930,#51850,#51840));
#52020=FACE_OUTER_BOUND('',#52010,.T.);
#52030=ADVANCED_FACE('',(#52020),#51760,.T.);
#52040=COLOUR_RGB('',0.94901967048645,0.94901967048645,1.);
#52050=FILL_AREA_STYLE_COLOUR('',#52040);
#52060=FILL_AREA_STYLE('',(#52050));
#52070=SURFACE_STYLE_FILL_AREA(#52060);
#52080=SURFACE_SIDE_STYLE('',(#52070));
#52090=SURFACE_STYLE_USAGE(.BOTH.,#52080);
#52100=PRESENTATION_STYLE_ASSIGNMENT((#52090));
#52110=CARTESIAN_POINT('',(-107.015949315487,52.566692371064,
-3.71504146872276));
#52120=DIRECTION('',(0.,-1.,0.));
#52130=DIRECTION('',(1.,0.,0.));
#52140=AXIS2_PLACEMENT_3D('',#52110,#52120,#52130);
#52150=PLANE('',#52140);
#52160=EDGE_CURVE('',#51820,#51910,#51980,.T.);
#52170=ORIENTED_EDGE('',*,*,#52160,.T.);
#52180=ORIENTED_EDGE('',*,*,#51990,.T.);
#52190=EDGE_LOOP('',(#52180,#52170));
#52200=FACE_OUTER_BOUND('',#52190,.T.);
#52210=CARTESIAN_POINT('',(-161.845165058604,52.566692371064,-9.97));
#52220=DIRECTION('',(1.,0.,0.));
#52230=VECTOR('',#52220,1.);
#52240=LINE('',#52210,#52230);
#52250=CARTESIAN_POINT('',(-110.398493817872,52.566692371064,-9.97));
#52260=VERTEX_POINT('',#52250);
#52270=CARTESIAN_POINT('',(-109.498493817872,52.566692371064,-9.97));
#52280=VERTEX_POINT('',#52270);
#52290=EDGE_CURVE('',#52260,#52280,#52240,.T.);
#52300=ORIENTED_EDGE('',*,*,#52290,.F.);
#52310=CARTESIAN_POINT('',(-109.498493817872,52.566692371064,5.));
#52320=DIRECTION('',(0.,0.,1.));
#52330=VECTOR('',#52320,1.);
#52340=LINE('',#52310,#52330);
#52350=CARTESIAN_POINT('',(-109.498493817872,52.566692371064,-9.07));
#52360=VERTEX_POINT('',#52350);
#52370=EDGE_CURVE('',#52280,#52360,#52340,.T.);
#52380=ORIENTED_EDGE('',*,*,#52370,.F.);
#52390=CARTESIAN_POINT('',(-161.845165058604,52.566692371064,-9.07));
#52400=DIRECTION('',(-1.,0.,0.));
#52410=VECTOR('',#52400,1.);
#52420=LINE('',#52390,#52410);
#52430=CARTESIAN_POINT('',(-110.398493817872,52.566692371064,-9.07));
#52440=VERTEX_POINT('',#52430);
#52450=EDGE_CURVE('',#52360,#52440,#52420,.T.);
#52460=ORIENTED_EDGE('',*,*,#52450,.F.);
#52470=CARTESIAN_POINT('',(-110.398493817872,52.566692371064,5.));
#52480=DIRECTION('',(0.,0.,-1.));
#52490=VECTOR('',#52480,1.);
#52500=LINE('',#52470,#52490);
#52510=EDGE_CURVE('',#52440,#52260,#52500,.T.);
#52520=ORIENTED_EDGE('',*,*,#52510,.F.);
#52530=EDGE_LOOP('',(#52520,#52460,#52380,#52300));
#52540=FACE_BOUND('',#52530,.T.);
#52550=ADVANCED_FACE('',(#52200,#52540),#52150,.T.);
#52560=COLOUR_RGB('',0.94901967048645,0.94901967048645,1.);
#52570=FILL_AREA_STYLE_COLOUR('',#52560);
#52580=FILL_AREA_STYLE('',(#52570));
#52590=SURFACE_STYLE_FILL_AREA(#52580);
#52600=SURFACE_SIDE_STYLE('',(#52590));
#52610=SURFACE_STYLE_USAGE(.BOTH.,#52600);
#52620=PRESENTATION_STYLE_ASSIGNMENT((#52610));
#52630=CARTESIAN_POINT('',(-109.948493817872,53.066692371064,0.));
#52640=DIRECTION('',(0.,-1.,0.));
#52650=DIRECTION('',(1.,0.,0.));
#52660=AXIS2_PLACEMENT_3D('',#52630,#52640,#52650);
#52670=CYLINDRICAL_SURFACE('',#52660,0.65);
#52680=CARTESIAN_POINT('',(-109.298493817872,53.066692371064,0.));
#52690=DIRECTION('',(0.,-1.,0.));
#52700=VECTOR('',#52690,1.);
#52710=LINE('',#52680,#52700);
#52720=CARTESIAN_POINT('',(-109.298493817872,52.566692371064,0.));
#52730=VERTEX_POINT('',#52720);
#52740=EDGE_CURVE('',#25530,#52730,#52710,.T.);
#52750=ORIENTED_EDGE('',*,*,#52740,.T.);
#52760=ORIENTED_EDGE('',*,*,#25580,.T.);
#52770=CARTESIAN_POINT('',(-110.598493817872,53.066692371064,
7.9602041944578E-17));
#52780=DIRECTION('',(0.,-1.,0.));
#52790=VECTOR('',#52780,1.);
#52800=LINE('',#52770,#52790);
#52810=CARTESIAN_POINT('',(-110.598493817872,52.566692371064,
7.9602041944578E-17));
#52820=VERTEX_POINT('',#52810);
#52830=EDGE_CURVE('',#25550,#52820,#52800,.T.);
#52840=ORIENTED_EDGE('',*,*,#52830,.F.);
#52850=CARTESIAN_POINT('',(-109.948493817872,52.566692371064,0.));
#52860=DIRECTION('',(0.,-1.,0.));
#52870=DIRECTION('',(1.,0.,0.));
#52880=AXIS2_PLACEMENT_3D('',#52850,#52860,#52870);
#52890=CIRCLE('',#52880,0.65);
#52900=EDGE_CURVE('',#52820,#52730,#52890,.T.);
#52910=ORIENTED_EDGE('',*,*,#52900,.F.);
#52920=EDGE_LOOP('',(#52910,#52840,#52760,#52750));
#52930=FACE_OUTER_BOUND('',#52920,.T.);
#52940=ADVANCED_FACE('',(#52930),#52670,.T.);
#52950=COLOUR_RGB('',0.94901967048645,0.94901967048645,1.);
#52960=FILL_AREA_STYLE_COLOUR('',#52950);
#52970=FILL_AREA_STYLE('',(#52960));
#52980=SURFACE_STYLE_FILL_AREA(#52970);
#52990=SURFACE_SIDE_STYLE('',(#52980));
#53000=SURFACE_STYLE_USAGE(.BOTH.,#52990);
#53010=PRESENTATION_STYLE_ASSIGNMENT((#53000));
#53020=CARTESIAN_POINT('',(-107.015949315487,52.566692371064,
-3.71504146872276));
#53030=DIRECTION('',(0.,-1.,0.));
#53040=DIRECTION('',(1.,0.,0.));
#53050=AXIS2_PLACEMENT_3D('',#53020,#53030,#53040);
#53060=PLANE('',#53050);
#53070=EDGE_CURVE('',#52730,#52820,#52890,.T.);
#53080=ORIENTED_EDGE('',*,*,#53070,.T.);
#53090=ORIENTED_EDGE('',*,*,#52900,.T.);
#53100=EDGE_LOOP('',(#53090,#53080));
#53110=FACE_OUTER_BOUND('',#53100,.T.);
#53120=CARTESIAN_POINT('',(-161.845165058604,52.566692371064,
0.449999999999999));
#53130=DIRECTION('',(-1.,0.,0.));
#53140=VECTOR('',#53130,1.);
#53150=LINE('',#53120,#53140);
#53160=EDGE_CURVE('',#35760,#29650,#53150,.T.);
#53170=ORIENTED_EDGE('',*,*,#53160,.F.);
#53180=ORIENTED_EDGE('',*,*,#29970,.F.);
#53190=ORIENTED_EDGE('',*,*,#29430,.F.);
#53200=ORIENTED_EDGE('',*,*,#35830,.F.);
#53210=EDGE_LOOP('',(#53200,#53190,#53180,#53170));
#53220=FACE_BOUND('',#53210,.T.);
#53230=ADVANCED_FACE('',(#53110,#53220),#53060,.T.);
#53240=COLOUR_RGB('',0.94901967048645,0.94901967048645,1.);
#53250=FILL_AREA_STYLE_COLOUR('',#53240);
#53260=FILL_AREA_STYLE('',(#53250));
#53270=SURFACE_STYLE_FILL_AREA(#53260);
#53280=SURFACE_SIDE_STYLE('',(#53270));
#53290=SURFACE_STYLE_USAGE(.BOTH.,#53280);
#53300=PRESENTATION_STYLE_ASSIGNMENT((#53290));
#53310=CARTESIAN_POINT('',(-109.498493817872,52.566692371064,-9.97));
#53320=DIRECTION('',(0.,0.,-1.));
#53330=DIRECTION('',(-1.,0.,0.));
#53340=AXIS2_PLACEMENT_3D('',#53310,#53320,#53330);
#53350=PLANE('',#53340);
#53360=CARTESIAN_POINT('',(-110.398493817872,52.566692371064,-9.97));
#53370=DIRECTION('',(0.,-1.,0.));
#53380=VECTOR('',#53370,1.);
#53390=LINE('',#53360,#53380);
#53400=EDGE_CURVE('',#52260,#34760,#53390,.T.);
#53410=ORIENTED_EDGE('',*,*,#53400,.F.);
#53420=ORIENTED_EDGE('',*,*,#34770,.F.);
#53430=CARTESIAN_POINT('',(-109.498493817872,52.566692371064,-9.97));
#53440=DIRECTION('',(0.,-1.,0.));
#53450=VECTOR('',#53440,1.);
#53460=LINE('',#53430,#53450);
#53470=EDGE_CURVE('',#52280,#34660,#53460,.T.);
#53480=ORIENTED_EDGE('',*,*,#53470,.T.);
#53490=ORIENTED_EDGE('',*,*,#52290,.T.);
#53500=EDGE_LOOP('',(#53490,#53480,#53420,#53410));
#53510=FACE_OUTER_BOUND('',#53500,.T.);
#53520=ADVANCED_FACE('',(#53510),#53350,.T.);
#53530=COLOUR_RGB('',0.94901967048645,0.94901967048645,1.);
#53540=FILL_AREA_STYLE_COLOUR('',#53530);
#53550=FILL_AREA_STYLE('',(#53540));
#53560=SURFACE_STYLE_FILL_AREA(#53550);
#53570=SURFACE_SIDE_STYLE('',(#53560));
#53580=SURFACE_STYLE_USAGE(.BOTH.,#53570);
#53590=PRESENTATION_STYLE_ASSIGNMENT((#53580));
#53600=CARTESIAN_POINT('',(-109.498493817872,52.566692371064,-9.07));
#53610=DIRECTION('',(1.,-0.,0.));
#53620=DIRECTION('',(0.,0.,-1.));
#53630=AXIS2_PLACEMENT_3D('',#53600,#53610,#53620);
#53640=PLANE('',#53630);
#53650=ORIENTED_EDGE('',*,*,#53470,.F.);
#53660=ORIENTED_EDGE('',*,*,#34690,.F.);
#53670=CARTESIAN_POINT('',(-109.498493817872,48.066692371064,-9.97));
#53680=DIRECTION('',(0.,0.,1.));
#53690=VECTOR('',#53680,1.);
#53700=LINE('',#53670,#53690);
#53710=EDGE_CURVE('',#34680,#34370,#53700,.T.);
#53720=ORIENTED_EDGE('',*,*,#53710,.F.);
#53730=ORIENTED_EDGE('',*,*,#34380,.F.);
#53740=CARTESIAN_POINT('',(-109.498493817872,52.566692371064,-9.07));
#53750=DIRECTION('',(0.,-1.,0.));
#53760=VECTOR('',#53750,1.);
#53770=LINE('',#53740,#53760);
#53780=EDGE_CURVE('',#52360,#34290,#53770,.T.);
#53790=ORIENTED_EDGE('',*,*,#53780,.T.);
#53800=ORIENTED_EDGE('',*,*,#52370,.T.);
#53810=EDGE_LOOP('',(#53800,#53790,#53730,#53720,#53660,#53650));
#53820=FACE_OUTER_BOUND('',#53810,.T.);
#53830=ADVANCED_FACE('',(#53820),#53640,.T.);
#53840=COLOUR_RGB('',0.94901967048645,0.94901967048645,1.);
#53850=FILL_AREA_STYLE_COLOUR('',#53840);
#53860=FILL_AREA_STYLE('',(#53850));
#53870=SURFACE_STYLE_FILL_AREA(#53860);
#53880=SURFACE_SIDE_STYLE('',(#53870));
#53890=SURFACE_STYLE_USAGE(.BOTH.,#53880);
#53900=PRESENTATION_STYLE_ASSIGNMENT((#53890));
#53910=CARTESIAN_POINT('',(-110.398493817872,52.566692371064,-9.07));
#53920=DIRECTION('',(0.,0.,1.));
#53930=DIRECTION('',(1.,0.,0.));
#53940=AXIS2_PLACEMENT_3D('',#53910,#53920,#53930);
#53950=PLANE('',#53940);
#53960=ORIENTED_EDGE('',*,*,#53780,.F.);
#53970=ORIENTED_EDGE('',*,*,#34300,.F.);
#53980=CARTESIAN_POINT('',(-110.398493817872,52.566692371064,-9.07));
#53990=DIRECTION('',(0.,-1.,0.));
#54000=VECTOR('',#53990,1.);
#54010=LINE('',#53980,#54000);
#54020=EDGE_CURVE('',#52440,#34190,#54010,.T.);
#54030=ORIENTED_EDGE('',*,*,#54020,.T.);
#54040=ORIENTED_EDGE('',*,*,#52450,.T.);
#54050=EDGE_LOOP('',(#54040,#54030,#53970,#53960));
#54060=FACE_OUTER_BOUND('',#54050,.T.);
#54070=ADVANCED_FACE('',(#54060),#53950,.T.);
#54080=COLOUR_RGB('',0.94901967048645,0.94901967048645,1.);
#54090=FILL_AREA_STYLE_COLOUR('',#54080);
#54100=FILL_AREA_STYLE('',(#54090));
#54110=SURFACE_STYLE_FILL_AREA(#54100);
#54120=SURFACE_SIDE_STYLE('',(#54110));
#54130=SURFACE_STYLE_USAGE(.BOTH.,#54120);
#54140=PRESENTATION_STYLE_ASSIGNMENT((#54130));
#54150=CARTESIAN_POINT('',(-110.398493817872,52.566692371064,-9.97));
#54160=DIRECTION('',(-1.,0.,0.));
#54170=DIRECTION('',(0.,0.,1.));
#54180=AXIS2_PLACEMENT_3D('',#54150,#54160,#54170);
#54190=PLANE('',#54180);
#54200=ORIENTED_EDGE('',*,*,#54020,.F.);
#54210=ORIENTED_EDGE('',*,*,#34220,.F.);
#54220=CARTESIAN_POINT('',(-110.398493817872,48.066692371064,-9.07));
#54230=DIRECTION('',(0.,0.,-1.));
#54240=VECTOR('',#54230,1.);
#54250=LINE('',#54220,#54240);
#54260=EDGE_CURVE('',#34210,#34840,#54250,.T.);
#54270=ORIENTED_EDGE('',*,*,#54260,.F.);
#54280=ORIENTED_EDGE('',*,*,#34850,.F.);
#54290=ORIENTED_EDGE('',*,*,#53400,.T.);
#54300=ORIENTED_EDGE('',*,*,#52510,.T.);
#54310=EDGE_LOOP('',(#54300,#54290,#54280,#54270,#54210,#54200));
#54320=FACE_OUTER_BOUND('',#54310,.T.);
#54330=ADVANCED_FACE('',(#54320),#54190,.T.);
#54340=COLOUR_RGB('',0.94901967048645,0.94901967048645,1.);
#54350=FILL_AREA_STYLE_COLOUR('',#54340);
#54360=FILL_AREA_STYLE('',(#54350));
#54370=SURFACE_STYLE_FILL_AREA(#54360);
#54380=SURFACE_SIDE_STYLE('',(#54370));
#54390=SURFACE_STYLE_USAGE(.BOTH.,#54380);
#54400=PRESENTATION_STYLE_ASSIGNMENT((#54390));
#54410=CARTESIAN_POINT('',(-107.015949315487,48.066692371064,
-3.71504146872276));
#54420=DIRECTION('',(0.,-1.,0.));
#54430=DIRECTION('',(1.,0.,0.));
#54440=AXIS2_PLACEMENT_3D('',#54410,#54420,#54430);
#54450=PLANE('',#54440);
#54460=ORIENTED_EDGE('',*,*,#54260,.T.);
#54470=ORIENTED_EDGE('',*,*,#34440,.F.);
#54480=ORIENTED_EDGE('',*,*,#53710,.T.);
#54490=ORIENTED_EDGE('',*,*,#34910,.F.);
#54500=EDGE_LOOP('',(#54490,#54480,#54470,#54460));
#54510=FACE_OUTER_BOUND('',#54500,.T.);
#54520=ADVANCED_FACE('',(#54510),#54450,.T.);
#54530=COLOUR_RGB('',0.94901967048645,0.94901967048645,1.);
#54540=FILL_AREA_STYLE_COLOUR('',#54530);
#54550=FILL_AREA_STYLE('',(#54540));
#54560=SURFACE_STYLE_FILL_AREA(#54550);
#54570=SURFACE_SIDE_STYLE('',(#54560));
#54580=SURFACE_STYLE_USAGE(.BOTH.,#54570);
#54590=PRESENTATION_STYLE_ASSIGNMENT((#54580));
#54600=CARTESIAN_POINT('',(-110.398493817872,52.566692371064,
0.449999999999999));
#54610=DIRECTION('',(0.,0.,1.));
#54620=DIRECTION('',(1.,0.,0.));
#54630=AXIS2_PLACEMENT_3D('',#54600,#54610,#54620);
#54640=PLANE('',#54630);
#54650=ORIENTED_EDGE('',*,*,#35770,.F.);
#54660=ORIENTED_EDGE('',*,*,#33830,.T.);
#54670=ORIENTED_EDGE('',*,*,#29680,.T.);
#54680=ORIENTED_EDGE('',*,*,#53160,.T.);
#54690=EDGE_LOOP('',(#54680,#54670,#54660,#54650));
#54700=FACE_OUTER_BOUND('',#54690,.T.);
#54710=ADVANCED_FACE('',(#54700),#54640,.T.);
#54720=COLOUR_RGB('',0.94901967048645,0.94901967048645,1.);
#54730=FILL_AREA_STYLE_COLOUR('',#54720);
#54740=FILL_AREA_STYLE('',(#54730));
#54750=SURFACE_STYLE_FILL_AREA(#54740);
#54760=SURFACE_SIDE_STYLE('',(#54750));
#54770=SURFACE_STYLE_USAGE(.BOTH.,#54760);
#54780=PRESENTATION_STYLE_ASSIGNMENT((#54770));
#54790=CARTESIAN_POINT('',(-112.041493817872,64.066692371064,-14.28));
#54800=DIRECTION('',(1.,0.,-3.79590857139853E-14));
#54810=DIRECTION('',(3.79590857139853E-14,0.,1.));
#54820=AXIS2_PLACEMENT_3D('',#54790,#54800,#54810);
#54830=PLANE('',#54820);
#54840=CARTESIAN_POINT('',(-112.041493817872,64.066692371064,
-14.4086906999067));
#54850=DIRECTION('',(0.,-1.,0.));
#54860=VECTOR('',#54850,1.);
#54870=LINE('',#54840,#54860);
#54880=CARTESIAN_POINT('',(-112.041493817872,63.066692371064,
-14.4086906999067));
#54890=VERTEX_POINT('',#54880);
#54900=CARTESIAN_POINT('',(-112.041493817872,54.066692371064,
-14.4086906999067));
#54910=VERTEX_POINT('',#54900);
#54920=EDGE_CURVE('',#54890,#54910,#54870,.T.);
#54930=ORIENTED_EDGE('',*,*,#54920,.F.);
#54940=CARTESIAN_POINT('',(-112.041493817872,54.066692371064,-14.28));
#54950=DIRECTION('',(-3.79590857139853E-14,0.,-1.));
#54960=VECTOR('',#54950,1.);
#54970=LINE('',#54940,#54960);
#54980=EDGE_CURVE('',#21500,#54910,#54970,.T.);
#54990=ORIENTED_EDGE('',*,*,#54980,.T.);
#55000=ORIENTED_EDGE('',*,*,#21510,.T.);
#55010=CARTESIAN_POINT('',(-112.041493817872,63.066692371064,-9.52));
#55020=DIRECTION('',(3.79590857139853E-14,0.,1.));
#55030=VECTOR('',#55020,1.);
#55040=LINE('',#55010,#55030);
#55050=EDGE_CURVE('',#54890,#21420,#55040,.T.);
#55060=ORIENTED_EDGE('',*,*,#55050,.T.);
#55070=EDGE_LOOP('',(#55060,#55000,#54990,#54930));
#55080=FACE_OUTER_BOUND('',#55070,.T.);
#55090=ADVANCED_FACE('',(#55080),#54830,.T.);
#55100=COLOUR_RGB('',0.501960813999176,1.,0.501960813999176);
#55110=FILL_AREA_STYLE_COLOUR('',#55100);
#55120=FILL_AREA_STYLE('',(#55110));
#55130=SURFACE_STYLE_FILL_AREA(#55120);
#55140=SURFACE_SIDE_STYLE('',(#55130));
#55150=SURFACE_STYLE_USAGE(.BOTH.,#55140);
#55160=PRESENTATION_STYLE_ASSIGNMENT((#55150));
#55170=CARTESIAN_POINT('',(-112.041493817872,64.066692371064,
-14.4086906999067));
#55180=DIRECTION('',(0.765370897600524,0.,0.643589456956971));
#55190=DIRECTION('',(-0.643589456956971,0.,0.765370897600524));
#55200=AXIS2_PLACEMENT_3D('',#55170,#55180,#55190);
#55210=PLANE('',#55200);
#55220=CARTESIAN_POINT('',(-111.891534474256,64.066692371064,
-14.5870256868868));
#55230=DIRECTION('',(0.,-1.,0.));
#55240=VECTOR('',#55230,1.);
#55250=LINE('',#55220,#55240);
#55260=CARTESIAN_POINT('',(-111.891534474256,63.066692371064,
-14.5870256868869));
#55270=VERTEX_POINT('',#55260);
#55280=CARTESIAN_POINT('',(-111.891534474256,54.066692371064,
-14.5870256868868));
#55290=VERTEX_POINT('',#55280);
#55300=EDGE_CURVE('',#55270,#55290,#55250,.T.);
#55310=ORIENTED_EDGE('',*,*,#55300,.F.);
#55320=CARTESIAN_POINT('',(-112.041493817872,54.066692371064,
-14.4086906999067));
#55330=DIRECTION('',(0.643589456956971,0.,-0.765370897600524));
#55340=VECTOR('',#55330,1.);
#55350=LINE('',#55320,#55340);
#55360=EDGE_CURVE('',#54910,#55290,#55350,.T.);
#55370=ORIENTED_EDGE('',*,*,#55360,.T.);
#55380=ORIENTED_EDGE('',*,*,#54920,.T.);
#55390=CARTESIAN_POINT('',(-116.152324008369,63.066692371064,-9.52));
#55400=DIRECTION('',(-0.643589456956971,0.,0.765370897600524));
#55410=VECTOR('',#55400,1.);
#55420=LINE('',#55390,#55410);
#55430=EDGE_CURVE('',#55270,#54890,#55420,.T.);
#55440=ORIENTED_EDGE('',*,*,#55430,.T.);
#55450=EDGE_LOOP('',(#55440,#55380,#55370,#55310));
#55460=FACE_OUTER_BOUND('',#55450,.T.);
#55470=ADVANCED_FACE('',(#55460),#55210,.T.);
#55480=COLOUR_RGB('',0.501960813999176,1.,0.501960813999176);
#55490=FILL_AREA_STYLE_COLOUR('',#55480);
#55500=FILL_AREA_STYLE('',(#55490));
#55510=SURFACE_STYLE_FILL_AREA(#55500);
#55520=SURFACE_SIDE_STYLE('',(#55510));
#55530=SURFACE_STYLE_USAGE(.BOTH.,#55520);
#55540=PRESENTATION_STYLE_ASSIGNMENT((#55530));
#55550=CARTESIAN_POINT('',(-112.605453161488,64.066692371064,
-14.8499999999999));
#55560=DIRECTION('',(-1.,0.,5.91050972270024E-15));
#55570=DIRECTION('',(-5.91050972270024E-15,0.,-1.));
#55580=AXIS2_PLACEMENT_3D('',#55550,#55560,#55570);
#55590=PLANE('',#55580);
#55600=CARTESIAN_POINT('',(-112.605453161488,64.066692371064,
-14.5870256868869));
#55610=DIRECTION('',(0.,-1.,0.));
#55620=VECTOR('',#55610,1.);
#55630=LINE('',#55600,#55620);
#55640=CARTESIAN_POINT('',(-112.605453161488,63.066692371064,
-14.5870256868869));
#55650=VERTEX_POINT('',#55640);
#55660=CARTESIAN_POINT('',(-112.605453161488,54.066692371064,
-14.5870256868869));
#55670=VERTEX_POINT('',#55660);
#55680=EDGE_CURVE('',#55650,#55670,#55630,.T.);
#55690=ORIENTED_EDGE('',*,*,#55680,.F.);
#55700=CARTESIAN_POINT('',(-112.605453161488,54.066692371064,
-14.8499999999999));
#55710=DIRECTION('',(5.91050972270024E-15,0.,1.));
#55720=VECTOR('',#55710,1.);
#55730=LINE('',#55700,#55720);
#55740=CARTESIAN_POINT('',(-112.605453161488,54.066692371064,
-14.8499999999999));
#55750=VERTEX_POINT('',#55740);
#55760=EDGE_CURVE('',#55750,#55670,#55730,.T.);
#55770=ORIENTED_EDGE('',*,*,#55760,.T.);
#55780=CARTESIAN_POINT('',(-112.605453161488,64.066692371064,
-14.8499999999999));
#55790=DIRECTION('',(0.,-1.,0.));
#55800=VECTOR('',#55790,1.);
#55810=LINE('',#55780,#55800);
#55820=CARTESIAN_POINT('',(-112.605453161488,63.066692371064,
-14.8499999999999));
#55830=VERTEX_POINT('',#55820);
#55840=EDGE_CURVE('',#55830,#55750,#55810,.T.);
#55850=ORIENTED_EDGE('',*,*,#55840,.T.);
#55860=CARTESIAN_POINT('',(-112.605453161488,63.066692371064,-9.52));
#55870=DIRECTION('',(-5.91050972270024E-15,0.,-1.));
#55880=VECTOR('',#55870,1.);
#55890=LINE('',#55860,#55880);
#55900=EDGE_CURVE('',#55650,#55830,#55890,.T.);
#55910=ORIENTED_EDGE('',*,*,#55900,.T.);
#55920=EDGE_LOOP('',(#55910,#55850,#55770,#55690));
#55930=FACE_OUTER_BOUND('',#55920,.T.);
#55940=ADVANCED_FACE('',(#55930),#55590,.T.);
#55950=COLOUR_RGB('',0.501960813999176,1.,0.501960813999176);
#55960=FILL_AREA_STYLE_COLOUR('',#55950);
#55970=FILL_AREA_STYLE('',(#55960));
#55980=SURFACE_STYLE_FILL_AREA(#55970);
#55990=SURFACE_SIDE_STYLE('',(#55980));
#56000=SURFACE_STYLE_USAGE(.BOTH.,#55990);
#56010=PRESENTATION_STYLE_ASSIGNMENT((#56000));
#56020=CARTESIAN_POINT('',(-111.706843992956,63.066692371064,
-1.08293753917851));
#56030=DIRECTION('',(-0.,1.,0.));
#56040=DIRECTION('',(1.,0.,0.));
#56050=AXIS2_PLACEMENT_3D('',#56020,#56030,#56040);
#56060=PLANE('',#56050);
#56070=CARTESIAN_POINT('',(0.,63.066692371064,-14.8499999999999));
#56080=DIRECTION('',(1.,0.,0.));
#56090=VECTOR('',#56080,1.);
#56100=LINE('',#56070,#56090);
#56110=CARTESIAN_POINT('',(-111.891534474256,63.066692371064,
-14.8499999999999));
#56120=VERTEX_POINT('',#56110);
#56130=EDGE_CURVE('',#55830,#56120,#56100,.T.);
#56140=ORIENTED_EDGE('',*,*,#56130,.F.);
#56150=CARTESIAN_POINT('',(-111.891534474256,63.066692371064,-9.52));
#56160=DIRECTION('',(0.,0.,1.));
#56170=VECTOR('',#56160,1.);
#56180=LINE('',#56150,#56170);
#56190=EDGE_CURVE('',#56120,#55270,#56180,.T.);
#56200=ORIENTED_EDGE('',*,*,#56190,.F.);
#56210=ORIENTED_EDGE('',*,*,#55430,.F.);
#56220=ORIENTED_EDGE('',*,*,#55050,.F.);
#56230=ORIENTED_EDGE('',*,*,#21430,.T.);
#56240=CARTESIAN_POINT('',(-112.455493817872,63.066692371064,-9.52));
#56250=DIRECTION('',(0.,0.,-1.));
#56260=VECTOR('',#56250,1.);
#56270=LINE('',#56240,#56260);
#56280=CARTESIAN_POINT('',(-112.455493817872,63.066692371064,
-14.4086906999067));
#56290=VERTEX_POINT('',#56280);
#56300=EDGE_CURVE('',#21400,#56290,#56270,.T.);
#56310=ORIENTED_EDGE('',*,*,#56300,.F.);
#56320=CARTESIAN_POINT('',(-108.344663627375,63.066692371064,-9.52));
#56330=DIRECTION('',(-0.64358945695705,0.,-0.765370897600457));
#56340=VECTOR('',#56330,1.);
#56350=LINE('',#56320,#56340);
#56360=EDGE_CURVE('',#56290,#55650,#56350,.T.);
#56370=ORIENTED_EDGE('',*,*,#56360,.F.);
#56380=ORIENTED_EDGE('',*,*,#55900,.F.);
#56390=EDGE_LOOP('',(#56380,#56370,#56310,#56230,#56220,#56210,#56200,
#56140));
#56400=FACE_OUTER_BOUND('',#56390,.T.);
#56410=ADVANCED_FACE('',(#56400),#56060,.T.);
#56420=COLOUR_RGB('',0.501960813999176,1.,0.501960813999176);
#56430=FILL_AREA_STYLE_COLOUR('',#56420);
#56440=FILL_AREA_STYLE('',(#56430));
#56450=SURFACE_STYLE_FILL_AREA(#56440);
#56460=SURFACE_SIDE_STYLE('',(#56450));
#56470=SURFACE_STYLE_USAGE(.BOTH.,#56460);
#56480=PRESENTATION_STYLE_ASSIGNMENT((#56470));
#56490=CARTESIAN_POINT('',(-111.891534474256,64.066692371064,
-14.8499999999999));
#56500=DIRECTION('',(0.,0.,-1.));
#56510=DIRECTION('',(1.,0.,0.));
#56520=AXIS2_PLACEMENT_3D('',#56490,#56500,#56510);
#56530=PLANE('',#56520);
#56540=ORIENTED_EDGE('',*,*,#55840,.F.);
#56550=CARTESIAN_POINT('',(-111.891534474256,54.066692371064,
-14.8499999999999));
#56560=DIRECTION('',(-1.,0.,0.));
#56570=VECTOR('',#56560,1.);
#56580=LINE('',#56550,#56570);
#56590=CARTESIAN_POINT('',(-111.891534474256,54.066692371064,
-14.8499999999999));
#56600=VERTEX_POINT('',#56590);
#56610=EDGE_CURVE('',#56600,#55750,#56580,.T.);
#56620=ORIENTED_EDGE('',*,*,#56610,.T.);
#56630=CARTESIAN_POINT('',(-111.891534474256,64.066692371064,
-14.8499999999999));
#56640=DIRECTION('',(0.,-1.,0.));
#56650=VECTOR('',#56640,1.);
#56660=LINE('',#56630,#56650);
#56670=EDGE_CURVE('',#56120,#56600,#56660,.T.);
#56680=ORIENTED_EDGE('',*,*,#56670,.T.);
#56690=ORIENTED_EDGE('',*,*,#56130,.T.);
#56700=EDGE_LOOP('',(#56690,#56680,#56620,#56540));
#56710=FACE_OUTER_BOUND('',#56700,.T.);
#56720=ADVANCED_FACE('',(#56710),#56530,.T.);
#56730=COLOUR_RGB('',0.501960813999176,1.,0.501960813999176);
#56740=FILL_AREA_STYLE_COLOUR('',#56730);
#56750=FILL_AREA_STYLE('',(#56740));
#56760=SURFACE_STYLE_FILL_AREA(#56750);
#56770=SURFACE_SIDE_STYLE('',(#56760));
#56780=SURFACE_STYLE_USAGE(.BOTH.,#56770);
#56790=PRESENTATION_STYLE_ASSIGNMENT((#56780));
#56800=CARTESIAN_POINT('',(-111.891534474256,64.066692371064,
-14.5870256868868));
#56810=DIRECTION('',(1.,0.,-0.));
#56820=DIRECTION('',(0.,0.,1.));
#56830=AXIS2_PLACEMENT_3D('',#56800,#56810,#56820);
#56840=PLANE('',#56830);
#56850=ORIENTED_EDGE('',*,*,#56670,.F.);
#56860=CARTESIAN_POINT('',(-111.891534474256,54.066692371064,
-14.5870256868868));
#56870=DIRECTION('',(0.,0.,-1.));
#56880=VECTOR('',#56870,1.);
#56890=LINE('',#56860,#56880);
#56900=EDGE_CURVE('',#55290,#56600,#56890,.T.);
#56910=ORIENTED_EDGE('',*,*,#56900,.T.);
#56920=ORIENTED_EDGE('',*,*,#55300,.T.);
#56930=ORIENTED_EDGE('',*,*,#56190,.T.);
#56940=EDGE_LOOP('',(#56930,#56920,#56910,#56850));
#56950=FACE_OUTER_BOUND('',#56940,.T.);
#56960=ADVANCED_FACE('',(#56950),#56840,.T.);
#56970=COLOUR_RGB('',0.501960813999176,1.,0.501960813999176);
#56980=FILL_AREA_STYLE_COLOUR('',#56970);
#56990=FILL_AREA_STYLE('',(#56980));
#57000=SURFACE_STYLE_FILL_AREA(#56990);
#57010=SURFACE_SIDE_STYLE('',(#57000));
#57020=SURFACE_STYLE_USAGE(.BOTH.,#57010);
#57030=PRESENTATION_STYLE_ASSIGNMENT((#57020));
#57040=CARTESIAN_POINT('',(-112.455493817872,64.066692371064,
-14.4086906999067));
#57050=DIRECTION('',(-1.,-0.,-0.));
#57060=DIRECTION('',(0.,0.,-1.));
#57070=AXIS2_PLACEMENT_3D('',#57040,#57050,#57060);
#57080=PLANE('',#57070);
#57090=ORIENTED_EDGE('',*,*,#21650,.T.);
#57100=CARTESIAN_POINT('',(-112.455493817872,54.066692371064,
-14.4086906999067));
#57110=DIRECTION('',(0.,0.,1.));
#57120=VECTOR('',#57110,1.);
#57130=LINE('',#57100,#57120);
#57140=CARTESIAN_POINT('',(-112.455493817872,54.066692371064,
-14.4086906999067));
#57150=VERTEX_POINT('',#57140);
#57160=EDGE_CURVE('',#57150,#21580,#57130,.T.);
#57170=ORIENTED_EDGE('',*,*,#57160,.T.);
#57180=CARTESIAN_POINT('',(-112.455493817872,64.066692371064,
-14.4086906999067));
#57190=DIRECTION('',(0.,-1.,0.));
#57200=VECTOR('',#57190,1.);
#57210=LINE('',#57180,#57200);
#57220=EDGE_CURVE('',#56290,#57150,#57210,.T.);
#57230=ORIENTED_EDGE('',*,*,#57220,.T.);
#57240=ORIENTED_EDGE('',*,*,#56300,.T.);
#57250=EDGE_LOOP('',(#57240,#57230,#57170,#57090));
#57260=FACE_OUTER_BOUND('',#57250,.T.);
#57270=ADVANCED_FACE('',(#57260),#57080,.T.);
#57280=COLOUR_RGB('',0.501960813999176,1.,0.501960813999176);
#57290=FILL_AREA_STYLE_COLOUR('',#57280);
#57300=FILL_AREA_STYLE('',(#57290));
#57310=SURFACE_STYLE_FILL_AREA(#57300);
#57320=SURFACE_SIDE_STYLE('',(#57310));
#57330=SURFACE_STYLE_USAGE(.BOTH.,#57320);
#57340=PRESENTATION_STYLE_ASSIGNMENT((#57330));
#57350=CARTESIAN_POINT('',(-112.605453161488,64.066692371064,
-14.5870256868869));
#57360=DIRECTION('',(-0.765370897600457,0.,0.64358945695705));
#57370=DIRECTION('',(-0.64358945695705,0.,-0.765370897600457));
#57380=AXIS2_PLACEMENT_3D('',#57350,#57360,#57370);
#57390=PLANE('',#57380);
#57400=ORIENTED_EDGE('',*,*,#57220,.F.);
#57410=CARTESIAN_POINT('',(-112.605453161488,54.066692371064,
-14.5870256868869));
#57420=DIRECTION('',(0.64358945695705,0.,0.765370897600457));
#57430=VECTOR('',#57420,1.);
#57440=LINE('',#57410,#57430);
#57450=EDGE_CURVE('',#55670,#57150,#57440,.T.);
#57460=ORIENTED_EDGE('',*,*,#57450,.T.);
#57470=ORIENTED_EDGE('',*,*,#55680,.T.);
#57480=ORIENTED_EDGE('',*,*,#56360,.T.);
#57490=EDGE_LOOP('',(#57480,#57470,#57460,#57400));
#57500=FACE_OUTER_BOUND('',#57490,.T.);
#57510=ADVANCED_FACE('',(#57500),#57390,.T.);
#57520=COLOUR_RGB('',0.501960813999176,1.,0.501960813999176);
#57530=FILL_AREA_STYLE_COLOUR('',#57520);
#57540=FILL_AREA_STYLE('',(#57530));
#57550=SURFACE_STYLE_FILL_AREA(#57540);
#57560=SURFACE_SIDE_STYLE('',(#57550));
#57570=SURFACE_STYLE_USAGE(.BOTH.,#57560);
#57580=PRESENTATION_STYLE_ASSIGNMENT((#57570));
#57590=CARTESIAN_POINT('',(-111.706843992956,54.066692371064,
-1.08293753917851));
#57600=DIRECTION('',(-0.,1.,0.));
#57610=DIRECTION('',(1.,0.,0.));
#57620=AXIS2_PLACEMENT_3D('',#57590,#57600,#57610);
#57630=PLANE('',#57620);
#57640=ORIENTED_EDGE('',*,*,#55760,.F.);
#57650=ORIENTED_EDGE('',*,*,#57450,.F.);
#57660=ORIENTED_EDGE('',*,*,#57160,.F.);
#57670=ORIENTED_EDGE('',*,*,#21590,.F.);
#57680=ORIENTED_EDGE('',*,*,#54980,.F.);
#57690=ORIENTED_EDGE('',*,*,#55360,.F.);
#57700=ORIENTED_EDGE('',*,*,#56900,.F.);
#57710=ORIENTED_EDGE('',*,*,#56610,.F.);
#57720=EDGE_LOOP('',(#57710,#57700,#57690,#57680,#57670,#57660,#57650,
#57640));
#57730=FACE_OUTER_BOUND('',#57720,.T.);
#57740=ADVANCED_FACE('',(#57730),#57630,.F.);
#57750=COLOUR_RGB('',0.501960813999176,1.,0.501960813999176);
#57760=FILL_AREA_STYLE_COLOUR('',#57750);
#57770=FILL_AREA_STYLE('',(#57760));
#57780=SURFACE_STYLE_FILL_AREA(#57770);
#57790=SURFACE_SIDE_STYLE('',(#57780));
#57800=SURFACE_STYLE_USAGE(.BOTH.,#57790);
#57810=PRESENTATION_STYLE_ASSIGNMENT((#57800));
#57820=CARTESIAN_POINT('',(-111.706843992956,54.066692371064,
-1.08293753917851));
#57830=DIRECTION('',(-0.,1.,0.));
#57840=DIRECTION('',(1.,0.,0.));
#57850=AXIS2_PLACEMENT_3D('',#57820,#57830,#57840);
#57860=PLANE('',#57850);
#57870=CARTESIAN_POINT('',(-104.191534474256,54.066692371064,
-14.5870256868868));
#57880=DIRECTION('',(0.,0.,-1.));
#57890=VECTOR('',#57880,1.);
#57900=LINE('',#57870,#57890);
#57910=CARTESIAN_POINT('',(-104.191534474256,54.066692371064,
-14.5870256868868));
#57920=VERTEX_POINT('',#57910);
#57930=CARTESIAN_POINT('',(-104.191534474256,54.066692371064,
-14.8499999999999));
#57940=VERTEX_POINT('',#57930);
#57950=EDGE_CURVE('',#57920,#57940,#57900,.T.);
#57960=ORIENTED_EDGE('',*,*,#57950,.F.);
#57970=CARTESIAN_POINT('',(-104.191534474256,54.066692371064,
-14.8499999999999));
#57980=DIRECTION('',(-1.,0.,0.));
#57990=VECTOR('',#57980,1.);
#58000=LINE('',#57970,#57990);
#58010=CARTESIAN_POINT('',(-104.905453161488,54.066692371064,
-14.8499999999999));
#58020=VERTEX_POINT('',#58010);
#58030=EDGE_CURVE('',#57940,#58020,#58000,.T.);
#58040=ORIENTED_EDGE('',*,*,#58030,.F.);
#58050=CARTESIAN_POINT('',(-104.905453161488,54.066692371064,
-14.8499999999999));
#58060=DIRECTION('',(5.91050972270024E-15,0.,1.));
#58070=VECTOR('',#58060,1.);
#58080=LINE('',#58050,#58070);
#58090=CARTESIAN_POINT('',(-104.905453161488,54.066692371064,
-14.5870256868869));
#58100=VERTEX_POINT('',#58090);
#58110=EDGE_CURVE('',#58020,#58100,#58080,.T.);
#58120=ORIENTED_EDGE('',*,*,#58110,.F.);
#58130=CARTESIAN_POINT('',(-104.905453161488,54.066692371064,
-14.5870256868869));
#58140=DIRECTION('',(0.64358945695705,0.,0.765370897600457));
#58150=VECTOR('',#58140,1.);
#58160=LINE('',#58130,#58150);
#58170=CARTESIAN_POINT('',(-104.755493817872,54.066692371064,
-14.4086906999067));
#58180=VERTEX_POINT('',#58170);
#58190=EDGE_CURVE('',#58100,#58180,#58160,.T.);
#58200=ORIENTED_EDGE('',*,*,#58190,.F.);
#58210=CARTESIAN_POINT('',(-104.755493817872,54.066692371064,
-14.4086906999067));
#58220=DIRECTION('',(0.,0.,1.));
#58230=VECTOR('',#58220,1.);
#58240=LINE('',#58210,#58230);
#58250=EDGE_CURVE('',#58180,#21840,#58240,.T.);
#58260=ORIENTED_EDGE('',*,*,#58250,.F.);
#58270=ORIENTED_EDGE('',*,*,#21850,.F.);
#58280=CARTESIAN_POINT('',(-104.341493817872,54.066692371064,-14.28));
#58290=DIRECTION('',(-3.79590857139853E-14,0.,-1.));
#58300=VECTOR('',#58290,1.);
#58310=LINE('',#58280,#58300);
#58320=CARTESIAN_POINT('',(-104.341493817872,54.066692371064,
-14.4086906999067));
#58330=VERTEX_POINT('',#58320);
#58340=EDGE_CURVE('',#21760,#58330,#58310,.T.);
#58350=ORIENTED_EDGE('',*,*,#58340,.F.);
#58360=CARTESIAN_POINT('',(-104.341493817872,54.066692371064,
-14.4086906999067));
#58370=DIRECTION('',(0.643589456956971,0.,-0.765370897600524));
#58380=VECTOR('',#58370,1.);
#58390=LINE('',#58360,#58380);
#58400=EDGE_CURVE('',#58330,#57920,#58390,.T.);
#58410=ORIENTED_EDGE('',*,*,#58400,.F.);
#58420=EDGE_LOOP('',(#58410,#58350,#58270,#58260,#58200,#58120,#58040,
#57960));
#58430=FACE_OUTER_BOUND('',#58420,.T.);
#58440=ADVANCED_FACE('',(#58430),#57860,.F.);
#58450=COLOUR_RGB('',0.501960813999176,1.,0.501960813999176);
#58460=FILL_AREA_STYLE_COLOUR('',#58450);
#58470=FILL_AREA_STYLE('',(#58460));
#58480=SURFACE_STYLE_FILL_AREA(#58470);
#58490=SURFACE_SIDE_STYLE('',(#58480));
#58500=SURFACE_STYLE_USAGE(.BOTH.,#58490);
#58510=PRESENTATION_STYLE_ASSIGNMENT((#58500));
#58520=CARTESIAN_POINT('',(-104.191534474256,66.066692371064,
-14.5870256868868));
#58530=DIRECTION('',(1.,0.,-0.));
#58540=DIRECTION('',(0.,0.,1.));
#58550=AXIS2_PLACEMENT_3D('',#58520,#58530,#58540);
#58560=PLANE('',#58550);
#58570=CARTESIAN_POINT('',(-104.191534474256,65.066692371064,-9.52));
#58580=DIRECTION('',(0.,0.,1.));
#58590=VECTOR('',#58580,1.);
#58600=LINE('',#58570,#58590);
#58610=CARTESIAN_POINT('',(-104.191534474256,65.066692371064,
-14.8499999999999));
#58620=VERTEX_POINT('',#58610);
#58630=CARTESIAN_POINT('',(-104.191534474256,65.066692371064,
-14.5870256868868));
#58640=VERTEX_POINT('',#58630);
#58650=EDGE_CURVE('',#58620,#58640,#58600,.T.);
#58660=ORIENTED_EDGE('',*,*,#58650,.T.);
#58670=CARTESIAN_POINT('',(-104.191534474256,119.133384742128,
-14.8499999999999));
#58680=DIRECTION('',(0.,1.,0.));
#58690=VECTOR('',#58680,1.);
#58700=LINE('',#58670,#58690);
#58710=EDGE_CURVE('',#57940,#58620,#58700,.T.);
#58720=ORIENTED_EDGE('',*,*,#58710,.T.);
#58730=ORIENTED_EDGE('',*,*,#57950,.T.);
#58740=CARTESIAN_POINT('',(-104.191534474256,66.066692371064,
-14.5870256868868));
#58750=DIRECTION('',(0.,-1.,0.));
#58760=VECTOR('',#58750,1.);
#58770=LINE('',#58740,#58760);
#58780=EDGE_CURVE('',#58640,#57920,#58770,.T.);
#58790=ORIENTED_EDGE('',*,*,#58780,.T.);
#58800=EDGE_LOOP('',(#58790,#58730,#58720,#58660));
#58810=FACE_OUTER_BOUND('',#58800,.T.);
#58820=ADVANCED_FACE('',(#58810),#58560,.T.);
#58830=COLOUR_RGB('',0.501960813999176,1.,0.501960813999176);
#58840=FILL_AREA_STYLE_COLOUR('',#58830);
#58850=FILL_AREA_STYLE('',(#58840));
#58860=SURFACE_STYLE_FILL_AREA(#58850);
#58870=SURFACE_SIDE_STYLE('',(#58860));
#58880=SURFACE_STYLE_USAGE(.BOTH.,#58870);
#58890=PRESENTATION_STYLE_ASSIGNMENT((#58880));
#58900=CARTESIAN_POINT('',(-104.191534474256,66.066692371064,
-14.8499999999999));
#58910=DIRECTION('',(0.,0.,-1.));
#58920=DIRECTION('',(1.,0.,0.));
#58930=AXIS2_PLACEMENT_3D('',#58900,#58910,#58920);
#58940=PLANE('',#58930);
#58950=CARTESIAN_POINT('',(-104.905453161488,119.133384742128,
-14.8499999999999));
#58960=DIRECTION('',(0.,1.,0.));
#58970=VECTOR('',#58960,1.);
#58980=LINE('',#58950,#58970);
#58990=CARTESIAN_POINT('',(-104.905453161488,65.066692371064,
-14.8499999999999));
#59000=VERTEX_POINT('',#58990);
#59010=EDGE_CURVE('',#58020,#59000,#58980,.T.);
#59020=ORIENTED_EDGE('',*,*,#59010,.T.);
#59030=ORIENTED_EDGE('',*,*,#58030,.T.);
#59040=ORIENTED_EDGE('',*,*,#58710,.F.);
#59050=CARTESIAN_POINT('',(0.,65.066692371064,-14.8499999999999));
#59060=DIRECTION('',(1.,0.,0.));
#59070=VECTOR('',#59060,1.);
#59080=LINE('',#59050,#59070);
#59090=EDGE_CURVE('',#59000,#58620,#59080,.T.);
#59100=ORIENTED_EDGE('',*,*,#59090,.T.);
#59110=EDGE_LOOP('',(#59100,#59040,#59030,#59020));
#59120=FACE_OUTER_BOUND('',#59110,.T.);
#59130=ADVANCED_FACE('',(#59120),#58940,.T.);
#59140=COLOUR_RGB('',0.501960813999176,1.,0.501960813999176);
#59150=FILL_AREA_STYLE_COLOUR('',#59140);
#59160=FILL_AREA_STYLE('',(#59150));
#59170=SURFACE_STYLE_FILL_AREA(#59160);
#59180=SURFACE_SIDE_STYLE('',(#59170));
#59190=SURFACE_STYLE_USAGE(.BOTH.,#59180);
#59200=PRESENTATION_STYLE_ASSIGNMENT((#59190));
#59210=CARTESIAN_POINT('',(-104.905453161488,66.066692371064,
-14.5870256868869));
#59220=DIRECTION('',(-0.765370897600457,0.,0.64358945695705));
#59230=DIRECTION('',(-0.64358945695705,0.,-0.765370897600457));
#59240=AXIS2_PLACEMENT_3D('',#59210,#59220,#59230);
#59250=PLANE('',#59240);
#59260=CARTESIAN_POINT('',(-104.755493817872,119.133384742128,
-14.4086906999067));
#59270=DIRECTION('',(0.,-1.,0.));
#59280=VECTOR('',#59270,1.);
#59290=LINE('',#59260,#59280);
#59300=CARTESIAN_POINT('',(-104.755493817872,65.066692371064,
-14.4086906999067));
#59310=VERTEX_POINT('',#59300);
#59320=EDGE_CURVE('',#59310,#58180,#59290,.T.);
#59330=ORIENTED_EDGE('',*,*,#59320,.F.);
#59340=ORIENTED_EDGE('',*,*,#58190,.T.);
#59350=CARTESIAN_POINT('',(-104.905453161488,119.133384742128,
-14.5870256868868));
#59360=DIRECTION('',(0.,1.,0.));
#59370=VECTOR('',#59360,1.);
#59380=LINE('',#59350,#59370);
#59390=CARTESIAN_POINT('',(-104.905453161488,65.066692371064,
-14.5870256868868));
#59400=VERTEX_POINT('',#59390);
#59410=EDGE_CURVE('',#58100,#59400,#59380,.T.);
#59420=ORIENTED_EDGE('',*,*,#59410,.F.);
#59430=CARTESIAN_POINT('',(-100.644663627375,65.066692371064,-9.52));
#59440=DIRECTION('',(-0.64358945695705,0.,-0.765370897600457));
#59450=VECTOR('',#59440,1.);
#59460=LINE('',#59430,#59450);
#59470=EDGE_CURVE('',#59310,#59400,#59460,.T.);
#59480=ORIENTED_EDGE('',*,*,#59470,.T.);
#59490=EDGE_LOOP('',(#59480,#59420,#59340,#59330));
#59500=FACE_OUTER_BOUND('',#59490,.T.);
#59510=ADVANCED_FACE('',(#59500),#59250,.T.);
#59520=COLOUR_RGB('',0.501960813999176,1.,0.501960813999176);
#59530=FILL_AREA_STYLE_COLOUR('',#59520);
#59540=FILL_AREA_STYLE('',(#59530));
#59550=SURFACE_STYLE_FILL_AREA(#59540);
#59560=SURFACE_SIDE_STYLE('',(#59550));
#59570=SURFACE_STYLE_USAGE(.BOTH.,#59560);
#59580=PRESENTATION_STYLE_ASSIGNMENT((#59570));
#59590=CARTESIAN_POINT('',(-104.341493817872,66.066692371064,-14.28));
#59600=DIRECTION('',(1.,0.,-3.79590857139853E-14));
#59610=DIRECTION('',(3.79590857139853E-14,0.,1.));
#59620=AXIS2_PLACEMENT_3D('',#59590,#59600,#59610);
#59630=PLANE('',#59620);
#59640=CARTESIAN_POINT('',(-104.341493817872,65.066692371064,-9.52));
#59650=DIRECTION('',(3.79590857139853E-14,0.,1.));
#59660=VECTOR('',#59650,1.);
#59670=LINE('',#59640,#59660);
#59680=CARTESIAN_POINT('',(-104.341493817872,65.066692371064,
-14.4086906999067));
#59690=VERTEX_POINT('',#59680);
#59700=EDGE_CURVE('',#59690,#21740,#59670,.T.);
#59710=ORIENTED_EDGE('',*,*,#59700,.T.);
#59720=CARTESIAN_POINT('',(-104.341493817872,119.133384742128,
-14.4086906999067));
#59730=DIRECTION('',(0.,-1.,0.));
#59740=VECTOR('',#59730,1.);
#59750=LINE('',#59720,#59740);
#59760=EDGE_CURVE('',#59690,#58330,#59750,.T.);
#59770=ORIENTED_EDGE('',*,*,#59760,.F.);
#59780=ORIENTED_EDGE('',*,*,#58340,.T.);
#59790=ORIENTED_EDGE('',*,*,#21770,.T.);
#59800=EDGE_LOOP('',(#59790,#59780,#59770,#59710));
#59810=FACE_OUTER_BOUND('',#59800,.T.);
#59820=ADVANCED_FACE('',(#59810),#59630,.T.);
#59830=COLOUR_RGB('',0.501960813999176,1.,0.501960813999176);
#59840=FILL_AREA_STYLE_COLOUR('',#59830);
#59850=FILL_AREA_STYLE('',(#59840));
#59860=SURFACE_STYLE_FILL_AREA(#59850);
#59870=SURFACE_SIDE_STYLE('',(#59860));
#59880=SURFACE_STYLE_USAGE(.BOTH.,#59870);
#59890=PRESENTATION_STYLE_ASSIGNMENT((#59880));
#59900=CARTESIAN_POINT('',(-104.341493817872,66.066692371064,
-14.4086906999067));
#59910=DIRECTION('',(0.765370897600524,0.,0.643589456956971));
#59920=DIRECTION('',(-0.643589456956971,0.,0.765370897600524));
#59930=AXIS2_PLACEMENT_3D('',#59900,#59910,#59920);
#59940=PLANE('',#59930);
#59950=CARTESIAN_POINT('',(-108.452324008369,65.066692371064,-9.52));
#59960=DIRECTION('',(-0.643589456956971,0.,0.765370897600524));
#59970=VECTOR('',#59960,1.);
#59980=LINE('',#59950,#59970);
#59990=EDGE_CURVE('',#58640,#59690,#59980,.T.);
#60000=ORIENTED_EDGE('',*,*,#59990,.T.);
#60010=ORIENTED_EDGE('',*,*,#58780,.F.);
#60020=ORIENTED_EDGE('',*,*,#58400,.T.);
#60030=ORIENTED_EDGE('',*,*,#59760,.T.);
#60040=EDGE_LOOP('',(#60030,#60020,#60010,#60000));
#60050=FACE_OUTER_BOUND('',#60040,.T.);
#60060=ADVANCED_FACE('',(#60050),#59940,.T.);
#60070=COLOUR_RGB('',0.501960813999176,1.,0.501960813999176);
#60080=FILL_AREA_STYLE_COLOUR('',#60070);
#60090=FILL_AREA_STYLE('',(#60080));
#60100=SURFACE_STYLE_FILL_AREA(#60090);
#60110=SURFACE_SIDE_STYLE('',(#60100));
#60120=SURFACE_STYLE_USAGE(.BOTH.,#60110);
#60130=PRESENTATION_STYLE_ASSIGNMENT((#60120));
#60140=CARTESIAN_POINT('',(-111.706843992956,65.066692371064,
-1.08293753917851));
#60150=DIRECTION('',(-0.,1.,0.));
#60160=DIRECTION('',(1.,0.,0.));
#60170=AXIS2_PLACEMENT_3D('',#60140,#60150,#60160);
#60180=PLANE('',#60170);
#60190=ORIENTED_EDGE('',*,*,#59990,.F.);
#60200=ORIENTED_EDGE('',*,*,#59700,.F.);
#60210=ORIENTED_EDGE('',*,*,#21990,.T.);
#60220=CARTESIAN_POINT('',(-104.755493817872,65.066692371064,-9.52));
#60230=DIRECTION('',(0.,0.,-1.));
#60240=VECTOR('',#60230,1.);
#60250=LINE('',#60220,#60240);
#60260=EDGE_CURVE('',#21920,#59310,#60250,.T.);
#60270=ORIENTED_EDGE('',*,*,#60260,.F.);
#60280=ORIENTED_EDGE('',*,*,#59470,.F.);
#60290=CARTESIAN_POINT('',(-104.905453161488,65.066692371064,-9.52));
#60300=DIRECTION('',(-5.91050972270024E-15,0.,-1.));
#60310=VECTOR('',#60300,1.);
#60320=LINE('',#60290,#60310);
#60330=EDGE_CURVE('',#59400,#59000,#60320,.T.);
#60340=ORIENTED_EDGE('',*,*,#60330,.F.);
#60350=ORIENTED_EDGE('',*,*,#59090,.F.);
#60360=ORIENTED_EDGE('',*,*,#58650,.F.);
#60370=EDGE_LOOP('',(#60360,#60350,#60340,#60280,#60270,#60210,#60200,
#60190));
#60380=FACE_OUTER_BOUND('',#60370,.T.);
#60390=ADVANCED_FACE('',(#60380),#60180,.T.);
#60400=COLOUR_RGB('',0.501960813999176,1.,0.501960813999176);
#60410=FILL_AREA_STYLE_COLOUR('',#60400);
#60420=FILL_AREA_STYLE('',(#60410));
#60430=SURFACE_STYLE_FILL_AREA(#60420);
#60440=SURFACE_SIDE_STYLE('',(#60430));
#60450=SURFACE_STYLE_USAGE(.BOTH.,#60440);
#60460=PRESENTATION_STYLE_ASSIGNMENT((#60450));
#60470=CARTESIAN_POINT('',(-104.755493817872,66.066692371064,
-14.4086906999067));
#60480=DIRECTION('',(-1.,-0.,-0.));
#60490=DIRECTION('',(0.,0.,-1.));
#60500=AXIS2_PLACEMENT_3D('',#60470,#60480,#60490);
#60510=PLANE('',#60500);
#60520=ORIENTED_EDGE('',*,*,#60260,.T.);
#60530=ORIENTED_EDGE('',*,*,#21930,.T.);
#60540=ORIENTED_EDGE('',*,*,#58250,.T.);
#60550=ORIENTED_EDGE('',*,*,#59320,.T.);
#60560=EDGE_LOOP('',(#60550,#60540,#60530,#60520));
#60570=FACE_OUTER_BOUND('',#60560,.T.);
#60580=ADVANCED_FACE('',(#60570),#60510,.T.);
#60590=COLOUR_RGB('',0.501960813999176,1.,0.501960813999176);
#60600=FILL_AREA_STYLE_COLOUR('',#60590);
#60610=FILL_AREA_STYLE('',(#60600));
#60620=SURFACE_STYLE_FILL_AREA(#60610);
#60630=SURFACE_SIDE_STYLE('',(#60620));
#60640=SURFACE_STYLE_USAGE(.BOTH.,#60630);
#60650=PRESENTATION_STYLE_ASSIGNMENT((#60640));
#60660=CARTESIAN_POINT('',(-104.905453161488,66.066692371064,
-14.8499999999999));
#60670=DIRECTION('',(-1.,0.,5.91050972270024E-15));
#60680=DIRECTION('',(-5.91050972270024E-15,0.,-1.));
#60690=AXIS2_PLACEMENT_3D('',#60660,#60670,#60680);
#60700=PLANE('',#60690);
#60710=ORIENTED_EDGE('',*,*,#59410,.T.);
#60720=ORIENTED_EDGE('',*,*,#58110,.T.);
#60730=ORIENTED_EDGE('',*,*,#59010,.F.);
#60740=ORIENTED_EDGE('',*,*,#60330,.T.);
#60750=EDGE_LOOP('',(#60740,#60730,#60720,#60710));
#60760=FACE_OUTER_BOUND('',#60750,.T.);
#60770=ADVANCED_FACE('',(#60760),#60700,.T.);
#60780=COLOUR_RGB('',0.501960813999176,1.,0.501960813999176);
#60790=FILL_AREA_STYLE_COLOUR('',#60780);
#60800=FILL_AREA_STYLE('',(#60790));
#60810=SURFACE_STYLE_FILL_AREA(#60800);
#60820=SURFACE_SIDE_STYLE('',(#60810));
#60830=SURFACE_STYLE_USAGE(.BOTH.,#60820);
#60840=PRESENTATION_STYLE_ASSIGNMENT((#60830));
#60850=ORIENTED_EDGE('',*,*,#11190,.T.);
#60860=ORIENTED_EDGE('',*,*,#19130,.F.);
#60870=ORIENTED_EDGE('',*,*,#19410,.F.);
#60880=ORIENTED_EDGE('',*,*,#19220,.T.);
#60890=EDGE_LOOP('',(#60880,#60870,#60860,#60850));
#60900=FACE_OUTER_BOUND('',#60890,.T.);
#60910=ADVANCED_FACE('',(#60900),#19060,.T.);
#60920=COLOUR_RGB('',0.501960813999176,1.,0.501960813999176);
#60930=FILL_AREA_STYLE_COLOUR('',#60920);
#60940=FILL_AREA_STYLE('',(#60930));
#60950=SURFACE_STYLE_FILL_AREA(#60940);
#60960=SURFACE_SIDE_STYLE('',(#60950));
#60970=SURFACE_STYLE_USAGE(.BOTH.,#60960);
#60980=PRESENTATION_STYLE_ASSIGNMENT((#60970));
#60990=ORIENTED_EDGE('',*,*,#3050,.T.);
#61000=ORIENTED_EDGE('',*,*,#2660,.T.);
#61010=ORIENTED_EDGE('',*,*,#2270,.F.);
#61020=ORIENTED_EDGE('',*,*,#2570,.F.);
#61030=EDGE_LOOP('',(#61020,#61010,#61000,#60990));
#61040=FACE_OUTER_BOUND('',#61030,.T.);
#61050=ADVANCED_FACE('',(#61040),#2500,.F.);
#61060=COLOUR_RGB('',0.501960813999176,1.,0.501960813999176);
#61070=FILL_AREA_STYLE_COLOUR('',#61060);
#61080=FILL_AREA_STYLE('',(#61070));
#61090=SURFACE_STYLE_FILL_AREA(#61080);
#61100=SURFACE_SIDE_STYLE('',(#61090));
#61110=SURFACE_STYLE_USAGE(.BOTH.,#61100);
#61120=PRESENTATION_STYLE_ASSIGNMENT((#61110));
#61130=ORIENTED_EDGE('',*,*,#18790,.T.);
#61140=ORIENTED_EDGE('',*,*,#18660,.F.);
#61150=ORIENTED_EDGE('',*,*,#10910,.F.);
#61160=ORIENTED_EDGE('',*,*,#18320,.F.);
#61170=EDGE_LOOP('',(#61160,#61150,#61140,#61130));
#61180=FACE_OUTER_BOUND('',#61170,.T.);
#61190=ADVANCED_FACE('',(#61180),#18180,.F.);
#61200=COLOUR_RGB('',0.501960813999176,1.,0.501960813999176);
#61210=FILL_AREA_STYLE_COLOUR('',#61200);
#61220=FILL_AREA_STYLE('',(#61210));
#61230=SURFACE_STYLE_FILL_AREA(#61220);
#61240=SURFACE_SIDE_STYLE('',(#61230));
#61250=SURFACE_STYLE_USAGE(.BOTH.,#61240);
#61260=PRESENTATION_STYLE_ASSIGNMENT((#61250));
#61270=ORIENTED_EDGE('',*,*,#52160,.F.);
#61280=ORIENTED_EDGE('',*,*,#51920,.T.);
#61290=ORIENTED_EDGE('',*,*,#26010,.T.);
#61300=ORIENTED_EDGE('',*,*,#51830,.F.);
#61310=EDGE_LOOP('',(#61300,#61290,#61280,#61270));
#61320=FACE_OUTER_BOUND('',#61310,.T.);
#61330=ADVANCED_FACE('',(#61320),#51760,.T.);
#61340=COLOUR_RGB('',0.94901967048645,0.94901967048645,1.);
#61350=FILL_AREA_STYLE_COLOUR('',#61340);
#61360=FILL_AREA_STYLE('',(#61350));
#61370=SURFACE_STYLE_FILL_AREA(#61360);
#61380=SURFACE_SIDE_STYLE('',(#61370));
#61390=SURFACE_STYLE_USAGE(.BOTH.,#61380);
#61400=PRESENTATION_STYLE_ASSIGNMENT((#61390));
#61410=ORIENTED_EDGE('',*,*,#32230,.F.);
#61420=ORIENTED_EDGE('',*,*,#31660,.F.);
#61430=ORIENTED_EDGE('',*,*,#32380,.T.);
#61440=ORIENTED_EDGE('',*,*,#32910,.T.);
#61450=EDGE_LOOP('',(#61440,#61430,#61420,#61410));
#61460=FACE_OUTER_BOUND('',#61450,.T.);
#61470=ADVANCED_FACE('',(#61460),#32160,.T.);
#61480=COLOUR_RGB('',0.501960813999176,1.,0.501960813999176);
#61490=FILL_AREA_STYLE_COLOUR('',#61480);
#61500=FILL_AREA_STYLE('',(#61490));
#61510=SURFACE_STYLE_FILL_AREA(#61500);
#61520=SURFACE_SIDE_STYLE('',(#61510));
#61530=SURFACE_STYLE_USAGE(.BOTH.,#61520);
#61540=PRESENTATION_STYLE_ASSIGNMENT((#61530));
#61550=ORIENTED_EDGE('',*,*,#48010,.T.);
#61560=ORIENTED_EDGE('',*,*,#4130,.T.);
#61570=ORIENTED_EDGE('',*,*,#48160,.F.);
#61580=EDGE_CURVE('',#48090,#48000,#48070,.T.);
#61590=ORIENTED_EDGE('',*,*,#61580,.F.);
#61600=EDGE_LOOP('',(#61590,#61570,#61560,#61550));
#61610=FACE_OUTER_BOUND('',#61600,.T.);
#61620=ADVANCED_FACE('',(#61610),#47940,.T.);
#61630=COLOUR_RGB('',0.501960813999176,1.,0.501960813999176);
#61640=FILL_AREA_STYLE_COLOUR('',#61630);
#61650=FILL_AREA_STYLE('',(#61640));
#61660=SURFACE_STYLE_FILL_AREA(#61650);
#61670=SURFACE_SIDE_STYLE('',(#61660));
#61680=SURFACE_STYLE_USAGE(.BOTH.,#61670);
#61690=PRESENTATION_STYLE_ASSIGNMENT((#61680));
#61700=ORIENTED_EDGE('',*,*,#30710,.F.);
#61710=ORIENTED_EDGE('',*,*,#30320,.F.);
#61720=ORIENTED_EDGE('',*,*,#30860,.T.);
#61730=ORIENTED_EDGE('',*,*,#35140,.T.);
#61740=EDGE_LOOP('',(#61730,#61720,#61710,#61700));
#61750=FACE_OUTER_BOUND('',#61740,.T.);
#61760=ADVANCED_FACE('',(#61750),#30640,.T.);
#61770=COLOUR_RGB('',0.501960813999176,1.,0.501960813999176);
#61780=FILL_AREA_STYLE_COLOUR('',#61770);
#61790=FILL_AREA_STYLE('',(#61780));
#61800=SURFACE_STYLE_FILL_AREA(#61790);
#61810=SURFACE_SIDE_STYLE('',(#61800));
#61820=SURFACE_STYLE_USAGE(.BOTH.,#61810);
#61830=PRESENTATION_STYLE_ASSIGNMENT((#61820));
#61840=ORIENTED_EDGE('',*,*,#53070,.F.);
#61850=ORIENTED_EDGE('',*,*,#52830,.T.);
#61860=ORIENTED_EDGE('',*,*,#25560,.T.);
#61870=ORIENTED_EDGE('',*,*,#52740,.F.);
#61880=EDGE_LOOP('',(#61870,#61860,#61850,#61840));
#61890=FACE_OUTER_BOUND('',#61880,.T.);
#61900=ADVANCED_FACE('',(#61890),#52670,.T.);
#61910=COLOUR_RGB('',0.94901967048645,0.94901967048645,1.);
#61920=FILL_AREA_STYLE_COLOUR('',#61910);
#61930=FILL_AREA_STYLE('',(#61920));
#61940=SURFACE_STYLE_FILL_AREA(#61930);
#61950=SURFACE_SIDE_STYLE('',(#61940));
#61960=SURFACE_STYLE_USAGE(.BOTH.,#61950);
#61970=PRESENTATION_STYLE_ASSIGNMENT((#61960));
#61980=ORIENTED_EDGE('',*,*,#14680,.F.);
#61990=ORIENTED_EDGE('',*,*,#13950,.F.);
#62000=ORIENTED_EDGE('',*,*,#9610,.T.);
#62010=ORIENTED_EDGE('',*,*,#13550,.F.);
#62020=EDGE_LOOP('',(#62010,#62000,#61990,#61980));
#62030=FACE_OUTER_BOUND('',#62020,.T.);
#62040=ADVANCED_FACE('',(#62030),#13410,.T.);
#62050=COLOUR_RGB('',0.501960813999176,1.,0.501960813999176);
#62060=FILL_AREA_STYLE_COLOUR('',#62050);
#62070=FILL_AREA_STYLE('',(#62060));
#62080=SURFACE_STYLE_FILL_AREA(#62070);
#62090=SURFACE_SIDE_STYLE('',(#62080));
#62100=SURFACE_STYLE_USAGE(.BOTH.,#62090);
#62110=PRESENTATION_STYLE_ASSIGNMENT((#62100));
#62120=ORIENTED_EDGE('',*,*,#49420,.F.);
#62130=ORIENTED_EDGE('',*,*,#49140,.F.);
#62140=ORIENTED_EDGE('',*,*,#48890,.T.);
#62150=ORIENTED_EDGE('',*,*,#49290,.T.);
#62160=EDGE_LOOP('',(#62150,#62140,#62130,#62120));
#62170=FACE_OUTER_BOUND('',#62160,.T.);
#62180=ADVANCED_FACE('',(#62170),#49070,.F.);
#62190=COLOUR_RGB('',0.501960813999176,1.,0.501960813999176);
#62200=FILL_AREA_STYLE_COLOUR('',#62190);
#62210=FILL_AREA_STYLE('',(#62200));
#62220=SURFACE_STYLE_FILL_AREA(#62210);
#62230=SURFACE_SIDE_STYLE('',(#62220));
#62240=SURFACE_STYLE_USAGE(.BOTH.,#62230);
#62250=PRESENTATION_STYLE_ASSIGNMENT((#62240));
#62260=ORIENTED_EDGE('',*,*,#4320,.F.);
#62270=CARTESIAN_POINT('',(-108.748493817872,70.0666923710639,-4.76));
#62280=DIRECTION('',(0.,0.,-1.));
#62290=DIRECTION('',(1.,-0.,0.));
#62300=AXIS2_PLACEMENT_3D('',#62270,#62280,#62290);
#62310=CIRCLE('',#62300,0.299999999999997);
#62320=EDGE_CURVE('',#4250,#47690,#62310,.T.);
#62330=ORIENTED_EDGE('',*,*,#62320,.F.);
#62340=EDGE_CURVE('',#47690,#4310,#47760,.T.);
#62350=ORIENTED_EDGE('',*,*,#62340,.F.);
#62360=EDGE_LOOP('',(#62350,#62330,#62260));
#62370=FACE_OUTER_BOUND('',#62360,.T.);
#62380=ADVANCED_FACE('',(#62370),#47620,.T.);
#62390=COLOUR_RGB('',0.501960813999176,1.,0.501960813999176);
#62400=FILL_AREA_STYLE_COLOUR('',#62390);
#62410=FILL_AREA_STYLE('',(#62400));
#62420=SURFACE_STYLE_FILL_AREA(#62410);
#62430=SURFACE_SIDE_STYLE('',(#62420));
#62440=SURFACE_STYLE_USAGE(.BOTH.,#62430);
#62450=PRESENTATION_STYLE_ASSIGNMENT((#62440));
#62460=ORIENTED_EDGE('',*,*,#14750,.T.);
#62470=ORIENTED_EDGE('',*,*,#12310,.F.);
#62480=ORIENTED_EDGE('',*,*,#9140,.F.);
#62490=ORIENTED_EDGE('',*,*,#11530,.F.);
#62500=EDGE_LOOP('',(#62490,#62480,#62470,#62460));
#62510=FACE_OUTER_BOUND('',#62500,.T.);
#62520=ADVANCED_FACE('',(#62510),#11370,.F.);
#62530=COLOUR_RGB('',0.501960813999176,1.,0.501960813999176);
#62540=FILL_AREA_STYLE_COLOUR('',#62530);
#62550=FILL_AREA_STYLE('',(#62540));
#62560=SURFACE_STYLE_FILL_AREA(#62550);
#62570=SURFACE_SIDE_STYLE('',(#62560));
#62580=SURFACE_STYLE_USAGE(.BOTH.,#62570);
#62590=PRESENTATION_STYLE_ASSIGNMENT((#62580));
#62600=ORIENTED_EDGE('',*,*,#3700,.F.);
#62610=ORIENTED_EDGE('',*,*,#3390,.F.);
#62620=ORIENTED_EDGE('',*,*,#3850,.T.);
#62630=ORIENTED_EDGE('',*,*,#4000,.T.);
#62640=EDGE_LOOP('',(#62630,#62620,#62610,#62600));
#62650=FACE_OUTER_BOUND('',#62640,.T.);
#62660=ADVANCED_FACE('',(#62650),#3630,.T.);
#62670=COLOUR_RGB('',0.501960813999176,1.,0.501960813999176);
#62680=FILL_AREA_STYLE_COLOUR('',#62670);
#62690=FILL_AREA_STYLE('',(#62680));
#62700=SURFACE_STYLE_FILL_AREA(#62690);
#62710=SURFACE_SIDE_STYLE('',(#62700));
#62720=SURFACE_STYLE_USAGE(.BOTH.,#62710);
#62730=PRESENTATION_STYLE_ASSIGNMENT((#62720));
#62740=ORIENTED_EDGE('',*,*,#51460,.T.);
#62750=ORIENTED_EDGE('',*,*,#51080,.F.);
#62760=ORIENTED_EDGE('',*,*,#50620,.F.);
#62770=ORIENTED_EDGE('',*,*,#50860,.F.);
#62780=ORIENTED_EDGE('',*,*,#49810,.T.);
#62790=ORIENTED_EDGE('',*,*,#49560,.T.);
#62800=ORIENTED_EDGE('',*,*,#50300,.F.);
#62810=ORIENTED_EDGE('',*,*,#51600,.F.);
#62820=EDGE_LOOP('',(#62810,#62800,#62790,#62780,#62770,#62760,#62750,
#62740));
#62830=FACE_OUTER_BOUND('',#62820,.T.);
#62840=ADVANCED_FACE('',(#62830),#49740,.T.);
#62850=COLOUR_RGB('',0.949019610881805,0.949019610881805,1.);
#62860=FILL_AREA_STYLE_COLOUR('',#62850);
#62870=FILL_AREA_STYLE('',(#62860));
#62880=SURFACE_STYLE_FILL_AREA(#62870);
#62890=SURFACE_SIDE_STYLE('',(#62880));
#62900=SURFACE_STYLE_USAGE(.BOTH.,#62890);
#62910=PRESENTATION_STYLE_ASSIGNMENT((#62900));
#62920=ORIENTED_EDGE('',*,*,#720,.T.);
#62930=ORIENTED_EDGE('',*,*,#1850,.F.);
#62940=ORIENTED_EDGE('',*,*,#1600,.F.);
#62950=ORIENTED_EDGE('',*,*,#150,.F.);
#62960=ORIENTED_EDGE('',*,*,#950,.T.);
#62970=ORIENTED_EDGE('',*,*,#2330,.T.);
#62980=ORIENTED_EDGE('',*,*,#1290,.F.);
#62990=ORIENTED_EDGE('',*,*,#2010,.F.);
#63000=EDGE_LOOP('',(#62990,#62980,#62970,#62960,#62950,#62940,#62930,
#62920));
#63010=FACE_OUTER_BOUND('',#63000,.T.);
#63020=ADVANCED_FACE('',(#63010),#880,.T.);
#63030=COLOUR_RGB('',0.949019610881805,0.949019610881805,1.);
#63040=FILL_AREA_STYLE_COLOUR('',#63030);
#63050=FILL_AREA_STYLE('',(#63040));
#63060=SURFACE_STYLE_FILL_AREA(#63050);
#63070=SURFACE_SIDE_STYLE('',(#63060));
#63080=SURFACE_STYLE_USAGE(.BOTH.,#63070);
#63090=PRESENTATION_STYLE_ASSIGNMENT((#63080));
#63100=ORIENTED_EDGE('',*,*,#35080,.F.);
#63110=ORIENTED_EDGE('',*,*,#33520,.T.);
#63120=ORIENTED_EDGE('',*,*,#25710,.T.);
#63130=ORIENTED_EDGE('',*,*,#33430,.F.);
#63140=EDGE_LOOP('',(#63130,#63120,#63110,#63100));
#63150=FACE_OUTER_BOUND('',#63140,.T.);
#63160=ADVANCED_FACE('',(#63150),#33360,.T.);
#63170=COLOUR_RGB('',0.501960813999176,1.,0.501960813999176);
#63180=FILL_AREA_STYLE_COLOUR('',#63170);
#63190=FILL_AREA_STYLE('',(#63180));
#63200=SURFACE_STYLE_FILL_AREA(#63190);
#63210=SURFACE_SIDE_STYLE('',(#63200));
#63220=SURFACE_STYLE_USAGE(.BOTH.,#63210);
#63230=PRESENTATION_STYLE_ASSIGNMENT((#63220));
#63240=ORIENTED_EDGE('',*,*,#32840,.F.);
#63250=ORIENTED_EDGE('',*,*,#33190,.T.);
#63260=ORIENTED_EDGE('',*,*,#25860,.T.);
#63270=ORIENTED_EDGE('',*,*,#33120,.F.);
#63280=EDGE_LOOP('',(#63270,#63260,#63250,#63240));
#63290=FACE_OUTER_BOUND('',#63280,.T.);
#63300=ADVANCED_FACE('',(#63290),#33070,.T.);
#63310=COLOUR_RGB('',0.501960813999176,1.,0.501960813999176);
#63320=FILL_AREA_STYLE_COLOUR('',#63310);
#63330=FILL_AREA_STYLE('',(#63320));
#63340=SURFACE_STYLE_FILL_AREA(#63330);
#63350=SURFACE_SIDE_STYLE('',(#63340));
#63360=SURFACE_STYLE_USAGE(.BOTH.,#63350);
#63370=PRESENTATION_STYLE_ASSIGNMENT((#63360));
#63380=ORIENTED_EDGE('',*,*,#4280,.F.);
#63390=ORIENTED_EDGE('',*,*,#47770,.F.);
#63400=ORIENTED_EDGE('',*,*,#62320,.T.);
#63410=EDGE_LOOP('',(#63400,#63390,#63380));
#63420=FACE_OUTER_BOUND('',#63410,.T.);
#63430=ADVANCED_FACE('',(#63420),#47620,.T.);
#63440=COLOUR_RGB('',0.501960813999176,1.,0.501960813999176);
#63450=FILL_AREA_STYLE_COLOUR('',#63440);
#63460=FILL_AREA_STYLE('',(#63450));
#63470=SURFACE_STYLE_FILL_AREA(#63460);
#63480=SURFACE_SIDE_STYLE('',(#63470));
#63490=SURFACE_STYLE_USAGE(.BOTH.,#63480);
#63500=PRESENTATION_STYLE_ASSIGNMENT((#63490));
#63510=ORIENTED_EDGE('',*,*,#30230,.T.);
#63520=ORIENTED_EDGE('',*,*,#32570,.F.);
#63530=ORIENTED_EDGE('',*,*,#30410,.F.);
#63540=ORIENTED_EDGE('',*,*,#30880,.T.);
#63550=EDGE_LOOP('',(#63540,#63530,#63520,#63510));
#63560=FACE_OUTER_BOUND('',#63550,.T.);
#63570=ADVANCED_FACE('',(#63560),#30130,.T.);
#63580=COLOUR_RGB('',0.501960813999176,1.,0.501960813999176);
#63590=FILL_AREA_STYLE_COLOUR('',#63580);
#63600=FILL_AREA_STYLE('',(#63590));
#63610=SURFACE_STYLE_FILL_AREA(#63600);
#63620=SURFACE_SIDE_STYLE('',(#63610));
#63630=SURFACE_STYLE_USAGE(.BOTH.,#63620);
#63640=PRESENTATION_STYLE_ASSIGNMENT((#63630));
#63650=ORIENTED_EDGE('',*,*,#31570,.T.);
#63660=ORIENTED_EDGE('',*,*,#31990,.F.);
#63670=ORIENTED_EDGE('',*,*,#31750,.F.);
#63680=ORIENTED_EDGE('',*,*,#32400,.T.);
#63690=EDGE_LOOP('',(#63680,#63670,#63660,#63650));
#63700=FACE_OUTER_BOUND('',#63690,.T.);
#63710=ADVANCED_FACE('',(#63700),#31470,.T.);
#63720=COLOUR_RGB('',0.501960813999176,1.,0.501960813999176);
#63730=FILL_AREA_STYLE_COLOUR('',#63720);
#63740=FILL_AREA_STYLE('',(#63730));
#63750=SURFACE_STYLE_FILL_AREA(#63740);
#63760=SURFACE_SIDE_STYLE('',(#63750));
#63770=SURFACE_STYLE_USAGE(.BOTH.,#63760);
#63780=PRESENTATION_STYLE_ASSIGNMENT((#63770));
#63790=ORIENTED_EDGE('',*,*,#4360,.F.);
#63800=ORIENTED_EDGE('',*,*,#62340,.T.);
#63810=ORIENTED_EDGE('',*,*,#47700,.F.);
#63820=EDGE_LOOP('',(#63810,#63800,#63790));
#63830=FACE_OUTER_BOUND('',#63820,.T.);
#63840=ADVANCED_FACE('',(#63830),#47620,.T.);
#63850=COLOUR_RGB('',0.501960813999176,1.,0.501960813999176);
#63860=FILL_AREA_STYLE_COLOUR('',#63850);
#63870=FILL_AREA_STYLE('',(#63860));
#63880=SURFACE_STYLE_FILL_AREA(#63870);
#63890=SURFACE_SIDE_STYLE('',(#63880));
#63900=SURFACE_STYLE_USAGE(.BOTH.,#63890);
#63910=PRESENTATION_STYLE_ASSIGNMENT((#63900));
#63920=ORIENTED_EDGE('',*,*,#3300,.T.);
#63930=ORIENTED_EDGE('',*,*,#2990,.F.);
#63940=ORIENTED_EDGE('',*,*,#3460,.F.);
#63950=ORIENTED_EDGE('',*,*,#3870,.T.);
#63960=EDGE_LOOP('',(#63950,#63940,#63930,#63920));
#63970=FACE_OUTER_BOUND('',#63960,.T.);
#63980=ADVANCED_FACE('',(#63970),#3220,.T.);
#63990=COLOUR_RGB('',0.501960813999176,1.,0.501960813999176);
#64000=FILL_AREA_STYLE_COLOUR('',#63990);
#64010=FILL_AREA_STYLE('',(#64000));
#64020=SURFACE_STYLE_FILL_AREA(#64010);
#64030=SURFACE_SIDE_STYLE('',(#64020));
#64040=SURFACE_STYLE_USAGE(.BOTH.,#64030);
#64050=PRESENTATION_STYLE_ASSIGNMENT((#64040));
#64060=ORIENTED_EDGE('',*,*,#48410,.T.);
#64070=ORIENTED_EDGE('',*,*,#48750,.F.);
#64080=ORIENTED_EDGE('',*,*,#48510,.F.);
#64090=ORIENTED_EDGE('',*,*,#61580,.T.);
#64100=EDGE_LOOP('',(#64090,#64080,#64070,#64060));
#64110=FACE_OUTER_BOUND('',#64100,.T.);
#64120=ADVANCED_FACE('',(#64110),#48330,.T.);
#64130=COLOUR_RGB('',0.501960813999176,1.,0.501960813999176);
#64140=FILL_AREA_STYLE_COLOUR('',#64130);
#64150=FILL_AREA_STYLE('',(#64140));
#64160=SURFACE_STYLE_FILL_AREA(#64150);
#64170=SURFACE_SIDE_STYLE('',(#64160));
#64180=SURFACE_STYLE_USAGE(.BOTH.,#64170);
#64190=PRESENTATION_STYLE_ASSIGNMENT((#64180));
#64200=CLOSED_SHELL('',(#290,#760,#1400,#1710,#1910,#2050,#2380,#2770,
#3100,#3510,#3910,#4760,#5230,#5700,#6170,#6660,#7040,#7440,#7820,#8130,
#8530,#8820,#11250,#11640,#11960,#12350,#12660,#12980,#13290,#13610,
#13990,#14310,#14550,#14840,#15220,#15540,#15850,#16170,#16480,#16800,
#17110,#17430,#17740,#18060,#18380,#18700,#18940,#19330,#19460,#19840,
#20220,#20690,#22030,#22410,#22880,#23350,#23820,#24290,#24760,#25050,
#25340,#26740,#27210,#27520,#27710,#27950,#28190,#28440,#28760,#29000,
#29470,#30010,#30520,#30920,#31350,#31860,#32040,#32440,#32620,#32950,
#33240,#33630,#34010,#34480,#34950,#35180,#35490,#35870,#36060,#36300,
#36530,#37400,#38030,#38410,#38790,#39580,#39950,#40350,#40730,#41040,
#41290,#41480,#41740,#42000,#42260,#42450,#42830,#43300,#43940,#44240,
#44780,#45170,#45500,#45890,#46270,#46460,#46810,#47120,#47310,#47500,
#47820,#48210,#48620,#48950,#49340,#49620,#50350,#50730,#50920,#51190,
#51500,#51640,#52030,#52550,#52940,#53230,#53520,#53830,#54070,#54330,
#54520,#54710,#55090,#55470,#55940,#56410,#56720,#56960,#57270,#57510,
#57740,#58440,#58820,#59130,#59510,#59820,#60060,#60390,#60580,#60770,
#60910,#61050,#61190,#61330,#61470,#61620,#61760,#61900,#62040,#62180,
#62380,#62520,#62660,#62840,#63020,#63160,#63300,#63430,#63570,#63710,
#63840,#63980,#64120));
#64210=MANIFOLD_SOLID_BREP('',#64200);
#64220=CARTESIAN_POINT('',(0.,0.,0.));
#64230=DIRECTION('',(0.,0.,1.));
#64240=DIRECTION('',(1.,0.,0.));
#64250=AXIS2_PLACEMENT_3D('',#64220,#64230,#64240);
#64260=APPLICATION_CONTEXT(' ');
#64270=APPLICATION_PROTOCOL_DEFINITION(' ','automotive_design',1998,
#64260);
#64280=PRODUCT_CONTEXT('',#64260,'mechanical');
#64290=PRODUCT_DEFINITION_CONTEXT('part definition',#64260,'design');
#64300=PRODUCT('mkdsv_5-hv-2-9.52','mkdsv_5-hv-2-9.52','',(#64280));
#64310=PRODUCT_RELATED_PRODUCT_CATEGORY('part',' ',(#64300));
#64320=PRODUCT_DEFINITION_FORMATION_WITH_SPECIFIED_SOURCE('','',#64300,
.BOUGHT.);
#64330=PRODUCT_DEFINITION('',' ',#64320,#64290);
#64340=PRODUCT_DEFINITION_SHAPE('','',#64330);
#64350=DIMENSIONAL_EXPONENTS(1.,0.,0.,0.,0.,0.,0.);
#64360=DIMENSIONAL_EXPONENTS(0.,0.,0.,0.,0.,0.,0.);
#64370=DIMENSIONAL_EXPONENTS(0.,0.,0.,0.,0.,0.,0.);
#64380=(LENGTH_UNIT() NAMED_UNIT(*) SI_UNIT(.MILLI.,.METRE.));
#64390=(NAMED_UNIT(*) PLANE_ANGLE_UNIT() SI_UNIT($,.RADIAN.));
#64400=(NAMED_UNIT(*) SI_UNIT($,.STERADIAN.) SOLID_ANGLE_UNIT());
#64410=(GEOMETRIC_REPRESENTATION_CONTEXT(3) 
GLOBAL_UNCERTAINTY_ASSIGNED_CONTEXT((#64420)) 
GLOBAL_UNIT_ASSIGNED_CONTEXT((#64380,#64390,#64400)) 
REPRESENTATION_CONTEXT('',''));
#64420=UNCERTAINTY_MEASURE_WITH_UNIT(LENGTH_MEASURE(1.E-6),#64380,
'distance_accuracy_value','maximum gap value');
#64430=ADVANCED_BREP_SHAPE_REPRESENTATION('',(#64250,#64210),#64410);
#64440=SHAPE_DEFINITION_REPRESENTATION(#64340,#64430);
#64450=COLOUR_RGB('',0.600000023841858,0.600000023841858,
0.600000023841858);
#64460=FILL_AREA_STYLE_COLOUR('',#64450);
#64470=FILL_AREA_STYLE('',(#64460));
#64480=SURFACE_STYLE_FILL_AREA(#64470);
#64490=SURFACE_SIDE_STYLE('',(#64480));
#64500=SURFACE_STYLE_USAGE(.BOTH.,#64490);
#64510=PRESENTATION_STYLE_ASSIGNMENT((#64500));
#64520=STYLED_ITEM('',(#64510),#64210);
#64530=OVER_RIDING_STYLED_ITEM('',(#360),#290,#64520);
#64540=OVER_RIDING_STYLED_ITEM('',(#830),#760,#64520);
#64550=OVER_RIDING_STYLED_ITEM('',(#1470),#1400,#64520);
#64560=OVER_RIDING_STYLED_ITEM('',(#1780),#1710,#64520);
#64570=OVER_RIDING_STYLED_ITEM('',(#1980),#1910,#64520);
#64580=OVER_RIDING_STYLED_ITEM('',(#2120),#2050,#64520);
#64590=OVER_RIDING_STYLED_ITEM('',(#2450),#2380,#64520);
#64600=OVER_RIDING_STYLED_ITEM('',(#2840),#2770,#64520);
#64610=OVER_RIDING_STYLED_ITEM('',(#3170),#3100,#64520);
#64620=OVER_RIDING_STYLED_ITEM('',(#3580),#3510,#64520);
#64630=OVER_RIDING_STYLED_ITEM('',(#3980),#3910,#64520);
#64640=OVER_RIDING_STYLED_ITEM('',(#4830),#4760,#64520);
#64650=OVER_RIDING_STYLED_ITEM('',(#5300),#5230,#64520);
#64660=OVER_RIDING_STYLED_ITEM('',(#5770),#5700,#64520);
#64670=OVER_RIDING_STYLED_ITEM('',(#6240),#6170,#64520);
#64680=OVER_RIDING_STYLED_ITEM('',(#6730),#6660,#64520);
#64690=OVER_RIDING_STYLED_ITEM('',(#7110),#7040,#64520);
#64700=OVER_RIDING_STYLED_ITEM('',(#7510),#7440,#64520);
#64710=OVER_RIDING_STYLED_ITEM('',(#7890),#7820,#64520);
#64720=OVER_RIDING_STYLED_ITEM('',(#8200),#8130,#64520);
#64730=OVER_RIDING_STYLED_ITEM('',(#8600),#8530,#64520);
#64740=OVER_RIDING_STYLED_ITEM('',(#8890),#8820,#64520);
#64750=OVER_RIDING_STYLED_ITEM('',(#11320),#11250,#64520);
#64760=OVER_RIDING_STYLED_ITEM('',(#11710),#11640,#64520);
#64770=OVER_RIDING_STYLED_ITEM('',(#12030),#11960,#64520);
#64780=OVER_RIDING_STYLED_ITEM('',(#12420),#12350,#64520);
#64790=OVER_RIDING_STYLED_ITEM('',(#12730),#12660,#64520);
#64800=OVER_RIDING_STYLED_ITEM('',(#13050),#12980,#64520);
#64810=OVER_RIDING_STYLED_ITEM('',(#13360),#13290,#64520);
#64820=OVER_RIDING_STYLED_ITEM('',(#13680),#13610,#64520);
#64830=OVER_RIDING_STYLED_ITEM('',(#14060),#13990,#64520);
#64840=OVER_RIDING_STYLED_ITEM('',(#14380),#14310,#64520);
#64850=OVER_RIDING_STYLED_ITEM('',(#14620),#14550,#64520);
#64860=OVER_RIDING_STYLED_ITEM('',(#14910),#14840,#64520);
#64870=OVER_RIDING_STYLED_ITEM('',(#15290),#15220,#64520);
#64880=OVER_RIDING_STYLED_ITEM('',(#15610),#15540,#64520);
#64890=OVER_RIDING_STYLED_ITEM('',(#15920),#15850,#64520);
#64900=OVER_RIDING_STYLED_ITEM('',(#16240),#16170,#64520);
#64910=OVER_RIDING_STYLED_ITEM('',(#16550),#16480,#64520);
#64920=OVER_RIDING_STYLED_ITEM('',(#16870),#16800,#64520);
#64930=OVER_RIDING_STYLED_ITEM('',(#17180),#17110,#64520);
#64940=OVER_RIDING_STYLED_ITEM('',(#17500),#17430,#64520);
#64950=OVER_RIDING_STYLED_ITEM('',(#17810),#17740,#64520);
#64960=OVER_RIDING_STYLED_ITEM('',(#18130),#18060,#64520);
#64970=OVER_RIDING_STYLED_ITEM('',(#18450),#18380,#64520);
#64980=OVER_RIDING_STYLED_ITEM('',(#18770),#18700,#64520);
#64990=OVER_RIDING_STYLED_ITEM('',(#19010),#18940,#64520);
#65000=OVER_RIDING_STYLED_ITEM('',(#19400),#19330,#64520);
#65010=OVER_RIDING_STYLED_ITEM('',(#19530),#19460,#64520);
#65020=OVER_RIDING_STYLED_ITEM('',(#19910),#19840,#64520);
#65030=OVER_RIDING_STYLED_ITEM('',(#20290),#20220,#64520);
#65040=OVER_RIDING_STYLED_ITEM('',(#20760),#20690,#64520);
#65050=OVER_RIDING_STYLED_ITEM('',(#22100),#22030,#64520);
#65060=OVER_RIDING_STYLED_ITEM('',(#22480),#22410,#64520);
#65070=OVER_RIDING_STYLED_ITEM('',(#22950),#22880,#64520);
#65080=OVER_RIDING_STYLED_ITEM('',(#23420),#23350,#64520);
#65090=OVER_RIDING_STYLED_ITEM('',(#23890),#23820,#64520);
#65100=OVER_RIDING_STYLED_ITEM('',(#24360),#24290,#64520);
#65110=OVER_RIDING_STYLED_ITEM('',(#24830),#24760,#64520);
#65120=OVER_RIDING_STYLED_ITEM('',(#25120),#25050,#64520);
#65130=OVER_RIDING_STYLED_ITEM('',(#25410),#25340,#64520);
#65140=OVER_RIDING_STYLED_ITEM('',(#26810),#26740,#64520);
#65150=OVER_RIDING_STYLED_ITEM('',(#27280),#27210,#64520);
#65160=OVER_RIDING_STYLED_ITEM('',(#27590),#27520,#64520);
#65170=OVER_RIDING_STYLED_ITEM('',(#27780),#27710,#64520);
#65180=OVER_RIDING_STYLED_ITEM('',(#28020),#27950,#64520);
#65190=OVER_RIDING_STYLED_ITEM('',(#28260),#28190,#64520);
#65200=OVER_RIDING_STYLED_ITEM('',(#28510),#28440,#64520);
#65210=OVER_RIDING_STYLED_ITEM('',(#28830),#28760,#64520);
#65220=OVER_RIDING_STYLED_ITEM('',(#29070),#29000,#64520);
#65230=OVER_RIDING_STYLED_ITEM('',(#29540),#29470,#64520);
#65240=OVER_RIDING_STYLED_ITEM('',(#30080),#30010,#64520);
#65250=OVER_RIDING_STYLED_ITEM('',(#30590),#30520,#64520);
#65260=OVER_RIDING_STYLED_ITEM('',(#30990),#30920,#64520);
#65270=OVER_RIDING_STYLED_ITEM('',(#31420),#31350,#64520);
#65280=OVER_RIDING_STYLED_ITEM('',(#31930),#31860,#64520);
#65290=OVER_RIDING_STYLED_ITEM('',(#32110),#32040,#64520);
#65300=OVER_RIDING_STYLED_ITEM('',(#32510),#32440,#64520);
#65310=OVER_RIDING_STYLED_ITEM('',(#32690),#32620,#64520);
#65320=OVER_RIDING_STYLED_ITEM('',(#33020),#32950,#64520);
#65330=OVER_RIDING_STYLED_ITEM('',(#33310),#33240,#64520);
#65340=OVER_RIDING_STYLED_ITEM('',(#33700),#33630,#64520);
#65350=OVER_RIDING_STYLED_ITEM('',(#34080),#34010,#64520);
#65360=OVER_RIDING_STYLED_ITEM('',(#34550),#34480,#64520);
#65370=OVER_RIDING_STYLED_ITEM('',(#35020),#34950,#64520);
#65380=OVER_RIDING_STYLED_ITEM('',(#35250),#35180,#64520);
#65390=OVER_RIDING_STYLED_ITEM('',(#35560),#35490,#64520);
#65400=OVER_RIDING_STYLED_ITEM('',(#35940),#35870,#64520);
#65410=OVER_RIDING_STYLED_ITEM('',(#36130),#36060,#64520);
#65420=OVER_RIDING_STYLED_ITEM('',(#36370),#36300,#64520);
#65430=OVER_RIDING_STYLED_ITEM('',(#36600),#36530,#64520);
#65440=OVER_RIDING_STYLED_ITEM('',(#37470),#37400,#64520);
#65450=OVER_RIDING_STYLED_ITEM('',(#38100),#38030,#64520);
#65460=OVER_RIDING_STYLED_ITEM('',(#38480),#38410,#64520);
#65470=OVER_RIDING_STYLED_ITEM('',(#38860),#38790,#64520);
#65480=OVER_RIDING_STYLED_ITEM('',(#39650),#39580,#64520);
#65490=OVER_RIDING_STYLED_ITEM('',(#40020),#39950,#64520);
#65500=OVER_RIDING_STYLED_ITEM('',(#40420),#40350,#64520);
#65510=OVER_RIDING_STYLED_ITEM('',(#40800),#40730,#64520);
#65520=OVER_RIDING_STYLED_ITEM('',(#41110),#41040,#64520);
#65530=OVER_RIDING_STYLED_ITEM('',(#41360),#41290,#64520);
#65540=OVER_RIDING_STYLED_ITEM('',(#41550),#41480,#64520);
#65550=OVER_RIDING_STYLED_ITEM('',(#41810),#41740,#64520);
#65560=OVER_RIDING_STYLED_ITEM('',(#42070),#42000,#64520);
#65570=OVER_RIDING_STYLED_ITEM('',(#42330),#42260,#64520);
#65580=OVER_RIDING_STYLED_ITEM('',(#42520),#42450,#64520);
#65590=OVER_RIDING_STYLED_ITEM('',(#42900),#42830,#64520);
#65600=OVER_RIDING_STYLED_ITEM('',(#43370),#43300,#64520);
#65610=OVER_RIDING_STYLED_ITEM('',(#44010),#43940,#64520);
#65620=OVER_RIDING_STYLED_ITEM('',(#44310),#44240,#64520);
#65630=OVER_RIDING_STYLED_ITEM('',(#44850),#44780,#64520);
#65640=OVER_RIDING_STYLED_ITEM('',(#45240),#45170,#64520);
#65650=OVER_RIDING_STYLED_ITEM('',(#45570),#45500,#64520);
#65660=OVER_RIDING_STYLED_ITEM('',(#45960),#45890,#64520);
#65670=OVER_RIDING_STYLED_ITEM('',(#46340),#46270,#64520);
#65680=OVER_RIDING_STYLED_ITEM('',(#46530),#46460,#64520);
#65690=OVER_RIDING_STYLED_ITEM('',(#46880),#46810,#64520);
#65700=OVER_RIDING_STYLED_ITEM('',(#47190),#47120,#64520);
#65710=OVER_RIDING_STYLED_ITEM('',(#47380),#47310,#64520);
#65720=OVER_RIDING_STYLED_ITEM('',(#47570),#47500,#64520);
#65730=OVER_RIDING_STYLED_ITEM('',(#47890),#47820,#64520);
#65740=OVER_RIDING_STYLED_ITEM('',(#48280),#48210,#64520);
#65750=OVER_RIDING_STYLED_ITEM('',(#48690),#48620,#64520);
#65760=OVER_RIDING_STYLED_ITEM('',(#49020),#48950,#64520);
#65770=OVER_RIDING_STYLED_ITEM('',(#49410),#49340,#64520);
#65780=OVER_RIDING_STYLED_ITEM('',(#49690),#49620,#64520);
#65790=OVER_RIDING_STYLED_ITEM('',(#50420),#50350,#64520);
#65800=OVER_RIDING_STYLED_ITEM('',(#50800),#50730,#64520);
#65810=OVER_RIDING_STYLED_ITEM('',(#50990),#50920,#64520);
#65820=OVER_RIDING_STYLED_ITEM('',(#51260),#51190,#64520);
#65830=OVER_RIDING_STYLED_ITEM('',(#51570),#51500,#64520);
#65840=OVER_RIDING_STYLED_ITEM('',(#51710),#51640,#64520);
#65850=OVER_RIDING_STYLED_ITEM('',(#52100),#52030,#64520);
#65860=OVER_RIDING_STYLED_ITEM('',(#52620),#52550,#64520);
#65870=OVER_RIDING_STYLED_ITEM('',(#53010),#52940,#64520);
#65880=OVER_RIDING_STYLED_ITEM('',(#53300),#53230,#64520);
#65890=OVER_RIDING_STYLED_ITEM('',(#53590),#53520,#64520);
#65900=OVER_RIDING_STYLED_ITEM('',(#53900),#53830,#64520);
#65910=OVER_RIDING_STYLED_ITEM('',(#54140),#54070,#64520);
#65920=OVER_RIDING_STYLED_ITEM('',(#54400),#54330,#64520);
#65930=OVER_RIDING_STYLED_ITEM('',(#54590),#54520,#64520);
#65940=OVER_RIDING_STYLED_ITEM('',(#54780),#54710,#64520);
#65950=OVER_RIDING_STYLED_ITEM('',(#55160),#55090,#64520);
#65960=OVER_RIDING_STYLED_ITEM('',(#55540),#55470,#64520);
#65970=OVER_RIDING_STYLED_ITEM('',(#56010),#55940,#64520);
#65980=OVER_RIDING_STYLED_ITEM('',(#56480),#56410,#64520);
#65990=OVER_RIDING_STYLED_ITEM('',(#56790),#56720,#64520);
#66000=OVER_RIDING_STYLED_ITEM('',(#57030),#56960,#64520);
#66010=OVER_RIDING_STYLED_ITEM('',(#57340),#57270,#64520);
#66020=OVER_RIDING_STYLED_ITEM('',(#57580),#57510,#64520);
#66030=OVER_RIDING_STYLED_ITEM('',(#57810),#57740,#64520);
#66040=OVER_RIDING_STYLED_ITEM('',(#58510),#58440,#64520);
#66050=OVER_RIDING_STYLED_ITEM('',(#58890),#58820,#64520);
#66060=OVER_RIDING_STYLED_ITEM('',(#59200),#59130,#64520);
#66070=OVER_RIDING_STYLED_ITEM('',(#59580),#59510,#64520);
#66080=OVER_RIDING_STYLED_ITEM('',(#59890),#59820,#64520);
#66090=OVER_RIDING_STYLED_ITEM('',(#60130),#60060,#64520);
#66100=OVER_RIDING_STYLED_ITEM('',(#60460),#60390,#64520);
#66110=OVER_RIDING_STYLED_ITEM('',(#60650),#60580,#64520);
#66120=OVER_RIDING_STYLED_ITEM('',(#60840),#60770,#64520);
#66130=OVER_RIDING_STYLED_ITEM('',(#60980),#60910,#64520);
#66140=OVER_RIDING_STYLED_ITEM('',(#61120),#61050,#64520);
#66150=OVER_RIDING_STYLED_ITEM('',(#61260),#61190,#64520);
#66160=OVER_RIDING_STYLED_ITEM('',(#61400),#61330,#64520);
#66170=OVER_RIDING_STYLED_ITEM('',(#61540),#61470,#64520);
#66180=OVER_RIDING_STYLED_ITEM('',(#61690),#61620,#64520);
#66190=OVER_RIDING_STYLED_ITEM('',(#61830),#61760,#64520);
#66200=OVER_RIDING_STYLED_ITEM('',(#61970),#61900,#64520);
#66210=OVER_RIDING_STYLED_ITEM('',(#62110),#62040,#64520);
#66220=OVER_RIDING_STYLED_ITEM('',(#62250),#62180,#64520);
#66230=OVER_RIDING_STYLED_ITEM('',(#62450),#62380,#64520);
#66240=OVER_RIDING_STYLED_ITEM('',(#62590),#62520,#64520);
#66250=OVER_RIDING_STYLED_ITEM('',(#62730),#62660,#64520);
#66260=OVER_RIDING_STYLED_ITEM('',(#62910),#62840,#64520);
#66270=OVER_RIDING_STYLED_ITEM('',(#63090),#63020,#64520);
#66280=OVER_RIDING_STYLED_ITEM('',(#63230),#63160,#64520);
#66290=OVER_RIDING_STYLED_ITEM('',(#63370),#63300,#64520);
#66300=OVER_RIDING_STYLED_ITEM('',(#63500),#63430,#64520);
#66310=OVER_RIDING_STYLED_ITEM('',(#63640),#63570,#64520);
#66320=OVER_RIDING_STYLED_ITEM('',(#63780),#63710,#64520);
#66330=OVER_RIDING_STYLED_ITEM('',(#63910),#63840,#64520);
#66340=OVER_RIDING_STYLED_ITEM('',(#64050),#63980,#64520);
#66350=OVER_RIDING_STYLED_ITEM('',(#64190),#64120,#64520);
#66360=DRAUGHTING_MODEL('',(#64520,#64530,#64540,#64550,#64560,#64570,
#64580,#64590,#64600,#64610,#64620,#64630,#64640,#64650,#64660,#64670,
#64680,#64690,#64700,#64710,#64720,#64730,#64740,#64750,#64760,#64770,
#64780,#64790,#64800,#64810,#64820,#64830,#64840,#64850,#64860,#64870,
#64880,#64890,#64900,#64910,#64920,#64930,#64940,#64950,#64960,#64970,
#64980,#64990,#65000,#65010,#65020,#65030,#65040,#65050,#65060,#65070,
#65080,#65090,#65100,#65110,#65120,#65130,#65140,#65150,#65160,#65170,
#65180,#65190,#65200,#65210,#65220,#65230,#65240,#65250,#65260,#65270,
#65280,#65290,#65300,#65310,#65320,#65330,#65340,#65350,#65360,#65370,
#65380,#65390,#65400,#65410,#65420,#65430,#65440,#65450,#65460,#65470,
#65480,#65490,#65500,#65510,#65520,#65530,#65540,#65550,#65560,#65570,
#65580,#65590,#65600,#65610,#65620,#65630,#65640,#65650,#65660,#65670,
#65680,#65690,#65700,#65710,#65720,#65730,#65740,#65750,#65760,#65770,
#65780,#65790,#65800,#65810,#65820,#65830,#65840,#65850,#65860,#65870,
#65880,#65890,#65900,#65910,#65920,#65930,#65940,#65950,#65960,#65970,
#65980,#65990,#66000,#66010,#66020,#66030,#66040,#66050,#66060,#66070,
#66080,#66090,#66100,#66110,#66120,#66130,#66140,#66150,#66160,#66170,
#66180,#66190,#66200,#66210,#66220,#66230,#66240,#66250,#66260,#66270,
#66280,#66290,#66300,#66310,#66320,#66330,#66340,#66350),#64410);
#66370=CARTESIAN_POINT('',(98.8484938178724,-53.066692371064,-4.76));
#66380=DIRECTION('',(0.,0.,1.));
#66390=DIRECTION('',(1.,0.,0.));
#66400=AXIS2_PLACEMENT_3D('',#66370,#66380,#66390);
#66410=ITEM_DEFINED_TRANSFORMATION('mkdsv_5-hv-2-9.52','',#64250,#66400)
;
#66420=APPLICATION_CONTEXT(' ');
#66430=APPLICATION_PROTOCOL_DEFINITION(' ','automotive_design',1998,
#66420);
#66440=PRODUCT_CONTEXT('',#66420,'mechanical');
#66450=PRODUCT_DEFINITION_CONTEXT('part definition',#66420,'design');
#66460=PRODUCT('mkdsv_5-hv-2-9.52','mkdsv_5-hv-2-9.52','',(#66440));
#66470=PRODUCT_RELATED_PRODUCT_CATEGORY('part',' ',(#66460));
#66480=PRODUCT_DEFINITION_FORMATION_WITH_SPECIFIED_SOURCE('','',#66460,
.BOUGHT.);
#66490=PRODUCT_DEFINITION('',' ',#66480,#66450);
#66500=PRODUCT_DEFINITION_SHAPE('','',#66490);
#66510=DIMENSIONAL_EXPONENTS(1.,0.,0.,0.,0.,0.,0.);
#66520=DIMENSIONAL_EXPONENTS(0.,0.,0.,0.,0.,0.,0.);
#66530=DIMENSIONAL_EXPONENTS(0.,0.,0.,0.,0.,0.,0.);
#66540=(LENGTH_UNIT() NAMED_UNIT(*) SI_UNIT(.MILLI.,.METRE.));
#66550=(NAMED_UNIT(*) PLANE_ANGLE_UNIT() SI_UNIT($,.RADIAN.));
#66560=(NAMED_UNIT(*) SI_UNIT($,.STERADIAN.) SOLID_ANGLE_UNIT());
#66570=(GEOMETRIC_REPRESENTATION_CONTEXT(3) 
GLOBAL_UNCERTAINTY_ASSIGNED_CONTEXT((#66580)) 
GLOBAL_UNIT_ASSIGNED_CONTEXT((#66540,#66550,#66560)) 
REPRESENTATION_CONTEXT('',''));
#66580=UNCERTAINTY_MEASURE_WITH_UNIT(LENGTH_MEASURE(1.E-6),#66540,
'distance_accuracy_value','maximum gap value');
#66590=SHAPE_REPRESENTATION('',(#64250,#66400),#66570);
#66600=SHAPE_DEFINITION_REPRESENTATION(#66500,#66590);
#66610=(REPRESENTATION_RELATIONSHIP('','',#64430,#66590) 
REPRESENTATION_RELATIONSHIP_WITH_TRANSFORMATION(#66410) 
SHAPE_REPRESENTATION_RELATIONSHIP());
#66620=NEXT_ASSEMBLY_USAGE_OCCURRENCE('1','','mkdsv_5-hv-2-9.52',#66490,
#64330,'');
#66630=PRODUCT_DEFINITION_SHAPE('','',#66620);
#66640=CONTEXT_DEPENDENT_SHAPE_REPRESENTATION(#66610,#66630);
ENDSEC;
END-ISO-10303-21;
