ISO-10303-21;
HEADER;
FILE_DESCRIPTION (( 'STEP AP214' ),
    '1' );
FILE_NAME ('PCS-0R001D1.STEP',
    '2025-01-30T15:28:00',
    ( '' ),
    ( '' ),
    'SwSTEP 2.0',
    'SolidWorks 2021',
    '' );
FILE_SCHEMA (( 'AUTOMOTIVE_DESIGN' ));
ENDSEC;

DATA;
#1 = VECTOR ( 'NONE', #2380, 1000.000000000000000 ) ;
#2 = DIRECTION ( 'NONE',  ( 0.000000000000000000, -0.000000000000000000, 1.000000000000000000 ) ) ;
#3 = VECTOR ( 'NONE', #466, 1000.000000000000114 ) ;
#4 = FACE_OUTER_BOUND ( 'NONE', #2714, .T. ) ;
#5 = AXIS2_PLACEMENT_3D ( 'NONE', #228, #505, #2569 ) ;
#6 = FACE_OUTER_BOUND ( 'NONE', #1419, .T. ) ;
#7 = ORIENTED_EDGE ( 'NONE', *, *, #1536, .T. ) ;
#8 = CARTESIAN_POINT ( 'NONE',  ( -0.6599999999999973666, 8.300000000000000711, -2.500000000000000444 ) ) ;
#9 = VECTOR ( 'NONE', #2522, 1000.000000000000000 ) ;
#10 = DIRECTION ( 'NONE',  ( -0.000000000000000000, -0.000000000000000000, -1.000000000000000000 ) ) ;
#11 = CARTESIAN_POINT ( 'NONE',  ( 4.080000000000000071, 3.000000000000000444, 0.4000000000000000222 ) ) ;
#12 = ADVANCED_FACE ( 'NONE', ( #1156 ), #2091, .T. ) ;
#13 = CARTESIAN_POINT ( 'NONE',  ( 4.080000000000000071, 3.000000000000000444, -0.4000000000000000222 ) ) ;
#14 = FACE_OUTER_BOUND ( 'NONE', #2653, .T. ) ;
#15 = ORIENTED_EDGE ( 'NONE', *, *, #2981, .F. ) ;
#16 = EDGE_CURVE ( 'NONE', #1166, #3011, #2100, .T. ) ;
#17 = EDGE_CURVE ( 'NONE', #2278, #584, #174, .T. ) ;
#18 = EDGE_LOOP ( 'NONE', ( #2480, #2401, #1395, #52 ) ) ;
#19 = ORIENTED_EDGE ( 'NONE', *, *, #1636, .T. ) ;
#20 = CARTESIAN_POINT ( 'NONE',  ( 4.080000000000000071, 3.000000000000000444, 0.4000000000000000222 ) ) ;
#21 = CARTESIAN_POINT ( 'NONE',  ( 18.43999999999999773, 4.499999999999999112, -1.000000000000000888 ) ) ;
#22 =( NAMED_UNIT ( * ) SI_UNIT ( $, .STERADIAN. ) SOLID_ANGLE_UNIT ( ) );
#23 = EDGE_LOOP ( 'NONE', ( #2977, #2041, #1999, #1180 ) ) ;
#24 = CARTESIAN_POINT ( 'NONE',  ( 0.7500000000000000000, -4.250000000000000000, -0.4000000000000000222 ) ) ;
#25 = VERTEX_POINT ( 'NONE', #733 ) ;
#26 = DIRECTION ( 'NONE',  ( 1.000000000000000000, -1.543348288235592614E-16, 0.000000000000000000 ) ) ;
#27 = VERTEX_POINT ( 'NONE', #1174 ) ;
#28 = ADVANCED_FACE ( 'NONE', ( #279 ), #1652, .F. ) ;
#29 = DIRECTION ( 'NONE',  ( 0.000000000000000000, 0.000000000000000000, -1.000000000000000000 ) ) ;
#30 = LINE ( 'NONE', #1662, #3041 ) ;
#31 = EDGE_LOOP ( 'NONE', ( #2907, #2948, #1093, #1107, #1979, #2268, #1276, #2879 ) ) ;
#32 = EDGE_CURVE ( 'NONE', #831, #2483, #262, .T. ) ;
#33 = LINE ( 'NONE', #2159, #1922 ) ;
#34 = FACE_OUTER_BOUND ( 'NONE', #18, .T. ) ;
#35 = ORIENTED_EDGE ( 'NONE', *, *, #2469, .T. ) ;
#36 = VERTEX_POINT ( 'NONE', #13 ) ;
#37 = CARTESIAN_POINT ( 'NONE',  ( 17.03000000000000114, 1.993724989011891241E-15, -0.4000000000000000222 ) ) ;
#38 = SURFACE_SIDE_STYLE ('',( #1863 ) ) ;
#39 = APPLICATION_PROTOCOL_DEFINITION ( 'draft international standard', 'automotive_design', 1998, #3054 ) ;
#40 = LINE ( 'NONE', #2353, #413 ) ;
#41 = ORIENTED_EDGE ( 'NONE', *, *, #1723, .F. ) ;
#42 = CARTESIAN_POINT ( 'NONE',  ( 17.03000000000000114, 1.993724989011891241E-15, 0.4000000000000000222 ) ) ;
#43 = VECTOR ( 'NONE', #1044, 1000.000000000000000 ) ;
#44 = LINE ( 'NONE', #823, #662 ) ;
#45 = LINE ( 'NONE', #988, #2674 ) ;
#46 = EDGE_CURVE ( 'NONE', #1249, #260, #1665, .T. ) ;
#47 = EDGE_LOOP ( 'NONE', ( #1504, #778, #2783, #268 ) ) ;
#48 = DIRECTION ( 'NONE',  ( 1.000000000000000000, -1.084202172485496940E-15, -0.000000000000000000 ) ) ;
#49 = DIRECTION ( 'NONE',  ( -0.000000000000000000, -0.000000000000000000, 1.000000000000000000 ) ) ;
#50 = EDGE_CURVE ( 'NONE', #1292, #959, #1463, .T. ) ;
#51 = ORIENTED_EDGE ( 'NONE', *, *, #874, .F. ) ;
#52 = ORIENTED_EDGE ( 'NONE', *, *, #2560, .T. ) ;
#53 = CARTESIAN_POINT ( 'NONE',  ( 7.264999999999989910, 16.75000000000000000, -2.500000000000000444 ) ) ;
#54 = LINE ( 'NONE', #2395, #1352 ) ;
#55 = AXIS2_PLACEMENT_3D ( 'NONE', #985, #1921, #1632 ) ;
#56 = VECTOR ( 'NONE', #2685, 1000.000000000000000 ) ;
#57 = CYLINDRICAL_SURFACE ( 'NONE', #2036, 1.625000000000008438 ) ;
#58 = VERTEX_POINT ( 'NONE', #963 ) ;
#59 = DIRECTION ( 'NONE',  ( -1.543348288235592614E-16, -1.000000000000000000, 0.000000000000000000 ) ) ;
#60 = VECTOR ( 'NONE', #2133, 1000.000000000000000 ) ;
#61 = ORIENTED_EDGE ( 'NONE', *, *, #1340, .F. ) ;
#62 = VECTOR ( 'NONE', #2799, 1000.000000000000000 ) ;
#63 =( NAMED_UNIT ( * ) SI_UNIT ( $, .STERADIAN. ) SOLID_ANGLE_UNIT ( ) );
#64 = CARTESIAN_POINT ( 'NONE',  ( 17.30297767569964762, -4.999999999999997335, -0.4000000000000000222 ) ) ;
#65 = ORIENTED_EDGE ( 'NONE', *, *, #1318, .F. ) ;
#66 = ORIENTED_EDGE ( 'NONE', *, *, #1053, .T. ) ;
#67 = LINE ( 'NONE', #516, #2567 ) ;
#68 = DIRECTION ( 'NONE',  ( -0.000000000000000000, -0.000000000000000000, -1.000000000000000000 ) ) ;
#69 = ORIENTED_EDGE ( 'NONE', *, *, #1106, .F. ) ;
#70 = ORIENTED_EDGE ( 'NONE', *, *, #1751, .F. ) ;
#71 = EDGE_CURVE ( 'NONE', #1981, #587, #293, .T. ) ;
#72 = ORIENTED_EDGE ( 'NONE', *, *, #594, .F. ) ;
#73 = ORIENTED_EDGE ( 'NONE', *, *, #1459, .F. ) ;
#74 = ADVANCED_FACE ( 'NONE', ( #471 ), #2894, .T. ) ;
#75 = CARTESIAN_POINT ( 'NONE',  ( 15.53000000000000114, 3.000000000000002220, 0.4000000000000000222 ) ) ;
#76 =( NAMED_UNIT ( * ) PLANE_ANGLE_UNIT ( ) SI_UNIT ( $, .RADIAN. ) );
#77 = CARTESIAN_POINT ( 'NONE',  ( 11.70000000000000284, 4.500000000000000000, -1.000000000000000888 ) ) ;
#78 = DIRECTION ( 'NONE',  ( -1.224646799147355426E-16, 1.000000000000000000, 0.000000000000000000 ) ) ;
#79 = ORIENTED_EDGE ( 'NONE', *, *, #328, .T. ) ;
#80 =( NAMED_UNIT ( * ) PLANE_ANGLE_UNIT ( ) SI_UNIT ( $, .RADIAN. ) );
#81 = PLANE ( 'NONE',  #943 ) ;
#82 = EDGE_CURVE ( 'NONE', #1304, #1788, #33, .T. ) ;
#83 = ORIENTED_EDGE ( 'NONE', *, *, #1533, .T. ) ;
#84 = LINE ( 'NONE', #2497, #1293 ) ;
#85 = DIRECTION ( 'NONE',  ( 0.000000000000000000, 0.000000000000000000, -1.000000000000000000 ) ) ;
#86 = ORIENTED_EDGE ( 'NONE', *, *, #1612, .T. ) ;
#87 = VERTEX_POINT ( 'NONE', #1914 ) ;
#88 = ORIENTED_EDGE ( 'NONE', *, *, #412, .F. ) ;
#89 = VERTEX_POINT ( 'NONE', #2833 ) ;
#90 = DIRECTION ( 'NONE',  ( 1.000000000000000000, 1.224646799147350989E-16, 0.000000000000000000 ) ) ;
#91 = LINE ( 'NONE', #551, #1487 ) ;
#92 = DIRECTION ( 'NONE',  ( -0.3420201433256663814, 0.9396926207859092051, 0.000000000000000000 ) ) ;
#93 = ORIENTED_EDGE ( 'NONE', *, *, #533, .T. ) ;
#94 = CARTESIAN_POINT ( 'NONE',  ( 20.04000000000000625, 4.499999999999999112, -1.000000000000000888 ) ) ;
#95 = VERTEX_POINT ( 'NONE', #1900 ) ;
#96 = ORIENTED_EDGE ( 'NONE', *, *, #768, .T. ) ;
#97 = CARTESIAN_POINT ( 'NONE',  ( -2.259999999999998010, 3.000000000000006217, 1.999999999999999556 ) ) ;
#98 = VECTOR ( 'NONE', #1310, 1000.000000000000000 ) ;
#99 = VERTEX_POINT ( 'NONE', #244 ) ;
#100 = CARTESIAN_POINT ( 'NONE',  ( 18.53000000000000469, -4.249999999999997335, -0.4000000000000000222 ) ) ;
#101 = ORIENTED_EDGE ( 'NONE', *, *, #157, .T. ) ;
#102 = DIRECTION ( 'NONE',  ( 2.168404344971010840E-16, -1.000000000000000000, 0.000000000000000000 ) ) ;
#103 = ADVANCED_FACE ( 'NONE', ( #1714 ), #776, .F. ) ;
#104 = ORIENTED_EDGE ( 'NONE', *, *, #1204, .F. ) ;
#105 = VERTEX_POINT ( 'NONE', #2179 ) ;
#106 = FACE_OUTER_BOUND ( 'NONE', #2741, .T. ) ;
#107 = CARTESIAN_POINT ( 'NONE',  ( 18.25702232430035465, -4.999999999999997335, -0.4000000000000000222 ) ) ;
#108 = EDGE_CURVE ( 'NONE', #890, #2740, #2602, .T. ) ;
#109 = LINE ( 'NONE', #1707, #950 ) ;
#110 = VECTOR ( 'NONE', #1043, 1000.000000000000000 ) ;
#111 = DIRECTION ( 'NONE',  ( -0.000000000000000000, 1.000000000000000000, -0.000000000000000000 ) ) ;
#112 = AXIS2_PLACEMENT_3D ( 'NONE', #1879, #2383, #2857 ) ;
#113 = CIRCLE ( 'NONE', #2666, 1.600000000000000755 ) ;
#114 = ORIENTED_EDGE ( 'NONE', *, *, #1654, .F. ) ;
#115 = EDGE_CURVE ( 'NONE', #1436, #865, #1684, .T. ) ;
#116 = CARTESIAN_POINT ( 'NONE',  ( 7.290000000000000036, 3.000000000000003109, 1.999999999999999556 ) ) ;
#117 = CARTESIAN_POINT ( 'NONE',  ( 2.250000000000000444, 0.000000000000000000, -0.4000000000000000222 ) ) ;
#118 =( GEOMETRIC_REPRESENTATION_CONTEXT ( 3 ) GLOBAL_UNCERTAINTY_ASSIGNED_CONTEXT ( ( #1718 ) ) GLOBAL_UNIT_ASSIGNED_CONTEXT ( ( #1692, #1398, #1168 ) ) REPRESENTATION_CONTEXT ( 'NONE', 'WORKASPACE' ) );
#119 = VECTOR ( 'NONE', #421, 1000.000000000000114 ) ;
#120 = AXIS2_PLACEMENT_3D ( 'NONE', #2542, #1550, #1315 ) ;
#121 = CARTESIAN_POINT ( 'NONE',  ( -2.259999999999994458, 18.40000000000000568, -2.500000000000000444 ) ) ;
#122 = DIRECTION ( 'NONE',  ( -1.000000000000000000, 1.543348288235592614E-16, 0.000000000000000000 ) ) ;
#123 = VECTOR ( 'NONE', #2130, 1000.000000000000000 ) ;
#124 = ORIENTED_EDGE ( 'NONE', *, *, #2789, .F. ) ;
#125 = EDGE_CURVE ( 'NONE', #788, #2553, #67, .T. ) ;
#126 = VERTEX_POINT ( 'NONE', #2634 ) ;
#127 = EDGE_LOOP ( 'NONE', ( #93, #69, #2866, #2601 ) ) ;
#128 = CARTESIAN_POINT ( 'NONE',  ( 20.04000000000000981, 14.60000000000001386, -1.000000000000000888 ) ) ;
#129 = EDGE_CURVE ( 'NONE', #1384, #332, #233, .T. ) ;
#130 = ADVANCED_FACE ( 'NONE', ( #1932 ), #2881, .F. ) ;
#131 = DIRECTION ( 'NONE',  ( 0.000000000000000000, 0.000000000000000000, -1.000000000000000000 ) ) ;
#132 = DIRECTION ( 'NONE',  ( -0.000000000000000000, -0.000000000000000000, -1.000000000000000000 ) ) ;
#133 = EDGE_LOOP ( 'NONE', ( #2184, #1535, #1754, #474 ) ) ;
#134 = ORIENTED_EDGE ( 'NONE', *, *, #537, .F. ) ;
#135 = SURFACE_STYLE_FILL_AREA ( #1039 ) ;
#136 = PLANE ( 'NONE',  #1354 ) ;
#137 = ORIENTED_EDGE ( 'NONE', *, *, #2605, .F. ) ;
#138 = DIRECTION ( 'NONE',  ( 2.168404344970993880E-15, 1.000000000000000000, -0.000000000000000000 ) ) ;
#139 = CARTESIAN_POINT ( 'NONE',  ( 11.70000000000000284, 4.500000000000000000, -2.500000000000000444 ) ) ;
#140 = ORIENTED_EDGE ( 'NONE', *, *, #2381, .F. ) ;
#141 = ORIENTED_EDGE ( 'NONE', *, *, #412, .T. ) ;
#142 = VERTEX_POINT ( 'NONE', #1700 ) ;
#143 = FACE_OUTER_BOUND ( 'NONE', #1870, .T. ) ;
#144 = EDGE_CURVE ( 'NONE', #2236, #489, #2357, .T. ) ;
#145 = FACE_OUTER_BOUND ( 'NONE', #997, .T. ) ;
#146 = DIRECTION ( 'NONE',  ( -0.3420201433256630508, 0.9396926207859104263, 0.000000000000000000 ) ) ;
#147 = VERTEX_POINT ( 'NONE', #1947 ) ;
#148 = ORIENTED_EDGE ( 'NONE', *, *, #377, .F. ) ;
#149 = ORIENTED_EDGE ( 'NONE', *, *, #913, .F. ) ;
#150 = CARTESIAN_POINT ( 'NONE',  ( -2.260000000000005116, 4.500000000000001776, -1.000000000000000888 ) ) ;
#151 = DIRECTION ( 'NONE',  ( 0.000000000000000000, 0.000000000000000000, -1.000000000000000000 ) ) ;
#152 = PLANE ( 'NONE',  #1834 ) ;
#153 = ORIENTED_EDGE ( 'NONE', *, *, #1365, .F. ) ;
#154 = ADVANCED_FACE ( 'NONE', ( #2129, #348 ), #2965, .F. ) ;
#155 = DIRECTION ( 'NONE',  ( -0.3420201433256630508, -0.9396926207859104263, 0.000000000000000000 ) ) ;
#156 = ORIENTED_EDGE ( 'NONE', *, *, #2590, .F. ) ;
#157 = EDGE_CURVE ( 'NONE', #650, #1496, #2196, .T. ) ;
#158 = LINE ( 'NONE', #1584, #861 ) ;
#159 = DIRECTION ( 'NONE',  ( 0.000000000000000000, 0.000000000000000000, -1.000000000000000000 ) ) ;
#160 = DIRECTION ( 'NONE',  ( 1.000000000000000000, 0.000000000000000000, 0.000000000000000000 ) ) ;
#161 = EDGE_CURVE ( 'NONE', #1531, #431, #1735, .T. ) ;
#162 = VECTOR ( 'NONE', #499, 1000.000000000000000 ) ;
#163 = ORIENTED_EDGE ( 'NONE', *, *, #1512, .F. ) ;
#164 = CARTESIAN_POINT ( 'NONE',  ( 12.42297767569964861, -4.999999999999999112, -0.4000000000000000222 ) ) ;
#165 = DIRECTION ( 'NONE',  ( -3.111611616101896487E-16, -1.000000000000000000, 0.000000000000000000 ) ) ;
#166 = VECTOR ( 'NONE', #441, 1000.000000000000000 ) ;
#167 = VECTOR ( 'NONE', #2841, 1000.000000000000000 ) ;
#168 = AXIS2_PLACEMENT_3D ( 'NONE', #3027, #1802, #629 ) ;
#169 = DIRECTION ( 'NONE',  ( 0.3420201433256626067, -0.9396926207859105373, 0.000000000000000000 ) ) ;
#170 = CARTESIAN_POINT ( 'NONE',  ( 5.629999999999999893, -4.250000000000000000, -0.4000000000000000222 ) ) ;
#171 = FACE_OUTER_BOUND ( 'NONE', #1024, .T. ) ;
#172 = STYLED_ITEM ( 'NONE', ( #1441 ), #2470 ) ;
#173 = VECTOR ( 'NONE', #131, 1000.000000000000000 ) ;
#174 = LINE ( 'NONE', #1819, #2658 ) ;
#175 = VECTOR ( 'NONE', #2008, 1000.000000000000000 ) ;
#176 = CARTESIAN_POINT ( 'NONE',  ( 5.629999999999999893, -4.250000000000000000, 0.4000000000000000222 ) ) ;
#177 = DIRECTION ( 'NONE',  ( -1.000000000000000000, 0.000000000000000000, 0.000000000000000000 ) ) ;
#178 = PLANE ( 'NONE',  #2482 ) ;
#179 = ORIENTED_EDGE ( 'NONE', *, *, #1783, .T. ) ;
#180 = ORIENTED_EDGE ( 'NONE', *, *, #768, .F. ) ;
#181 = LINE ( 'NONE', #2796, #1546 ) ;
#182 = CARTESIAN_POINT ( 'NONE',  ( -2.259999999999998010, 16.50000000000000711, -7.025483399593909439 ) ) ;
#183 =( LENGTH_UNIT ( ) NAMED_UNIT ( * ) SI_UNIT ( .MILLI., .METRE. ) );
#184 = CARTESIAN_POINT ( 'NONE',  ( -0.4770223243003534064, -5.000000000000000000, -0.4000000000000000222 ) ) ;
#185 = ORIENTED_EDGE ( 'NONE', *, *, #2996, .F. ) ;
#186 = CARTESIAN_POINT ( 'NONE',  ( 4.530000000000001137, 2.495443522786032481E-18, 0.4000000000000000222 ) ) ;
#187 = DIRECTION ( 'NONE',  ( -1.000000000000000000, 3.111611616101896487E-16, -0.000000000000000000 ) ) ;
#188 = CARTESIAN_POINT ( 'NONE',  ( 13.25000000000000000, 1.070387452379277943E-15, 0.4000000000000000222 ) ) ;
#189 = ADVANCED_FACE ( 'NONE', ( #2930 ), #2479, .T. ) ;
#190 = ORIENTED_EDGE ( 'NONE', *, *, #1904, .F. ) ;
#191 = DIRECTION ( 'NONE',  ( 1.000000000000000000, 0.000000000000000000, 0.000000000000000000 ) ) ;
#192 = CARTESIAN_POINT ( 'NONE',  ( -2.259999999999998010, 16.50000000000000711, 2.000000000000000000 ) ) ;
#193 = EDGE_CURVE ( 'NONE', #2217, #871, #2436, .T. ) ;
#194 = CARTESIAN_POINT ( 'NONE',  ( 20.03999999999999559, 16.50000000000001066, -1.000000000000000888 ) ) ;
#195 = CARTESIAN_POINT ( 'NONE',  ( 10.51500000000000767, 16.75000000000000000, -2.500000000000000444 ) ) ;
#196 = EDGE_LOOP ( 'NONE', ( #1693, #1439, #758, #1499 ) ) ;
#197 = CARTESIAN_POINT ( 'NONE',  ( 0.4770223243003534064, -5.000000000000000000, -0.4000000000000000222 ) ) ;
#198 = VECTOR ( 'NONE', #2188, 1000.000000000000000 ) ;
#199 = FACE_OUTER_BOUND ( 'NONE', #1860, .T. ) ;
#200 = DIRECTION ( 'NONE',  ( 0.000000000000000000, 0.000000000000000000, 1.000000000000000000 ) ) ;
#201 = EDGE_CURVE ( 'NONE', #2984, #320, #789, .T. ) ;
#202 = ORIENTED_EDGE ( 'NONE', *, *, #1636, .F. ) ;
#203 = PLANE ( 'NONE',  #168 ) ;
#204 = CARTESIAN_POINT ( 'NONE',  ( 5.629999999999999005, 1.372065914289947457E-16, 0.4000000000000000222 ) ) ;
#205 = ADVANCED_FACE ( 'NONE', ( #2708 ), #2987, .F. ) ;
#206 = CARTESIAN_POINT ( 'NONE',  ( 6.079999999999998295, 3.000000000000000444, 0.4000000000000000222 ) ) ;
#207 = DIRECTION ( 'NONE',  ( 1.000000000000000000, -2.168404344970993880E-15, -0.000000000000000000 ) ) ;
#208 = VECTOR ( 'NONE', #721, 1000.000000000000227 ) ;
#209 = VECTOR ( 'NONE', #221, 1000.000000000000000 ) ;
#210 = VECTOR ( 'NONE', #2043, 1000.000000000000000 ) ;
#211 = ORIENTED_EDGE ( 'NONE', *, *, #1277, .T. ) ;
#212 = ORIENTED_EDGE ( 'NONE', *, *, #1986, .T. ) ;
#213 = CARTESIAN_POINT ( 'NONE',  ( 8.889999999999998792, 16.75000000000000000, -2.500000000000000444 ) ) ;
#214 = COLOUR_RGB ( '',0.7921568627450980005, 0.8196078431372548767, 0.9333333333333333481 ) ;
#215 = AXIS2_PLACEMENT_3D ( 'NONE', #1343, #670, #1588 ) ;
#216 = ORIENTED_EDGE ( 'NONE', *, *, #129, .T. ) ;
#217 = VECTOR ( 'NONE', #651, 1000.000000000000000 ) ;
#218 = VECTOR ( 'NONE', #1846, 1000.000000000000114 ) ;
#219 = DIRECTION ( 'NONE',  ( -0.000000000000000000, -0.000000000000000000, -1.000000000000000000 ) ) ;
#220 = DIRECTION ( 'NONE',  ( -1.000000000000000000, 1.543348288235592614E-16, 0.000000000000000000 ) ) ;
#221 = DIRECTION ( 'NONE',  ( 1.000000000000000000, -3.111611616101895994E-16, 0.000000000000000000 ) ) ;
#222 = FACE_OUTER_BOUND ( 'NONE', #1799, .T. ) ;
#223 = PLANE ( 'NONE',  #2617 ) ;
#224 = EDGE_CURVE ( 'NONE', #2223, #1356, #1537, .T. ) ;
#225 = ORIENTED_EDGE ( 'NONE', *, *, #576, .T. ) ;
#226 = DIRECTION ( 'NONE',  ( 1.000000000000000000, -4.022547190670856652E-16, 0.000000000000000000 ) ) ;
#227 = ORIENTED_EDGE ( 'NONE', *, *, #347, .T. ) ;
#228 = CARTESIAN_POINT ( 'NONE',  ( -0.6599999999999973666, 8.300000000000000711, -1.000000000000000888 ) ) ;
#229 = CARTESIAN_POINT ( 'NONE',  ( -0.6599999999999973666, 8.300000000000000711, -2.500000000000000444 ) ) ;
#230 = ORIENTED_EDGE ( 'NONE', *, *, #2381, .T. ) ;
#231 = DIRECTION ( 'NONE',  ( 0.000000000000000000, 0.000000000000000000, -1.000000000000000000 ) ) ;
#232 = CARTESIAN_POINT ( 'NONE',  ( 12.15000000000000213, 9.356763044730696353E-16, 0.4000000000000000222 ) ) ;
#233 = LINE ( 'NONE', #1405, #2169 ) ;
#234 = CARTESIAN_POINT ( 'NONE',  ( 13.25000000000000178, -4.249999999999999112, 0.4000000000000000222 ) ) ;
#235 = LINE ( 'NONE', #37, #753 ) ;
#236 = AXIS2_PLACEMENT_3D ( 'NONE', #877, #1079, #1818 ) ;
#237 = DIRECTION ( 'NONE',  ( -0.3420201433256663814, -0.9396926207859092051, 0.000000000000000000 ) ) ;
#238 = DIRECTION ( 'NONE',  ( 2.011273595335428326E-16, 1.000000000000000000, -0.000000000000000000 ) ) ;
#239 = CARTESIAN_POINT ( 'NONE',  ( 10.49000000000000021, 3.000000000000002220, 2.000000000000000000 ) ) ;
#240 = CARTESIAN_POINT ( 'NONE',  ( 11.70000000000000284, 4.500000000000000000, -1.000000000000000888 ) ) ;
#241 = PLANE ( 'NONE',  #2611 ) ;
#242 = DIRECTION ( 'NONE',  ( -0.000000000000000000, -0.000000000000000000, -1.000000000000000000 ) ) ;
#243 = ADVANCED_FACE ( 'NONE', ( #2727 ), #330, .F. ) ;
#244 = CARTESIAN_POINT ( 'NONE',  ( 15.53000000000000114, 1.626330949267685008E-15, 0.4000000000000000222 ) ) ;
#245 = DIRECTION ( 'NONE',  ( -0.000000000000000000, -1.000000000000000000, -0.000000000000000000 ) ) ;
#246 = VERTEX_POINT ( 'NONE', #585 ) ;
#247 = AXIS2_PLACEMENT_3D ( 'NONE', #192, #1134, #3001 ) ;
#248 = VECTOR ( 'NONE', #2769, 1000.000000000000000 ) ;
#249 = ORIENTED_EDGE ( 'NONE', *, *, #3021, .T. ) ;
#250 = VECTOR ( 'NONE', #912, 1000.000000000000000 ) ;
#251 = DIRECTION ( 'NONE',  ( 1.000000000000000000, -4.022547190670856652E-16, 0.000000000000000000 ) ) ;
#252 = VECTOR ( 'NONE', #1402, 1000.000000000000000 ) ;
#253 = CARTESIAN_POINT ( 'NONE',  ( -2.259999999999998010, 3.000000000000006217, 1.999999999999999556 ) ) ;
#254 = VECTOR ( 'NONE', #2840, 1000.000000000000000 ) ;
#255 = CARTESIAN_POINT ( 'NONE',  ( 11.70000000000000284, 3.000000000000001332, -1.000000000000000888 ) ) ;
#256 = EDGE_LOOP ( 'NONE', ( #809, #2703, #1643, #1661 ) ) ;
#257 = DIRECTION ( 'NONE',  ( -1.286886851614842812E-16, -1.000000000000000000, 0.000000000000000000 ) ) ;
#258 = CARTESIAN_POINT ( 'NONE',  ( 4.080000000000000071, -5.261366243884495090E-17, 0.4000000000000000222 ) ) ;
#259 = DIRECTION ( 'NONE',  ( 0.000000000000000000, 0.000000000000000000, -1.000000000000000000 ) ) ;
#260 = VERTEX_POINT ( 'NONE', #100 ) ;
#261 = ORIENTED_EDGE ( 'NONE', *, *, #2789, .T. ) ;
#262 = LINE ( 'NONE', #2143, #162 ) ;
#263 = LINE ( 'NONE', #2565, #1982 ) ;
#264 = EDGE_CURVE ( 'NONE', #994, #1038, #1976, .T. ) ;
#265 = ORIENTED_EDGE ( 'NONE', *, *, #1851, .F. ) ;
#266 = CARTESIAN_POINT ( 'NONE',  ( -0.7499999999999997780, 2.999999999999999556, -0.4000000000000000222 ) ) ;
#267 = PLANE ( 'NONE',  #998 ) ;
#268 = ORIENTED_EDGE ( 'NONE', *, *, #433, .T. ) ;
#269 = FILL_AREA_STYLE_COLOUR ( '', #2807 ) ;
#270 = EDGE_CURVE ( 'NONE', #2483, #1282, #316, .T. ) ;
#271 = DIRECTION ( 'NONE',  ( 0.3420201433256663814, -0.9396926207859092051, -0.000000000000000000 ) ) ;
#272 = ORIENTED_EDGE ( 'NONE', *, *, #1538, .F. ) ;
#273 = PLANE ( 'NONE',  #2227 ) ;
#274 = ORIENTED_EDGE ( 'NONE', *, *, #125, .F. ) ;
#275 = EDGE_CURVE ( 'NONE', #1773, #394, #1322, .T. ) ;
#276 = LINE ( 'NONE', #717, #2228 ) ;
#277 = CARTESIAN_POINT ( 'NONE',  ( 20.04000000000000981, 18.40000000000000568, -1.000000000000000888 ) ) ;
#278 = ORIENTED_EDGE ( 'NONE', *, *, #2075, .F. ) ;
#279 = FACE_OUTER_BOUND ( 'NONE', #1950, .T. ) ;
#280 = FACE_OUTER_BOUND ( 'NONE', #127, .T. ) ;
#281 = ORIENTED_EDGE ( 'NONE', *, *, #2485, .F. ) ;
#282 = ORIENTED_EDGE ( 'NONE', *, *, #3014, .T. ) ;
#283 = DIRECTION ( 'NONE',  ( -0.000000000000000000, -0.000000000000000000, -1.000000000000000000 ) ) ;
#284 = ADVANCED_FACE ( 'NONE', ( #2010 ), #2229, .F. ) ;
#285 = DIRECTION ( 'NONE',  ( 0.000000000000000000, 0.000000000000000000, 1.000000000000000000 ) ) ;
#286 = CARTESIAN_POINT ( 'NONE',  ( 8.889999999999998792, 16.75000000000000000, -1.000000000000000888 ) ) ;
#287 = DIRECTION ( 'NONE',  ( 0.000000000000000000, 0.000000000000000000, 1.000000000000000000 ) ) ;
#288 = VERTEX_POINT ( 'NONE', #2908 ) ;
#289 = PLANE ( 'NONE',  #1793 ) ;
#290 = CARTESIAN_POINT ( 'NONE',  ( -0.6599999999999973666, 8.300000000000000711, -1.000000000000000888 ) ) ;
#291 = VERTEX_POINT ( 'NONE', #121 ) ;
#292 = ADVANCED_FACE ( 'NONE', ( #1770 ), #152, .F. ) ;
#293 = LINE ( 'NONE', #1234, #1730 ) ;
#294 = CARTESIAN_POINT ( 'NONE',  ( -2.259999999999994458, 14.60000000000000675, -1.000000000000000888 ) ) ;
#295 = ORIENTED_EDGE ( 'NONE', *, *, #668, .T. ) ;
#296 = DIRECTION ( 'NONE',  ( 1.000000000000000000, 0.000000000000000000, -0.000000000000000000 ) ) ;
#297 = CARTESIAN_POINT ( 'NONE',  ( 11.70000000000000284, 8.805671985114386411E-16, -0.4000000000000000222 ) ) ;
#298 = VECTOR ( 'NONE', #2048, 1000.000000000000000 ) ;
#299 = AXIS2_PLACEMENT_3D ( 'NONE', #194, #1392, #2058 ) ;
#300 = CARTESIAN_POINT ( 'NONE',  ( 20.04000000000000625, 18.10000000000000853, -7.025483399593909439 ) ) ;
#301 = VECTOR ( 'NONE', #111, 1000.000000000000000 ) ;
#302 = VECTOR ( 'NONE', #1350, 1000.000000000000000 ) ;
#303 = DIRECTION ( 'NONE',  ( -0.000000000000000000, -0.000000000000000000, 1.000000000000000000 ) ) ;
#304 = DIRECTION ( 'NONE',  ( -0.000000000000000000, -1.000000000000000000, -0.000000000000000000 ) ) ;
#305 = VECTOR ( 'NONE', #2342, 1000.000000000000000 ) ;
#306 = AXIS2_PLACEMENT_3D ( 'NONE', #2515, #2717, #1370 ) ;
#307 = EDGE_CURVE ( 'NONE', #1016, #2975, #2649, .T. ) ;
#308 = ORIENTED_EDGE ( 'NONE', *, *, #345, .T. ) ;
#309 = VECTOR ( 'NONE', #583, 1000.000000000000000 ) ;
#310 = SURFACE_SIDE_STYLE ('',( #135 ) ) ;
#311 = CARTESIAN_POINT ( 'NONE',  ( -0.6599999999999939249, 14.60000000000001386, -2.500000000000000444 ) ) ;
#312 = EDGE_LOOP ( 'NONE', ( #2171, #2709, #855, #2964 ) ) ;
#313 = ORIENTED_EDGE ( 'NONE', *, *, #566, .T. ) ;
#314 = EDGE_LOOP ( 'NONE', ( #735, #2115, #3075, #1710, #2624, #2564 ) ) ;
#315 = CIRCLE ( 'NONE', #911, 1.600000000000002531 ) ;
#316 = LINE ( 'NONE', #863, #2983 ) ;
#317 = EDGE_CURVE ( 'NONE', #2208, #1663, #84, .T. ) ;
#318 = CARTESIAN_POINT ( 'NONE',  ( 5.629999999999999893, -4.250000000000000000, 0.4000000000000000222 ) ) ;
#319 = ORIENTED_EDGE ( 'NONE', *, *, #1041, .F. ) ;
#320 = VERTEX_POINT ( 'NONE', #3030 ) ;
#321 = EDGE_CURVE ( 'NONE', #27, #1095, #3016, .T. ) ;
#322 = PLANE ( 'NONE',  #2735 ) ;
#323 = DIRECTION ( 'NONE',  ( -0.000000000000000000, -0.000000000000000000, -1.000000000000000000 ) ) ;
#324 = FACE_OUTER_BOUND ( 'NONE', #1101, .T. ) ;
#325 = VERTEX_POINT ( 'NONE', #1829 ) ;
#326 = PRESENTATION_STYLE_ASSIGNMENT (( #1074 ) ) ;
#327 = LINE ( 'NONE', #787, #2487 ) ;
#328 = EDGE_CURVE ( 'NONE', #3026, #1331, #2537, .T. ) ;
#329 = VERTEX_POINT ( 'NONE', #2296 ) ;
#330 = CYLINDRICAL_SURFACE ( 'NONE', #2282, 1.600000000000000755 ) ;
#331 = DIRECTION ( 'NONE',  ( -1.000000000000000000, 0.000000000000000000, 0.000000000000000000 ) ) ;
#332 = VERTEX_POINT ( 'NONE', #2072 ) ;
#333 = VERTEX_POINT ( 'NONE', #2521 ) ;
#334 = ORIENTED_EDGE ( 'NONE', *, *, #705, .F. ) ;
#335 = VERTEX_POINT ( 'NONE', #2277 ) ;
#336 = DIRECTION ( 'NONE',  ( -0.000000000000000000, -0.000000000000000000, -1.000000000000000000 ) ) ;
#337 = DIRECTION ( 'NONE',  ( 0.000000000000000000, 0.000000000000000000, -1.000000000000000000 ) ) ;
#338 = ORIENTED_EDGE ( 'NONE', *, *, #2839, .T. ) ;
#339 = ADVANCED_FACE ( 'NONE', ( #222 ), #631, .F. ) ;
#340 = ORIENTED_EDGE ( 'NONE', *, *, #2988, .F. ) ;
#341 = PLANE ( 'NONE',  #666 ) ;
#342 = CARTESIAN_POINT ( 'NONE',  ( 20.04000000000000981, 14.60000000000001386, -2.500000000000000444 ) ) ;
#343 = EDGE_LOOP ( 'NONE', ( #2700, #278, #2214, #955 ) ) ;
#344 = DIRECTION ( 'NONE',  ( 1.000000000000000000, 0.000000000000000000, 0.000000000000000000 ) ) ;
#345 = EDGE_CURVE ( 'NONE', #2711, #1408, #456, .T. ) ;
#346 = CARTESIAN_POINT ( 'NONE',  ( 5.629999999999999005, 1.372065914289947457E-16, -0.4000000000000000222 ) ) ;
#347 = EDGE_CURVE ( 'NONE', #325, #378, #2509, .T. ) ;
#348 = FACE_OUTER_BOUND ( 'NONE', #1482, .T. ) ;
#349 = DIRECTION ( 'NONE',  ( 0.000000000000000000, 0.000000000000000000, -1.000000000000000000 ) ) ;
#350 = ORIENTED_EDGE ( 'NONE', *, *, #1904, .T. ) ;
#351 = ORIENTED_EDGE ( 'NONE', *, *, #345, .F. ) ;
#352 = ORIENTED_EDGE ( 'NONE', *, *, #1669, .F. ) ;
#353 = EDGE_CURVE ( 'NONE', #2795, #596, #1599, .T. ) ;
#354 = DIRECTION ( 'NONE',  ( -1.000000000000000000, -4.336808689942016158E-15, -0.000000000000000000 ) ) ;
#355 = CLOSED_SHELL ( 'NONE', ( #2307, #2675, #2849, #898, #2334, #2404, #775, #436, #2118, #189 ) ) ;
#356 = CARTESIAN_POINT ( 'NONE',  ( 6.079999999999998295, 3.000000000000002220, -2.500000000000000444 ) ) ;
#357 = DIRECTION ( 'NONE',  ( -1.224646799147350989E-16, 1.000000000000000000, 0.000000000000000000 ) ) ;
#358 = EDGE_CURVE ( 'NONE', #1980, #1447, #1856, .T. ) ;
#359 = VECTOR ( 'NONE', #231, 1000.000000000000000 ) ;
#360 = ORIENTED_EDGE ( 'NONE', *, *, #1501, .F. ) ;
#361 = LINE ( 'NONE', #150, #302 ) ;
#362 = LINE ( 'NONE', #1534, #2292 ) ;
#363 = AXIS2_PLACEMENT_3D ( 'NONE', #1839, #2503, #435 ) ;
#364 = AXIS2_PLACEMENT_3D ( 'NONE', #1177, #1903, #2592 ) ;
#365 = VERTEX_POINT ( 'NONE', #1610 ) ;
#366 = VECTOR ( 'NONE', #1207, 1000.000000000000000 ) ;
#367 = CIRCLE ( 'NONE', #2413, 1.625000000000008438 ) ;
#368 = DIRECTION ( 'NONE',  ( 0.000000000000000000, 0.000000000000000000, 1.000000000000000000 ) ) ;
#369 = ORIENTED_EDGE ( 'NONE', *, *, #644, .T. ) ;
#370 = DIRECTION ( 'NONE',  ( -0.000000000000000000, -0.000000000000000000, -1.000000000000000000 ) ) ;
#371 = ADVANCED_FACE ( 'NONE', ( #1335 ), #3047, .F. ) ;
#372 = ORIENTED_EDGE ( 'NONE', *, *, #1257, .T. ) ;
#373 = DIRECTION ( 'NONE',  ( 0.000000000000000000, -1.000000000000000000, 0.000000000000000000 ) ) ;
#374 = EDGE_CURVE ( 'NONE', #871, #329, #428, .T. ) ;
#375 = DIRECTION ( 'NONE',  ( -9.570888143320315888E-16, 1.000000000000000000, -0.000000000000000000 ) ) ;
#376 = CARTESIAN_POINT ( 'NONE',  ( 11.70000000000000284, 3.000000000000001332, 0.4000000000000000222 ) ) ;
#377 = EDGE_CURVE ( 'NONE', #489, #1271, #414, .T. ) ;
#378 = VERTEX_POINT ( 'NONE', #3003 ) ;
#379 = CARTESIAN_POINT ( 'NONE',  ( 12.42297767569964861, -4.999999999999999112, 0.4000000000000000222 ) ) ;
#380 = VERTEX_POINT ( 'NONE', #2308 ) ;
#381 = ORIENTED_EDGE ( 'NONE', *, *, #2956, .F. ) ;
#382 = DIRECTION ( 'NONE',  ( 5.507058653894614020E-16, 1.000000000000000000, 0.000000000000000000 ) ) ;
#383 = PLANE ( 'NONE',  #236 ) ;
#384 = EDGE_LOOP ( 'NONE', ( #408, #2927, #148, #854 ) ) ;
#385 = PLANE ( 'NONE',  #2125 ) ;
#386 = CARTESIAN_POINT ( 'NONE',  ( 17.30297767569964762, -4.999999999999997335, 0.4000000000000000222 ) ) ;
#387 = ADVANCED_FACE ( 'NONE', ( #919 ), #1162, .F. ) ;
#388 = DIRECTION ( 'NONE',  ( 2.040851148208008245E-16, -1.000000000000000000, 0.000000000000000000 ) ) ;
#389 = EDGE_LOOP ( 'NONE', ( #2885, #1115, #1727, #2826, #2677, #79, #1577, #2953, #2813, #1594 ) ) ;
#390 = ORIENTED_EDGE ( 'NONE', *, *, #157, .F. ) ;
#391 = ORIENTED_EDGE ( 'NONE', *, *, #2464, .F. ) ;
#392 = VERTEX_POINT ( 'NONE', #2098 ) ;
#393 = FACE_BOUND ( 'NONE', #1607, .T. ) ;
#394 = VERTEX_POINT ( 'NONE', #2755 ) ;
#395 = FACE_OUTER_BOUND ( 'NONE', #633, .T. ) ;
#396 = CARTESIAN_POINT ( 'NONE',  ( 0.000000000000000000, 0.000000000000000000, -2.500000000000000444 ) ) ;
#397 = ORIENTED_EDGE ( 'NONE', *, *, #400, .F. ) ;
#398 = DIRECTION ( 'NONE',  ( 1.000000000000000000, 0.000000000000000000, -0.000000000000000000 ) ) ;
#399 = CARTESIAN_POINT ( 'NONE',  ( 18.43999999999999773, 14.60000000000001208, -1.000000000000000888 ) ) ;
#400 = EDGE_CURVE ( 'NONE', #2162, #1379, #3058, .T. ) ;
#401 = MANIFOLD_SOLID_BREP ( 'Boss-Extrude3', #1673 ) ;
#402 = UNCERTAINTY_MEASURE_WITH_UNIT (LENGTH_MEASURE( 1.000000000000000082E-05 ), #183, 'distance_accuracy_value', 'NONE');
#403 = VERTEX_POINT ( 'NONE', #2355 ) ;
#404 = LINE ( 'NONE', #3019, #1004 ) ;
#405 = DIRECTION ( 'NONE',  ( -1.000000000000000000, 0.000000000000000000, 0.000000000000000000 ) ) ;
#406 = LINE ( 'NONE', #3043, #1633 ) ;
#407 = EDGE_CURVE ( 'NONE', #2591, #329, #2550, .T. ) ;
#408 = ORIENTED_EDGE ( 'NONE', *, *, #2707, .T. ) ;
#409 = CARTESIAN_POINT ( 'NONE',  ( 20.04000000000000625, 20.25000000000000000, 1.999999999999999556 ) ) ;
#410 = CARTESIAN_POINT ( 'NONE',  ( 18.43999999999999773, 8.299999999999998934, -1.000000000000000888 ) ) ;
#411 = CIRCLE ( 'NONE', #995, 1.600000000000000755 ) ;
#412 = EDGE_CURVE ( 'NONE', #1739, #1016, #276, .T. ) ;
#413 = VECTOR ( 'NONE', #1181, 1000.000000000000000 ) ;
#414 = LINE ( 'NONE', #1364, #1098 ) ;
#415 = CARTESIAN_POINT ( 'NONE',  ( 11.70000000000000284, 3.000000000000001332, -1.000000000000000888 ) ) ;
#416 = VECTOR ( 'NONE', #464, 1000.000000000000000 ) ;
#417 = EDGE_CURVE ( 'NONE', #1937, #89, #1697, .T. ) ;
#418 = ORIENTED_EDGE ( 'NONE', *, *, #1123, .T. ) ;
#419 = LINE ( 'NONE', #2488, #2368 ) ;
#420 = EDGE_CURVE ( 'NONE', #772, #549, #113, .T. ) ;
#421 = DIRECTION ( 'NONE',  ( 0.3420201433256631063, 0.9396926207859104263, 0.000000000000000000 ) ) ;
#422 = LINE ( 'NONE', #2053, #1054 ) ;
#423 = ORIENTED_EDGE ( 'NONE', *, *, #1687, .F. ) ;
#424 = ORIENTED_EDGE ( 'NONE', *, *, #2431, .T. ) ;
#425 = CARTESIAN_POINT ( 'NONE',  ( -2.259999999999994458, 14.60000000000000675, -1.000000000000000888 ) ) ;
#426 = CARTESIAN_POINT ( 'NONE',  ( -2.259999999999994458, 20.25000000000000711, -2.500000000000000444 ) ) ;
#427 = ORIENTED_EDGE ( 'NONE', *, *, #1755, .T. ) ;
#428 = LINE ( 'NONE', #2336, #2414 ) ;
#429 = DIRECTION ( 'NONE',  ( 1.000000000000000000, 0.000000000000000000, -0.000000000000000000 ) ) ;
#430 = ORIENTED_EDGE ( 'NONE', *, *, #697, .F. ) ;
#431 = VERTEX_POINT ( 'NONE', #958 ) ;
#432 = DIRECTION ( 'NONE',  ( -0.000000000000000000, -1.000000000000000000, -0.000000000000000000 ) ) ;
#433 = EDGE_CURVE ( 'NONE', #1981, #1681, #2877, .T. ) ;
#434 = CARTESIAN_POINT ( 'NONE',  ( 13.25000000000000178, -4.249999999999999112, 0.4000000000000000222 ) ) ;
#435 = DIRECTION ( 'NONE',  ( 1.000000000000000000, 1.084202172485496940E-15, 0.000000000000000000 ) ) ;
#436 = ADVANCED_FACE ( 'NONE', ( #2172 ), #289, .F. ) ;
#437 = EDGE_LOOP ( 'NONE', ( #2003, #1226, #1169, #360, #1973, #2764, #1899, #2198, #1916, #2253 ) ) ;
#438 = FACE_OUTER_BOUND ( 'NONE', #1519, .T. ) ;
#439 = CARTESIAN_POINT ( 'NONE',  ( 2.250000000000000444, 3.000000000000000000, -0.4000000000000000222 ) ) ;
#440 = DIRECTION ( 'NONE',  ( -9.130123557772668088E-16, 1.000000000000000000, 0.000000000000000000 ) ) ;
#441 = DIRECTION ( 'NONE',  ( -1.000000000000000000, 1.286886851614842812E-16, -0.000000000000000000 ) ) ;
#442 = EDGE_CURVE ( 'NONE', #378, #2208, #2860, .T. ) ;
#443 = EDGE_LOOP ( 'NONE', ( #2955, #1557, #3071, #2426 ) ) ;
#444 = DIRECTION ( 'NONE',  ( 0.3420201433256626067, 0.9396926207859105373, 0.000000000000000000 ) ) ;
#445 = VECTOR ( 'NONE', #2949, 1000.000000000000000 ) ;
#446 = ORIENTED_EDGE ( 'NONE', *, *, #2669, .F. ) ;
#447 = ADVANCED_FACE ( 'NONE', ( #941 ), #1649, .T. ) ;
#448 = LINE ( 'NONE', #925, #1001 ) ;
#449 = DIRECTION ( 'NONE',  ( -1.000000000000000000, 0.000000000000000000, 0.000000000000000000 ) ) ;
#450 = EDGE_CURVE ( 'NONE', #3026, #655, #2141, .T. ) ;
#451 = CARTESIAN_POINT ( 'NONE',  ( -2.259999999999994458, 20.25000000000000711, -2.500000000000000444 ) ) ;
#452 = LINE ( 'NONE', #1386, #1733 ) ;
#453 = CARTESIAN_POINT ( 'NONE',  ( 0.000000000000000000, 0.000000000000000000, -2.500000000000000444 ) ) ;
#454 = DIRECTION ( 'NONE',  ( 0.000000000000000000, 1.000000000000000000, 0.000000000000000000 ) ) ;
#455 = VECTOR ( 'NONE', #2626, 1000.000000000000000 ) ;
#456 = CIRCLE ( 'NONE', #299, 1.599999999999997202 ) ;
#457 = CIRCLE ( 'NONE', #55, 1.625000000000008438 ) ;
#458 = VECTOR ( 'NONE', #2574, 1000.000000000000000 ) ;
#459 = ORIENTED_EDGE ( 'NONE', *, *, #891, .F. ) ;
#460 = DIRECTION ( 'NONE',  ( -1.000000000000000000, 0.000000000000000000, -0.000000000000000000 ) ) ;
#461 = VECTOR ( 'NONE', #373, 1000.000000000000000 ) ;
#462 = VECTOR ( 'NONE', #698, 1000.000000000000000 ) ;
#463 = AXIS2_PLACEMENT_3D ( 'NONE', #550, #535, #2203 ) ;
#464 = DIRECTION ( 'NONE',  ( -9.130123557772668088E-16, 1.000000000000000000, 0.000000000000000000 ) ) ;
#465 = PRODUCT ( 'PCS-0R001D1', 'PCS-0R001D1', '', ( #2119 ) ) ;
#466 = DIRECTION ( 'NONE',  ( 0.3420201433256631063, 0.9396926207859104263, 0.000000000000000000 ) ) ;
#467 = CARTESIAN_POINT ( 'NONE',  ( -0.6599999999999973666, 4.500000000000001776, -1.000000000000000888 ) ) ;
#468 = ADVANCED_FACE ( 'NONE', ( #514 ), #241, .F. ) ;
#469 = DIRECTION ( 'NONE',  ( 0.000000000000000000, 0.000000000000000000, -1.000000000000000000 ) ) ;
#470 = ADVANCED_FACE ( 'NONE', ( #2386 ), #1895, .T. ) ;
#471 = FACE_OUTER_BOUND ( 'NONE', #2954, .T. ) ;
#472 = CARTESIAN_POINT ( 'NONE',  ( 12.15000000000000213, -4.249999999999999112, -0.4000000000000000222 ) ) ;
#473 = VERTEX_POINT ( 'NONE', #258 ) ;
#474 = ORIENTED_EDGE ( 'NONE', *, *, #1021, .T. ) ;
#475 = ORIENTED_EDGE ( 'NONE', *, *, #1965, .T. ) ;
#476 = MANIFOLD_SOLID_BREP ( 'Boss-Extrude1[1]', #2563 ) ;
#477 = PLANE ( 'NONE',  #1192 ) ;
#478 = DIRECTION ( 'NONE',  ( 1.000000000000000000, -9.130123557772670060E-16, 0.000000000000000000 ) ) ;
#479 = ORIENTED_EDGE ( 'NONE', *, *, #705, .T. ) ;
#480 = CARTESIAN_POINT ( 'NONE',  ( 8.889999999999998792, 16.75000000000000000, -1.000000000000000888 ) ) ;
#481 = FACE_OUTER_BOUND ( 'NONE', #196, .T. ) ;
#482 = MANIFOLD_SOLID_BREP ( 'Boss-Extrude1[3]', #1231 ) ;
#483 = DIRECTION ( 'NONE',  ( 0.000000000000000000, 0.000000000000000000, -1.000000000000000000 ) ) ;
#484 = CARTESIAN_POINT ( 'NONE',  ( 20.04000000000000625, 14.90000000000001279, -7.025483399593909439 ) ) ;
#485 = PRODUCT_DEFINITION_SHAPE ( 'NONE', 'NONE',  #1835 ) ;
#486 = DIRECTION ( 'NONE',  ( 0.000000000000000000, 0.000000000000000000, 1.000000000000000000 ) ) ;
#487 = EDGE_CURVE ( 'NONE', #380, #2687, #44, .T. ) ;
#488 = PLANE ( 'NONE',  #1598 ) ;
#489 = VERTEX_POINT ( 'NONE', #2704 ) ;
#490 = LINE ( 'NONE', #723, #2929 ) ;
#491 = FILL_AREA_STYLE_COLOUR ( '', #2572 ) ;
#492 = PRESENTATION_STYLE_ASSIGNMENT (( #2900 ) ) ;
#493 = ORIENTED_EDGE ( 'NONE', *, *, #2920, .T. ) ;
#494 = DIRECTION ( 'NONE',  ( 2.168404344970993880E-15, 1.000000000000000000, 0.000000000000000000 ) ) ;
#495 = DIRECTION ( 'NONE',  ( 1.000000000000000000, -1.286886851614842812E-16, 0.000000000000000000 ) ) ;
#496 = CARTESIAN_POINT ( 'NONE',  ( 8.889999999999998792, 16.75000000000000000, -1.000000000000000888 ) ) ;
#497 = DIRECTION ( 'NONE',  ( -1.000000000000000000, -0.000000000000000000, -0.000000000000000000 ) ) ;
#498 = AXIS2_PLACEMENT_3D ( 'NONE', #976, #1206, #1218 ) ;
#499 = DIRECTION ( 'NONE',  ( -0.000000000000000000, -0.000000000000000000, -1.000000000000000000 ) ) ;
#500 = DIRECTION ( 'NONE',  ( -0.3420201433256635504, 0.9396926207859102043, 0.000000000000000000 ) ) ;
#501 = AXIS2_PLACEMENT_3D ( 'NONE', #525, #1182, #2399 ) ;
#502 = EDGE_CURVE ( 'NONE', #1562, #577, #1767, .T. ) ;
#503 = ORIENTED_EDGE ( 'NONE', *, *, #2605, .T. ) ;
#504 = PRESENTATION_LAYER_ASSIGNMENT (  '', '', ( #1548 ) ) ;
#505 = DIRECTION ( 'NONE',  ( -1.000000000000000000, 5.507058653894614020E-16, 0.000000000000000000 ) ) ;
#506 = SURFACE_STYLE_USAGE ( .BOTH. , #981 ) ;
#507 = CARTESIAN_POINT ( 'NONE',  ( -2.259999999999994458, 20.25000000000000711, -2.500000000000000444 ) ) ;
#508 = ADVANCED_FACE ( 'NONE', ( #1711 ), #2433, .F. ) ;
#509 = VECTOR ( 'NONE', #2111, 1000.000000000000000 ) ;
#510 = FACE_OUTER_BOUND ( 'NONE', #23, .T. ) ;
#511 = ORIENTED_EDGE ( 'NONE', *, *, #2690, .T. ) ;
#512 = FACE_OUTER_BOUND ( 'NONE', #256, .T. ) ;
#513 = AXIS2_PLACEMENT_3D ( 'NONE', #1502, #1013, #1685 ) ;
#514 = FACE_OUTER_BOUND ( 'NONE', #2798, .T. ) ;
#515 = CARTESIAN_POINT ( 'NONE',  ( 6.079999999999998295, 4.500000000000000000, -1.000000000000000888 ) ) ;
#516 = CARTESIAN_POINT ( 'NONE',  ( -0.6599999999999973666, 8.300000000000000711, -2.500000000000000444 ) ) ;
#517 = ADVANCED_FACE ( 'NONE', ( #2962 ), #614, .F. ) ;
#518 = LINE ( 'NONE', #2438, #646 ) ;
#519 = ORIENTED_EDGE ( 'NONE', *, *, #1257, .F. ) ;
#520 = CARTESIAN_POINT ( 'NONE',  ( 11.70000000000000284, 8.805671985114386411E-16, 0.4000000000000000222 ) ) ;
#521 = DIRECTION ( 'NONE',  ( 1.000000000000000000, 0.000000000000000000, 0.000000000000000000 ) ) ;
#522 = EDGE_CURVE ( 'NONE', #883, #840, #2494, .T. ) ;
#523 = ORIENTED_EDGE ( 'NONE', *, *, #1340, .T. ) ;
#524 = CARTESIAN_POINT ( 'NONE',  ( -2.259999999999994458, 18.40000000000000568, -1.000000000000000888 ) ) ;
#525 = CARTESIAN_POINT ( 'NONE',  ( 0.000000000000000000, 0.000000000000000000, 0.4000000000000000222 ) ) ;
#526 = ORIENTED_EDGE ( 'NONE', *, *, #2911, .T. ) ;
#527 = DIRECTION ( 'NONE',  ( -9.130123557772670060E-16, -1.000000000000000000, -0.000000000000000000 ) ) ;
#528 = DIRECTION ( 'NONE',  ( 1.000000000000000000, 1.224646799147353207E-16, -0.000000000000000000 ) ) ;
#529 = ORIENTED_EDGE ( 'NONE', *, *, #1751, .T. ) ;
#530 = DIRECTION ( 'NONE',  ( -1.000000000000000000, -1.084202172485496940E-15, 0.000000000000000000 ) ) ;
#531 = DIRECTION ( 'NONE',  ( 1.000000000000000000, 0.000000000000000000, 0.000000000000000000 ) ) ;
#532 = ORIENTED_EDGE ( 'NONE', *, *, #2911, .F. ) ;
#533 = EDGE_CURVE ( 'NONE', #36, #246, #2416, .T. ) ;
#534 = ORIENTED_EDGE ( 'NONE', *, *, #639, .T. ) ;
#535 = DIRECTION ( 'NONE',  ( 1.000000000000000000, -0.000000000000000000, 0.000000000000000000 ) ) ;
#536 = CARTESIAN_POINT ( 'NONE',  ( -2.259999999999994458, 18.40000000000000568, -1.000000000000000888 ) ) ;
#537 = EDGE_CURVE ( 'NONE', #87, #1373, #2193, .T. ) ;
#538 = CARTESIAN_POINT ( 'NONE',  ( 20.04000000000000981, 14.60000000000001386, -2.500000000000000444 ) ) ;
#539 = LINE ( 'NONE', #800, #301 ) ;
#540 = ADVANCED_FACE ( 'NONE', ( #564 ), #1264, .F. ) ;
#541 = VERTEX_POINT ( 'NONE', #1748 ) ;
#542 = PLANE ( 'NONE',  #862 ) ;
#543 = ORIENTED_EDGE ( 'NONE', *, *, #2066, .T. ) ;
#544 = EDGE_CURVE ( 'NONE', #1858, #1304, #2944, .T. ) ;
#545 = DIRECTION ( 'NONE',  ( -0.000000000000000000, -0.000000000000000000, 1.000000000000000000 ) ) ;
#546 = CARTESIAN_POINT ( 'NONE',  ( 4.080000000000000071, -5.261366243884495090E-17, 0.4000000000000000222 ) ) ;
#547 = VECTOR ( 'NONE', #2406, 1000.000000000000227 ) ;
#548 = ORIENTED_EDGE ( 'NONE', *, *, #1196, .T. ) ;
#549 = VERTEX_POINT ( 'NONE', #116 ) ;
#550 = CARTESIAN_POINT ( 'NONE',  ( 18.43999999999999773, 8.299999999999998934, -1.000000000000000888 ) ) ;
#551 = CARTESIAN_POINT ( 'NONE',  ( 0.7500000000000000000, 0.000000000000000000, -0.4000000000000000222 ) ) ;
#552 = VECTOR ( 'NONE', #3072, 1000.000000000000000 ) ;
#553 = AXIS2_PLACEMENT_3D ( 'NONE', #1012, #3074, #486 ) ;
#554 = APPLICATION_PROTOCOL_DEFINITION ( 'draft international standard', 'automotive_design', 1998, #2144 ) ;
#555 = VECTOR ( 'NONE', #917, 1000.000000000000000 ) ;
#556 = LINE ( 'NONE', #1745, #3039 ) ;
#557 = EDGE_CURVE ( 'NONE', #541, #1282, #1063, .T. ) ;
#558 = CYLINDRICAL_SURFACE ( 'NONE', #1926, 1.600000000000002531 ) ;
#559 = PRESENTATION_LAYER_ASSIGNMENT (  '', '', ( #1299 ) ) ;
#560 = AXIS2_PLACEMENT_3D ( 'NONE', #637, #1575, #405 ) ;
#561 = ORIENTED_EDGE ( 'NONE', *, *, #2359, .F. ) ;
#562 = VERTEX_POINT ( 'NONE', #2472 ) ;
#563 = AXIS2_PLACEMENT_3D ( 'NONE', #592, #1705, #2936 ) ;
#564 = FACE_OUTER_BOUND ( 'NONE', #1069, .T. ) ;
#565 = CARTESIAN_POINT ( 'NONE',  ( 10.49000000000000021, 16.75000000000000000, -7.025483399593909439 ) ) ;
#566 = EDGE_CURVE ( 'NONE', #325, #1260, #361, .T. ) ;
#567 = ORIENTED_EDGE ( 'NONE', *, *, #2424, .F. ) ;
#568 = DIRECTION ( 'NONE',  ( 0.000000000000000000, 0.000000000000000000, -1.000000000000000000 ) ) ;
#569 = CARTESIAN_POINT ( 'NONE',  ( 13.70000000000000107, 1.125496558340909036E-15, -0.4000000000000000222 ) ) ;
#570 = EDGE_LOOP ( 'NONE', ( #1871, #1554 ) ) ;
#571 = EDGE_CURVE ( 'NONE', #728, #394, #2056, .T. ) ;
#572 = ORIENTED_EDGE ( 'NONE', *, *, #1701, .T. ) ;
#573 = ORIENTED_EDGE ( 'NONE', *, *, #1346, .T. ) ;
#574 = CARTESIAN_POINT ( 'NONE',  ( 0.000000000000000000, 0.000000000000000000, 0.4000000000000000222 ) ) ;
#575 =( LENGTH_UNIT ( ) NAMED_UNIT ( * ) SI_UNIT ( .MILLI., .METRE. ) );
#576 = EDGE_CURVE ( 'NONE', #1271, #1897, #1133, .T. ) ;
#577 = VERTEX_POINT ( 'NONE', #2742 ) ;
#578 = CARTESIAN_POINT ( 'NONE',  ( 18.25702232430035465, -4.999999999999997335, 0.4000000000000000222 ) ) ;
#579 = LINE ( 'NONE', #1529, #2120 ) ;
#580 = ADVANCED_FACE ( 'NONE', ( #674 ), #2519, .T. ) ;
#581 = ORIENTED_EDGE ( 'NONE', *, *, #906, .F. ) ;
#582 = CARTESIAN_POINT ( 'NONE',  ( 0.7500000000000000000, 0.000000000000000000, 0.4000000000000000222 ) ) ;
#583 = DIRECTION ( 'NONE',  ( -0.000000000000000000, -0.000000000000000000, 1.000000000000000000 ) ) ;
#584 = VERTEX_POINT ( 'NONE', #1608 ) ;
#585 = CARTESIAN_POINT ( 'NONE',  ( 4.080000000000000071, -5.261366243884495090E-17, -0.4000000000000000222 ) ) ;
#586 = DIRECTION ( 'NONE',  ( 1.000000000000000000, 2.168404344971010840E-16, 0.000000000000000000 ) ) ;
#587 = VERTEX_POINT ( 'NONE', #451 ) ;
#588 = ORIENTED_EDGE ( 'NONE', *, *, #2226, .F. ) ;
#589 = EDGE_CURVE ( 'NONE', #1418, #2638, #2547, .T. ) ;
#590 = VERTEX_POINT ( 'NONE', #2294 ) ;
#591 = VERTEX_POINT ( 'NONE', #1619 ) ;
#592 = CARTESIAN_POINT ( 'NONE',  ( 8.889999999999998792, 16.75000000000000000, -1.000000000000000888 ) ) ;
#593 = ORIENTED_EDGE ( 'NONE', *, *, #2349, .F. ) ;
#594 = EDGE_CURVE ( 'NONE', #2647, #1042, #2069, .T. ) ;
#595 = CARTESIAN_POINT ( 'NONE',  ( 13.25000000000000178, -4.249999999999999112, 0.4000000000000000222 ) ) ;
#596 = VERTEX_POINT ( 'NONE', #164 ) ;
#597 = CARTESIAN_POINT ( 'NONE',  ( 18.43999999999999773, 14.60000000000001208, -2.500000000000000444 ) ) ;
#598 = VERTEX_POINT ( 'NONE', #1103 ) ;
#599 = ORIENTED_EDGE ( 'NONE', *, *, #1266, .T. ) ;
#600 = DIRECTION ( 'NONE',  ( 0.000000000000000000, -1.000000000000000000, 0.000000000000000000 ) ) ;
#601 = DIRECTION ( 'NONE',  ( -0.000000000000000000, -0.000000000000000000, -1.000000000000000000 ) ) ;
#602 = ORIENTED_EDGE ( 'NONE', *, *, #321, .F. ) ;
#603 = CARTESIAN_POINT ( 'NONE',  ( 0.000000000000000000, 0.000000000000000000, -1.000000000000000888 ) ) ;
#604 = DIRECTION ( 'NONE',  ( 0.000000000000000000, 1.000000000000000000, 0.000000000000000000 ) ) ;
#605 = ORIENTED_EDGE ( 'NONE', *, *, #1552, .F. ) ;
#606 = ORIENTED_EDGE ( 'NONE', *, *, #2265, .T. ) ;
#607 = CARTESIAN_POINT ( 'NONE',  ( 18.43999999999999773, 8.299999999999998934, -1.000000000000000888 ) ) ;
#608 = EDGE_CURVE ( 'NONE', #562, #2746, #181, .T. ) ;
#609 = LINE ( 'NONE', #2257, #1742 ) ;
#610 = AXIS2_PLACEMENT_3D ( 'NONE', #603, #568, #2947 ) ;
#611 = LINE ( 'NONE', #2917, #945 ) ;
#612 = AXIS2_PLACEMENT_3D ( 'NONE', #1551, #1967, #2902 ) ;
#613 = ORIENTED_EDGE ( 'NONE', *, *, #3063, .T. ) ;
#614 = PLANE ( 'NONE',  #2778 ) ;
#615 = CARTESIAN_POINT ( 'NONE',  ( 13.70000000000000107, 1.125496558340909036E-15, 0.4000000000000000222 ) ) ;
#616 = VECTOR ( 'NONE', #2531, 1000.000000000000000 ) ;
#617 = AXIS2_PLACEMENT_3D ( 'NONE', #286, #2004, #1762 ) ;
#618 = ORIENTED_EDGE ( 'NONE', *, *, #1783, .F. ) ;
#619 = VECTOR ( 'NONE', #497, 1000.000000000000000 ) ;
#620 = CARTESIAN_POINT ( 'NONE',  ( 8.890000000000000568, 3.000000000000002665, -7.025483399593909439 ) ) ;
#621 = ORIENTED_EDGE ( 'NONE', *, *, #2396, .T. ) ;
#622 = DIRECTION ( 'NONE',  ( 5.507058653894614020E-16, 1.000000000000000000, 0.000000000000000000 ) ) ;
#623 = ORIENTED_EDGE ( 'NONE', *, *, #2493, .T. ) ;
#624 = PLANE ( 'NONE',  #2528 ) ;
#625 = DIRECTION ( 'NONE',  ( -1.000000000000000000, -4.081702296416016490E-16, 0.000000000000000000 ) ) ;
#626 = DIRECTION ( 'NONE',  ( -4.081702296416016490E-16, 1.000000000000000000, 0.000000000000000000 ) ) ;
#627 = ORIENTED_EDGE ( 'NONE', *, *, #2920, .F. ) ;
#628 = ORIENTED_EDGE ( 'NONE', *, *, #264, .F. ) ;
#629 = DIRECTION ( 'NONE',  ( -2.011273595335428326E-16, -1.000000000000000000, 0.000000000000000000 ) ) ;
#630 = DIRECTION ( 'NONE',  ( 1.000000000000000000, 0.000000000000000000, 0.000000000000000000 ) ) ;
#631 = PLANE ( 'NONE',  #944 ) ;
#632 = CARTESIAN_POINT ( 'NONE',  ( -0.7500000000000000000, -4.250000000000000000, -0.4000000000000000222 ) ) ;
#633 = EDGE_LOOP ( 'NONE', ( #1962, #2102, #212, #2093 ) ) ;
#634 = ORIENTED_EDGE ( 'NONE', *, *, #697, .T. ) ;
#635 = CARTESIAN_POINT ( 'NONE',  ( 20.04000000000000625, 14.90000000000001279, 1.999999999999999556 ) ) ;
#636 = ORIENTED_EDGE ( 'NONE', *, *, #1986, .F. ) ;
#637 = CARTESIAN_POINT ( 'NONE',  ( 8.889999999999998792, 16.75000000000000000, -1.000000000000000888 ) ) ;
#638 = CARTESIAN_POINT ( 'NONE',  ( 5.629999999999999005, 1.372065914289947457E-16, 0.4000000000000000222 ) ) ;
#639 = EDGE_CURVE ( 'NONE', #2984, #2852, #1121, .T. ) ;
#640 = ORIENTED_EDGE ( 'NONE', *, *, #2951, .T. ) ;
#641 = LINE ( 'NONE', #1146, #996 ) ;
#642 = CARTESIAN_POINT ( 'NONE',  ( 18.43999999999999773, 14.60000000000001208, -1.000000000000000888 ) ) ;
#643 = ADVANCED_BREP_SHAPE_REPRESENTATION ( 'PCS-0R001D1', ( #476, #2477, #482, #2470, #2456, #401, #780 ), #3020 ) ;
#644 = EDGE_CURVE ( 'NONE', #2891, #1709, #3013, .T. ) ;
#645 = FILL_AREA_STYLE ('',( #1377 ) ) ;
#646 = VECTOR ( 'NONE', #85, 1000.000000000000000 ) ;
#647 = CARTESIAN_POINT ( 'NONE',  ( 5.357022324300353411, -5.000000000000000000, 0.4000000000000000222 ) ) ;
#648 = CARTESIAN_POINT ( 'NONE',  ( 0.4770223243003534064, -5.000000000000000000, 0.4000000000000000222 ) ) ;
#649 = UNCERTAINTY_MEASURE_WITH_UNIT (LENGTH_MEASURE( 1.000000000000000082E-05 ), #1474, 'distance_accuracy_value', 'NONE');
#650 = VERTEX_POINT ( 'NONE', #1086 ) ;
#651 = DIRECTION ( 'NONE',  ( -0.000000000000000000, -1.000000000000000000, -0.000000000000000000 ) ) ;
#652 = EDGE_LOOP ( 'NONE', ( #1420, #2695, #1307, #1032, #2758, #770, #686, #2000, #949, #2913, #2055, #993, #1676, #2013, #909, #2644 ) ) ;
#653 = CARTESIAN_POINT ( 'NONE',  ( 0.4770223243003534064, -5.000000000000000000, -0.4000000000000000222 ) ) ;
#654 = CARTESIAN_POINT ( 'NONE',  ( 2.250000000000000444, 0.000000000000000000, 0.4000000000000000222 ) ) ;
#655 = VERTEX_POINT ( 'NONE', #2024 ) ;
#656 = ORIENTED_EDGE ( 'NONE', *, *, #433, .F. ) ;
#657 = DIRECTION ( 'NONE',  ( 0.000000000000000000, 0.000000000000000000, -1.000000000000000000 ) ) ;
#658 = CARTESIAN_POINT ( 'NONE',  ( 20.04000000000000981, 8.299999999999998934, -1.000000000000000888 ) ) ;
#659 = AXIS2_PLACEMENT_3D ( 'NONE', #928, #165, #899 ) ;
#660 = VECTOR ( 'NONE', #1571, 1000.000000000000000 ) ;
#661 = CIRCLE ( 'NONE', #1240, 1.599999999999997202 ) ;
#662 = VECTOR ( 'NONE', #2645, 1000.000000000000000 ) ;
#663 = DIRECTION ( 'NONE',  ( 1.000000000000000000, 0.000000000000000000, -0.000000000000000000 ) ) ;
#664 = CARTESIAN_POINT ( 'NONE',  ( 7.289999999999996483, 16.75000000000000000, -2.500000000000000444 ) ) ;
#665 = ADVANCED_FACE ( 'NONE', ( #856 ), #203, .T. ) ;
#666 = AXIS2_PLACEMENT_3D ( 'NONE', #2221, #1261, #2166 ) ;
#667 = ORIENTED_EDGE ( 'NONE', *, *, #3070, .F. ) ;
#668 = EDGE_CURVE ( 'NONE', #1286, #1503, #946, .T. ) ;
#669 = DIRECTION ( 'NONE',  ( 0.000000000000000000, 1.000000000000000000, 0.000000000000000000 ) ) ;
#670 = DIRECTION ( 'NONE',  ( 0.000000000000000000, 0.000000000000000000, 1.000000000000000000 ) ) ;
#671 = FACE_OUTER_BOUND ( 'NONE', #1076, .T. ) ;
#672 = ADVANCED_FACE ( 'NONE', ( #438 ), #1374, .T. ) ;
#673 = ORIENTED_EDGE ( 'NONE', *, *, #328, .F. ) ;
#674 = FACE_OUTER_BOUND ( 'NONE', #1621, .T. ) ;
#675 = DIRECTION ( 'NONE',  ( -0.000000000000000000, -0.000000000000000000, -1.000000000000000000 ) ) ;
#676 = EDGE_CURVE ( 'NONE', #810, #1717, #641, .T. ) ;
#677 = ADVANCED_FACE ( 'NONE', ( #393, #1332 ), #2765, .T. ) ;
#678 = CARTESIAN_POINT ( 'NONE',  ( 12.15000000000000213, -4.249999999999999112, -0.4000000000000000222 ) ) ;
#679 = ORIENTED_EDGE ( 'NONE', *, *, #1855, .T. ) ;
#680 = LINE ( 'NONE', #1611, #2828 ) ;
#681 = EDGE_LOOP ( 'NONE', ( #2662, #430, #1027, #1542, #1749, #1513 ) ) ;
#682 = PLANE ( 'NONE',  #2779 ) ;
#683 = CARTESIAN_POINT ( 'NONE',  ( 12.15000000000000213, -4.249999999999999112, 0.4000000000000000222 ) ) ;
#684 = CARTESIAN_POINT ( 'NONE',  ( 18.25702232430035465, -4.999999999999997335, 0.4000000000000000222 ) ) ;
#685 = EDGE_CURVE ( 'NONE', #1158, #25, #1432, .T. ) ;
#686 = ORIENTED_EDGE ( 'NONE', *, *, #1512, .T. ) ;
#687 = CARTESIAN_POINT ( 'NONE',  ( -0.4770223243003534064, -5.000000000000000000, -0.4000000000000000222 ) ) ;
#688 = DIRECTION ( 'NONE',  ( 1.000000000000000000, 0.000000000000000000, 0.000000000000000000 ) ) ;
#689 = EDGE_LOOP ( 'NONE', ( #1781, #581, #2298, #1210 ) ) ;
#690 = DIRECTION ( 'NONE',  ( 0.000000000000000000, 1.000000000000000000, 0.000000000000000000 ) ) ;
#691 = EDGE_CURVE ( 'NONE', #810, #1418, #1842, .T. ) ;
#692 = LINE ( 'NONE', #774, #952 ) ;
#693 = VERTEX_POINT ( 'NONE', #24 ) ;
#694 = EDGE_CURVE ( 'NONE', #2553, #2162, #715, .T. ) ;
#695 = LINE ( 'NONE', #234, #1154 ) ;
#696 = DIRECTION ( 'NONE',  ( -1.000000000000000000, -4.336808689942016158E-15, -0.000000000000000000 ) ) ;
#697 = EDGE_CURVE ( 'NONE', #2800, #994, #742, .T. ) ;
#698 = DIRECTION ( 'NONE',  ( 1.000000000000000000, 1.224646799147353207E-16, -0.000000000000000000 ) ) ;
#699 = PLANE ( 'NONE',  #501 ) ;
#700 = ADVANCED_FACE ( 'NONE', ( #1198, #983 ), #2382, .T. ) ;
#701 = SURFACE_STYLE_USAGE ( .BOTH. , #760 ) ;
#702 = CARTESIAN_POINT ( 'NONE',  ( 11.70000000000000284, 3.000000000000001332, -0.4000000000000000222 ) ) ;
#703 = VECTOR ( 'NONE', #283, 1000.000000000000000 ) ;
#704 = VECTOR ( 'NONE', #1622, 1000.000000000000227 ) ;
#705 = EDGE_CURVE ( 'NONE', #1717, #2465, #1160, .T. ) ;
#706 = AXIS2_PLACEMENT_3D ( 'NONE', #2702, #357, #1302 ) ;
#707 = STYLED_ITEM ( 'NONE', ( #1638 ), #476 ) ;
#708 = ORIENTED_EDGE ( 'NONE', *, *, #201, .T. ) ;
#709 = DIRECTION ( 'NONE',  ( -0.000000000000000000, 0.000000000000000000, 1.000000000000000000 ) ) ;
#710 = CIRCLE ( 'NONE', #859, 1.625000000000008438 ) ;
#711 = EDGE_CURVE ( 'NONE', #1937, #1373, #40, .T. ) ;
#712 = AXIS2_PLACEMENT_3D ( 'NONE', #2587, #1461, #1677 ) ;
#713 = CARTESIAN_POINT ( 'NONE',  ( -2.259999999999994458, 20.25000000000000711, -2.500000000000000444 ) ) ;
#714 = PLANE ( 'NONE',  #1390 ) ;
#715 = LINE ( 'NONE', #229, #2175 ) ;
#716 = DIRECTION ( 'NONE',  ( -2.891205793294678326E-16, 1.000000000000000000, -0.000000000000000000 ) ) ;
#717 = CARTESIAN_POINT ( 'NONE',  ( 20.04000000000000981, 18.40000000000000568, -1.000000000000000888 ) ) ;
#718 = DIRECTION ( 'NONE',  ( -0.000000000000000000, -1.000000000000000000, -0.000000000000000000 ) ) ;
#719 = ORIENTED_EDGE ( 'NONE', *, *, #347, .F. ) ;
#720 = EDGE_CURVE ( 'NONE', #883, #1011, #1410, .T. ) ;
#721 = DIRECTION ( 'NONE',  ( 0.3420201433256626067, 0.9396926207859105373, 0.000000000000000000 ) ) ;
#722 = CARTESIAN_POINT ( 'NONE',  ( 18.25702232430035465, -4.999999999999997335, 0.4000000000000000222 ) ) ;
#723 = CARTESIAN_POINT ( 'NONE',  ( 5.357022324300353411, -5.000000000000000000, 0.4000000000000000222 ) ) ;
#724 = FILL_AREA_STYLE ('',( #491 ) ) ;
#725 = CARTESIAN_POINT ( 'NONE',  ( 0.000000000000000000, 0.000000000000000000, 1.999999999999999556 ) ) ;
#726 = EDGE_CURVE ( 'NONE', #1292, #1049, #2855, .T. ) ;
#727 = FACE_OUTER_BOUND ( 'NONE', #2216, .T. ) ;
#728 = VERTEX_POINT ( 'NONE', #255 ) ;
#729 = CARTESIAN_POINT ( 'NONE',  ( 6.079999999999998295, 4.500000000000000000, -1.000000000000000888 ) ) ;
#730 = CARTESIAN_POINT ( 'NONE',  ( 7.264999999999989910, 16.75000000000000000, -1.000000000000000888 ) ) ;
#731 = EDGE_CURVE ( 'NONE', #1016, #591, #1878, .T. ) ;
#732 = ORIENTED_EDGE ( 'NONE', *, *, #1931, .T. ) ;
#733 = CARTESIAN_POINT ( 'NONE',  ( 10.49000000000000021, 16.75000000000000000, 1.999999999999999556 ) ) ;
#734 = CARTESIAN_POINT ( 'NONE',  ( -2.260000000000005116, 4.500000000000001776, -1.000000000000000888 ) ) ;
#735 = ORIENTED_EDGE ( 'NONE', *, *, #2951, .F. ) ;
#736 = ADVANCED_FACE ( 'NONE', ( #6 ), #1385, .F. ) ;
#737 = ORIENTED_EDGE ( 'NONE', *, *, #2981, .T. ) ;
#738 = FACE_OUTER_BOUND ( 'NONE', #2117, .T. ) ;
#739 = AXIS2_PLACEMENT_3D ( 'NONE', #546, #1067, #1464 ) ;
#740 = CARTESIAN_POINT ( 'NONE',  ( 20.04000000000000625, 20.25000000000000000, -2.500000000000000444 ) ) ;
#741 =( LENGTH_UNIT ( ) NAMED_UNIT ( * ) SI_UNIT ( .MILLI., .METRE. ) );
#742 = LINE ( 'NONE', #1170, #2570 ) ;
#743 = CARTESIAN_POINT ( 'NONE',  ( 0.000000000000000000, 0.000000000000000000, -2.500000000000000444 ) ) ;
#744 = PLANE ( 'NONE',  #712 ) ;
#745 = VECTOR ( 'NONE', #1089, 1000.000000000000000 ) ;
#746 = DIRECTION ( 'NONE',  ( 0.3420201433256663814, 0.9396926207859092051, -0.000000000000000000 ) ) ;
#747 = FACE_OUTER_BOUND ( 'NONE', #1298, .T. ) ;
#748 = ORIENTED_EDGE ( 'NONE', *, *, #407, .F. ) ;
#749 = VECTOR ( 'NONE', #1147, 1000.000000000000000 ) ;
#750 = VECTOR ( 'NONE', #1532, 1000.000000000000000 ) ;
#751 = EDGE_LOOP ( 'NONE', ( #2683, #1740, #3049, #424 ) ) ;
#752 = CARTESIAN_POINT ( 'NONE',  ( 12.97702232430035529, -4.999999999999999112, 0.4000000000000000222 ) ) ;
#753 = VECTOR ( 'NONE', #2104, 1000.000000000000000 ) ;
#754 = CARTESIAN_POINT ( 'NONE',  ( 20.04000000000000625, 4.499999999999999112, -1.000000000000000888 ) ) ;
#755 = EDGE_LOOP ( 'NONE', ( #1113, #149, #825, #1090 ) ) ;
#756 = AXIS2_PLACEMENT_3D ( 'NONE', #1075, #2924, #805 ) ;
#757 = FACE_OUTER_BOUND ( 'NONE', #2106, .T. ) ;
#758 = ORIENTED_EDGE ( 'NONE', *, *, #2854, .T. ) ;
#759 = CARTESIAN_POINT ( 'NONE',  ( 11.70000000000000284, 4.500000000000000000, -1.000000000000000888 ) ) ;
#760 = SURFACE_SIDE_STYLE ('',( #973 ) ) ;
#761 = CARTESIAN_POINT ( 'NONE',  ( -0.6599999999999939249, 14.60000000000001386, -1.000000000000000888 ) ) ;
#762 = ADVANCED_FACE ( 'NONE', ( #2612 ), #2331, .T. ) ;
#763 = CARTESIAN_POINT ( 'NONE',  ( 12.15000000000000213, -4.249999999999999112, 0.4000000000000000222 ) ) ;
#764 = DIRECTION ( 'NONE',  ( 0.000000000000000000, 0.000000000000000000, -1.000000000000000000 ) ) ;
#765 = ORIENTED_EDGE ( 'NONE', *, *, #1585, .F. ) ;
#766 = DIRECTION ( 'NONE',  ( 0.000000000000000000, 0.000000000000000000, 1.000000000000000000 ) ) ;
#767 = LINE ( 'NONE', #128, #2231 ) ;
#768 = EDGE_CURVE ( 'NONE', #584, #394, #1658, .T. ) ;
#769 = DIRECTION ( 'NONE',  ( -0.000000000000000000, -0.000000000000000000, -1.000000000000000000 ) ) ;
#770 = ORIENTED_EDGE ( 'NONE', *, *, #537, .T. ) ;
#771 = CARTESIAN_POINT ( 'NONE',  ( 20.04000000000000625, 4.499999999999999112, -2.500000000000000444 ) ) ;
#772 = VERTEX_POINT ( 'NONE', #239 ) ;
#773 = DIRECTION ( 'NONE',  ( 0.000000000000000000, 0.000000000000000000, -1.000000000000000000 ) ) ;
#774 = CARTESIAN_POINT ( 'NONE',  ( 20.04000000000000625, 20.25000000000000000, 1.999999999999999556 ) ) ;
#775 = ADVANCED_FACE ( 'NONE', ( #510 ), #2595, .F. ) ;
#776 = PLANE ( 'NONE',  #1789 ) ;
#777 = PLANE ( 'NONE',  #739 ) ;
#778 = ORIENTED_EDGE ( 'NONE', *, *, #1965, .F. ) ;
#779 = PLANE ( 'NONE',  #1096 ) ;
#780 = AXIS2_PLACEMENT_3D ( 'NONE', #2397, #285, #1469 ) ;
#781 = FACE_OUTER_BOUND ( 'NONE', #343, .T. ) ;
#782 = PLANE ( 'NONE',  #612 ) ;
#783 = ORIENTED_EDGE ( 'NONE', *, *, #1970, .T. ) ;
#784 = EDGE_LOOP ( 'NONE', ( #2904, #180, #3035, #35 ) ) ;
#785 = ADVANCED_FACE ( 'NONE', ( #757 ), #927, .T. ) ;
#786 = CARTESIAN_POINT ( 'NONE',  ( 17.02999999999999758, -4.249999999999997335, 0.4000000000000000222 ) ) ;
#787 = CARTESIAN_POINT ( 'NONE',  ( 10.49000000000000021, 3.000000000000002220, -7.025483399593909439 ) ) ;
#788 = VERTEX_POINT ( 'NONE', #2808 ) ;
#789 = LINE ( 'NONE', #2688, #2325 ) ;
#790 = DIRECTION ( 'NONE',  ( 1.000000000000000000, 4.336808689942016158E-15, 0.000000000000000000 ) ) ;
#791 = ORIENTED_EDGE ( 'NONE', *, *, #930, .F. ) ;
#792 = ORIENTED_EDGE ( 'NONE', *, *, #2523, .F. ) ;
#793 = ORIENTED_EDGE ( 'NONE', *, *, #1561, .F. ) ;
#794 = DIRECTION ( 'NONE',  ( -0.000000000000000000, -0.000000000000000000, -1.000000000000000000 ) ) ;
#795 = CARTESIAN_POINT ( 'NONE',  ( -0.6599999999999973666, 8.300000000000000711, -2.500000000000000444 ) ) ;
#796 = CIRCLE ( 'NONE', #1342, 1.600000000000002531 ) ;
#797 = EDGE_LOOP ( 'NONE', ( #2856, #2254, #1972, #3044, #667, #124 ) ) ;
#798 = VECTOR ( 'NONE', #1760, 1000.000000000000000 ) ;
#799 = CARTESIAN_POINT ( 'NONE',  ( -0.6599999999999939249, 14.60000000000001386, -1.000000000000000888 ) ) ;
#800 = CARTESIAN_POINT ( 'NONE',  ( -2.259999999999994458, 18.40000000000000568, -1.000000000000000888 ) ) ;
#801 = ORIENTED_EDGE ( 'NONE', *, *, #1523, .T. ) ;
#802 = VECTOR ( 'NONE', #966, 1000.000000000000000 ) ;
#803 = ORIENTED_EDGE ( 'NONE', *, *, #3060, .F. ) ;
#804 = DIRECTION ( 'NONE',  ( 1.445602896647339163E-16, -1.000000000000000000, 0.000000000000000000 ) ) ;
#805 = DIRECTION ( 'NONE',  ( 2.891205793294678326E-16, -1.000000000000000000, 0.000000000000000000 ) ) ;
#806 = ORIENTED_EDGE ( 'NONE', *, *, #1593, .T. ) ;
#807 = ORIENTED_EDGE ( 'NONE', *, *, #1701, .F. ) ;
#808 = DIRECTION ( 'NONE',  ( 1.000000000000000000, -2.168404344970993880E-15, -0.000000000000000000 ) ) ;
#809 = ORIENTED_EDGE ( 'NONE', *, *, #2392, .T. ) ;
#810 = VERTEX_POINT ( 'NONE', #2628 ) ;
#811 = CARTESIAN_POINT ( 'NONE',  ( -2.259999999999998010, 16.50000000000000711, -1.000000000000000888 ) ) ;
#812 = EDGE_CURVE ( 'NONE', #473, #2633, #2096, .T. ) ;
#813 = ORIENTED_EDGE ( 'NONE', *, *, #2372, .F. ) ;
#814 = ORIENTED_EDGE ( 'NONE', *, *, #1215, .F. ) ;
#815 = LINE ( 'NONE', #2639, #455 ) ;
#816 = CARTESIAN_POINT ( 'NONE',  ( 10.49000000000000021, 16.75000000000000000, -2.500000000000000444 ) ) ;
#817 = ADVANCED_FACE ( 'NONE', ( #3067 ), #1631, .F. ) ;
#818 = CARTESIAN_POINT ( 'NONE',  ( -0.7500000000000000000, -4.250000000000000000, 0.4000000000000000222 ) ) ;
#819 = CARTESIAN_POINT ( 'NONE',  ( 11.70000000000000284, 3.000000000000001332, -1.000000000000000888 ) ) ;
#820 = EDGE_CURVE ( 'NONE', #58, #2848, #1724, .T. ) ;
#821 = EDGE_LOOP ( 'NONE', ( #2176, #1946, #2545, #308 ) ) ;
#822 = VERTEX_POINT ( 'NONE', #77 ) ;
#823 = CARTESIAN_POINT ( 'NONE',  ( -2.259999999999998010, 3.000000000000006217, -2.500000000000000444 ) ) ;
#824 = PLANE ( 'NONE',  #756 ) ;
#825 = ORIENTED_EDGE ( 'NONE', *, *, #442, .F. ) ;
#826 = DIRECTION ( 'NONE',  ( 1.000000000000000000, 0.000000000000000000, -0.000000000000000000 ) ) ;
#827 = ADVANCED_FACE ( 'NONE', ( #2681 ), #57, .F. ) ;
#828 = EDGE_LOOP ( 'NONE', ( #1176, #2022, #2652, #1238 ) ) ;
#829 = LINE ( 'NONE', #632, #1334 ) ;
#830 = ORIENTED_EDGE ( 'NONE', *, *, #2668, .T. ) ;
#831 = VERTEX_POINT ( 'NONE', #2398 ) ;
#832 = ORIENTED_EDGE ( 'NONE', *, *, #2544, .F. ) ;
#833 = ORIENTED_EDGE ( 'NONE', *, *, #1277, .F. ) ;
#834 = LINE ( 'NONE', #1966, #2289 ) ;
#835 = DIRECTION ( 'NONE',  ( 2.011273595335428326E-16, 1.000000000000000000, -0.000000000000000000 ) ) ;
#836 = ORIENTED_EDGE ( 'NONE', *, *, #115, .F. ) ;
#837 = VERTEX_POINT ( 'NONE', #1301 ) ;
#838 = DIRECTION ( 'NONE',  ( 0.000000000000000000, -1.000000000000000000, 0.000000000000000000 ) ) ;
#839 = AXIS2_PLACEMENT_3D ( 'NONE', #1338, #3005, #1787 ) ;
#840 = VERTEX_POINT ( 'NONE', #1006 ) ;
#841 = DIRECTION ( 'NONE',  ( -1.000000000000000000, -1.084202172485496940E-15, 0.000000000000000000 ) ) ;
#842 = ORIENTED_EDGE ( 'NONE', *, *, #726, .F. ) ;
#843 = FACE_OUTER_BOUND ( 'NONE', #2999, .T. ) ;
#844 = ORIENTED_EDGE ( 'NONE', *, *, #922, .T. ) ;
#845 = VERTEX_POINT ( 'NONE', #1022 ) ;
#846 = ORIENTED_EDGE ( 'NONE', *, *, #1209, .T. ) ;
#847 = ORIENTED_EDGE ( 'NONE', *, *, #544, .F. ) ;
#848 = DIRECTION ( 'NONE',  ( -1.000000000000000000, -2.449293598294707893E-16, 0.000000000000000000 ) ) ;
#849 = DIRECTION ( 'NONE',  ( 0.000000000000000000, 0.000000000000000000, -1.000000000000000000 ) ) ;
#850 = DIRECTION ( 'NONE',  ( -0.000000000000000000, -0.000000000000000000, -1.000000000000000000 ) ) ;
#851 = VERTEX_POINT ( 'NONE', #2429 ) ;
#852 = AXIS2_PLACEMENT_3D ( 'NONE', #2749, #882, #1084 ) ;
#853 =( GEOMETRIC_REPRESENTATION_CONTEXT ( 3 ) GLOBAL_UNCERTAINTY_ASSIGNED_CONTEXT ( ( #1689 ) ) GLOBAL_UNIT_ASSIGNED_CONTEXT ( ( #2346, #2109, #1497 ) ) REPRESENTATION_CONTEXT ( 'NONE', 'WORKASPACE' ) );
#854 = ORIENTED_EDGE ( 'NONE', *, *, #144, .F. ) ;
#855 = ORIENTED_EDGE ( 'NONE', *, *, #720, .F. ) ;
#856 = FACE_OUTER_BOUND ( 'NONE', #314, .T. ) ;
#857 = DIRECTION ( 'NONE',  ( -1.000000000000000000, -2.168404344971010594E-16, 0.000000000000000000 ) ) ;
#858 = VECTOR ( 'NONE', #967, 1000.000000000000000 ) ;
#859 = AXIS2_PLACEMENT_3D ( 'NONE', #914, #2290, #177 ) ;
#860 = ORIENTED_EDGE ( 'NONE', *, *, #358, .T. ) ;
#861 = VECTOR ( 'NONE', #866, 1000.000000000000000 ) ;
#862 = AXIS2_PLACEMENT_3D ( 'NONE', #232, #1172, #942 ) ;
#863 = CARTESIAN_POINT ( 'NONE',  ( 13.70000000000000107, 3.000000000000001776, -0.4000000000000000222 ) ) ;
#864 = CARTESIAN_POINT ( 'NONE',  ( 4.530000000000001137, -4.250000000000000000, -0.4000000000000000222 ) ) ;
#865 = VERTEX_POINT ( 'NONE', #595 ) ;
#866 = DIRECTION ( 'NONE',  ( 2.011273595335428326E-16, 1.000000000000000000, -0.000000000000000000 ) ) ;
#867 = LINE ( 'NONE', #1605, #1637 ) ;
#868 = PLANE ( 'NONE',  #2985 ) ;
#869 = EDGE_CURVE ( 'NONE', #105, #1784, #556, .T. ) ;
#870 = ORIENTED_EDGE ( 'NONE', *, *, #2195, .F. ) ;
#871 = VERTEX_POINT ( 'NONE', #356 ) ;
#872 = DIRECTION ( 'NONE',  ( 1.000000000000000000, 0.000000000000000000, -0.000000000000000000 ) ) ;
#873 = DIRECTION ( 'NONE',  ( -2.040851148208008245E-16, 1.000000000000000000, -0.000000000000000000 ) ) ;
#874 = EDGE_CURVE ( 'NONE', #1255, #2162, #2240, .T. ) ;
#875 = DIRECTION ( 'NONE',  ( 0.000000000000000000, 0.000000000000000000, 1.000000000000000000 ) ) ;
#876 = FACE_OUTER_BOUND ( 'NONE', #31, .T. ) ;
#877 = CARTESIAN_POINT ( 'NONE',  ( 4.530000000000001137, -4.250000000000000000, 0.4000000000000000222 ) ) ;
#878 = CARTESIAN_POINT ( 'NONE',  ( -2.259999999999994458, 20.25000000000000711, 1.999999999999999556 ) ) ;
#879 = CARTESIAN_POINT ( 'NONE',  ( 4.530000000000001137, -4.250000000000000000, 0.4000000000000000222 ) ) ;
#880 = EDGE_CURVE ( 'NONE', #2893, #590, #1984, .T. ) ;
#881 = DIRECTION ( 'NONE',  ( -1.000000000000000000, 0.000000000000000000, 0.000000000000000000 ) ) ;
#882 = DIRECTION ( 'NONE',  ( 1.000000000000000000, 0.000000000000000000, 0.000000000000000000 ) ) ;
#883 = VERTEX_POINT ( 'NONE', #1528 ) ;
#884 = DIRECTION ( 'NONE',  ( 0.000000000000000000, 0.000000000000000000, 1.000000000000000000 ) ) ;
#885 = FACE_OUTER_BOUND ( 'NONE', #681, .T. ) ;
#886 = ORIENTED_EDGE ( 'NONE', *, *, #691, .F. ) ;
#887 = EDGE_CURVE ( 'NONE', #1739, #431, #1279, .T. ) ;
#888 = DIRECTION ( 'NONE',  ( -0.000000000000000000, -0.000000000000000000, -1.000000000000000000 ) ) ;
#889 = LINE ( 'NONE', #415, #1303 ) ;
#890 = VERTEX_POINT ( 'NONE', #578 ) ;
#891 = EDGE_CURVE ( 'NONE', #2689, #3011, #1493, .T. ) ;
#892 = CARTESIAN_POINT ( 'NONE',  ( 5.357022324300353411, -5.000000000000000000, -0.4000000000000000222 ) ) ;
#893 = ADVANCED_FACE ( 'NONE', ( #781 ), #341, .F. ) ;
#894 = CARTESIAN_POINT ( 'NONE',  ( -0.6599999999999973666, 4.500000000000001776, -2.500000000000000444 ) ) ;
#895 = FACE_OUTER_BOUND ( 'NONE', #1944, .T. ) ;
#896 = VERTEX_POINT ( 'NONE', #524 ) ;
#897 = CARTESIAN_POINT ( 'NONE',  ( 20.04000000000000981, 18.40000000000000568, -1.000000000000000888 ) ) ;
#898 = ADVANCED_FACE ( 'NONE', ( #2206 ), #2889, .F. ) ;
#899 = DIRECTION ( 'NONE',  ( 1.000000000000000000, -3.111611616101896487E-16, 0.000000000000000000 ) ) ;
#900 = AXIS2_PLACEMENT_3D ( 'NONE', #759, #1227, #2152 ) ;
#901 = ORIENTED_EDGE ( 'NONE', *, *, #2884, .T. ) ;
#902 = AXIS2_PLACEMENT_3D ( 'NONE', #2271, #200, #160 ) ;
#903 = AXIS2_PLACEMENT_3D ( 'NONE', #1470, #303, #2189 ) ;
#904 = CARTESIAN_POINT ( 'NONE',  ( 11.70000000000000284, 3.000000000000001332, -1.000000000000000888 ) ) ;
#905 = CARTESIAN_POINT ( 'NONE',  ( 4.802977675699648508, -5.000000000000000000, -0.4000000000000000222 ) ) ;
#906 = EDGE_CURVE ( 'NONE', #890, #1249, #834, .T. ) ;
#907 = VECTOR ( 'NONE', #3007, 1000.000000000000000 ) ;
#908 = VECTOR ( 'NONE', #980, 1000.000000000000000 ) ;
#909 = ORIENTED_EDGE ( 'NONE', *, *, #694, .T. ) ;
#910 = ORIENTED_EDGE ( 'NONE', *, *, #820, .T. ) ;
#911 = AXIS2_PLACEMENT_3D ( 'NONE', #213, #1157, #1653 ) ;
#912 = DIRECTION ( 'NONE',  ( 1.000000000000000000, 1.224646799147355426E-16, 0.000000000000000000 ) ) ;
#913 = EDGE_CURVE ( 'NONE', #2208, #2967, #1456, .T. ) ;
#914 = CARTESIAN_POINT ( 'NONE',  ( 8.889999999999998792, 16.75000000000000000, -2.500000000000000444 ) ) ;
#915 = DIRECTION ( 'NONE',  ( -2.891205793294678326E-16, 1.000000000000000000, -0.000000000000000000 ) ) ;
#916 = VERTEX_POINT ( 'NONE', #2411 ) ;
#917 = DIRECTION ( 'NONE',  ( -0.000000000000000000, -0.000000000000000000, -1.000000000000000000 ) ) ;
#918 = CYLINDRICAL_SURFACE ( 'NONE', #1836, 1.600000000000002531 ) ;
#919 = FACE_OUTER_BOUND ( 'NONE', #784, .T. ) ;
#920 = DIRECTION ( 'NONE',  ( 0.000000000000000000, 0.000000000000000000, 1.000000000000000000 ) ) ;
#921 = ORIENTED_EDGE ( 'NONE', *, *, #1961, .T. ) ;
#922 = EDGE_CURVE ( 'NONE', #2591, #1562, #109, .T. ) ;
#923 = EDGE_LOOP ( 'NONE', ( #1949, #2832, #2146, #806 ) ) ;
#924 = FACE_OUTER_BOUND ( 'NONE', #923, .T. ) ;
#925 = CARTESIAN_POINT ( 'NONE',  ( 18.53000000000000469, -4.249999999999997335, 0.4000000000000000222 ) ) ;
#926 = CARTESIAN_POINT ( 'NONE',  ( 15.53000000000000114, 3.000000000000002220, 0.4000000000000000222 ) ) ;
#927 = PLANE ( 'NONE',  #2233 ) ;
#928 = CARTESIAN_POINT ( 'NONE',  ( -2.259999999999998010, 3.000000000000006217, 1.999999999999999556 ) ) ;
#929 = CARTESIAN_POINT ( 'NONE',  ( 20.04000000000000625, 4.499999999999999112, -2.500000000000000444 ) ) ;
#930 = EDGE_CURVE ( 'NONE', #591, #2249, #1509, .T. ) ;
#931 = ORIENTED_EDGE ( 'NONE', *, *, #2388, .T. ) ;
#932 = CARTESIAN_POINT ( 'NONE',  ( 0.000000000000000000, 0.000000000000000000, -2.500000000000000444 ) ) ;
#933 = AXIS2_PLACEMENT_3D ( 'NONE', #2180, #2909, #790 ) ;
#934 = FACE_OUTER_BOUND ( 'NONE', #1827, .T. ) ;
#935 = DIRECTION ( 'NONE',  ( -0.000000000000000000, -0.000000000000000000, -1.000000000000000000 ) ) ;
#936 = ADVANCED_FACE ( 'NONE', ( #2916 ), #2701, .F. ) ;
#937 = CARTESIAN_POINT ( 'NONE',  ( 5.629999999999999893, -4.250000000000000000, 0.4000000000000000222 ) ) ;
#938 = ORIENTED_EDGE ( 'NONE', *, *, #2960, .T. ) ;
#939 = CARTESIAN_POINT ( 'NONE',  ( -0.6599999999999939249, 14.60000000000001386, -2.500000000000000444 ) ) ;
#940 = ORIENTED_EDGE ( 'NONE', *, *, #812, .T. ) ;
#941 = FACE_OUTER_BOUND ( 'NONE', #2274, .T. ) ;
#942 = DIRECTION ( 'NONE',  ( -0.000000000000000000, 0.000000000000000000, -1.000000000000000000 ) ) ;
#943 = AXIS2_PLACEMENT_3D ( 'NONE', #1729, #2664, #1826 ) ;
#944 = AXIS2_PLACEMENT_3D ( 'NONE', #396, #875, #663 ) ;
#945 = VECTOR ( 'NONE', #1746, 1000.000000000000000 ) ;
#946 = CIRCLE ( 'NONE', #1100, 1.625000000000008438 ) ;
#947 = DIRECTION ( 'NONE',  ( -0.000000000000000000, -0.000000000000000000, -1.000000000000000000 ) ) ;
#948 = CARTESIAN_POINT ( 'NONE',  ( 12.97702232430035529, -4.999999999999999112, -0.4000000000000000222 ) ) ;
#949 = ORIENTED_EDGE ( 'NONE', *, *, #1648, .T. ) ;
#950 = VECTOR ( 'NONE', #2642, 1000.000000000000000 ) ;
#951 = EDGE_CURVE ( 'NONE', #1042, #1773, #1246, .T. ) ;
#952 = VECTOR ( 'NONE', #2403, 1000.000000000000000 ) ;
#953 = DIRECTION ( 'NONE',  ( 0.000000000000000000, 0.000000000000000000, 1.000000000000000000 ) ) ;
#954 = DIRECTION ( 'NONE',  ( 0.000000000000000000, 0.000000000000000000, 1.000000000000000000 ) ) ;
#955 = ORIENTED_EDGE ( 'NONE', *, *, #557, .T. ) ;
#956 = DIRECTION ( 'NONE',  ( -0.000000000000000000, -0.000000000000000000, -1.000000000000000000 ) ) ;
#957 = DIRECTION ( 'NONE',  ( -0.000000000000000000, 1.000000000000000000, -0.000000000000000000 ) ) ;
#958 = CARTESIAN_POINT ( 'NONE',  ( 20.04000000000000981, 18.40000000000000568, -2.500000000000000444 ) ) ;
#959 = VERTEX_POINT ( 'NONE', #2490 ) ;
#960 = LINE ( 'NONE', #1010, #509 ) ;
#961 = ORIENTED_EDGE ( 'NONE', *, *, #1495, .T. ) ;
#962 = ORIENTED_EDGE ( 'NONE', *, *, #2824, .T. ) ;
#963 = CARTESIAN_POINT ( 'NONE',  ( 15.53000000000000114, 3.000000000000002220, -0.4000000000000000222 ) ) ;
#964 = PLANE ( 'NONE',  #2335 ) ;
#965 = ORIENTED_EDGE ( 'NONE', *, *, #951, .F. ) ;
#966 = DIRECTION ( 'NONE',  ( -0.000000000000000000, -0.000000000000000000, -1.000000000000000000 ) ) ;
#967 = DIRECTION ( 'NONE',  ( 1.000000000000000000, 1.224646799147350989E-16, 0.000000000000000000 ) ) ;
#968 = LINE ( 'NONE', #507, #1468 ) ;
#969 = DIRECTION ( 'NONE',  ( 5.507058653894614020E-16, 1.000000000000000000, 0.000000000000000000 ) ) ;
#970 = DIRECTION ( 'NONE',  ( 1.000000000000000000, -1.084202172485496940E-15, -0.000000000000000000 ) ) ;
#971 = ORIENTED_EDGE ( 'NONE', *, *, #2641, .F. ) ;
#972 = ADVANCED_FACE ( 'NONE', ( #2313 ), #2748, .T. ) ;
#973 = SURFACE_STYLE_FILL_AREA ( #2402 ) ;
#974 = DIRECTION ( 'NONE',  ( 0.000000000000000000, 1.000000000000000000, 0.000000000000000000 ) ) ;
#975 = ADVANCED_FACE ( 'NONE', ( #1097, #199 ), #1326, .T. ) ;
#976 = CARTESIAN_POINT ( 'NONE',  ( 6.079999999999998295, 3.000000000000002220, -1.000000000000000888 ) ) ;
#977 = CARTESIAN_POINT ( 'NONE',  ( 7.290000000000000036, 3.000000000000002220, -1.000000000000000888 ) ) ;
#978 = ORIENTED_EDGE ( 'NONE', *, *, #1021, .F. ) ;
#979 = ADVANCED_FACE ( 'NONE', ( #1358 ), #2037, .F. ) ;
#980 = DIRECTION ( 'NONE',  ( -0.000000000000000000, -0.000000000000000000, -1.000000000000000000 ) ) ;
#981 = SURFACE_SIDE_STYLE ('',( #2571 ) ) ;
#982 = EDGE_CURVE ( 'NONE', #549, #2015, #867, .T. ) ;
#983 = FACE_BOUND ( 'NONE', #2942, .T. ) ;
#984 = ORIENTED_EDGE ( 'NONE', *, *, #922, .F. ) ;
#985 = CARTESIAN_POINT ( 'NONE',  ( 8.889999999999998792, 16.75000000000000000, -2.500000000000000444 ) ) ;
#986 = ORIENTED_EDGE ( 'NONE', *, *, #887, .F. ) ;
#987 = DIRECTION ( 'NONE',  ( -0.000000000000000000, -0.000000000000000000, -1.000000000000000000 ) ) ;
#988 = CARTESIAN_POINT ( 'NONE',  ( 6.079999999999998295, 3.000000000000002220, -1.000000000000000888 ) ) ;
#989 = ORIENTED_EDGE ( 'NONE', *, *, #1687, .T. ) ;
#990 = DIRECTION ( 'NONE',  ( -9.130123557772670060E-16, -1.000000000000000000, -0.000000000000000000 ) ) ;
#991 = EDGE_CURVE ( 'NONE', #1049, #1166, #1143, .T. ) ;
#992 = LINE ( 'NONE', #569, #2968 ) ;
#993 = ORIENTED_EDGE ( 'NONE', *, *, #1065, .T. ) ;
#994 = VERTEX_POINT ( 'NONE', #2270 ) ;
#995 = AXIS2_PLACEMENT_3D ( 'NONE', #2412, #1058, #2718 ) ;
#996 = VECTOR ( 'NONE', #1825, 1000.000000000000000 ) ;
#997 = EDGE_LOOP ( 'NONE', ( #3018, #2360, #1208, #2059 ) ) ;
#998 = AXIS2_PLACEMENT_3D ( 'NONE', #754, #478, #1892 ) ;
#999 = ADVANCED_FACE ( 'NONE', ( #145 ), #1811, .F. ) ;
#1000 = PLANE ( 'NONE',  #1232 ) ;
#1001 = VECTOR ( 'NONE', #2582, 1000.000000000000000 ) ;
#1002 = DIRECTION ( 'NONE',  ( -0.000000000000000000, -0.000000000000000000, -1.000000000000000000 ) ) ;
#1003 = FILL_AREA_STYLE ('',( #269 ) ) ;
#1004 = VECTOR ( 'NONE', #2285, 1000.000000000000000 ) ;
#1005 = VECTOR ( 'NONE', #259, 1000.000000000000000 ) ;
#1006 = CARTESIAN_POINT ( 'NONE',  ( 17.02999999999999758, -4.249999999999997335, -0.4000000000000000222 ) ) ;
#1007 = LINE ( 'NONE', #467, #2665 ) ;
#1008 = ORIENTED_EDGE ( 'NONE', *, *, #2517, .T. ) ;
#1009 = DIRECTION ( 'NONE',  ( -0.000000000000000000, -0.000000000000000000, -1.000000000000000000 ) ) ;
#1010 = CARTESIAN_POINT ( 'NONE',  ( 18.52999999999999758, 3.000000000000001776, 0.4000000000000000222 ) ) ;
#1011 = VERTEX_POINT ( 'NONE', #386 ) ;
#1012 = CARTESIAN_POINT ( 'NONE',  ( 5.357022324300353411, -5.000000000000000000, 0.4000000000000000222 ) ) ;
#1013 = DIRECTION ( 'NONE',  ( 1.084202172485496940E-15, 1.000000000000000000, 0.000000000000000000 ) ) ;
#1014 = ORIENTED_EDGE ( 'NONE', *, *, #2804, .F. ) ;
#1015 = EDGE_CURVE ( 'NONE', #590, #2893, #2178, .T. ) ;
#1016 = VERTEX_POINT ( 'NONE', #2530 ) ;
#1017 = ORIENTED_EDGE ( 'NONE', *, *, #2272, .F. ) ;
#1018 = CARTESIAN_POINT ( 'NONE',  ( 0.000000000000000000, 0.000000000000000000, -2.500000000000000444 ) ) ;
#1019 = DIRECTION ( 'NONE',  ( 1.000000000000000000, 0.000000000000000000, 0.000000000000000000 ) ) ;
#1020 = SURFACE_SIDE_STYLE ('',( #1197 ) ) ;
#1021 = EDGE_CURVE ( 'NONE', #1356, #1784, #1844, .T. ) ;
#1022 = CARTESIAN_POINT ( 'NONE',  ( 11.70000000000000284, 8.805671985114386411E-16, 0.4000000000000000222 ) ) ;
#1023 = DIRECTION ( 'NONE',  ( -0.000000000000000000, -1.000000000000000000, -0.000000000000000000 ) ) ;
#1024 = EDGE_LOOP ( 'NONE', ( #1324, #1688, #137, #2323 ) ) ;
#1025 = EDGE_CURVE ( 'NONE', #2377, #1703, #3042, .T. ) ;
#1026 = CARTESIAN_POINT ( 'NONE',  ( -2.259999999999994902, 18.10000000000000853, 1.999999999999999556 ) ) ;
#1027 = ORIENTED_EDGE ( 'NONE', *, *, #2165, .F. ) ;
#1028 = CARTESIAN_POINT ( 'NONE',  ( 6.079999999999998295, 3.000000000000002220, -1.000000000000000888 ) ) ;
#1029 = EDGE_CURVE ( 'NONE', #1496, #598, #710, .T. ) ;
#1030 = FACE_OUTER_BOUND ( 'NONE', #133, .T. ) ;
#1031 = ORIENTED_EDGE ( 'NONE', *, *, #874, .T. ) ;
#1032 = ORIENTED_EDGE ( 'NONE', *, *, #930, .T. ) ;
#1033 = EDGE_LOOP ( 'NONE', ( #2374, #281, #334, #830 ) ) ;
#1034 = LINE ( 'NONE', #1963, #1628 ) ;
#1035 = DIRECTION ( 'NONE',  ( 5.507058653894614020E-16, 1.000000000000000000, 0.000000000000000000 ) ) ;
#1036 = CARTESIAN_POINT ( 'NONE',  ( 17.30297767569964762, -4.999999999999997335, 0.4000000000000000222 ) ) ;
#1037 = DIRECTION ( 'NONE',  ( 0.3420201433256626067, -0.9396926207859105373, 0.000000000000000000 ) ) ;
#1038 = VERTEX_POINT ( 'NONE', #1117 ) ;
#1039 = FILL_AREA_STYLE ('',( #2452 ) ) ;
#1040 = LINE ( 'NONE', #1516, #2994 ) ;
#1041 = EDGE_CURVE ( 'NONE', #260, #392, #609, .T. ) ;
#1042 = VERTEX_POINT ( 'NONE', #1083 ) ;
#1043 = DIRECTION ( 'NONE',  ( 0.000000000000000000, 0.000000000000000000, -1.000000000000000000 ) ) ;
#1044 = DIRECTION ( 'NONE',  ( 1.000000000000000000, 0.000000000000000000, 0.000000000000000000 ) ) ;
#1045 = ORIENTED_EDGE ( 'NONE', *, *, #676, .T. ) ;
#1046 = ORIENTED_EDGE ( 'NONE', *, *, #608, .T. ) ;
#1047 = UNCERTAINTY_MEASURE_WITH_UNIT (LENGTH_MEASURE( 1.000000000000000082E-05 ), #575, 'distance_accuracy_value', 'NONE');
#1048 = VERTEX_POINT ( 'NONE', #2020 ) ;
#1049 = VERTEX_POINT ( 'NONE', #2052 ) ;
#1050 = PLANE ( 'NONE',  #1800 ) ;
#1051 = CIRCLE ( 'NONE', #247, 1.600000000000001199 ) ;
#1052 = STYLED_ITEM ( 'NONE', ( #2089 ), #401 ) ;
#1053 = EDGE_CURVE ( 'NONE', #1458, #2692, #3009, .T. ) ;
#1054 = VECTOR ( 'NONE', #915, 1000.000000000000000 ) ;
#1055 = PRESENTATION_LAYER_ASSIGNMENT (  '', '', ( #707 ) ) ;
#1056 = ORIENTED_EDGE ( 'NONE', *, *, #685, .F. ) ;
#1057 = DIRECTION ( 'NONE',  ( -1.000000000000000000, -1.084202172485496940E-15, 0.000000000000000000 ) ) ;
#1058 = DIRECTION ( 'NONE',  ( -0.000000000000000000, -0.000000000000000000, -1.000000000000000000 ) ) ;
#1059 = AXIS2_PLACEMENT_3D ( 'NONE', #2580, #460, #709 ) ;
#1060 = AXIS2_PLACEMENT_3D ( 'NONE', #2872, #1213, #2151 ) ;
#1061 = ORIENTED_EDGE ( 'NONE', *, *, #1029, .T. ) ;
#1062 = ORIENTED_EDGE ( 'NONE', *, *, #533, .F. ) ;
#1063 = LINE ( 'NONE', #1993, #750 ) ;
#1064 = CARTESIAN_POINT ( 'NONE',  ( -2.260000000000008669, 8.300000000000002487, -1.000000000000000888 ) ) ;
#1065 = EDGE_CURVE ( 'NONE', #329, #577, #2737, .T. ) ;
#1066 = DIRECTION ( 'NONE',  ( -0.000000000000000000, -0.000000000000000000, -1.000000000000000000 ) ) ;
#1067 = DIRECTION ( 'NONE',  ( 1.000000000000000000, 0.000000000000000000, 0.000000000000000000 ) ) ;
#1068 = VERTEX_POINT ( 'NONE', #1821 ) ;
#1069 = EDGE_LOOP ( 'NONE', ( #2802, #2546, #842, #1852 ) ) ;
#1070 = LINE ( 'NONE', #1776, #2123 ) ;
#1071 = DIRECTION ( 'NONE',  ( 0.000000000000000000, 0.000000000000000000, -1.000000000000000000 ) ) ;
#1072 = CARTESIAN_POINT ( 'NONE',  ( 11.70000000000000284, 4.500000000000000000, -1.000000000000000888 ) ) ;
#1073 = ORIENTED_EDGE ( 'NONE', *, *, #353, .T. ) ;
#1074 = SURFACE_STYLE_USAGE ( .BOTH. , #310 ) ;
#1075 = CARTESIAN_POINT ( 'NONE',  ( 6.079999999999998295, 3.000000000000000444, 0.4000000000000000222 ) ) ;
#1076 = EDGE_LOOP ( 'NONE', ( #910, #2299, #627, #1573 ) ) ;
#1077 = ORIENTED_EDGE ( 'NONE', *, *, #2316, .T. ) ;
#1078 = DIRECTION ( 'NONE',  ( 0.000000000000000000, 1.000000000000000000, 0.000000000000000000 ) ) ;
#1079 = DIRECTION ( 'NONE',  ( 1.000000000000000000, 0.000000000000000000, 0.000000000000000000 ) ) ;
#1080 = ORIENTED_EDGE ( 'NONE', *, *, #1311, .F. ) ;
#1081 = ORIENTED_EDGE ( 'NONE', *, *, #2690, .F. ) ;
#1082 = CARTESIAN_POINT ( 'NONE',  ( 17.03000000000000114, 1.993724989011891241E-15, 0.4000000000000000222 ) ) ;
#1083 = CARTESIAN_POINT ( 'NONE',  ( 20.03999999999999915, 2.999999999999999112, 1.999999999999999556 ) ) ;
#1084 = DIRECTION ( 'NONE',  ( 0.000000000000000000, 0.000000000000000000, -1.000000000000000000 ) ) ;
#1085 = EDGE_LOOP ( 'NONE', ( #2931, #886, #1127, #1780 ) ) ;
#1086 = CARTESIAN_POINT ( 'NONE',  ( 10.51500000000000767, 16.75000000000000000, -1.000000000000000888 ) ) ;
#1087 = DIRECTION ( 'NONE',  ( 2.011273595335428326E-16, 1.000000000000000000, -0.000000000000000000 ) ) ;
#1088 = PRODUCT_DEFINITION_FORMATION_WITH_SPECIFIED_SOURCE ( 'ANY', '', #465, .NOT_KNOWN. ) ;
#1089 = DIRECTION ( 'NONE',  ( -1.000000000000000000, 3.111611616101896487E-16, -0.000000000000000000 ) ) ;
#1090 = ORIENTED_EDGE ( 'NONE', *, *, #1794, .T. ) ;
#1091 = LINE ( 'NONE', #864, #2557 ) ;
#1092 = EDGE_CURVE ( 'NONE', #2638, #693, #2762, .T. ) ;
#1093 = ORIENTED_EDGE ( 'NONE', *, *, #2493, .F. ) ;
#1094 = CARTESIAN_POINT ( 'NONE',  ( -2.259999999999998010, 3.000000000000006217, -2.500000000000000444 ) ) ;
#1095 = VERTEX_POINT ( 'NONE', #2063 ) ;
#1096 = AXIS2_PLACEMENT_3D ( 'NONE', #2654, #2279, #1258 ) ;
#1097 = FACE_BOUND ( 'NONE', #570, .T. ) ;
#1098 = VECTOR ( 'NONE', #2744, 1000.000000000000000 ) ;
#1099 = CARTESIAN_POINT ( 'NONE',  ( 20.04000000000000981, 14.60000000000001386, -1.000000000000000888 ) ) ;
#1100 = AXIS2_PLACEMENT_3D ( 'NONE', #2085, #3000, #1569 ) ;
#1101 = EDGE_LOOP ( 'NONE', ( #1451, #3061, #529, #1077 ) ) ;
#1102 = ORIENTED_EDGE ( 'NONE', *, *, #487, .T. ) ;
#1103 = CARTESIAN_POINT ( 'NONE',  ( 7.264999999999989910, 16.75000000000000000, -2.500000000000000444 ) ) ;
#1104 = LINE ( 'NONE', #2044, #1974 ) ;
#1105 = VECTOR ( 'NONE', #323, 1000.000000000000000 ) ;
#1106 = EDGE_CURVE ( 'NONE', #473, #246, #3023, .T. ) ;
#1107 = ORIENTED_EDGE ( 'NONE', *, *, #2620, .F. ) ;
#1108 = VECTOR ( 'NONE', #838, 1000.000000000000000 ) ;
#1109 = DIRECTION ( 'NONE',  ( 1.000000000000000000, 0.000000000000000000, 0.000000000000000000 ) ) ;
#1110 = DIRECTION ( 'NONE',  ( 0.000000000000000000, -0.000000000000000000, 1.000000000000000000 ) ) ;
#1111 = ADVANCED_FACE ( 'NONE', ( #1397 ), #2793, .T. ) ;
#1112 = CARTESIAN_POINT ( 'NONE',  ( 4.530000000000001137, -4.250000000000000000, 0.4000000000000000222 ) ) ;
#1113 = ORIENTED_EDGE ( 'NONE', *, *, #2034, .T. ) ;
#1114 = PRODUCT_DEFINITION_CONTEXT ( 'detailed design', #2144, 'design' ) ;
#1115 = ORIENTED_EDGE ( 'NONE', *, *, #2054, .T. ) ;
#1116 = CARTESIAN_POINT ( 'NONE',  ( 4.530000000000001137, 2.495443522786032481E-18, -0.4000000000000000222 ) ) ;
#1117 = CARTESIAN_POINT ( 'NONE',  ( 6.079999999999998295, 4.500000000000000000, -1.000000000000000888 ) ) ;
#1118 = DIRECTION ( 'NONE',  ( 0.000000000000000000, 1.000000000000000000, -0.000000000000000000 ) ) ;
#1119 = ADVANCED_FACE ( 'NONE', ( #738 ), #2607, .T. ) ;
#1120 = ORIENTED_EDGE ( 'NONE', *, *, #2195, .T. ) ;
#1121 = LINE ( 'NONE', #1814, #210 ) ;
#1122 = DIRECTION ( 'NONE',  ( -0.000000000000000000, -0.000000000000000000, 1.000000000000000000 ) ) ;
#1123 = EDGE_CURVE ( 'NONE', #1663, #2891, #2555, .T. ) ;
#1124 = CARTESIAN_POINT ( 'NONE',  ( 12.15000000000000213, 9.356763044730696353E-16, 0.4000000000000000222 ) ) ;
#1125 = CARTESIAN_POINT ( 'NONE',  ( -0.6599999999999973666, 4.500000000000001776, -2.500000000000000444 ) ) ;
#1126 = EDGE_CURVE ( 'NONE', #1562, #147, #1627, .T. ) ;
#1127 = ORIENTED_EDGE ( 'NONE', *, *, #2205, .F. ) ;
#1128 = LINE ( 'NONE', #2062, #2993 ) ;
#1129 = DIRECTION ( 'NONE',  ( 1.000000000000000000, 1.224646799147355426E-16, 0.000000000000000000 ) ) ;
#1130 = LINE ( 'NONE', #2064, #1840 ) ;
#1131 = EDGE_LOOP ( 'NONE', ( #1566, #61, #2950, #2696 ) ) ;
#1132 = EDGE_LOOP ( 'NONE', ( #2074, #765, #319, #2311, #156, #2256, #1080, #104 ) ) ;
#1133 = LINE ( 'NONE', #2260, #2080 ) ;
#1134 = DIRECTION ( 'NONE',  ( 0.000000000000000000, 0.000000000000000000, 1.000000000000000000 ) ) ;
#1135 = ADVANCED_FACE ( 'NONE', ( #1440 ), #2850, .F. ) ;
#1136 = DIRECTION ( 'NONE',  ( 0.000000000000000000, 0.000000000000000000, 1.000000000000000000 ) ) ;
#1137 = VECTOR ( 'NONE', #604, 1000.000000000000000 ) ;
#1138 = EDGE_LOOP ( 'NONE', ( #2132, #2009, #921, #2952, #792, #114, #605, #1319, #2181, #2684 ) ) ;
#1139 = DIRECTION ( 'NONE',  ( 1.000000000000000000, 0.000000000000000000, 0.000000000000000000 ) ) ;
#1140 = ORIENTED_EDGE ( 'NONE', *, *, #1923, .T. ) ;
#1141 = LINE ( 'NONE', #1791, #250 ) ;
#1142 = ADVANCED_FACE ( 'NONE', ( #1211 ), #2805, .T. ) ;
#1143 = LINE ( 'NONE', #1837, #1437 ) ;
#1144 = LINE ( 'NONE', #21, #1 ) ;
#1145 = ORIENTED_EDGE ( 'NONE', *, *, #2668, .F. ) ;
#1146 = CARTESIAN_POINT ( 'NONE',  ( -0.4770223243003534064, -5.000000000000000000, 0.4000000000000000222 ) ) ;
#1147 = DIRECTION ( 'NONE',  ( -0.000000000000000000, -0.000000000000000000, -1.000000000000000000 ) ) ;
#1148 = VECTOR ( 'NONE', #2660, 1000.000000000000000 ) ;
#1149 = AXIS2_PLACEMENT_3D ( 'NONE', #1515, #600, #1728 ) ;
#1150 =( GEOMETRIC_REPRESENTATION_CONTEXT ( 3 ) GLOBAL_UNCERTAINTY_ASSIGNED_CONTEXT ( ( #1936 ) ) GLOBAL_UNIT_ASSIGNED_CONTEXT ( ( #2821, #2593, #2851 ) ) REPRESENTATION_CONTEXT ( 'NONE', 'WORKASPACE' ) );
#1151 = AXIS2_PLACEMENT_3D ( 'NONE', #1646, #2121, #2344 ) ;
#1152 = SURFACE_STYLE_USAGE ( .BOTH. , #2320 ) ;
#1153 = LINE ( 'NONE', #2562, #166 ) ;
#1154 = VECTOR ( 'NONE', #2376, 1000.000000000000000 ) ;
#1155 = VECTOR ( 'NONE', #2646, 1000.000000000000000 ) ;
#1156 = FACE_OUTER_BOUND ( 'NONE', #2596, .T. ) ;
#1157 = DIRECTION ( 'NONE',  ( 0.000000000000000000, 0.000000000000000000, 1.000000000000000000 ) ) ;
#1158 = VERTEX_POINT ( 'NONE', #1670 ) ;
#1159 = CARTESIAN_POINT ( 'NONE',  ( 18.43999999999999773, 8.299999999999998934, -1.000000000000000888 ) ) ;
#1160 = LINE ( 'NONE', #1907, #3 ) ;
#1161 = LINE ( 'NONE', #1333, #2524 ) ;
#1162 = PLANE ( 'NONE',  #3078 ) ;
#1163 = LINE ( 'NONE', #1125, #9 ) ;
#1164 = ORIENTED_EDGE ( 'NONE', *, *, #2372, .T. ) ;
#1165 = CARTESIAN_POINT ( 'NONE',  ( 20.04000000000000981, 18.40000000000000568, -1.000000000000000888 ) ) ;
#1166 = VERTEX_POINT ( 'NONE', #266 ) ;
#1167 = CARTESIAN_POINT ( 'NONE',  ( -2.259999999999994458, 14.60000000000000675, -1.000000000000000888 ) ) ;
#1168 =( NAMED_UNIT ( * ) SI_UNIT ( $, .STERADIAN. ) SOLID_ANGLE_UNIT ( ) );
#1169 = ORIENTED_EDGE ( 'NONE', *, *, #2824, .F. ) ;
#1170 = CARTESIAN_POINT ( 'NONE',  ( 11.70000000000000284, 3.000000000000001332, -1.000000000000000888 ) ) ;
#1171 = DIRECTION ( 'NONE',  ( 0.000000000000000000, 0.000000000000000000, 1.000000000000000000 ) ) ;
#1172 = DIRECTION ( 'NONE',  ( 1.000000000000000000, 0.000000000000000000, -0.000000000000000000 ) ) ;
#1173 = PRESENTATION_LAYER_ASSIGNMENT (  '', '', ( #2110 ) ) ;
#1174 = CARTESIAN_POINT ( 'NONE',  ( 6.079999999999998295, 3.000000000000000444, 0.4000000000000000222 ) ) ;
#1175 = DIRECTION ( 'NONE',  ( -1.000000000000000000, 1.543348288235592614E-16, 0.000000000000000000 ) ) ;
#1176 = ORIENTED_EDGE ( 'NONE', *, *, #1404, .T. ) ;
#1177 = CARTESIAN_POINT ( 'NONE',  ( -0.6599999999999973666, 4.500000000000001776, -1.000000000000000888 ) ) ;
#1178 = CARTESIAN_POINT ( 'NONE',  ( 20.03999999999999559, 16.50000000000001066, 2.000000000000000000 ) ) ;
#1179 = EDGE_CURVE ( 'NONE', #916, #36, #2379, .T. ) ;
#1180 = ORIENTED_EDGE ( 'NONE', *, *, #1215, .T. ) ;
#1181 = DIRECTION ( 'NONE',  ( 0.000000000000000000, 0.000000000000000000, -1.000000000000000000 ) ) ;
#1182 = DIRECTION ( 'NONE',  ( 0.000000000000000000, 0.000000000000000000, -1.000000000000000000 ) ) ;
#1183 = DIRECTION ( 'NONE',  ( 0.000000000000000000, 0.000000000000000000, -1.000000000000000000 ) ) ;
#1184 = VECTOR ( 'NONE', #675, 1000.000000000000000 ) ;
#1185 = VECTOR ( 'NONE', #841, 1000.000000000000000 ) ;
#1186 = VECTOR ( 'NONE', #432, 1000.000000000000000 ) ;
#1187 = VECTOR ( 'NONE', #773, 1000.000000000000000 ) ;
#1188 = CARTESIAN_POINT ( 'NONE',  ( 20.04000000000000981, 14.60000000000001386, -2.500000000000000444 ) ) ;
#1189 = CARTESIAN_POINT ( 'NONE',  ( 18.43999999999999773, 4.499999999999999112, -1.000000000000000888 ) ) ;
#1190 = VECTOR ( 'NONE', #2736, 1000.000000000000000 ) ;
#1191 = ORIENTED_EDGE ( 'NONE', *, *, #2903, .F. ) ;
#1192 = AXIS2_PLACEMENT_3D ( 'NONE', #1409, #2352, #953 ) ;
#1193 = VERTEX_POINT ( 'NONE', #2148 ) ;
#1194 = CARTESIAN_POINT ( 'NONE',  ( -0.6599999999999973666, 8.300000000000000711, -1.000000000000000888 ) ) ;
#1195 = CARTESIAN_POINT ( 'NONE',  ( 13.70000000000000107, 3.000000000000001776, -0.4000000000000000222 ) ) ;
#1196 = EDGE_CURVE ( 'NONE', #1331, #2795, #1874, .T. ) ;
#1197 = SURFACE_STYLE_FILL_AREA ( #1003 ) ;
#1198 = FACE_OUTER_BOUND ( 'NONE', #1413, .T. ) ;
#1199 = EDGE_LOOP ( 'NONE', ( #621, #2651 ) ) ;
#1200 = FACE_OUTER_BOUND ( 'NONE', #2454, .T. ) ;
#1201 = EDGE_CURVE ( 'NONE', #89, #2498, #3052, .T. ) ;
#1202 = CARTESIAN_POINT ( 'NONE',  ( 20.04000000000000625, 4.499999999999999112, -1.000000000000000888 ) ) ;
#1203 = LINE ( 'NONE', #11, #619 ) ;
#1204 = EDGE_CURVE ( 'NONE', #2848, #1757, #235, .T. ) ;
#1205 = ORIENTED_EDGE ( 'NONE', *, *, #1430, .F. ) ;
#1206 = DIRECTION ( 'NONE',  ( -1.000000000000000000, 0.000000000000000000, 0.000000000000000000 ) ) ;
#1207 = DIRECTION ( 'NONE',  ( 0.000000000000000000, -1.000000000000000000, 0.000000000000000000 ) ) ;
#1208 = ORIENTED_EDGE ( 'NONE', *, *, #2310, .F. ) ;
#1209 = EDGE_CURVE ( 'NONE', #2687, #1260, #1616, .T. ) ;
#1210 = ORIENTED_EDGE ( 'NONE', *, *, #2243, .T. ) ;
#1211 = FACE_OUTER_BOUND ( 'NONE', #797, .T. ) ;
#1212 = LINE ( 'NONE', #2134, #1635 ) ;
#1213 = DIRECTION ( 'NONE',  ( -1.000000000000000000, -9.570888143320315888E-16, 0.000000000000000000 ) ) ;
#1214 = DIRECTION ( 'NONE',  ( 1.000000000000000000, 0.000000000000000000, -0.000000000000000000 ) ) ;
#1215 = EDGE_CURVE ( 'NONE', #2740, #260, #448, .T. ) ;
#1216 = CARTESIAN_POINT ( 'NONE',  ( 15.53000000000000114, 3.000000000000002220, 0.4000000000000000222 ) ) ;
#1217 = DIRECTION ( 'NONE',  ( 0.3420201433256663814, -0.9396926207859092051, -0.000000000000000000 ) ) ;
#1218 = DIRECTION ( 'NONE',  ( 0.000000000000000000, 0.000000000000000000, 1.000000000000000000 ) ) ;
#1219 = CARTESIAN_POINT ( 'NONE',  ( 15.53000000000000114, 1.626330949267685008E-15, 0.4000000000000000222 ) ) ;
#1220 = ORIENTED_EDGE ( 'NONE', *, *, #3057, .F. ) ;
#1221 = ORIENTED_EDGE ( 'NONE', *, *, #2205, .T. ) ;
#1222 = LINE ( 'NONE', #1983, #2991 ) ;
#1223 = EDGE_CURVE ( 'NONE', #2751, #598, #1421, .T. ) ;
#1224 = CARTESIAN_POINT ( 'NONE',  ( -2.259999999999994458, 18.40000000000000568, -2.500000000000000444 ) ) ;
#1225 = DIRECTION ( 'NONE',  ( 0.000000000000000000, 0.000000000000000000, -1.000000000000000000 ) ) ;
#1226 = ORIENTED_EDGE ( 'NONE', *, *, #2350, .F. ) ;
#1227 = DIRECTION ( 'NONE',  ( -1.286886851614842812E-16, -1.000000000000000000, 0.000000000000000000 ) ) ;
#1228 = ORIENTED_EDGE ( 'NONE', *, *, #726, .T. ) ;
#1229 = LINE ( 'NONE', #64, #2281 ) ;
#1230 = ADVANCED_FACE ( 'NONE', ( #934 ), #477, .F. ) ;
#1231 = CLOSED_SHELL ( 'NONE', ( #2303, #292, #2972, #893, #2283, #1615, #103, #1666, #2108, #979, #1360, #284 ) ) ;
#1232 = AXIS2_PLACEMENT_3D ( 'NONE', #574, #766, #296 ) ;
#1233 = VECTOR ( 'NONE', #1066, 1000.000000000000000 ) ;
#1234 = CARTESIAN_POINT ( 'NONE',  ( -2.259999999999994458, 20.25000000000000711, 1.999999999999999556 ) ) ;
#1235 = CARTESIAN_POINT ( 'NONE',  ( 8.889999999999998792, 16.75000000000000000, -1.000000000000000888 ) ) ;
#1236 = AXIS2_PLACEMENT_3D ( 'NONE', #1725, #2643, #146 ) ;
#1237 = COLOUR_RGB ( '',0.7921568627450980005, 0.8196078431372548767, 0.9333333333333333481 ) ;
#1238 = ORIENTED_EDGE ( 'NONE', *, *, #82, .T. ) ;
#1239 = ORIENTED_EDGE ( 'NONE', *, *, #1106, .T. ) ;
#1240 = AXIS2_PLACEMENT_3D ( 'NONE', #1178, #954, #521 ) ;
#1241 = DIRECTION ( 'NONE',  ( 1.000000000000000000, 0.000000000000000000, 0.000000000000000000 ) ) ;
#1242 = VECTOR ( 'NONE', #3064, 1000.000000000000000 ) ;
#1243 = DIRECTION ( 'NONE',  ( 0.000000000000000000, 0.000000000000000000, -1.000000000000000000 ) ) ;
#1244 =( NAMED_UNIT ( * ) PLANE_ANGLE_UNIT ( ) SI_UNIT ( $, .RADIAN. ) );
#1245 = VECTOR ( 'NONE', #2861, 1000.000000000000000 ) ;
#1246 = LINE ( 'NONE', #2901, #1353 ) ;
#1247 = CARTESIAN_POINT ( 'NONE',  ( 13.25000000000000000, 1.070387452379277943E-15, 0.4000000000000000222 ) ) ;
#1248 = EDGE_CURVE ( 'NONE', #1458, #1980, #490, .T. ) ;
#1249 = VERTEX_POINT ( 'NONE', #2837 ) ;
#1250 = DIRECTION ( 'NONE',  ( -0.000000000000000000, -1.000000000000000000, -0.000000000000000000 ) ) ;
#1251 = LINE ( 'NONE', #2723, #1744 ) ;
#1252 = ORIENTED_EDGE ( 'NONE', *, *, #731, .T. ) ;
#1253 = DIRECTION ( 'NONE',  ( 0.000000000000000000, 0.000000000000000000, 1.000000000000000000 ) ) ;
#1254 = DIRECTION ( 'NONE',  ( -0.000000000000000000, -0.000000000000000000, -1.000000000000000000 ) ) ;
#1255 = VERTEX_POINT ( 'NONE', #1655 ) ;
#1256 = EDGE_LOOP ( 'NONE', ( #1613, #1774, #1990, #1369 ) ) ;
#1257 = EDGE_CURVE ( 'NONE', #147, #1586, #2361, .T. ) ;
#1258 = DIRECTION ( 'NONE',  ( 0.000000000000000000, -0.000000000000000000, 1.000000000000000000 ) ) ;
#1259 = PLANE ( 'NONE',  #2670 ) ;
#1260 = VERTEX_POINT ( 'NONE', #2698 ) ;
#1261 = DIRECTION ( 'NONE',  ( 1.000000000000000000, 0.000000000000000000, -0.000000000000000000 ) ) ;
#1262 = PLANE ( 'NONE',  #1236 ) ;
#1263 = ORIENTED_EDGE ( 'NONE', *, *, #2697, .F. ) ;
#1264 = PLANE ( 'NONE',  #2124 ) ;
#1265 = LINE ( 'NONE', #346, #2040 ) ;
#1266 = EDGE_CURVE ( 'NONE', #2492, #1271, #1222, .T. ) ;
#1267 = ORIENTED_EDGE ( 'NONE', *, *, #1648, .F. ) ;
#1268 = CARTESIAN_POINT ( 'NONE',  ( 20.04000000000000981, 18.40000000000000568, -1.000000000000000888 ) ) ;
#1269 = ADVANCED_FACE ( 'NONE', ( #1952 ), #1467, .F. ) ;
#1270 = PLANE ( 'NONE',  #933 ) ;
#1271 = VERTEX_POINT ( 'NONE', #1759 ) ;
#1272 = ORIENTED_EDGE ( 'NONE', *, *, #1543, .T. ) ;
#1273 = ORIENTED_EDGE ( 'NONE', *, *, #2656, .T. ) ;
#1274 = CARTESIAN_POINT ( 'NONE',  ( 20.04000000000000981, 8.299999999999998934, -2.500000000000000444 ) ) ;
#1275 = LINE ( 'NONE', #107, #798 ) ;
#1276 = ORIENTED_EDGE ( 'NONE', *, *, #3032, .F. ) ;
#1277 = EDGE_CURVE ( 'NONE', #728, #365, #815, .T. ) ;
#1278 = VECTOR ( 'NONE', #1481, 1000.000000000000000 ) ;
#1279 = LINE ( 'NONE', #2957, #1300 ) ;
#1280 = LINE ( 'NONE', #2258, #2032 ) ;
#1281 = ADVANCED_FACE ( 'NONE', ( #2445 ), #2185, .T. ) ;
#1282 = VERTEX_POINT ( 'NONE', #1336 ) ;
#1283 = DIRECTION ( 'NONE',  ( -2.040851148208008245E-16, 1.000000000000000000, -0.000000000000000000 ) ) ;
#1284 = ORIENTED_EDGE ( 'NONE', *, *, #2288, .T. ) ;
#1285 = EDGE_LOOP ( 'NONE', ( #2992, #2912, #1312, #475 ) ) ;
#1286 = VERTEX_POINT ( 'NONE', #53 ) ;
#1287 = PRODUCT_RELATED_PRODUCT_CATEGORY ( 'part', '', ( #465 ) ) ;
#1288 = DIRECTION ( 'NONE',  ( 0.3420201433256635504, -0.9396926207859102043, -0.000000000000000000 ) ) ;
#1289 = CLOSED_SHELL ( 'NONE', ( #2895, #2489, #3029, #2859, #130, #817, #2384, #1898, #1765, #508, #1376, #972 ) ) ;
#1290 = LINE ( 'NONE', #1702, #2760 ) ;
#1291 = ORIENTED_EDGE ( 'NONE', *, *, #566, .F. ) ;
#1292 = VERTEX_POINT ( 'NONE', #1526 ) ;
#1293 = VECTOR ( 'NONE', #382, 1000.000000000000000 ) ;
#1294 = ORIENTED_EDGE ( 'NONE', *, *, #201, .F. ) ;
#1295 = ORIENTED_EDGE ( 'NONE', *, *, #2034, .F. ) ;
#1296 = SURFACE_SIDE_STYLE ('',( #1722 ) ) ;
#1297 = VECTOR ( 'NONE', #304, 1000.000000000000000 ) ;
#1298 = EDGE_LOOP ( 'NONE', ( #274, #1847, #372, #526 ) ) ;
#1299 = STYLED_ITEM ( 'NONE', ( #1985 ), #2477 ) ;
#1300 = VECTOR ( 'NONE', #1225, 1000.000000000000000 ) ;
#1301 = CARTESIAN_POINT ( 'NONE',  ( 18.52999999999999758, 3.000000000000001776, 0.4000000000000000222 ) ) ;
#1302 = DIRECTION ( 'NONE',  ( -1.000000000000000000, -1.224646799147350989E-16, 0.000000000000000000 ) ) ;
#1303 = VECTOR ( 'NONE', #1355, 1000.000000000000000 ) ;
#1304 = VERTEX_POINT ( 'NONE', #1488 ) ;
#1305 = DIRECTION ( 'NONE',  ( -1.000000000000000000, 1.084202172485496940E-15, 0.000000000000000000 ) ) ;
#1306 = CARTESIAN_POINT ( 'NONE',  ( -2.259999999999994458, 20.25000000000000711, 1.999999999999999556 ) ) ;
#1307 = ORIENTED_EDGE ( 'NONE', *, *, #2641, .T. ) ;
#1308 = CARTESIAN_POINT ( 'NONE',  ( 0.000000000000000000, 0.000000000000000000, -0.4000000000000000222 ) ) ;
#1309 = ORIENTED_EDGE ( 'NONE', *, *, #1523, .F. ) ;
#1310 = DIRECTION ( 'NONE',  ( -2.990902544787598715E-17, -1.000000000000000000, 0.000000000000000000 ) ) ;
#1311 = EDGE_CURVE ( 'NONE', #1757, #840, #1720, .T. ) ;
#1312 = ORIENTED_EDGE ( 'NONE', *, *, #2716, .T. ) ;
#1313 = ORIENTED_EDGE ( 'NONE', *, *, #420, .F. ) ;
#1314 = CARTESIAN_POINT ( 'NONE',  ( 0.4770223243003534064, -5.000000000000000000, 0.4000000000000000222 ) ) ;
#1315 = DIRECTION ( 'NONE',  ( 1.000000000000000000, 1.084202172485496940E-15, 0.000000000000000000 ) ) ;
#1316 = ORIENTED_EDGE ( 'NONE', *, *, #2772, .F. ) ;
#1317 = DIRECTION ( 'NONE',  ( 0.3420201433256631063, -0.9396926207859104263, 0.000000000000000000 ) ) ;
#1318 = EDGE_CURVE ( 'NONE', #2442, #58, #2463, .T. ) ;
#1319 = ORIENTED_EDGE ( 'NONE', *, *, #594, .T. ) ;
#1320 = FACE_OUTER_BOUND ( 'NONE', #1680, .T. ) ;
#1321 = ADVANCED_FACE ( 'NONE', ( #1938 ), #322, .F. ) ;
#1322 = LINE ( 'NONE', #2263, #745 ) ;
#1323 = LINE ( 'NONE', #2710, #2019 ) ;
#1324 = ORIENTED_EDGE ( 'NONE', *, *, #3057, .T. ) ;
#1325 = CARTESIAN_POINT ( 'NONE',  ( 18.43999999999999773, 8.299999999999998934, -2.500000000000000444 ) ) ;
#1326 = PLANE ( 'NONE',  #306 ) ;
#1327 = DIRECTION ( 'NONE',  ( -1.000000000000000000, 1.286886851614842812E-16, -0.000000000000000000 ) ) ;
#1328 = EDGE_LOOP ( 'NONE', ( #1073, #2339, #1017, #548 ) ) ;
#1329 = ADVANCED_FACE ( 'NONE', ( #2898 ), #779, .F. ) ;
#1330 = VERTEX_POINT ( 'NONE', #1917 ) ;
#1331 = VERTEX_POINT ( 'NONE', #2409 ) ;
#1332 = FACE_OUTER_BOUND ( 'NONE', #652, .T. ) ;
#1333 = CARTESIAN_POINT ( 'NONE',  ( -2.259999999999994458, 14.60000000000000675, -1.000000000000000888 ) ) ;
#1334 = VECTOR ( 'NONE', #2252, 1000.000000000000114 ) ;
#1335 = FACE_OUTER_BOUND ( 'NONE', #2676, .T. ) ;
#1336 = CARTESIAN_POINT ( 'NONE',  ( 11.70000000000000284, 3.000000000000001332, -0.4000000000000000222 ) ) ;
#1337 = EDGE_CURVE ( 'NONE', #845, #3026, #2869, .T. ) ;
#1338 = CARTESIAN_POINT ( 'NONE',  ( -2.259999999999994458, 14.60000000000000675, -1.000000000000000888 ) ) ;
#1339 = ORIENTED_EDGE ( 'NONE', *, *, #32, .T. ) ;
#1340 = EDGE_CURVE ( 'NONE', #1436, #1756, #1741, .T. ) ;
#1341 = DIRECTION ( 'NONE',  ( 0.000000000000000000, 1.000000000000000000, 0.000000000000000000 ) ) ;
#1342 = AXIS2_PLACEMENT_3D ( 'NONE', #2329, #2763, #3010 ) ;
#1343 = CARTESIAN_POINT ( 'NONE',  ( -2.259999999999998010, 16.50000000000000711, 2.000000000000000000 ) ) ;
#1344 = AXIS2_PLACEMENT_3D ( 'NONE', #904, #1109, #1845 ) ;
#1345 = PLANE ( 'NONE',  #852 ) ;
#1346 = EDGE_CURVE ( 'NONE', #2746, #288, #1691, .T. ) ;
#1347 = CIRCLE ( 'NONE', #902, 1.600000000000002531 ) ;
#1348 = AXIS2_PLACEMENT_3D ( 'NONE', #1579, #657, #2533 ) ;
#1349 = ORIENTED_EDGE ( 'NONE', *, *, #2517, .F. ) ;
#1350 = DIRECTION ( 'NONE',  ( -0.000000000000000000, -0.000000000000000000, -1.000000000000000000 ) ) ;
#1351 = LINE ( 'NONE', #410, #3033 ) ;
#1352 = VECTOR ( 'NONE', #2887, 1000.000000000000000 ) ;
#1353 = VECTOR ( 'NONE', #849, 1000.000000000000000 ) ;
#1354 = AXIS2_PLACEMENT_3D ( 'NONE', #97, #1971, #1475 ) ;
#1355 = DIRECTION ( 'NONE',  ( 0.000000000000000000, 0.000000000000000000, -1.000000000000000000 ) ) ;
#1356 = VERTEX_POINT ( 'NONE', #2678 ) ;
#1357 = CARTESIAN_POINT ( 'NONE',  ( 0.7500000000000000000, -4.250000000000000000, -0.4000000000000000222 ) ) ;
#1358 = FACE_OUTER_BOUND ( 'NONE', #751, .T. ) ;
#1359 = LINE ( 'NONE', #1576, #2661 ) ;
#1360 = ADVANCED_FACE ( 'NONE', ( #2163 ), #1000, .T. ) ;
#1361 = ORIENTED_EDGE ( 'NONE', *, *, #2400, .T. ) ;
#1362 = CARTESIAN_POINT ( 'NONE',  ( 8.889999999999998792, 16.75000000000000000, 1.999999999999999556 ) ) ;
#1363 = DIRECTION ( 'NONE',  ( -0.000000000000000000, -0.000000000000000000, 1.000000000000000000 ) ) ;
#1364 = CARTESIAN_POINT ( 'NONE',  ( 18.43999999999999773, 8.299999999999998934, -2.500000000000000444 ) ) ;
#1365 = EDGE_CURVE ( 'NONE', #95, #1937, #1034, .T. ) ;
#1366 = LINE ( 'NONE', #2770, #1553 ) ;
#1367 = ORIENTED_EDGE ( 'NONE', *, *, #193, .T. ) ;
#1368 = LINE ( 'NONE', #2031, #2177 ) ;
#1369 = ORIENTED_EDGE ( 'NONE', *, *, #2956, .T. ) ;
#1370 = DIRECTION ( 'NONE',  ( -1.000000000000000000, 0.000000000000000000, -0.000000000000000000 ) ) ;
#1371 = DIRECTION ( 'NONE',  ( 0.000000000000000000, 0.000000000000000000, -1.000000000000000000 ) ) ;
#1372 = EDGE_CURVE ( 'NONE', #2377, #1048, #2914, .T. ) ;
#1373 = VERTEX_POINT ( 'NONE', #1274 ) ;
#1374 = PLANE ( 'NONE',  #2328 ) ;
#1375 = CARTESIAN_POINT ( 'NONE',  ( -2.259999999999994458, 20.25000000000000711, 1.999999999999999556 ) ) ;
#1376 = ADVANCED_FACE ( 'NONE', ( #106 ), #1050, .F. ) ;
#1377 = FILL_AREA_STYLE_COLOUR ( '', #1734 ) ;
#1378 = LINE ( 'NONE', #2321, #2566 ) ;
#1379 = VERTEX_POINT ( 'NONE', #2099 ) ;
#1380 = FACE_OUTER_BOUND ( 'NONE', #1138, .T. ) ;
#1381 = EDGE_CURVE ( 'NONE', #2156, #883, #1393, .T. ) ;
#1382 = CARTESIAN_POINT ( 'NONE',  ( 20.04000000000000625, 4.499999999999999112, -1.000000000000000888 ) ) ;
#1383 = LINE ( 'NONE', #2314, #3038 ) ;
#1384 = VERTEX_POINT ( 'NONE', #3004 ) ;
#1385 = PLANE ( 'NONE',  #1151 ) ;
#1386 = CARTESIAN_POINT ( 'NONE',  ( 5.629999999999999005, 1.372065914289947457E-16, 0.4000000000000000222 ) ) ;
#1387 = AXIS2_PLACEMENT_3D ( 'NONE', #182, #1122, #630 ) ;
#1388 = AXIS2_PLACEMENT_3D ( 'NONE', #2371, #1412, #29 ) ;
#1389 = EDGE_CURVE ( 'NONE', #1282, #2540, #1857, .T. ) ;
#1390 = AXIS2_PLACEMENT_3D ( 'NONE', #1918, #2583, #237 ) ;
#1391 = VECTOR ( 'NONE', #696, 1000.000000000000000 ) ;
#1392 = DIRECTION ( 'NONE',  ( -0.000000000000000000, -0.000000000000000000, -1.000000000000000000 ) ) ;
#1393 = LINE ( 'NONE', #2538, #62 ) ;
#1394 = VECTOR ( 'NONE', #90, 1000.000000000000000 ) ;
#1395 = ORIENTED_EDGE ( 'NONE', *, *, #1126, .T. ) ;
#1396 = CARTESIAN_POINT ( 'NONE',  ( 18.43999999999999773, 8.299999999999998934, -1.000000000000000888 ) ) ;
#1397 = FACE_OUTER_BOUND ( 'NONE', #2584, .T. ) ;
#1398 =( NAMED_UNIT ( * ) PLANE_ANGLE_UNIT ( ) SI_UNIT ( $, .RADIAN. ) );
#1399 = CARTESIAN_POINT ( 'NONE',  ( 2.250000000000000444, 3.000000000000000000, 0.4000000000000000222 ) ) ;
#1400 = EDGE_CURVE ( 'NONE', #598, #1496, #367, .T. ) ;
#1401 = PLANE ( 'NONE',  #112 ) ;
#1402 = DIRECTION ( 'NONE',  ( 1.000000000000000000, -1.084202172485496940E-15, -0.000000000000000000 ) ) ;
#1403 = PLANE ( 'NONE',  #2028 ) ;
#1404 = EDGE_CURVE ( 'NONE', #1788, #959, #1582, .T. ) ;
#1405 = CARTESIAN_POINT ( 'NONE',  ( 20.04000000000000625, 4.499999999999999112, -1.000000000000000888 ) ) ;
#1406 = DIRECTION ( 'NONE',  ( 0.000000000000000000, 0.000000000000000000, 1.000000000000000000 ) ) ;
#1407 = ORIENTED_EDGE ( 'NONE', *, *, #1786, .F. ) ;
#1408 = VERTEX_POINT ( 'NONE', #1639 ) ;
#1409 = CARTESIAN_POINT ( 'NONE',  ( 0.7500000000000000000, -4.250000000000000000, 0.4000000000000000222 ) ) ;
#1410 = LINE ( 'NONE', #1865, #2733 ) ;
#1411 = PLANE ( 'NONE',  #2476 ) ;
#1412 = DIRECTION ( 'NONE',  ( 0.000000000000000000, -1.000000000000000000, -0.000000000000000000 ) ) ;
#1413 = EDGE_LOOP ( 'NONE', ( #1313, #391, #72, #567, #272, #656, #41, #636, #978, #2014, #2443 ) ) ;
#1414 = LINE ( 'NONE', #515, #2425 ) ;
#1415 = AXIS2_PLACEMENT_3D ( 'NONE', #1235, #349, #331 ) ;
#1416 = DIRECTION ( 'NONE',  ( -0.3420201433256626622, 0.9396926207859105373, 0.000000000000000000 ) ) ;
#1417 = DIRECTION ( 'NONE',  ( 1.000000000000000000, -8.163404592832035938E-16, 0.000000000000000000 ) ) ;
#1418 = VERTEX_POINT ( 'NONE', #184 ) ;
#1419 = EDGE_LOOP ( 'NONE', ( #2378, #2237, #1349, #2218 ) ) ;
#1420 = ORIENTED_EDGE ( 'NONE', *, *, #3060, .T. ) ;
#1421 = LINE ( 'NONE', #1862, #1242 ) ;
#1422 = LINE ( 'NONE', #253, #2777 ) ;
#1423 = CARTESIAN_POINT ( 'NONE',  ( 4.530000000000001137, 2.495443522786032481E-18, 0.4000000000000000222 ) ) ;
#1424 = LINE ( 'NONE', #2367, #1678 ) ;
#1425 = VECTOR ( 'NONE', #808, 1000.000000000000000 ) ;
#1426 = LINE ( 'NONE', #1896, #2333 ) ;
#1427 = VECTOR ( 'NONE', #957, 1000.000000000000000 ) ;
#1428 = EDGE_CURVE ( 'NONE', #2498, #3036, #1153, .T. ) ;
#1429 = AXIS2_PLACEMENT_3D ( 'NONE', #496, #10, #2154 ) ;
#1430 = EDGE_CURVE ( 'NONE', #837, #2442, #1366, .T. ) ;
#1431 = MECHANICAL_DESIGN_GEOMETRIC_PRESENTATION_REPRESENTATION (  '', ( #172 ), #118 ) ;
#1432 = CIRCLE ( 'NONE', #1484, 1.600000000000002531 ) ;
#1433 = DIRECTION ( 'NONE',  ( -0.000000000000000000, -0.000000000000000000, -1.000000000000000000 ) ) ;
#1434 = ADVANCED_FACE ( 'NONE', ( #3017 ), #1403, .F. ) ;
#1435 = FACE_OUTER_BOUND ( 'NONE', #1832, .T. ) ;
#1436 = VERTEX_POINT ( 'NONE', #2309 ) ;
#1437 = VECTOR ( 'NONE', #2997, 1000.000000000000000 ) ;
#1438 = VECTOR ( 'NONE', #3076, 1000.000000000000000 ) ;
#1439 = ORIENTED_EDGE ( 'NONE', *, *, #1201, .F. ) ;
#1440 = FACE_OUTER_BOUND ( 'NONE', #1486, .T. ) ;
#1441 = PRESENTATION_STYLE_ASSIGNMENT (( #506 ) ) ;
#1442 = DIRECTION ( 'NONE',  ( -0.000000000000000000, -0.000000000000000000, 1.000000000000000000 ) ) ;
#1443 = DIRECTION ( 'NONE',  ( 0.000000000000000000, 0.000000000000000000, 1.000000000000000000 ) ) ;
#1444 = DIRECTION ( 'NONE',  ( -0.000000000000000000, -0.000000000000000000, -1.000000000000000000 ) ) ;
#1445 = DIRECTION ( 'NONE',  ( -5.507058653894614020E-16, -1.000000000000000000, 0.000000000000000000 ) ) ;
#1446 = DIRECTION ( 'NONE',  ( -0.000000000000000000, -0.000000000000000000, -1.000000000000000000 ) ) ;
#1447 = VERTEX_POINT ( 'NONE', #170 ) ;
#1448 = DIRECTION ( 'NONE',  ( 0.9396926207859106484, 0.3420201433256627177, -0.000000000000000000 ) ) ;
#1449 = CARTESIAN_POINT ( 'NONE',  ( 10.51500000000000767, 16.75000000000000000, -1.000000000000000888 ) ) ;
#1450 = ORIENTED_EDGE ( 'NONE', *, *, #1961, .F. ) ;
#1451 = ORIENTED_EDGE ( 'NONE', *, *, #1970, .F. ) ;
#1452 = CARTESIAN_POINT ( 'NONE',  ( 6.079999999999999183, 1.923156973906258138E-16, 0.4000000000000000222 ) ) ;
#1453 = CARTESIAN_POINT ( 'NONE',  ( 0.7500000000000000000, -4.250000000000000000, 0.4000000000000000222 ) ) ;
#1454 = LINE ( 'NONE', #300, #1721 ) ;
#1455 = ADVANCED_FACE ( 'NONE', ( #876 ), #223, .F. ) ;
#1456 = LINE ( 'NONE', #1941, #1489 ) ;
#1457 = CARTESIAN_POINT ( 'NONE',  ( 11.70000000000000284, 8.805671985114386411E-16, 0.4000000000000000222 ) ) ;
#1458 = VERTEX_POINT ( 'NONE', #647 ) ;
#1459 = EDGE_CURVE ( 'NONE', #2448, #1260, #1163, .T. ) ;
#1460 = CARTESIAN_POINT ( 'NONE',  ( -0.6599999999999973666, 8.300000000000000711, -1.000000000000000888 ) ) ;
#1461 = DIRECTION ( 'NONE',  ( 0.000000000000000000, 1.000000000000000000, 0.000000000000000000 ) ) ;
#1462 = ORIENTED_EDGE ( 'NONE', *, *, #2016, .F. ) ;
#1463 = LINE ( 'NONE', #2113, #3073 ) ;
#1464 = DIRECTION ( 'NONE',  ( 0.000000000000000000, 0.000000000000000000, -1.000000000000000000 ) ) ;
#1465 = ORIENTED_EDGE ( 'NONE', *, *, #1204, .T. ) ;
#1466 = ORIENTED_EDGE ( 'NONE', *, *, #2016, .T. ) ;
#1467 = CYLINDRICAL_SURFACE ( 'NONE', #563, 1.625000000000008438 ) ;
#1468 = VECTOR ( 'NONE', #238, 1000.000000000000000 ) ;
#1469 = DIRECTION ( 'NONE',  ( 1.000000000000000000, 0.000000000000000000, 0.000000000000000000 ) ) ;
#1470 = CARTESIAN_POINT ( 'NONE',  ( 20.03999999999999559, 16.50000000000001066, -7.025483399593909439 ) ) ;
#1471 = FACE_OUTER_BOUND ( 'NONE', #2047, .T. ) ;
#1472 = ORIENTED_EDGE ( 'NONE', *, *, #1400, .F. ) ;
#1473 = EDGE_LOOP ( 'NONE', ( #846, #73, #1316, #1102 ) ) ;
#1474 =( LENGTH_UNIT ( ) NAMED_UNIT ( * ) SI_UNIT ( .MILLI., .METRE. ) );
#1475 = DIRECTION ( 'NONE',  ( 1.000000000000000000, -3.111611616101896487E-16, 0.000000000000000000 ) ) ;
#1476 = AXIS2_PLACEMENT_3D ( 'NONE', #2588, #1888, #2348 ) ;
#1477 = ORIENTED_EDGE ( 'NONE', *, *, #812, .F. ) ;
#1478 = VECTOR ( 'NONE', #336, 1000.000000000000000 ) ;
#1479 = MECHANICAL_DESIGN_GEOMETRIC_PRESENTATION_REPRESENTATION (  '', ( #1052 ), #2726 ) ;
#1480 = DIRECTION ( 'NONE',  ( -1.000000000000000000, 0.000000000000000000, -0.000000000000000000 ) ) ;
#1481 = DIRECTION ( 'NONE',  ( -0.000000000000000000, -1.000000000000000000, -0.000000000000000000 ) ) ;
#1482 = EDGE_LOOP ( 'NONE', ( #1081, #2734, #2862, #1699, #519, #2581, #984, #423, #2455, #2432, #2897, #2844, #153, #1014, #2131, #88 ) ) ;
#1483 = AXIS2_PLACEMENT_3D ( 'NONE', #2597, #59, #26 ) ;
#1484 = AXIS2_PLACEMENT_3D ( 'NONE', #1362, #2305, #191 ) ;
#1485 = EDGE_LOOP ( 'NONE', ( #1997, #1061 ) ) ;
#1486 = EDGE_LOOP ( 'NONE', ( #2030, #1291, #2322, #1968 ) ) ;
#1487 = VECTOR ( 'NONE', #1019, 1000.000000000000000 ) ;
#1488 = CARTESIAN_POINT ( 'NONE',  ( 2.250000000000000444, 0.000000000000000000, 0.4000000000000000222 ) ) ;
#1489 = VECTOR ( 'NONE', #769, 1000.000000000000000 ) ;
#1490 = LINE ( 'NONE', #2410, #2082 ) ;
#1491 = ORIENTED_EDGE ( 'NONE', *, *, #108, .T. ) ;
#1492 = VECTOR ( 'NONE', #528, 1000.000000000000000 ) ;
#1493 = LINE ( 'NONE', #818, #1105 ) ;
#1494 = CARTESIAN_POINT ( 'NONE',  ( 6.079999999999998295, 3.000000000000002220, -1.000000000000000888 ) ) ;
#1495 = EDGE_CURVE ( 'NONE', #2505, #1068, #889, .T. ) ;
#1496 = VERTEX_POINT ( 'NONE', #195 ) ;
#1497 =( NAMED_UNIT ( * ) SI_UNIT ( $, .STERADIAN. ) SOLID_ANGLE_UNIT ( ) );
#1498 = CARTESIAN_POINT ( 'NONE',  ( -2.259999999999994902, 18.10000000000000853, -7.025483399593909439 ) ) ;
#1499 = ORIENTED_EDGE ( 'NONE', *, *, #2071, .T. ) ;
#1500 = CARTESIAN_POINT ( 'NONE',  ( 20.04000000000000981, 18.40000000000000568, -2.500000000000000444 ) ) ;
#1501 = EDGE_CURVE ( 'NONE', #596, #1756, #3059, .T. ) ;
#1502 = CARTESIAN_POINT ( 'NONE',  ( -0.6599999999999973666, 8.300000000000000711, -1.000000000000000888 ) ) ;
#1503 = VERTEX_POINT ( 'NONE', #2073 ) ;
#1504 = ORIENTED_EDGE ( 'NONE', *, *, #2880, .T. ) ;
#1505 = UNCERTAINTY_MEASURE_WITH_UNIT (LENGTH_MEASURE( 1.000000000000000082E-05 ), #2853, 'distance_accuracy_value', 'NONE');
#1506 = ORIENTED_EDGE ( 'NONE', *, *, #2988, .T. ) ;
#1507 = VERTEX_POINT ( 'NONE', #664 ) ;
#1508 = CARTESIAN_POINT ( 'NONE',  ( 13.25000000000000000, 1.070387452379277943E-15, 0.4000000000000000222 ) ) ;
#1509 = LINE ( 'NONE', #538, #1549 ) ;
#1510 = CARTESIAN_POINT ( 'NONE',  ( -0.7500000000000000000, -4.250000000000000000, 0.4000000000000000222 ) ) ;
#1511 = ORIENTED_EDGE ( 'NONE', *, *, #420, .T. ) ;
#1512 = EDGE_CURVE ( 'NONE', #1373, #2498, #1830, .T. ) ;
#1513 = ORIENTED_EDGE ( 'NONE', *, *, #487, .F. ) ;
#1514 = ORIENTED_EDGE ( 'NONE', *, *, #1248, .F. ) ;
#1515 = CARTESIAN_POINT ( 'NONE',  ( 4.080000000000000071, 3.000000000000000444, 0.4000000000000000222 ) ) ;
#1516 = CARTESIAN_POINT ( 'NONE',  ( -2.259999999999994458, 18.40000000000000568, -1.000000000000000888 ) ) ;
#1517 = EDGE_LOOP ( 'NONE', ( #2512, #1602, #1657, #1164 ) ) ;
#1518 = CARTESIAN_POINT ( 'NONE',  ( 6.079999999999998295, 3.000000000000002220, -1.000000000000000888 ) ) ;
#1519 = EDGE_LOOP ( 'NONE', ( #1228, #737, #1221, #1045, #479, #2248, #1951, #1758 ) ) ;
#1520 = CARTESIAN_POINT ( 'NONE',  ( 11.70000000000000284, 3.000000000000001332, -1.000000000000000888 ) ) ;
#1521 = ORIENTED_EDGE ( 'NONE', *, *, #2359, .T. ) ;
#1522 = EDGE_LOOP ( 'NONE', ( #2790, #2451, #265, #1339 ) ) ;
#1523 = EDGE_CURVE ( 'NONE', #2852, #851, #3031, .T. ) ;
#1524 = ORIENTED_EDGE ( 'NONE', *, *, #2226, .T. ) ;
#1525 = ORIENTED_EDGE ( 'NONE', *, *, #2697, .T. ) ;
#1526 = CARTESIAN_POINT ( 'NONE',  ( 2.250000000000000444, 3.000000000000000000, 0.4000000000000000222 ) ) ;
#1527 = FILL_AREA_STYLE ('',( #2002 ) ) ;
#1528 = CARTESIAN_POINT ( 'NONE',  ( 17.02999999999999758, -4.249999999999997335, 0.4000000000000000222 ) ) ;
#1529 = CARTESIAN_POINT ( 'NONE',  ( 11.70000000000000284, 3.000000000000001332, -1.000000000000000888 ) ) ;
#1530 = ORIENTED_EDGE ( 'NONE', *, *, #1931, .F. ) ;
#1531 = VERTEX_POINT ( 'NONE', #2788 ) ;
#1532 = DIRECTION ( 'NONE',  ( -0.000000000000000000, -0.000000000000000000, -1.000000000000000000 ) ) ;
#1533 = EDGE_CURVE ( 'NONE', #916, #473, #680, .T. ) ;
#1534 = CARTESIAN_POINT ( 'NONE',  ( 20.04000000000000625, 20.25000000000000000, -2.500000000000000444 ) ) ;
#1535 = ORIENTED_EDGE ( 'NONE', *, *, #2903, .T. ) ;
#1536 = EDGE_CURVE ( 'NONE', #291, #2068, #1378, .T. ) ;
#1537 = LINE ( 'NONE', #1996, #1541 ) ;
#1538 = EDGE_CURVE ( 'NONE', #1681, #1193, #692, .T. ) ;
#1539 = CARTESIAN_POINT ( 'NONE',  ( 12.15000000000000213, 9.356763044730696353E-16, 0.4000000000000000222 ) ) ;
#1540 = ORIENTED_EDGE ( 'NONE', *, *, #906, .T. ) ;
#1541 = VECTOR ( 'NONE', #545, 1000.000000000000000 ) ;
#1542 = ORIENTED_EDGE ( 'NONE', *, *, #982, .T. ) ;
#1543 = EDGE_CURVE ( 'NONE', #994, #380, #1945, .T. ) ;
#1544 = DIRECTION ( 'NONE',  ( -0.000000000000000000, -0.000000000000000000, -1.000000000000000000 ) ) ;
#1545 = VECTOR ( 'NONE', #2766, 1000.000000000000000 ) ;
#1546 = VECTOR ( 'NONE', #2558, 1000.000000000000000 ) ;
#1547 = ORIENTED_EDGE ( 'NONE', *, *, #2431, .F. ) ;
#1548 = STYLED_ITEM ( 'NONE', ( #1656 ), #2456 ) ;
#1549 = VECTOR ( 'NONE', #1057, 1000.000000000000000 ) ;
#1550 = DIRECTION ( 'NONE',  ( 1.084202172485496940E-15, -1.000000000000000000, 0.000000000000000000 ) ) ;
#1551 = CARTESIAN_POINT ( 'NONE',  ( 6.079999999999998295, 3.000000000000002220, -1.000000000000000888 ) ) ;
#1552 = EDGE_CURVE ( 'NONE', #2647, #2711, #1925, .T. ) ;
#1553 = VECTOR ( 'NONE', #2578, 1000.000000000000000 ) ;
#1554 = ORIENTED_EDGE ( 'NONE', *, *, #2939, .F. ) ;
#1555 = DIRECTION ( 'NONE',  ( 1.084202172485496940E-15, 1.000000000000000000, -0.000000000000000000 ) ) ;
#1556 = LINE ( 'NONE', #1498, #1640 ) ;
#1557 = ORIENTED_EDGE ( 'NONE', *, *, #450, .F. ) ;
#1558 = CARTESIAN_POINT ( 'NONE',  ( 20.04000000000000981, 14.60000000000001386, -1.000000000000000888 ) ) ;
#1559 = ORIENTED_EDGE ( 'NONE', *, *, #32, .F. ) ;
#1560 = LINE ( 'NONE', #1998, #445 ) ;
#1561 = EDGE_CURVE ( 'NONE', #27, #916, #1203, .T. ) ;
#1562 = VERTEX_POINT ( 'NONE', #1698 ) ;
#1563 = LINE ( 'NONE', #1325, #217 ) ;
#1564 = CARTESIAN_POINT ( 'NONE',  ( 0.000000000000000000, 0.000000000000000000, -0.4000000000000000222 ) ) ;
#1565 = DIRECTION ( 'NONE',  ( 0.000000000000000000, 0.000000000000000000, 1.000000000000000000 ) ) ;
#1566 = ORIENTED_EDGE ( 'NONE', *, *, #1501, .T. ) ;
#1567 = ORIENTED_EDGE ( 'NONE', *, *, #2464, .T. ) ;
#1568 = ORIENTED_EDGE ( 'NONE', *, *, #1875, .F. ) ;
#1569 = DIRECTION ( 'NONE',  ( -1.000000000000000000, 0.000000000000000000, 0.000000000000000000 ) ) ;
#1570 = CARTESIAN_POINT ( 'NONE',  ( 6.079999999999999183, 1.923156973906258138E-16, -0.4000000000000000222 ) ) ;
#1571 = DIRECTION ( 'NONE',  ( -1.000000000000000000, -4.336808689942016158E-15, -0.000000000000000000 ) ) ;
#1572 = LINE ( 'NONE', #1224, #198 ) ;
#1573 = ORIENTED_EDGE ( 'NONE', *, *, #1318, .T. ) ;
#1574 = FACE_OUTER_BOUND ( 'NONE', #2435, .T. ) ;
#1575 = DIRECTION ( 'NONE',  ( 0.000000000000000000, 0.000000000000000000, -1.000000000000000000 ) ) ;
#1576 = CARTESIAN_POINT ( 'NONE',  ( 18.52999999999999758, 3.000000000000001776, 0.4000000000000000222 ) ) ;
#1577 = ORIENTED_EDGE ( 'NONE', *, *, #2272, .T. ) ;
#1578 = EDGE_LOOP ( 'NONE', ( #350, #2440, #2023, #1140 ) ) ;
#1579 = CARTESIAN_POINT ( 'NONE',  ( 0.000000000000000000, 0.000000000000000000, -2.500000000000000444 ) ) ;
#1580 = DIRECTION ( 'NONE',  ( -0.000000000000000000, -0.000000000000000000, 1.000000000000000000 ) ) ;
#1581 = SURFACE_STYLE_FILL_AREA ( #645 ) ;
#1582 = LINE ( 'NONE', #3048, #2238 ) ;
#1583 = VERTEX_POINT ( 'NONE', #2618 ) ;
#1584 = CARTESIAN_POINT ( 'NONE',  ( -2.259999999999994458, 20.25000000000000711, -2.500000000000000444 ) ) ;
#1585 = EDGE_CURVE ( 'NONE', #392, #58, #2173, .T. ) ;
#1586 = VERTEX_POINT ( 'NONE', #290 ) ;
#1587 = VECTOR ( 'NONE', #1822, 1000.000000000000000 ) ;
#1588 = DIRECTION ( 'NONE',  ( 1.000000000000000000, 0.000000000000000000, 0.000000000000000000 ) ) ;
#1589 = VECTOR ( 'NONE', #1078, 1000.000000000000000 ) ;
#1590 = LINE ( 'NONE', #2543, #616 ) ;
#1591 = VECTOR ( 'NONE', #669, 1000.000000000000000 ) ;
#1592 = VECTOR ( 'NONE', #987, 1000.000000000000000 ) ;
#1593 = EDGE_CURVE ( 'NONE', #2156, #1757, #1426, .T. ) ;
#1594 = ORIENTED_EDGE ( 'NONE', *, *, #2761, .T. ) ;
#1595 = DIRECTION ( 'NONE',  ( 1.000000000000000000, 0.000000000000000000, 0.000000000000000000 ) ) ;
#1596 = LINE ( 'NONE', #426, #209 ) ;
#1597 = ORIENTED_EDGE ( 'NONE', *, *, #1828, .T. ) ;
#1598 = AXIS2_PLACEMENT_3D ( 'NONE', #2092, #1417, #3051 ) ;
#1599 = LINE ( 'NONE', #678, #2029 ) ;
#1600 = DIRECTION ( 'NONE',  ( -9.130123557772670060E-16, -1.000000000000000000, -0.000000000000000000 ) ) ;
#1601 = EDGE_CURVE ( 'NONE', #840, #335, #1229, .T. ) ;
#1602 = ORIENTED_EDGE ( 'NONE', *, *, #2739, .F. ) ;
#1603 = CARTESIAN_POINT ( 'NONE',  ( -2.259999999999994458, 18.40000000000000568, -1.000000000000000888 ) ) ;
#1604 = EDGE_CURVE ( 'NONE', #2740, #837, #960, .T. ) ;
#1605 = CARTESIAN_POINT ( 'NONE',  ( -2.259999999999998010, 3.000000000000006217, 1.999999999999999556 ) ) ;
#1606 = DIRECTION ( 'NONE',  ( -1.000000000000000000, -2.040851148208008245E-16, 0.000000000000000000 ) ) ;
#1607 = EDGE_LOOP ( 'NONE', ( #2183, #2500 ) ) ;
#1608 = CARTESIAN_POINT ( 'NONE',  ( 11.70000000000000284, 4.500000000000000000, -2.500000000000000444 ) ) ;
#1609 = CARTESIAN_POINT ( 'NONE',  ( 8.889999999999998792, 16.75000000000000000, -7.025483399593909439 ) ) ;
#1610 = CARTESIAN_POINT ( 'NONE',  ( 10.49000000000000021, 3.000000000000002220, -1.000000000000000888 ) ) ;
#1611 = CARTESIAN_POINT ( 'NONE',  ( 4.080000000000000071, -5.261366243884495090E-17, 0.4000000000000000222 ) ) ;
#1612 = EDGE_CURVE ( 'NONE', #1841, #1709, #2347, .T. ) ;
#1613 = ORIENTED_EDGE ( 'NONE', *, *, #1786, .T. ) ;
#1614 = LINE ( 'NONE', #948, #2087 ) ;
#1615 = ADVANCED_FACE ( 'NONE', ( #2845 ), #542, .F. ) ;
#1616 = LINE ( 'NONE', #713, #2484 ) ;
#1617 = CARTESIAN_POINT ( 'NONE',  ( 20.04000000000000981, 18.40000000000000568, -1.000000000000000888 ) ) ;
#1618 = EDGE_LOOP ( 'NONE', ( #179, #1511, #2836, #1524 ) ) ;
#1619 = CARTESIAN_POINT ( 'NONE',  ( 20.04000000000000981, 14.60000000000001386, -2.500000000000000444 ) ) ;
#1620 = CARTESIAN_POINT ( 'NONE',  ( 17.03000000000000114, 1.993724989011891241E-15, 0.4000000000000000222 ) ) ;
#1621 = EDGE_LOOP ( 'NONE', ( #971, #986, #141, #1252 ) ) ;
#1622 = DIRECTION ( 'NONE',  ( 0.3420201433256626067, 0.9396926207859105373, -0.000000000000000000 ) ) ;
#1623 = CIRCLE ( 'NONE', #1415, 1.625000000000008438 ) ;
#1624 = CARTESIAN_POINT ( 'NONE',  ( 8.889999999999998792, 16.75000000000000000, -2.500000000000000444 ) ) ;
#1625 = DIRECTION ( 'NONE',  ( -2.011273595335428326E-16, -1.000000000000000000, 0.000000000000000000 ) ) ;
#1626 = DIRECTION ( 'NONE',  ( -1.000000000000000000, -9.130123557772668088E-16, 0.000000000000000000 ) ) ;
#1627 = LINE ( 'NONE', #2327, #416 ) ;
#1628 = VECTOR ( 'NONE', #1241, 1000.000000000000000 ) ;
#1629 = VECTOR ( 'NONE', #888, 1000.000000000000000 ) ;
#1630 = EDGE_CURVE ( 'NONE', #246, #2606, #2373, .T. ) ;
#1631 = PLANE ( 'NONE',  #2780 ) ;
#1632 = DIRECTION ( 'NONE',  ( -1.000000000000000000, 0.000000000000000000, 0.000000000000000000 ) ) ;
#1633 = VECTOR ( 'NONE', #2291, 1000.000000000000000 ) ;
#1634 = AXIS2_PLACEMENT_3D ( 'NONE', #897, #1595, #2317 ) ;
#1635 = VECTOR ( 'NONE', #935, 1000.000000000000000 ) ;
#1636 = EDGE_CURVE ( 'NONE', #590, #1286, #2142, .T. ) ;
#1637 = VECTOR ( 'NONE', #187, 1000.000000000000000 ) ;
#1638 = PRESENTATION_STYLE_ASSIGNMENT (( #701 ) ) ;
#1639 = CARTESIAN_POINT ( 'NONE',  ( 20.04000000000000981, 18.10000000000000853, -1.000000000000000888 ) ) ;
#1640 = VECTOR ( 'NONE', #2246, 1000.000000000000000 ) ;
#1641 = DIRECTION ( 'NONE',  ( -1.000000000000000000, 2.011273595335428326E-16, 0.000000000000000000 ) ) ;
#1642 = DIRECTION ( 'NONE',  ( 0.000000000000000000, 1.000000000000000000, 0.000000000000000000 ) ) ;
#1643 = ORIENTED_EDGE ( 'NONE', *, *, #2400, .F. ) ;
#1644 = DIRECTION ( 'NONE',  ( 2.011273595335428326E-16, 1.000000000000000000, -0.000000000000000000 ) ) ;
#1645 = EDGE_CURVE ( 'NONE', #1304, #1292, #30, .T. ) ;
#1646 = CARTESIAN_POINT ( 'NONE',  ( 18.43999999999999773, 8.299999999999998934, -1.000000000000000888 ) ) ;
#1647 = LINE ( 'NONE', #1894, #359 ) ;
#1648 = EDGE_CURVE ( 'NONE', #3036, #1068, #2387, .T. ) ;
#1649 = CYLINDRICAL_SURFACE ( 'NONE', #1429, 1.625000000000008438 ) ;
#1650 = CARTESIAN_POINT ( 'NONE',  ( 12.42297767569964861, -4.999999999999999112, 0.4000000000000000222 ) ) ;
#1651 = EDGE_CURVE ( 'NONE', #1719, #596, #2600, .T. ) ;
#1652 = PLANE ( 'NONE',  #1476 ) ;
#1653 = DIRECTION ( 'NONE',  ( 1.000000000000000000, 0.000000000000000000, 0.000000000000000000 ) ) ;
#1654 = EDGE_CURVE ( 'NONE', #2711, #2905, #1910, .T. ) ;
#1655 = CARTESIAN_POINT ( 'NONE',  ( -0.6599999999999939249, 14.60000000000001386, -1.000000000000000888 ) ) ;
#1656 = PRESENTATION_STYLE_ASSIGNMENT (( #2838 ) ) ;
#1657 = ORIENTED_EDGE ( 'NONE', *, *, #2804, .T. ) ;
#1658 = LINE ( 'NONE', #1893, #254 ) ;
#1659 = PLANE ( 'NONE',  #1483 ) ;
#1660 = DIRECTION ( 'NONE',  ( 1.000000000000000000, -3.111611616101895994E-16, 0.000000000000000000 ) ) ;
#1661 = ORIENTED_EDGE ( 'NONE', *, *, #2235, .T. ) ;
#1662 = CARTESIAN_POINT ( 'NONE',  ( 2.250000000000000444, 0.000000000000000000, 0.4000000000000000222 ) ) ;
#1663 = VERTEX_POINT ( 'NONE', #761 ) ;
#1664 = MECHANICAL_DESIGN_GEOMETRIC_PRESENTATION_REPRESENTATION (  '', ( #2110 ), #2405 ) ;
#1665 = LINE ( 'NONE', #2375, #547 ) ;
#1666 = ADVANCED_FACE ( 'NONE', ( #2632 ), #744, .F. ) ;
#1667 = DIRECTION ( 'NONE',  ( 0.9396926207859103153, 0.3420201433256636059, -0.000000000000000000 ) ) ;
#1668 = ORIENTED_EDGE ( 'NONE', *, *, #1196, .F. ) ;
#1669 = EDGE_CURVE ( 'NONE', #1038, #2448, #1414, .T. ) ;
#1670 = CARTESIAN_POINT ( 'NONE',  ( 7.289999999999996483, 16.75000000000000000, 1.999999999999999556 ) ) ;
#1671 = LINE ( 'NONE', #3053, #858 ) ;
#1672 = CARTESIAN_POINT ( 'NONE',  ( 20.04000000000000981, 14.60000000000001386, -1.000000000000000888 ) ) ;
#1673 = CLOSED_SHELL ( 'NONE', ( #1269, #2754, #2969, #1119, #2864, #2792, #470, #74, #2103, #2928, #2112, #2441, #1111, #1281, #2385, #580, #785, #154, #677, #827 ) ) ;
#1674 = CARTESIAN_POINT ( 'NONE',  ( 0.7500000000000000000, 0.000000000000000000, -0.4000000000000000222 ) ) ;
#1675 = CARTESIAN_POINT ( 'NONE',  ( -0.6599999999999973666, 8.300000000000000711, -1.000000000000000888 ) ) ;
#1676 = ORIENTED_EDGE ( 'NONE', *, *, #2338, .T. ) ;
#1677 = DIRECTION ( 'NONE',  ( 0.000000000000000000, -0.000000000000000000, 1.000000000000000000 ) ) ;
#1678 = VECTOR ( 'NONE', #2122, 1000.000000000000000 ) ;
#1679 = MECHANICAL_DESIGN_GEOMETRIC_PRESENTATION_REPRESENTATION (  '', ( #3034 ), #1738 ) ;
#1680 = EDGE_LOOP ( 'NONE', ( #2415, #2935, #965, #1567, #618, #833 ) ) ;
#1681 = VERTEX_POINT ( 'NONE', #2155 ) ;
#1682 = MECHANICAL_DESIGN_GEOMETRIC_PRESENTATION_REPRESENTATION (  '', ( #1299 ), #2420 ) ;
#1683 = AXIS2_PLACEMENT_3D ( 'NONE', #434, #625, #2301 ) ;
#1684 = LINE ( 'NONE', #2622, #208 ) ;
#1685 = DIRECTION ( 'NONE',  ( -1.000000000000000000, 1.084202172485496940E-15, 0.000000000000000000 ) ) ;
#1686 = VECTOR ( 'NONE', #2878, 1000.000000000000000 ) ;
#1687 = EDGE_CURVE ( 'NONE', #2217, #2591, #45, .T. ) ;
#1688 = ORIENTED_EDGE ( 'NONE', *, *, #639, .F. ) ;
#1689 = UNCERTAINTY_MEASURE_WITH_UNIT (LENGTH_MEASURE( 1.000000000000000082E-05 ), #2346, 'distance_accuracy_value', 'NONE');
#1690 = ORIENTED_EDGE ( 'NONE', *, *, #991, .T. ) ;
#1691 = LINE ( 'NONE', #1452, #703 ) ;
#1692 =( LENGTH_UNIT ( ) NAMED_UNIT ( * ) SI_UNIT ( .MILLI., .METRE. ) );
#1693 = ORIENTED_EDGE ( 'NONE', *, *, #1428, .F. ) ;
#1694 = DIRECTION ( 'NONE',  ( -1.000000000000000000, 2.168404344970993880E-15, 0.000000000000000000 ) ) ;
#1695 = FACE_OUTER_BOUND ( 'NONE', #384, .T. ) ;
#1696 = ORIENTED_EDGE ( 'NONE', *, *, #1201, .T. ) ;
#1697 = LINE ( 'NONE', #1202, #2820 ) ;
#1698 = CARTESIAN_POINT ( 'NONE',  ( -2.260000000000005116, 4.500000000000001776, -1.000000000000000888 ) ) ;
#1699 = ORIENTED_EDGE ( 'NONE', *, *, #2508, .F. ) ;
#1700 = CARTESIAN_POINT ( 'NONE',  ( 13.70000000000000107, 1.125496558340909036E-15, -0.4000000000000000222 ) ) ;
#1701 = EDGE_CURVE ( 'NONE', #896, #1995, #1040, .T. ) ;
#1702 = CARTESIAN_POINT ( 'NONE',  ( 20.04000000000000625, 20.25000000000000000, 1.999999999999999556 ) ) ;
#1703 = VERTEX_POINT ( 'NONE', #615 ) ;
#1704 = ORIENTED_EDGE ( 'NONE', *, *, #321, .T. ) ;
#1705 = DIRECTION ( 'NONE',  ( 0.000000000000000000, 0.000000000000000000, -1.000000000000000000 ) ) ;
#1706 = LINE ( 'NONE', #2220, #1737 ) ;
#1707 = CARTESIAN_POINT ( 'NONE',  ( -0.6599999999999973666, 4.500000000000001776, -1.000000000000000888 ) ) ;
#1708 = PLANE ( 'NONE',  #706 ) ;
#1709 = VERTEX_POINT ( 'NONE', #1957 ) ;
#1710 = ORIENTED_EDGE ( 'NONE', *, *, #1723, .T. ) ;
#1711 = FACE_OUTER_BOUND ( 'NONE', #2721, .T. ) ;
#1712 = DIRECTION ( 'NONE',  ( -0.000000000000000000, -0.000000000000000000, -1.000000000000000000 ) ) ;
#1713 = EDGE_LOOP ( 'NONE', ( #2978, #2694, #19, #295 ) ) ;
#1714 = FACE_OUTER_BOUND ( 'NONE', #1328, .T. ) ;
#1715 = DIRECTION ( 'NONE',  ( 0.000000000000000000, 0.000000000000000000, -1.000000000000000000 ) ) ;
#1716 = ORIENTED_EDGE ( 'NONE', *, *, #2619, .T. ) ;
#1717 = VERTEX_POINT ( 'NONE', #2225 ) ;
#1718 = UNCERTAINTY_MEASURE_WITH_UNIT (LENGTH_MEASURE( 1.000000000000000082E-05 ), #1692, 'distance_accuracy_value', 'NONE');
#1719 = VERTEX_POINT ( 'NONE', #379 ) ;
#1720 = LINE ( 'NONE', #2427, #2815 ) ;
#1721 = VECTOR ( 'NONE', #1442, 1000.000000000000000 ) ;
#1722 = SURFACE_STYLE_FILL_AREA ( #1527 ) ;
#1723 = EDGE_CURVE ( 'NONE', #1809, #1981, #1750, .T. ) ;
#1724 = LINE ( 'NONE', #1987, #2421 ) ;
#1725 = CARTESIAN_POINT ( 'NONE',  ( -0.7500000000000000000, -4.250000000000000000, 0.4000000000000000222 ) ) ;
#1726 = EDGE_CURVE ( 'NONE', #1809, #1330, #1556, .T. ) ;
#1727 = ORIENTED_EDGE ( 'NONE', *, *, #1851, .T. ) ;
#1728 = DIRECTION ( 'NONE',  ( 0.000000000000000000, -0.000000000000000000, -1.000000000000000000 ) ) ;
#1729 = CARTESIAN_POINT ( 'NONE',  ( -2.259999999999994458, 20.25000000000000711, 1.999999999999999556 ) ) ;
#1730 = VECTOR ( 'NONE', #2390, 1000.000000000000000 ) ;
#1731 = ORIENTED_EDGE ( 'NONE', *, *, #2071, .F. ) ;
#1732 = ORIENTED_EDGE ( 'NONE', *, *, #2508, .T. ) ;
#1733 = VECTOR ( 'NONE', #873, 1000.000000000000000 ) ;
#1734 = COLOUR_RGB ( '',0.7921568627450980005, 0.8196078431372548767, 0.9333333333333333481 ) ;
#1735 = LINE ( 'NONE', #1500, #1425 ) ;
#1736 = FACE_OUTER_BOUND ( 'NONE', #1522, .T. ) ;
#1737 = VECTOR ( 'NONE', #354, 1000.000000000000000 ) ;
#1738 =( GEOMETRIC_REPRESENTATION_CONTEXT ( 3 ) GLOBAL_UNCERTAINTY_ASSIGNED_CONTEXT ( ( #649 ) ) GLOBAL_UNIT_ASSIGNED_CONTEXT ( ( #1474, #80, #63 ) ) REPRESENTATION_CONTEXT ( 'NONE', 'WORKASPACE' ) );
#1739 = VERTEX_POINT ( 'NONE', #2434 ) ;
#1740 = ORIENTED_EDGE ( 'NONE', *, *, #1372, .F. ) ;
#1741 = LINE ( 'NONE', #752, #2982 ) ;
#1742 = VECTOR ( 'NONE', #375, 1000.000000000000000 ) ;
#1743 = LINE ( 'NONE', #2186, #1795 ) ;
#1744 = VECTOR ( 'NONE', #857, 1000.000000000000000 ) ;
#1745 = CARTESIAN_POINT ( 'NONE',  ( -0.6599999999999969225, 16.50000000000000711, -7.025483399593909439 ) ) ;
#1746 = DIRECTION ( 'NONE',  ( 0.000000000000000000, 0.000000000000000000, -1.000000000000000000 ) ) ;
#1747 = ORIENTED_EDGE ( 'NONE', *, *, #2939, .T. ) ;
#1748 = CARTESIAN_POINT ( 'NONE',  ( 11.70000000000000284, 3.000000000000001332, 0.4000000000000000222 ) ) ;
#1749 = ORIENTED_EDGE ( 'NONE', *, *, #2539, .T. ) ;
#1750 = LINE ( 'NONE', #1306, #2088 ) ;
#1751 = EDGE_CURVE ( 'NONE', #2496, #25, #2963, .T. ) ;
#1752 = DIRECTION ( 'NONE',  ( 0.000000000000000000, 0.000000000000000000, -1.000000000000000000 ) ) ;
#1753 = DIRECTION ( 'NONE',  ( 1.000000000000000000, 0.000000000000000000, 0.000000000000000000 ) ) ;
#1754 = ORIENTED_EDGE ( 'NONE', *, *, #224, .T. ) ;
#1755 = EDGE_CURVE ( 'NONE', #655, #2795, #2980, .T. ) ;
#1756 = VERTEX_POINT ( 'NONE', #2025 ) ;
#1757 = VERTEX_POINT ( 'NONE', #2705 ) ;
#1758 = ORIENTED_EDGE ( 'NONE', *, *, #1645, .T. ) ;
#1759 = CARTESIAN_POINT ( 'NONE',  ( 18.43999999999999773, 8.299999999999998934, -2.500000000000000444 ) ) ;
#1760 = DIRECTION ( 'NONE',  ( 1.000000000000000000, -0.000000000000000000, -0.000000000000000000 ) ) ;
#1761 = ADVANCED_FACE ( 'NONE', ( #1320 ), #136, .T. ) ;
#1762 = DIRECTION ( 'NONE',  ( -1.000000000000000000, 0.000000000000000000, 0.000000000000000000 ) ) ;
#1763 = CARTESIAN_POINT ( 'NONE',  ( 12.15000000000000213, -4.249999999999999112, 0.4000000000000000222 ) ) ;
#1764 = ORIENTED_EDGE ( 'NONE', *, *, #1585, .T. ) ;
#1765 = ADVANCED_FACE ( 'NONE', ( #1768 ), #824, .F. ) ;
#1766 = ORIENTED_EDGE ( 'NONE', *, *, #1025, .F. ) ;
#1767 = LINE ( 'NONE', #2722, #1187 ) ;
#1768 = FACE_OUTER_BOUND ( 'NONE', #2511, .T. ) ;
#1769 = ORIENTED_EDGE ( 'NONE', *, *, #2739, .T. ) ;
#1770 = FACE_OUTER_BOUND ( 'NONE', #2946, .T. ) ;
#1771 = CARTESIAN_POINT ( 'NONE',  ( -0.7499999999999997780, 2.999999999999999556, 0.4000000000000000222 ) ) ;
#1772 = EDGE_LOOP ( 'NONE', ( #397, #51, #2187, #732 ) ) ;
#1773 = VERTEX_POINT ( 'NONE', #2906 ) ;
#1774 = ORIENTED_EDGE ( 'NONE', *, *, #1923, .F. ) ;
#1775 = ORIENTED_EDGE ( 'NONE', *, *, #2054, .F. ) ;
#1776 = CARTESIAN_POINT ( 'NONE',  ( -2.259999999999998010, 3.000000000000006217, 1.999999999999999556 ) ) ;
#1777 = AXIS2_PLACEMENT_3D ( 'NONE', #2407, #2423, #764 ) ;
#1778 = DIRECTION ( 'NONE',  ( -0.000000000000000000, -0.000000000000000000, -1.000000000000000000 ) ) ;
#1779 = PLANE ( 'NONE',  #1792 ) ;
#1780 = ORIENTED_EDGE ( 'NONE', *, *, #891, .T. ) ;
#1781 = ORIENTED_EDGE ( 'NONE', *, *, #2590, .T. ) ;
#1782 = LINE ( 'NONE', #1994, #1887 ) ;
#1783 = EDGE_CURVE ( 'NONE', #365, #772, #327, .T. ) ;
#1784 = VERTEX_POINT ( 'NONE', #2453 ) ;
#1785 = CARTESIAN_POINT ( 'NONE',  ( 13.70000000000000107, 1.125496558340909036E-15, 0.4000000000000000222 ) ) ;
#1786 = EDGE_CURVE ( 'NONE', #1447, #333, #1265, .T. ) ;
#1787 = DIRECTION ( 'NONE',  ( 1.000000000000000000, 4.336808689942016158E-15, 0.000000000000000000 ) ) ;
#1788 = VERTEX_POINT ( 'NONE', #117 ) ;
#1789 = AXIS2_PLACEMENT_3D ( 'NONE', #763, #1448, #1416 ) ;
#1790 = ORIENTED_EDGE ( 'NONE', *, *, #407, .T. ) ;
#1791 = CARTESIAN_POINT ( 'NONE',  ( 13.25000000000000000, 1.070387452379277943E-15, -0.4000000000000000222 ) ) ;
#1792 = AXIS2_PLACEMENT_3D ( 'NONE', #1247, #78, #2081 ) ;
#1793 = AXIS2_PLACEMENT_3D ( 'NONE', #1216, #1909, #1885 ) ;
#1794 = EDGE_CURVE ( 'NONE', #378, #403, #2262, .T. ) ;
#1795 = VECTOR ( 'NONE', #337, 1000.000000000000000 ) ;
#1796 = VECTOR ( 'NONE', #1797, 1000.000000000000227 ) ;
#1797 = DIRECTION ( 'NONE',  ( 0.3420201433256626067, 0.9396926207859105373, -0.000000000000000000 ) ) ;
#1798 = CARTESIAN_POINT ( 'NONE',  ( 13.25000000000000178, -4.249999999999999112, -0.4000000000000000222 ) ) ;
#1799 = EDGE_LOOP ( 'NONE', ( #613, #2439, #2532, #1295 ) ) ;
#1800 = AXIS2_PLACEMENT_3D ( 'NONE', #2060, #2812, #1869 ) ;
#1801 = ORIENTED_EDGE ( 'NONE', *, *, #2157, .T. ) ;
#1802 = DIRECTION ( 'NONE',  ( -1.000000000000000000, 2.011273595335428326E-16, 0.000000000000000000 ) ) ;
#1803 = CARTESIAN_POINT ( 'NONE',  ( 10.51500000000000767, 16.75000000000000000, -1.000000000000000888 ) ) ;
#1804 = ORIENTED_EDGE ( 'NONE', *, *, #2627, .T. ) ;
#1805 = CARTESIAN_POINT ( 'NONE',  ( -2.260000000000005116, 4.500000000000001776, -1.000000000000000888 ) ) ;
#1806 = ORIENTED_EDGE ( 'NONE', *, *, #374, .F. ) ;
#1807 = DIRECTION ( 'NONE',  ( -0.000000000000000000, -1.000000000000000000, -0.000000000000000000 ) ) ;
#1808 = ORIENTED_EDGE ( 'NONE', *, *, #317, .T. ) ;
#1809 = VERTEX_POINT ( 'NONE', #1026 ) ;
#1810 = CARTESIAN_POINT ( 'NONE',  ( 4.080000000000000071, 3.000000000000000444, -0.4000000000000000222 ) ) ;
#1811 = PLANE ( 'NONE',  #120 ) ;
#1812 = FACE_OUTER_BOUND ( 'NONE', #1256, .T. ) ;
#1813 = EDGE_LOOP ( 'NONE', ( #1062, #1263, #561, #190, #1407, #2888, #2067, #1309, #1220, #2471 ) ) ;
#1814 = CARTESIAN_POINT ( 'NONE',  ( 4.530000000000001137, -4.250000000000000000, 0.4000000000000000222 ) ) ;
#1815 = CARTESIAN_POINT ( 'NONE',  ( 6.079999999999998295, 3.000000000000000444, 0.4000000000000000222 ) ) ;
#1816 = DIRECTION ( 'NONE',  ( 1.000000000000000000, 0.000000000000000000, -0.000000000000000000 ) ) ;
#1817 = CARTESIAN_POINT ( 'NONE',  ( 0.000000000000000000, 0.000000000000000000, -0.4000000000000000222 ) ) ;
#1818 = DIRECTION ( 'NONE',  ( 0.000000000000000000, 0.000000000000000000, -1.000000000000000000 ) ) ;
#1819 = CARTESIAN_POINT ( 'NONE',  ( 11.70000000000000284, 4.500000000000000000, -1.000000000000000888 ) ) ;
#1820 = CARTESIAN_POINT ( 'NONE',  ( 20.04000000000000625, 20.25000000000000000, -2.500000000000000444 ) ) ;
#1821 = CARTESIAN_POINT ( 'NONE',  ( 11.70000000000000284, 3.000000000000001332, -2.500000000000000444 ) ) ;
#1822 = DIRECTION ( 'NONE',  ( -1.000000000000000000, -1.084202172485496940E-15, 0.000000000000000000 ) ) ;
#1823 = VECTOR ( 'NONE', #2989, 1000.000000000000000 ) ;
#1824 = ORIENTED_EDGE ( 'NONE', *, *, #2728, .T. ) ;
#1825 = DIRECTION ( 'NONE',  ( 1.000000000000000000, 0.000000000000000000, 0.000000000000000000 ) ) ;
#1826 = DIRECTION ( 'NONE',  ( -1.000000000000000000, 3.111611616101895994E-16, 0.000000000000000000 ) ) ;
#1827 = EDGE_LOOP ( 'NONE', ( #2720, #2389, #185, #2621 ) ) ;
#1828 = EDGE_CURVE ( 'NONE', #1858, #2137, #1782, .T. ) ;
#1829 = CARTESIAN_POINT ( 'NONE',  ( -2.260000000000005116, 4.500000000000001776, -1.000000000000000888 ) ) ;
#1830 = LINE ( 'NONE', #929, #1877 ) ;
#1831 = EDGE_CURVE ( 'NONE', #1583, #2068, #362, .T. ) ;
#1832 = EDGE_LOOP ( 'NONE', ( #803, #1530, #2625, #1960 ) ) ;
#1833 = DIRECTION ( 'NONE',  ( 0.000000000000000000, 0.000000000000000000, -1.000000000000000000 ) ) ;
#1834 = AXIS2_PLACEMENT_3D ( 'NONE', #1785, #2026, #368 ) ;
#1835 = PRODUCT_DEFINITION ( 'UNKNOWN', '', #1088, #1114 ) ;
#1836 = AXIS2_PLACEMENT_3D ( 'NONE', #1609, #1580, #1843 ) ;
#1837 = CARTESIAN_POINT ( 'NONE',  ( -0.7499999999999997780, 2.999999999999999556, 0.4000000000000000222 ) ) ;
#1838 = MECHANICAL_DESIGN_GEOMETRIC_PRESENTATION_REPRESENTATION (  '', ( #707 ), #853 ) ;
#1839 = CARTESIAN_POINT ( 'NONE',  ( 20.04000000000000981, 14.60000000000001386, -1.000000000000000888 ) ) ;
#1840 = VECTOR ( 'NONE', #3024, 1000.000000000000000 ) ;
#1841 = VERTEX_POINT ( 'NONE', #311 ) ;
#1842 = LINE ( 'NONE', #2784, #458 ) ;
#1843 = DIRECTION ( 'NONE',  ( 1.000000000000000000, 0.000000000000000000, 0.000000000000000000 ) ) ;
#1844 = CIRCLE ( 'NONE', #215, 1.600000000000001199 ) ;
#1845 = DIRECTION ( 'NONE',  ( 0.000000000000000000, 0.000000000000000000, -1.000000000000000000 ) ) ;
#1846 = DIRECTION ( 'NONE',  ( 0.3420201433256635504, -0.9396926207859102043, -0.000000000000000000 ) ) ;
#1847 = ORIENTED_EDGE ( 'NONE', *, *, #2560, .F. ) ;
#1848 = DIRECTION ( 'NONE',  ( 0.000000000000000000, -0.000000000000000000, 1.000000000000000000 ) ) ;
#1849 = CARTESIAN_POINT ( 'NONE',  ( 20.04000000000000625, 20.25000000000000000, 1.999999999999999556 ) ) ;
#1850 = DIRECTION ( 'NONE',  ( -1.000000000000000000, 0.000000000000000000, 0.000000000000000000 ) ) ;
#1851 = EDGE_CURVE ( 'NONE', #831, #541, #1251, .T. ) ;
#1852 = ORIENTED_EDGE ( 'NONE', *, *, #50, .T. ) ;
#1853 = DIRECTION ( 'NONE',  ( 1.000000000000000000, 0.000000000000000000, 0.000000000000000000 ) ) ;
#1854 = DIRECTION ( 'NONE',  ( -1.000000000000000000, -1.224646799147355426E-16, 0.000000000000000000 ) ) ;
#1855 = EDGE_CURVE ( 'NONE', #2893, #1503, #2473, .T. ) ;
#1856 = LINE ( 'NONE', #2045, #704 ) ;
#1857 = LINE ( 'NONE', #702, #298 ) ;
#1858 = VERTEX_POINT ( 'NONE', #2743 ) ;
#1859 = ORIENTED_EDGE ( 'NONE', *, *, #913, .T. ) ;
#1860 = EDGE_LOOP ( 'NONE', ( #351, #2259, #2232, #1008, #2940, #216, #1361, #1120, #211, #588, #634, #1942, #543, #227, #2304, #1808, #418, #2007, #1191, #2251, #1716, #572, #261 ) ) ;
#1861 = DIRECTION ( 'NONE',  ( 1.000000000000000000, 0.000000000000000000, -0.000000000000000000 ) ) ;
#1862 = CARTESIAN_POINT ( 'NONE',  ( 7.264999999999989910, 16.75000000000000000, -1.000000000000000888 ) ) ;
#1863 = SURFACE_STYLE_FILL_AREA ( #724 ) ;
#1864 = ADVANCED_FACE ( 'NONE', ( #2194 ), #81, .T. ) ;
#1865 = CARTESIAN_POINT ( 'NONE',  ( 17.30297767569964762, -4.999999999999997335, 0.4000000000000000222 ) ) ;
#1866 = LINE ( 'NONE', #204, #1184 ) ;
#1867 = CARTESIAN_POINT ( 'NONE',  ( 12.15000000000000213, 9.356763044730696353E-16, 0.4000000000000000222 ) ) ;
#1868 = VECTOR ( 'NONE', #122, 1000.000000000000000 ) ;
#1869 = DIRECTION ( 'NONE',  ( -1.000000000000000000, 0.000000000000000000, -0.000000000000000000 ) ) ;
#1870 = EDGE_LOOP ( 'NONE', ( #1465, #2970, #2732, #249 ) ) ;
#1871 = ORIENTED_EDGE ( 'NONE', *, *, #2388, .F. ) ;
#1872 = ADVANCED_FACE ( 'NONE', ( #885 ), #2086, .T. ) ;
#1873 = PLANE ( 'NONE',  #1059 ) ;
#1874 = LINE ( 'NONE', #683, #802 ) ;
#1875 = EDGE_CURVE ( 'NONE', #2492, #1384, #1351, .T. ) ;
#1876 = VECTOR ( 'NONE', #3006, 1000.000000000000000 ) ;
#1877 = VECTOR ( 'NONE', #1600, 1000.000000000000000 ) ;
#1878 = LINE ( 'NONE', #1672, #2370 ) ;
#1879 = CARTESIAN_POINT ( 'NONE',  ( 12.97702232430035529, -4.999999999999999112, 0.4000000000000000222 ) ) ;
#1880 = ADVANCED_FACE ( 'NONE', ( #2507 ), #918, .F. ) ;
#1881 = VECTOR ( 'NONE', #132, 1000.000000000000000 ) ;
#1882 = PRESENTATION_LAYER_ASSIGNMENT (  '', '', ( #3034 ) ) ;
#1883 = COLOUR_RGB ( '',0.7921568627450980005, 0.8196078431372548767, 0.9333333333333333481 ) ;
#1884 = AXIS2_PLACEMENT_3D ( 'NONE', #1564, #159, #2502 ) ;
#1885 = DIRECTION ( 'NONE',  ( 1.000000000000000000, -1.445602896647340396E-16, 0.000000000000000000 ) ) ;
#1886 = CARTESIAN_POINT ( 'NONE',  ( 4.530000000000001137, 2.495443522786032481E-18, -0.4000000000000000222 ) ) ;
#1887 = VECTOR ( 'NONE', #601, 1000.000000000000000 ) ;
#1888 = DIRECTION ( 'NONE',  ( 1.000000000000000000, -2.990902544787598715E-17, 0.000000000000000000 ) ) ;
#1889 = PLANE ( 'NONE',  #2933 ) ;
#1890 = VERTEX_POINT ( 'NONE', #642 ) ;
#1891 = DIRECTION ( 'NONE',  ( -0.000000000000000000, -0.000000000000000000, -1.000000000000000000 ) ) ;
#1892 = DIRECTION ( 'NONE',  ( 9.130123557772670060E-16, 1.000000000000000000, 0.000000000000000000 ) ) ;
#1893 = CARTESIAN_POINT ( 'NONE',  ( 11.70000000000000284, 3.000000000000001332, -2.500000000000000444 ) ) ;
#1894 = CARTESIAN_POINT ( 'NONE',  ( 11.70000000000000284, 4.500000000000000000, -1.000000000000000888 ) ) ;
#1895 = PLANE ( 'NONE',  #1388 ) ;
#1896 = CARTESIAN_POINT ( 'NONE',  ( 17.03000000000000114, 1.993724989011891241E-15, 0.4000000000000000222 ) ) ;
#1897 = VERTEX_POINT ( 'NONE', #2785 ) ;
#1898 = ADVANCED_FACE ( 'NONE', ( #2548 ), #2276, .F. ) ;
#1899 = ORIENTED_EDGE ( 'NONE', *, *, #2444, .F. ) ;
#1900 = CARTESIAN_POINT ( 'NONE',  ( 18.43999999999999773, 8.299999999999998934, -1.000000000000000888 ) ) ;
#1901 = CARTESIAN_POINT ( 'NONE',  ( 6.079999999999999183, 1.923156973906258138E-16, 0.4000000000000000222 ) ) ;
#1902 = ORIENTED_EDGE ( 'NONE', *, *, #571, .F. ) ;
#1903 = DIRECTION ( 'NONE',  ( 0.000000000000000000, -1.000000000000000000, 0.000000000000000000 ) ) ;
#1904 = EDGE_CURVE ( 'NONE', #333, #288, #2295, .T. ) ;
#1905 = CARTESIAN_POINT ( 'NONE',  ( 6.079999999999998295, 4.500000000000000000, -2.500000000000000444 ) ) ;
#1906 =( NAMED_UNIT ( * ) PLANE_ANGLE_UNIT ( ) SI_UNIT ( $, .RADIAN. ) );
#1907 = CARTESIAN_POINT ( 'NONE',  ( 0.4770223243003534064, -5.000000000000000000, 0.4000000000000000222 ) ) ;
#1908 = LINE ( 'NONE', #8, #2077 ) ;
#1909 = DIRECTION ( 'NONE',  ( -1.445602896647340396E-16, -1.000000000000000000, 0.000000000000000000 ) ) ;
#1910 = LINE ( 'NONE', #277, #1245 ) ;
#1911 = ADVANCED_FACE ( 'NONE', ( #395 ), #2318, .F. ) ;
#1912 = ORIENTED_EDGE ( 'NONE', *, *, #1561, .T. ) ;
#1913 = VECTOR ( 'NONE', #2609, 1000.000000000000000 ) ;
#1914 = CARTESIAN_POINT ( 'NONE',  ( 18.43999999999999773, 8.299999999999998934, -2.500000000000000444 ) ) ;
#1915 = CARTESIAN_POINT ( 'NONE',  ( 11.70000000000000284, 3.000000000000001332, -2.500000000000000444 ) ) ;
#1916 = ORIENTED_EDGE ( 'NONE', *, *, #270, .F. ) ;
#1917 = CARTESIAN_POINT ( 'NONE',  ( -2.259999999999994458, 18.10000000000000853, -1.000000000000000888 ) ) ;
#1918 = CARTESIAN_POINT ( 'NONE',  ( 18.53000000000000469, -4.249999999999997335, 0.4000000000000000222 ) ) ;
#1919 = LINE ( 'NONE', #2870, #1913 ) ;
#1920 = DIRECTION ( 'NONE',  ( -1.000000000000000000, -1.445602896647339163E-16, 0.000000000000000000 ) ) ;
#1921 = DIRECTION ( 'NONE',  ( 0.000000000000000000, 0.000000000000000000, -1.000000000000000000 ) ) ;
#1922 = VECTOR ( 'NONE', #947, 1000.000000000000000 ) ;
#1923 = EDGE_CURVE ( 'NONE', #562, #333, #1866, .T. ) ;
#1924 = FILL_AREA_STYLE_COLOUR ( '', #2774 ) ;
#1925 = LINE ( 'NONE', #484, #1935 ) ;
#1926 = AXIS2_PLACEMENT_3D ( 'NONE', #2682, #1943, #2491 ) ;
#1927 = VECTOR ( 'NONE', #2752, 1000.000000000000000 ) ;
#1928 = ORIENTED_EDGE ( 'NONE', *, *, #720, .T. ) ;
#1929 = MECHANICAL_DESIGN_GEOMETRIC_PRESENTATION_REPRESENTATION (  '', ( #1548 ), #1150 ) ;
#1930 = VECTOR ( 'NONE', #219, 1000.000000000000000 ) ;
#1931 = EDGE_CURVE ( 'NONE', #126, #1379, #1161, .T. ) ;
#1932 = FACE_OUTER_BOUND ( 'NONE', #2139, .T. ) ;
#1933 = CARTESIAN_POINT ( 'NONE',  ( -2.259999999999994458, 18.40000000000000568, -1.000000000000000888 ) ) ;
#1934 = VECTOR ( 'NONE', #1175, 1000.000000000000000 ) ;
#1935 = VECTOR ( 'NONE', #1183, 1000.000000000000000 ) ;
#1936 = UNCERTAINTY_MEASURE_WITH_UNIT (LENGTH_MEASURE( 1.000000000000000082E-05 ), #2821, 'distance_accuracy_value', 'NONE');
#1937 = VERTEX_POINT ( 'NONE', #2797 ) ;
#1938 = FACE_OUTER_BOUND ( 'NONE', #1285, .T. ) ;
#1939 = CARTESIAN_POINT ( 'NONE',  ( 0.7500000000000000000, -4.250000000000000000, 0.4000000000000000222 ) ) ;
#1940 = SHAPE_DEFINITION_REPRESENTATION ( #485, #643 ) ;
#1941 = CARTESIAN_POINT ( 'NONE',  ( -0.6599999999999973666, 8.300000000000000711, -1.000000000000000888 ) ) ;
#1942 = ORIENTED_EDGE ( 'NONE', *, *, #264, .T. ) ;
#1943 = DIRECTION ( 'NONE',  ( -0.000000000000000000, -0.000000000000000000, 1.000000000000000000 ) ) ;
#1944 = EDGE_LOOP ( 'NONE', ( #791, #2910, #2147, #1769 ) ) ;
#1945 = LINE ( 'NONE', #2128, #2876 ) ;
#1946 = ORIENTED_EDGE ( 'NONE', *, *, #2424, .T. ) ;
#1947 = CARTESIAN_POINT ( 'NONE',  ( -2.260000000000008669, 8.300000000000002487, -1.000000000000000888 ) ) ;
#1948 = LINE ( 'NONE', #1933, #2065 ) ;
#1949 = ORIENTED_EDGE ( 'NONE', *, *, #1311, .T. ) ;
#1950 = EDGE_LOOP ( 'NONE', ( #2630, #459, #15, #1690 ) ) ;
#1951 = ORIENTED_EDGE ( 'NONE', *, *, #544, .T. ) ;
#1952 = FACE_OUTER_BOUND ( 'NONE', #2202, .T. ) ;
#1953 = EDGE_CURVE ( 'NONE', #959, #1166, #2057, .T. ) ;
#1954 = DIRECTION ( 'NONE',  ( -0.000000000000000000, -0.000000000000000000, 1.000000000000000000 ) ) ;
#1955 = LINE ( 'NONE', #1510, #2326 ) ;
#1956 = EDGE_LOOP ( 'NONE', ( #3025, #2293 ) ) ;
#1957 = CARTESIAN_POINT ( 'NONE',  ( -2.259999999999994458, 14.60000000000000675, -2.500000000000000444 ) ) ;
#1958 = CARTESIAN_POINT ( 'NONE',  ( 0.000000000000000000, 0.000000000000000000, -0.4000000000000000222 ) ) ;
#1959 = CARTESIAN_POINT ( 'NONE',  ( -0.6599999999999973666, 8.300000000000000711, -2.500000000000000444 ) ) ;
#1960 = ORIENTED_EDGE ( 'NONE', *, *, #2544, .T. ) ;
#1961 = EDGE_CURVE ( 'NONE', #1384, #1897, #2520, .T. ) ;
#1962 = ORIENTED_EDGE ( 'NONE', *, *, #2078, .T. ) ;
#1963 = CARTESIAN_POINT ( 'NONE',  ( 18.43999999999999773, 8.299999999999998934, -1.000000000000000888 ) ) ;
#1964 = LINE ( 'NONE', #536, #2822 ) ;
#1965 = EDGE_CURVE ( 'NONE', #587, #1583, #1596, .T. ) ;
#1966 = CARTESIAN_POINT ( 'NONE',  ( 18.25702232430035465, -4.999999999999997335, 0.4000000000000000222 ) ) ;
#1967 = DIRECTION ( 'NONE',  ( -1.000000000000000000, 0.000000000000000000, 0.000000000000000000 ) ) ;
#1968 = ORIENTED_EDGE ( 'NONE', *, *, #1669, .T. ) ;
#1969 = ORIENTED_EDGE ( 'NONE', *, *, #3063, .F. ) ;
#1970 = EDGE_CURVE ( 'NONE', #1507, #1158, #1104, .T. ) ;
#1971 = DIRECTION ( 'NONE',  ( -3.111611616101896487E-16, -1.000000000000000000, 0.000000000000000000 ) ) ;
#1972 = ORIENTED_EDGE ( 'NONE', *, *, #2880, .F. ) ;
#1973 = ORIENTED_EDGE ( 'NONE', *, *, #353, .F. ) ;
#1974 = VECTOR ( 'NONE', #1363, 1000.000000000000000 ) ;
#1975 = VECTOR ( 'NONE', #440, 1000.000000000000000 ) ;
#1976 = LINE ( 'NONE', #1518, #1589 ) ;
#1977 = LINE ( 'NONE', #1219, #1278 ) ;
#1978 = VECTOR ( 'NONE', #1544, 1000.000000000000000 ) ;
#1979 = ORIENTED_EDGE ( 'NONE', *, *, #1092, .F. ) ;
#1980 = VERTEX_POINT ( 'NONE', #2306 ) ;
#1981 = VERTEX_POINT ( 'NONE', #1375 ) ;
#1982 = VECTOR ( 'NONE', #1642, 1000.000000000000000 ) ;
#1983 = CARTESIAN_POINT ( 'NONE',  ( 18.43999999999999773, 8.299999999999998934, -1.000000000000000888 ) ) ;
#1984 = CIRCLE ( 'NONE', #617, 1.625000000000008438 ) ;
#1985 = PRESENTATION_STYLE_ASSIGNMENT (( #2899 ) ) ;
#1986 = EDGE_CURVE ( 'NONE', #1784, #1809, #1051, .T. ) ;
#1987 = CARTESIAN_POINT ( 'NONE',  ( 15.53000000000000114, 1.626330949267685008E-15, -0.4000000000000000222 ) ) ;
#1988 = DIRECTION ( 'NONE',  ( -0.000000000000000000, -0.000000000000000000, -1.000000000000000000 ) ) ;
#1989 = EDGE_CURVE ( 'NONE', #99, #2156, #3046, .T. ) ;
#1990 = ORIENTED_EDGE ( 'NONE', *, *, #2011, .F. ) ;
#1991 = EDGE_LOOP ( 'NONE', ( #7, #593, #807, #640 ) ) ;
#1992 = ORIENTED_EDGE ( 'NONE', *, *, #694, .F. ) ;
#1993 = CARTESIAN_POINT ( 'NONE',  ( 11.70000000000000284, 3.000000000000001332, 0.4000000000000000222 ) ) ;
#1994 = CARTESIAN_POINT ( 'NONE',  ( 0.7500000000000000000, 0.000000000000000000, 0.4000000000000000222 ) ) ;
#1995 = VERTEX_POINT ( 'NONE', #3028 ) ;
#1996 = CARTESIAN_POINT ( 'NONE',  ( -2.259999999999995790, 14.90000000000000746, -7.025483399593909439 ) ) ;
#1997 = ORIENTED_EDGE ( 'NONE', *, *, #1400, .T. ) ;
#1998 = CARTESIAN_POINT ( 'NONE',  ( 15.53000000000000114, 1.626330949267685008E-15, 0.4000000000000000222 ) ) ;
#1999 = ORIENTED_EDGE ( 'NONE', *, *, #1604, .F. ) ;
#2000 = ORIENTED_EDGE ( 'NONE', *, *, #1428, .T. ) ;
#2001 = ORIENTED_EDGE ( 'NONE', *, *, #1794, .F. ) ;
#2002 = FILL_AREA_STYLE_COLOUR ( '', #214 ) ;
#2003 = ORIENTED_EDGE ( 'NONE', *, *, #2627, .F. ) ;
#2004 = DIRECTION ( 'NONE',  ( 0.000000000000000000, 0.000000000000000000, -1.000000000000000000 ) ) ;
#2005 = LINE ( 'NONE', #2958, #2286 ) ;
#2006 = VERTEX_POINT ( 'NONE', #2559 ) ;
#2007 = ORIENTED_EDGE ( 'NONE', *, *, #2046, .T. ) ;
#2008 = DIRECTION ( 'NONE',  ( -0.000000000000000000, -0.000000000000000000, -1.000000000000000000 ) ) ;
#2009 = ORIENTED_EDGE ( 'NONE', *, *, #129, .F. ) ;
#2010 = FACE_OUTER_BOUND ( 'NONE', #437, .T. ) ;
#2011 = EDGE_CURVE ( 'NONE', #2692, #562, #452, .T. ) ;
#2012 = FACE_OUTER_BOUND ( 'NONE', #1033, .T. ) ;
#2013 = ORIENTED_EDGE ( 'NONE', *, *, #125, .T. ) ;
#2014 = ORIENTED_EDGE ( 'NONE', *, *, #2288, .F. ) ;
#2015 = VERTEX_POINT ( 'NONE', #2332 ) ;
#2016 = EDGE_CURVE ( 'NONE', #2746, #27, #3056, .T. ) ;
#2017 = DIRECTION ( 'NONE',  ( -2.449293598294707893E-16, 1.000000000000000000, 0.000000000000000000 ) ) ;
#2018 = ORIENTED_EDGE ( 'NONE', *, *, #417, .T. ) ;
#2019 = VECTOR ( 'NONE', #370, 1000.000000000000000 ) ;
#2020 = CARTESIAN_POINT ( 'NONE',  ( 13.25000000000000000, 1.070387452379277943E-15, -0.4000000000000000222 ) ) ;
#2021 = LINE ( 'NONE', #1099, #1587 ) ;
#2022 = ORIENTED_EDGE ( 'NONE', *, *, #50, .F. ) ;
#2023 = ORIENTED_EDGE ( 'NONE', *, *, #608, .F. ) ;
#2024 = CARTESIAN_POINT ( 'NONE',  ( 12.15000000000000213, 9.356763044730696353E-16, -0.4000000000000000222 ) ) ;
#2025 = CARTESIAN_POINT ( 'NONE',  ( 12.97702232430035529, -4.999999999999999112, -0.4000000000000000222 ) ) ;
#2026 = DIRECTION ( 'NONE',  ( -1.000000000000000000, 0.000000000000000000, 0.000000000000000000 ) ) ;
#2027 = LINE ( 'NONE', #2049, #1823 ) ;
#2028 = AXIS2_PLACEMENT_3D ( 'NONE', #2090, #454, #1110 ) ;
#2029 = VECTOR ( 'NONE', #169, 1000.000000000000227 ) ;
#2030 = ORIENTED_EDGE ( 'NONE', *, *, #1459, .T. ) ;
#2031 = CARTESIAN_POINT ( 'NONE',  ( -0.6599999999999939249, 14.60000000000001386, -1.000000000000000888 ) ) ;
#2032 = VECTOR ( 'NONE', #1988, 1000.000000000000000 ) ;
#2033 = AXIS2_PLACEMENT_3D ( 'NONE', #725, #1443, #2136 ) ;
#2034 = EDGE_CURVE ( 'NONE', #403, #2967, #1908, .T. ) ;
#2035 = CIRCLE ( 'NONE', #2614, 1.625000000000008438 ) ;
#2036 = AXIS2_PLACEMENT_3D ( 'NONE', #2938, #1071, #2447 ) ;
#2037 = PLANE ( 'NONE',  #1683 ) ;
#2038 = DIRECTION ( 'NONE',  ( 0.000000000000000000, 0.000000000000000000, 1.000000000000000000 ) ) ;
#2039 = VECTOR ( 'NONE', #2300, 1000.000000000000000 ) ;
#2040 = VECTOR ( 'NONE', #1283, 1000.000000000000000 ) ;
#2041 = ORIENTED_EDGE ( 'NONE', *, *, #2319, .F. ) ;
#2042 = ORIENTED_EDGE ( 'NONE', *, *, #193, .F. ) ;
#2043 = DIRECTION ( 'NONE',  ( -0.000000000000000000, -0.000000000000000000, -1.000000000000000000 ) ) ;
#2044 = CARTESIAN_POINT ( 'NONE',  ( 7.289999999999997371, 16.75000000000000000, -7.025483399593909439 ) ) ;
#2045 = CARTESIAN_POINT ( 'NONE',  ( 5.629999999999999893, -4.250000000000000000, -0.4000000000000000222 ) ) ;
#2046 = EDGE_CURVE ( 'NONE', #2891, #2223, #2354, .T. ) ;
#2047 = EDGE_LOOP ( 'NONE', ( #1804, #2242, #1766, #2801 ) ) ;
#2048 = DIRECTION ( 'NONE',  ( 0.000000000000000000, -1.000000000000000000, 0.000000000000000000 ) ) ;
#2049 = CARTESIAN_POINT ( 'NONE',  ( 4.802977675699648508, -5.000000000000000000, 0.4000000000000000222 ) ) ;
#2050 = ORIENTED_EDGE ( 'NONE', *, *, #711, .T. ) ;
#2051 = LINE ( 'NONE', #1810, #907 ) ;
#2052 = CARTESIAN_POINT ( 'NONE',  ( -0.7499999999999997780, 2.999999999999999556, 0.4000000000000000222 ) ) ;
#2053 = CARTESIAN_POINT ( 'NONE',  ( 6.079999999999998295, 3.000000000000000444, -0.4000000000000000222 ) ) ;
#2054 = EDGE_CURVE ( 'NONE', #1703, #831, #1424, .T. ) ;
#2055 = ORIENTED_EDGE ( 'NONE', *, *, #374, .T. ) ;
#2056 = LINE ( 'NONE', #2979, #555 ) ;
#2057 = LINE ( 'NONE', #439, #2364 ) ;
#2058 = DIRECTION ( 'NONE',  ( 1.000000000000000000, 0.000000000000000000, 0.000000000000000000 ) ) ;
#2059 = ORIENTED_EDGE ( 'NONE', *, *, #2523, .T. ) ;
#2060 = CARTESIAN_POINT ( 'NONE',  ( 0.000000000000000000, 0.000000000000000000, 0.4000000000000000222 ) ) ;
#2061 = ORIENTED_EDGE ( 'NONE', *, *, #82, .F. ) ;
#2062 = CARTESIAN_POINT ( 'NONE',  ( 18.43999999999999773, 14.60000000000001208, -1.000000000000000888 ) ) ;
#2063 = CARTESIAN_POINT ( 'NONE',  ( 6.079999999999998295, 3.000000000000000444, -0.4000000000000000222 ) ) ;
#2064 = CARTESIAN_POINT ( 'NONE',  ( 5.357022324300353411, -5.000000000000000000, 0.4000000000000000222 ) ) ;
#2065 = VECTOR ( 'NONE', #68, 1000.000000000000000 ) ;
#2066 = EDGE_CURVE ( 'NONE', #1038, #325, #1007, .T. ) ;
#2067 = ORIENTED_EDGE ( 'NONE', *, *, #2728, .F. ) ;
#2068 = VERTEX_POINT ( 'NONE', #2167 ) ;
#2069 = LINE ( 'NONE', #409, #2871 ) ;
#2070 = DIRECTION ( 'NONE',  ( 1.000000000000000000, 2.449293598294707893E-16, -0.000000000000000000 ) ) ;
#2071 = EDGE_CURVE ( 'NONE', #822, #3036, #1647, .T. ) ;
#2072 = CARTESIAN_POINT ( 'NONE',  ( 20.04000000000000625, 4.499999999999999112, -1.000000000000000888 ) ) ;
#2073 = CARTESIAN_POINT ( 'NONE',  ( 10.51500000000000767, 16.75000000000000000, -2.500000000000000444 ) ) ;
#2074 = ORIENTED_EDGE ( 'NONE', *, *, #820, .F. ) ;
#2075 = EDGE_CURVE ( 'NONE', #845, #2540, #2613, .T. ) ;
#2076 = DIRECTION ( 'NONE',  ( -0.000000000000000000, -0.000000000000000000, -1.000000000000000000 ) ) ;
#2077 = VECTOR ( 'NONE', #970, 1000.000000000000000 ) ;
#2078 = EDGE_CURVE ( 'NONE', #1330, #105, #2818, .T. ) ;
#2079 = CARTESIAN_POINT ( 'NONE',  ( 13.25000000000000000, 1.070387452379277943E-15, 0.4000000000000000222 ) ) ;
#2080 = VECTOR ( 'NONE', #3045, 1000.000000000000000 ) ;
#2081 = DIRECTION ( 'NONE',  ( -1.000000000000000000, -1.224646799147355426E-16, 0.000000000000000000 ) ) ;
#2082 = VECTOR ( 'NONE', #1035, 1000.000000000000000 ) ;
#2083 = VECTOR ( 'NONE', #2819, 1000.000000000000000 ) ;
#2084 = ORIENTED_EDGE ( 'NONE', *, *, #685, .T. ) ;
#2085 = CARTESIAN_POINT ( 'NONE',  ( 8.889999999999998792, 16.75000000000000000, -2.500000000000000444 ) ) ;
#2086 = PLANE ( 'NONE',  #659 ) ;
#2087 = VECTOR ( 'NONE', #444, 1000.000000000000227 ) ;
#2088 = VECTOR ( 'NONE', #1087, 1000.000000000000000 ) ;
#2089 = PRESENTATION_STYLE_ASSIGNMENT (( #1152 ) ) ;
#2090 = CARTESIAN_POINT ( 'NONE',  ( -0.4770223243003534064, -5.000000000000000000, 0.4000000000000000222 ) ) ;
#2091 = PLANE ( 'NONE',  #2976 ) ;
#2092 = CARTESIAN_POINT ( 'NONE',  ( 17.02999999999999758, -4.249999999999997335, 0.4000000000000000222 ) ) ;
#2093 = ORIENTED_EDGE ( 'NONE', *, *, #1726, .T. ) ;
#2094 = DIRECTION ( 'NONE',  ( 0.000000000000000000, 0.000000000000000000, -1.000000000000000000 ) ) ;
#2095 = LINE ( 'NONE', #740, #305 ) ;
#2096 = LINE ( 'NONE', #1423, #462 ) ;
#2097 = DIRECTION ( 'NONE',  ( 0.000000000000000000, 0.000000000000000000, -1.000000000000000000 ) ) ;
#2098 = CARTESIAN_POINT ( 'NONE',  ( 18.52999999999999758, 3.000000000000001776, -0.4000000000000000222 ) ) ;
#2099 = CARTESIAN_POINT ( 'NONE',  ( -2.259999999999994458, 14.60000000000000675, -2.500000000000000444 ) ) ;
#2100 = LINE ( 'NONE', #2284, #1876 ) ;
#2101 = CARTESIAN_POINT ( 'NONE',  ( 7.264999999999989910, 16.75000000000000000, -1.000000000000000888 ) ) ;
#2102 = ORIENTED_EDGE ( 'NONE', *, *, #869, .T. ) ;
#2103 = ADVANCED_FACE ( 'NONE', ( #727 ), #1659, .T. ) ;
#2104 = DIRECTION ( 'NONE',  ( 1.000000000000000000, 2.449293598294707893E-16, -0.000000000000000000 ) ) ;
#2105 = DIRECTION ( 'NONE',  ( -1.000000000000000000, 0.000000000000000000, 0.000000000000000000 ) ) ;
#2106 = EDGE_LOOP ( 'NONE', ( #2810, #832, #511, #2343 ) ) ;
#2107 = DIRECTION ( 'NONE',  ( 1.000000000000000000, 0.000000000000000000, 0.000000000000000000 ) ) ;
#2108 = ADVANCED_FACE ( 'NONE', ( #2629 ), #1401, .F. ) ;
#2109 =( NAMED_UNIT ( * ) PLANE_ANGLE_UNIT ( ) SI_UNIT ( $, .RADIAN. ) );
#2110 = STYLED_ITEM ( 'NONE', ( #492 ), #643 ) ;
#2111 = DIRECTION ( 'NONE',  ( -9.570888143320315888E-16, 1.000000000000000000, -0.000000000000000000 ) ) ;
#2112 = ADVANCED_FACE ( 'NONE', ( #481 ), #1411, .T. ) ;
#2113 = CARTESIAN_POINT ( 'NONE',  ( 2.250000000000000444, 3.000000000000000000, 0.4000000000000000222 ) ) ;
#2114 = CARTESIAN_POINT ( 'NONE',  ( 20.04000000000000625, 20.25000000000000000, 1.999999999999999556 ) ) ;
#2115 = ORIENTED_EDGE ( 'NONE', *, *, #2619, .F. ) ;
#2116 = DIRECTION ( 'NONE',  ( 4.022547190670856652E-16, 1.000000000000000000, 0.000000000000000000 ) ) ;
#2117 = EDGE_LOOP ( 'NONE', ( #1992, #532, #1732, #1031 ) ) ;
#2118 = ADVANCED_FACE ( 'NONE', ( #1200 ), #699, .F. ) ;
#2119 = PRODUCT_CONTEXT ( 'NONE', #3054, 'mechanical' ) ;
#2120 = VECTOR ( 'NONE', #1023, 1000.000000000000000 ) ;
#2121 = DIRECTION ( 'NONE',  ( 1.000000000000000000, 0.000000000000000000, 0.000000000000000000 ) ) ;
#2122 = DIRECTION ( 'NONE',  ( 0.000000000000000000, 1.000000000000000000, 0.000000000000000000 ) ) ;
#2123 = VECTOR ( 'NONE', #2640, 1000.000000000000000 ) ;
#2124 = AXIS2_PLACEMENT_3D ( 'NONE', #2209, #804, #2224 ) ;
#2125 = AXIS2_PLACEMENT_3D ( 'NONE', #1082, #2017, #848 ) ;
#2126 = AXIS2_PLACEMENT_3D ( 'NONE', #1849, #251, #2116 ) ;
#2127 = CARTESIAN_POINT ( 'NONE',  ( -2.259999999999994458, 20.25000000000000711, 1.999999999999999556 ) ) ;
#2128 = CARTESIAN_POINT ( 'NONE',  ( 6.079999999999998295, 3.000000000000002220, -1.000000000000000888 ) ) ;
#2129 = FACE_BOUND ( 'NONE', #1956, .T. ) ;
#2130 = DIRECTION ( 'NONE',  ( -1.000000000000000000, -0.000000000000000000, -0.000000000000000000 ) ) ;
#2131 = ORIENTED_EDGE ( 'NONE', *, *, #307, .F. ) ;
#2132 = ORIENTED_EDGE ( 'NONE', *, *, #2235, .F. ) ;
#2133 = DIRECTION ( 'NONE',  ( 1.000000000000000000, -1.084202172485496940E-15, -0.000000000000000000 ) ) ;
#2134 = CARTESIAN_POINT ( 'NONE',  ( 13.25000000000000178, -4.249999999999999112, 0.4000000000000000222 ) ) ;
#2135 = ADVANCED_FACE ( 'NONE', ( #2138 ), #273, .F. ) ;
#2136 = DIRECTION ( 'NONE',  ( 1.000000000000000000, 0.000000000000000000, -0.000000000000000000 ) ) ;
#2137 = VERTEX_POINT ( 'NONE', #1674 ) ;
#2138 = FACE_OUTER_BOUND ( 'NONE', #1473, .T. ) ;
#2139 = EDGE_LOOP ( 'NONE', ( #1824, #1514, #140, #1506 ) ) ;
#2140 = ADVANCED_FACE ( 'NONE', ( #512 ), #2809, .F. ) ;
#2141 = LINE ( 'NONE', #1867, #1592 ) ;
#2142 = LINE ( 'NONE', #730, #1005 ) ;
#2143 = CARTESIAN_POINT ( 'NONE',  ( 13.70000000000000107, 3.000000000000001776, 0.4000000000000000222 ) ) ;
#2144 = APPLICATION_CONTEXT ( 'automotive_design' ) ;
#2145 = FACE_BOUND ( 'NONE', #1199, .T. ) ;
#2146 = ORIENTED_EDGE ( 'NONE', *, *, #1381, .F. ) ;
#2147 = ORIENTED_EDGE ( 'NONE', *, *, #307, .T. ) ;
#2148 = CARTESIAN_POINT ( 'NONE',  ( 20.04000000000000625, 18.10000000000000853, 2.000000000000000000 ) ) ;
#2149 = FACE_OUTER_BOUND ( 'NONE', #2153, .T. ) ;
#2150 =( NAMED_UNIT ( * ) SI_UNIT ( $, .STERADIAN. ) SOLID_ANGLE_UNIT ( ) );
#2151 = DIRECTION ( 'NONE',  ( 9.570888143320315888E-16, -1.000000000000000000, 0.000000000000000000 ) ) ;
#2152 = DIRECTION ( 'NONE',  ( 1.000000000000000000, -1.286886851614842812E-16, 0.000000000000000000 ) ) ;
#2153 = EDGE_LOOP ( 'NONE', ( #163, #2786, #2018, #1696 ) ) ;
#2154 = DIRECTION ( 'NONE',  ( -1.000000000000000000, 0.000000000000000000, 0.000000000000000000 ) ) ;
#2155 = CARTESIAN_POINT ( 'NONE',  ( 20.04000000000000625, 20.25000000000000000, 1.999999999999999556 ) ) ;
#2156 = VERTEX_POINT ( 'NONE', #42 ) ;
#2157 = EDGE_CURVE ( 'NONE', #1503, #1286, #457, .T. ) ;
#2158 = ADVANCED_FACE ( 'NONE', ( #1695 ), #2575, .F. ) ;
#2159 = CARTESIAN_POINT ( 'NONE',  ( 2.250000000000000444, 0.000000000000000000, 0.4000000000000000222 ) ) ;
#2160 = CYLINDRICAL_SURFACE ( 'NONE', #2460, 1.600000000000001199 ) ;
#2161 = EDGE_LOOP ( 'NONE', ( #2192, #1145, #2266, #2599 ) ) ;
#2162 = VERTEX_POINT ( 'NONE', #939 ) ;
#2163 = FACE_OUTER_BOUND ( 'NONE', #389, .T. ) ;
#2164 = CARTESIAN_POINT ( 'NONE',  ( 11.70000000000000284, 3.000000000000001332, -1.000000000000000888 ) ) ;
#2165 = EDGE_CURVE ( 'NONE', #549, #2800, #611, .T. ) ;
#2166 = DIRECTION ( 'NONE',  ( -0.000000000000000000, 0.000000000000000000, -1.000000000000000000 ) ) ;
#2167 = CARTESIAN_POINT ( 'NONE',  ( 20.04000000000000981, 18.40000000000000568, -2.500000000000000444 ) ) ;
#2168 = VECTOR ( 'NONE', #151, 1000.000000000000000 ) ;
#2169 = VECTOR ( 'NONE', #990, 1000.000000000000000 ) ;
#2170 = ADVANCED_FACE ( 'NONE', ( #2430 ), #782, .F. ) ;
#2171 = ORIENTED_EDGE ( 'NONE', *, *, #1601, .T. ) ;
#2172 = FACE_OUTER_BOUND ( 'NONE', #2408, .T. ) ;
#2173 = LINE ( 'NONE', #2892, #552 ) ;
#2174 = AXIS2_PLACEMENT_3D ( 'NONE', #2753, #2534, #1854 ) ;
#2175 = VECTOR ( 'NONE', #969, 1000.000000000000000 ) ;
#2176 = ORIENTED_EDGE ( 'NONE', *, *, #3070, .T. ) ;
#2177 = VECTOR ( 'NONE', #2076, 1000.000000000000000 ) ;
#2178 = CIRCLE ( 'NONE', #560, 1.625000000000008438 ) ;
#2179 = CARTESIAN_POINT ( 'NONE',  ( -0.6599999999999969225, 16.50000000000000711, -1.000000000000000888 ) ) ;
#2180 = CARTESIAN_POINT ( 'NONE',  ( -2.259999999999994458, 14.60000000000000675, -1.000000000000000888 ) ) ;
#2181 = ORIENTED_EDGE ( 'NONE', *, *, #951, .T. ) ;
#2182 = VECTOR ( 'NONE', #1139, 1000.000000000000000 ) ;
#2183 = ORIENTED_EDGE ( 'NONE', *, *, #668, .F. ) ;
#2184 = ORIENTED_EDGE ( 'NONE', *, *, #869, .F. ) ;
#2185 = PLANE ( 'NONE',  #463 ) ;
#2186 = CARTESIAN_POINT ( 'NONE',  ( -2.260000000000008669, 8.300000000000002487, -1.000000000000000888 ) ) ;
#2187 = ORIENTED_EDGE ( 'NONE', *, *, #2535, .T. ) ;
#2188 = DIRECTION ( 'NONE',  ( -0.000000000000000000, 1.000000000000000000, -0.000000000000000000 ) ) ;
#2189 = DIRECTION ( 'NONE',  ( 1.000000000000000000, 0.000000000000000000, 0.000000000000000000 ) ) ;
#2190 = CARTESIAN_POINT ( 'NONE',  ( -2.259999999999994458, 14.90000000000000746, -1.000000000000000888 ) ) ;
#2191 = ADVANCED_FACE ( 'NONE', ( #324 ), #558, .F. ) ;
#2192 = ORIENTED_EDGE ( 'NONE', *, *, #589, .T. ) ;
#2193 = LINE ( 'NONE', #2663, #56 ) ;
#2194 = FACE_OUTER_BOUND ( 'NONE', #47, .T. ) ;
#2195 = EDGE_CURVE ( 'NONE', #2278, #728, #579, .T. ) ;
#2196 = LINE ( 'NONE', #2422, #1233 ) ;
#2197 = CARTESIAN_POINT ( 'NONE',  ( -2.259999999999998010, 16.50000000000000711, -7.025483399593909439 ) ) ;
#2198 = ORIENTED_EDGE ( 'NONE', *, *, #1389, .F. ) ;
#2199 = ORIENTED_EDGE ( 'NONE', *, *, #2539, .F. ) ;
#2200 = EDGE_CURVE ( 'NONE', #541, #845, #2467, .T. ) ;
#2201 = ORIENTED_EDGE ( 'NONE', *, *, #1223, .F. ) ;
#2202 = EDGE_LOOP ( 'NONE', ( #2437, #679, #1801, #202 ) ) ;
#2203 = DIRECTION ( 'NONE',  ( 0.000000000000000000, 0.000000000000000000, -1.000000000000000000 ) ) ;
#2204 = CARTESIAN_POINT ( 'NONE',  ( 4.530000000000001137, 2.495443522786032481E-18, 0.4000000000000000222 ) ) ;
#2205 = EDGE_CURVE ( 'NONE', #2689, #810, #1955, .T. ) ;
#2206 = FACE_OUTER_BOUND ( 'NONE', #312, .T. ) ;
#2207 = LINE ( 'NONE', #94, #1881 ) ;
#2208 = VERTEX_POINT ( 'NONE', #2241 ) ;
#2209 = CARTESIAN_POINT ( 'NONE',  ( 2.250000000000000444, 3.000000000000000000, 0.4000000000000000222 ) ) ;
#2210 = EDGE_CURVE ( 'NONE', #126, #2536, #539, .T. ) ;
#2211 = DIRECTION ( 'NONE',  ( 0.000000000000000000, 1.000000000000000000, 0.000000000000000000 ) ) ;
#2212 = ADVANCED_FACE ( 'NONE', ( #2449 ), #1262, .F. ) ;
#2213 = DIRECTION ( 'NONE',  ( 1.000000000000000000, 0.000000000000000000, 0.000000000000000000 ) ) ;
#2214 = ORIENTED_EDGE ( 'NONE', *, *, #2200, .F. ) ;
#2215 = PLANE ( 'NONE',  #2648 ) ;
#2216 = EDGE_LOOP ( 'NONE', ( #2706, #2273, #901, #1367 ) ) ;
#2217 = VERTEX_POINT ( 'NONE', #1494 ) ;
#2218 = ORIENTED_EDGE ( 'NONE', *, *, #3012, .T. ) ;
#2219 = DIRECTION ( 'NONE',  ( -8.163404592832033966E-16, -1.000000000000000000, -0.000000000000000000 ) ) ;
#2220 = CARTESIAN_POINT ( 'NONE',  ( -2.259999999999994458, 14.60000000000000675, -1.000000000000000888 ) ) ;
#2221 = CARTESIAN_POINT ( 'NONE',  ( 11.70000000000000284, 3.000000000000001332, 0.4000000000000000222 ) ) ;
#2222 = LINE ( 'NONE', #819, #1297 ) ;
#2223 = VERTEX_POINT ( 'NONE', #2190 ) ;
#2224 = DIRECTION ( 'NONE',  ( 1.000000000000000000, 1.445602896647339163E-16, 0.000000000000000000 ) ) ;
#2225 = CARTESIAN_POINT ( 'NONE',  ( 0.4770223243003534064, -5.000000000000000000, 0.4000000000000000222 ) ) ;
#2226 = EDGE_CURVE ( 'NONE', #2800, #365, #411, .T. ) ;
#2227 = AXIS2_PLACEMENT_3D ( 'NONE', #743, #287, #1214 ) ;
#2228 = VECTOR ( 'NONE', #2811, 1000.000000000000000 ) ;
#2229 = PLANE ( 'NONE',  #2474 ) ;
#2230 = DIRECTION ( 'NONE',  ( -0.000000000000000000, -0.000000000000000000, -1.000000000000000000 ) ) ;
#2231 = VECTOR ( 'NONE', #1002, 1000.000000000000000 ) ;
#2232 = ORIENTED_EDGE ( 'NONE', *, *, #2310, .T. ) ;
#2233 = AXIS2_PLACEMENT_3D ( 'NONE', #3055, #494, #1694 ) ;
#2234 = ORIENTED_EDGE ( 'NONE', *, *, #1248, .T. ) ;
#2235 = EDGE_CURVE ( 'NONE', #332, #2244, #2207, .T. ) ;
#2236 = VERTEX_POINT ( 'NONE', #342 ) ;
#2237 = ORIENTED_EDGE ( 'NONE', *, *, #1266, .F. ) ;
#2238 = VECTOR ( 'NONE', #2337, 1000.000000000000000 ) ;
#2239 = CARTESIAN_POINT ( 'NONE',  ( 20.04000000000000625, 4.499999999999999112, -2.500000000000000444 ) ) ;
#2240 = LINE ( 'NONE', #799, #173 ) ;
#2241 = CARTESIAN_POINT ( 'NONE',  ( -0.6599999999999973666, 8.300000000000000711, -1.000000000000000888 ) ) ;
#2242 = ORIENTED_EDGE ( 'NONE', *, *, #3065, .F. ) ;
#2243 = EDGE_CURVE ( 'NONE', #1011, #335, #1280, .T. ) ;
#2244 = VERTEX_POINT ( 'NONE', #771 ) ;
#2245 = CARTESIAN_POINT ( 'NONE',  ( 4.080000000000000071, -5.261366243884495090E-17, -0.4000000000000000222 ) ) ;
#2246 = DIRECTION ( 'NONE',  ( 0.000000000000000000, 0.000000000000000000, -1.000000000000000000 ) ) ;
#2247 = ORIENTED_EDGE ( 'NONE', *, *, #108, .F. ) ;
#2248 = ORIENTED_EDGE ( 'NONE', *, *, #2996, .T. ) ;
#2249 = VERTEX_POINT ( 'NONE', #597 ) ;
#2250 = DIRECTION ( 'NONE',  ( -1.000000000000000000, 2.168404344970993880E-15, 0.000000000000000000 ) ) ;
#2251 = ORIENTED_EDGE ( 'NONE', *, *, #2078, .F. ) ;
#2252 = DIRECTION ( 'NONE',  ( 0.3420201433256631063, -0.9396926207859104263, 0.000000000000000000 ) ) ;
#2253 = ORIENTED_EDGE ( 'NONE', *, *, #2960, .F. ) ;
#2254 = ORIENTED_EDGE ( 'NONE', *, *, #1831, .F. ) ;
#2255 = DIRECTION ( 'NONE',  ( -0.000000000000000000, -0.000000000000000000, -1.000000000000000000 ) ) ;
#2256 = ORIENTED_EDGE ( 'NONE', *, *, #1601, .F. ) ;
#2257 = CARTESIAN_POINT ( 'NONE',  ( 18.52999999999999758, 3.000000000000001776, -0.4000000000000000222 ) ) ;
#2258 = CARTESIAN_POINT ( 'NONE',  ( 17.30297767569964762, -4.999999999999997335, 0.4000000000000000222 ) ) ;
#2259 = ORIENTED_EDGE ( 'NONE', *, *, #1654, .T. ) ;
#2260 = CARTESIAN_POINT ( 'NONE',  ( 18.43999999999999773, 8.299999999999998934, -2.500000000000000444 ) ) ;
#2261 = ORIENTED_EDGE ( 'NONE', *, *, #644, .F. ) ;
#2262 = LINE ( 'NONE', #1064, #175 ) ;
#2263 = CARTESIAN_POINT ( 'NONE',  ( -2.259999999999998010, 3.000000000000006217, -2.500000000000000444 ) ) ;
#2264 = DIRECTION ( 'NONE',  ( -0.9396926207859105373, 0.3420201433256631063, 0.000000000000000000 ) ) ;
#2265 = EDGE_CURVE ( 'NONE', #822, #2505, #2222, .T. ) ;
#2266 = ORIENTED_EDGE ( 'NONE', *, *, #676, .F. ) ;
#2267 = CARTESIAN_POINT ( 'NONE',  ( 20.04000000000000981, 14.90000000000001457, -1.000000000000000888 ) ) ;
#2268 = ORIENTED_EDGE ( 'NONE', *, *, #589, .F. ) ;
#2269 = CIRCLE ( 'NONE', #3066, 1.600000000000001199 ) ;
#2270 = CARTESIAN_POINT ( 'NONE',  ( 6.079999999999998295, 3.000000000000002220, -1.000000000000000888 ) ) ;
#2271 = CARTESIAN_POINT ( 'NONE',  ( 8.889999999999998792, 16.75000000000000000, -2.500000000000000444 ) ) ;
#2272 = EDGE_CURVE ( 'NONE', #1331, #1719, #2941, .T. ) ;
#2273 = ORIENTED_EDGE ( 'NONE', *, *, #1495, .F. ) ;
#2274 = EDGE_LOOP ( 'NONE', ( #931, #101, #1472, #2201 ) ) ;
#2275 = DIRECTION ( 'NONE',  ( -4.022547190670856652E-16, -1.000000000000000000, 0.000000000000000000 ) ) ;
#2276 = PLANE ( 'NONE',  #2174 ) ;
#2277 = CARTESIAN_POINT ( 'NONE',  ( 17.30297767569964762, -4.999999999999997335, -0.4000000000000000222 ) ) ;
#2278 = VERTEX_POINT ( 'NONE', #1072 ) ;
#2279 = DIRECTION ( 'NONE',  ( 0.000000000000000000, 1.000000000000000000, 0.000000000000000000 ) ) ;
#2280 = LINE ( 'NONE', #2481, #1137 ) ;
#2281 = VECTOR ( 'NONE', #1217, 1000.000000000000227 ) ;
#2282 = AXIS2_PLACEMENT_3D ( 'NONE', #620, #2672, #2213 ) ;
#2283 = ADVANCED_FACE ( 'NONE', ( #2890 ), #1708, .F. ) ;
#2284 = CARTESIAN_POINT ( 'NONE',  ( -0.7499999999999997780, 2.999999999999999556, -0.4000000000000000222 ) ) ;
#2285 = DIRECTION ( 'NONE',  ( 1.000000000000000000, 4.336808689942016158E-15, 0.000000000000000000 ) ) ;
#2286 = VECTOR ( 'NONE', #835, 1000.000000000000000 ) ;
#2287 = VECTOR ( 'NONE', #1660, 1000.000000000000000 ) ;
#2288 = EDGE_CURVE ( 'NONE', #2015, #1356, #2005, .T. ) ;
#2289 = VECTOR ( 'NONE', #1778, 1000.000000000000000 ) ;
#2290 = DIRECTION ( 'NONE',  ( 0.000000000000000000, 0.000000000000000000, -1.000000000000000000 ) ) ;
#2291 = DIRECTION ( 'NONE',  ( -9.130123557772668088E-16, 1.000000000000000000, 0.000000000000000000 ) ) ;
#2292 = VECTOR ( 'NONE', #2417, 1000.000000000000000 ) ;
#2293 = ORIENTED_EDGE ( 'NONE', *, *, #880, .T. ) ;
#2294 = CARTESIAN_POINT ( 'NONE',  ( 7.264999999999989910, 16.75000000000000000, -1.000000000000000888 ) ) ;
#2295 = LINE ( 'NONE', #1570, #1545 ) ;
#2296 = CARTESIAN_POINT ( 'NONE',  ( 6.079999999999998295, 4.500000000000000000, -2.500000000000000444 ) ) ;
#2297 = CARTESIAN_POINT ( 'NONE',  ( 12.42297767569964861, -4.999999999999999112, -0.4000000000000000222 ) ) ;
#2298 = ORIENTED_EDGE ( 'NONE', *, *, #2839, .F. ) ;
#2299 = ORIENTED_EDGE ( 'NONE', *, *, #3021, .F. ) ;
#2300 = DIRECTION ( 'NONE',  ( 1.000000000000000000, -0.000000000000000000, -0.000000000000000000 ) ) ;
#2301 = DIRECTION ( 'NONE',  ( 4.081702296416016490E-16, -1.000000000000000000, 0.000000000000000000 ) ) ;
#2302 = FACE_OUTER_BOUND ( 'NONE', #828, .T. ) ;
#2303 = ADVANCED_FACE ( 'NONE', ( #1471 ), #1779, .F. ) ;
#2304 = ORIENTED_EDGE ( 'NONE', *, *, #442, .T. ) ;
#2305 = DIRECTION ( 'NONE',  ( 0.000000000000000000, 0.000000000000000000, 1.000000000000000000 ) ) ;
#2306 = CARTESIAN_POINT ( 'NONE',  ( 5.357022324300353411, -5.000000000000000000, -0.4000000000000000222 ) ) ;
#2307 = ADVANCED_FACE ( 'NONE', ( #671 ), #1345, .F. ) ;
#2308 = CARTESIAN_POINT ( 'NONE',  ( 6.079999999999998295, 3.000000000000002220, -2.500000000000000444 ) ) ;
#2309 = CARTESIAN_POINT ( 'NONE',  ( 12.97702232430035529, -4.999999999999999112, 0.4000000000000000222 ) ) ;
#2310 = EDGE_CURVE ( 'NONE', #2905, #1890, #2021, .T. ) ;
#2311 = ORIENTED_EDGE ( 'NONE', *, *, #46, .F. ) ;
#2312 = LINE ( 'NONE', #1603, #2925 ) ;
#2313 = FACE_OUTER_BOUND ( 'NONE', #1813, .T. ) ;
#2314 = CARTESIAN_POINT ( 'NONE',  ( 11.70000000000000284, 4.500000000000000000, -2.500000000000000444 ) ) ;
#2315 = EDGE_LOOP ( 'NONE', ( #1267, #1731, #606, #961 ) ) ;
#2316 = EDGE_CURVE ( 'NONE', #25, #1158, #796, .T. ) ;
#2317 = DIRECTION ( 'NONE',  ( 0.000000000000000000, 0.000000000000000000, -1.000000000000000000 ) ) ;
#2318 = CYLINDRICAL_SURFACE ( 'NONE', #1387, 1.600000000000001199 ) ;
#2319 = EDGE_CURVE ( 'NONE', #837, #392, #1359, .T. ) ;
#2320 = SURFACE_SIDE_STYLE ('',( #1581 ) ) ;
#2321 = CARTESIAN_POINT ( 'NONE',  ( 20.04000000000000981, 18.40000000000000568, -2.500000000000000444 ) ) ;
#2322 = ORIENTED_EDGE ( 'NONE', *, *, #2066, .F. ) ;
#2323 = ORIENTED_EDGE ( 'NONE', *, *, #2669, .T. ) ;
#2324 = LINE ( 'NONE', #722, #1438 ) ;
#2325 = VECTOR ( 'NONE', #1288, 1000.000000000000114 ) ;
#2326 = VECTOR ( 'NONE', #1317, 1000.000000000000114 ) ;
#2327 = CARTESIAN_POINT ( 'NONE',  ( -2.260000000000005116, 4.500000000000001776, -1.000000000000000888 ) ) ;
#2328 = AXIS2_PLACEMENT_3D ( 'NONE', #2506, #884, #872 ) ;
#2329 = CARTESIAN_POINT ( 'NONE',  ( 8.889999999999998792, 16.75000000000000000, 1.999999999999999556 ) ) ;
#2330 = VECTOR ( 'NONE', #2094, 1000.000000000000000 ) ;
#2331 = CYLINDRICAL_SURFACE ( 'NONE', #2875, 1.625000000000008438 ) ;
#2332 = CARTESIAN_POINT ( 'NONE',  ( -2.259999999999998010, 3.000000000000006217, 1.999999999999999556 ) ) ;
#2333 = VECTOR ( 'NONE', #1712, 1000.000000000000000 ) ;
#2334 = ADVANCED_FACE ( 'NONE', ( #2974 ), #868, .F. ) ;
#2335 = AXIS2_PLACEMENT_3D ( 'NONE', #2847, #1667, #500 ) ;
#2336 = CARTESIAN_POINT ( 'NONE',  ( 6.079999999999998295, 3.000000000000002220, -2.500000000000000444 ) ) ;
#2337 = DIRECTION ( 'NONE',  ( 0.000000000000000000, 1.000000000000000000, 0.000000000000000000 ) ) ;
#2338 = EDGE_CURVE ( 'NONE', #577, #788, #406, .T. ) ;
#2339 = ORIENTED_EDGE ( 'NONE', *, *, #1651, .F. ) ;
#2340 = CARTESIAN_POINT ( 'NONE',  ( 4.530000000000001137, -4.250000000000000000, -0.4000000000000000222 ) ) ;
#2341 = DIRECTION ( 'NONE',  ( -0.000000000000000000, 1.000000000000000000, 0.000000000000000000 ) ) ;
#2342 = DIRECTION ( 'NONE',  ( -4.022547190670856652E-16, -1.000000000000000000, 0.000000000000000000 ) ) ;
#2343 = ORIENTED_EDGE ( 'NONE', *, *, #887, .T. ) ;
#2344 = DIRECTION ( 'NONE',  ( 0.000000000000000000, 0.000000000000000000, -1.000000000000000000 ) ) ;
#2345 = CARTESIAN_POINT ( 'NONE',  ( 0.000000000000000000, 0.000000000000000000, -2.500000000000000444 ) ) ;
#2346 =( LENGTH_UNIT ( ) NAMED_UNIT ( * ) SI_UNIT ( .MILLI., .METRE. ) );
#2347 = LINE ( 'NONE', #2356, #1155 ) ;
#2348 = DIRECTION ( 'NONE',  ( 2.990902544787598715E-17, 1.000000000000000000, 0.000000000000000000 ) ) ;
#2349 = EDGE_CURVE ( 'NONE', #1995, #2068, #2782, .T. ) ;
#2350 = EDGE_CURVE ( 'NONE', #2006, #1048, #2738, .T. ) ;
#2351 = FACE_OUTER_BOUND ( 'NONE', #1485, .T. ) ;
#2352 = DIRECTION ( 'NONE',  ( -1.000000000000000000, 0.000000000000000000, 0.000000000000000000 ) ) ;
#2353 = CARTESIAN_POINT ( 'NONE',  ( 20.04000000000000981, 8.299999999999998934, -1.000000000000000888 ) ) ;
#2354 = LINE ( 'NONE', #2873, #1427 ) ;
#2355 = CARTESIAN_POINT ( 'NONE',  ( -2.260000000000008669, 8.300000000000002487, -2.500000000000000444 ) ) ;
#2356 = CARTESIAN_POINT ( 'NONE',  ( -2.259999999999994458, 14.60000000000000675, -2.500000000000000444 ) ) ;
#2357 = LINE ( 'NONE', #1188, #2771 ) ;
#2358 = LINE ( 'NONE', #1189, #123 ) ;
#2359 = EDGE_CURVE ( 'NONE', #288, #1095, #422, .T. ) ;
#2360 = ORIENTED_EDGE ( 'NONE', *, *, #3012, .F. ) ;
#2361 = LINE ( 'NONE', #1194, #60 ) ;
#2362 = DIRECTION ( 'NONE',  ( -1.000000000000000000, 3.111611616101896487E-16, -0.000000000000000000 ) ) ;
#2363 = ADVANCED_FACE ( 'NONE', ( #2302 ), #178, .F. ) ;
#2364 = VECTOR ( 'NONE', #3015, 1000.000000000000000 ) ;
#2365 = VECTOR ( 'NONE', #746, 1000.000000000000227 ) ;
#2366 = DIRECTION ( 'NONE',  ( -0.3420201433256626622, -0.9396926207859105373, 0.000000000000000000 ) ) ;
#2367 = CARTESIAN_POINT ( 'NONE',  ( 13.70000000000000107, 1.125496558340909036E-15, 0.4000000000000000222 ) ) ;
#2368 = VECTOR ( 'NONE', #2255, 1000.000000000000000 ) ;
#2369 = VECTOR ( 'NONE', #344, 1000.000000000000000 ) ;
#2370 = VECTOR ( 'NONE', #2585, 1000.000000000000000 ) ;
#2371 = CARTESIAN_POINT ( 'NONE',  ( -0.6599999999999973666, 4.500000000000001776, -1.000000000000000888 ) ) ;
#2372 = EDGE_CURVE ( 'NONE', #95, #87, #1590, .T. ) ;
#2373 = LINE ( 'NONE', #1886, #1492 ) ;
#2374 = ORIENTED_EDGE ( 'NONE', *, *, #1092, .T. ) ;
#2375 = CARTESIAN_POINT ( 'NONE',  ( 18.53000000000000469, -4.249999999999997335, -0.4000000000000000222 ) ) ;
#2376 = DIRECTION ( 'NONE',  ( -4.081702296416016490E-16, 1.000000000000000000, 0.000000000000000000 ) ) ;
#2377 = VERTEX_POINT ( 'NONE', #188 ) ;
#2378 = ORIENTED_EDGE ( 'NONE', *, *, #377, .T. ) ;
#2379 = LINE ( 'NONE', #20, #2083 ) ;
#2380 = DIRECTION ( 'NONE',  ( -1.000000000000000000, -0.000000000000000000, -0.000000000000000000 ) ) ;
#2381 = EDGE_CURVE ( 'NONE', #320, #1458, #1130, .T. ) ;
#2382 = PLANE ( 'NONE',  #2033 ) ;
#2383 = DIRECTION ( 'NONE',  ( -0.9396926207859106484, 0.3420201433256627177, 0.000000000000000000 ) ) ;
#2384 = ADVANCED_FACE ( 'NONE', ( #1812 ), #2794, .F. ) ;
#2385 = ADVANCED_FACE ( 'NONE', ( #895 ), #2516, .T. ) ;
#2386 = FACE_OUTER_BOUND ( 'NONE', #2579, .T. ) ;
#2387 = LINE ( 'NONE', #2831, #2576 ) ;
#2388 = EDGE_CURVE ( 'NONE', #2751, #650, #2035, .T. ) ;
#2389 = ORIENTED_EDGE ( 'NONE', *, *, #1828, .F. ) ;
#2390 = DIRECTION ( 'NONE',  ( 0.000000000000000000, 0.000000000000000000, -1.000000000000000000 ) ) ;
#2391 = LINE ( 'NONE', #318, #2514 ) ;
#2392 = EDGE_CURVE ( 'NONE', #2244, #584, #1383, .T. ) ;
#2393 = ORIENTED_EDGE ( 'NONE', *, *, #2316, .F. ) ;
#2394 = DIRECTION ( 'NONE',  ( -0.000000000000000000, -0.000000000000000000, -1.000000000000000000 ) ) ;
#2395 = CARTESIAN_POINT ( 'NONE',  ( 18.43999999999999773, 8.299999999999998934, -1.000000000000000888 ) ) ;
#2396 = EDGE_CURVE ( 'NONE', #2496, #1507, #1347, .T. ) ;
#2397 = CARTESIAN_POINT ( 'NONE',  ( 0.000000000000000000, 0.000000000000000000, 0.000000000000000000 ) ) ;
#2398 = CARTESIAN_POINT ( 'NONE',  ( 13.70000000000000107, 3.000000000000001776, 0.4000000000000000222 ) ) ;
#2399 = DIRECTION ( 'NONE',  ( -1.000000000000000000, 0.000000000000000000, -0.000000000000000000 ) ) ;
#2400 = EDGE_CURVE ( 'NONE', #332, #2278, #1144, .T. ) ;
#2401 = ORIENTED_EDGE ( 'NONE', *, *, #502, .F. ) ;
#2402 = FILL_AREA_STYLE ('',( #1924 ) ) ;
#2403 = DIRECTION ( 'NONE',  ( -4.022547190670856652E-16, -1.000000000000000000, 0.000000000000000000 ) ) ;
#2404 = ADVANCED_FACE ( 'NONE', ( #4 ), #714, .F. ) ;
#2405 =( GEOMETRIC_REPRESENTATION_CONTEXT ( 3 ) GLOBAL_UNCERTAINTY_ASSIGNED_CONTEXT ( ( #2713 ) ) GLOBAL_UNIT_ASSIGNED_CONTEXT ( ( #741, #1244, #22 ) ) REPRESENTATION_CONTEXT ( 'NONE', 'WORKASPACE' ) );
#2406 = DIRECTION ( 'NONE',  ( 0.3420201433256663814, 0.9396926207859092051, -0.000000000000000000 ) ) ;
#2407 = CARTESIAN_POINT ( 'NONE',  ( 11.70000000000000284, 3.000000000000001332, -1.000000000000000888 ) ) ;
#2408 = EDGE_LOOP ( 'NONE', ( #1764, #65, #1205, #2561 ) ) ;
#2409 = CARTESIAN_POINT ( 'NONE',  ( 12.15000000000000213, -4.249999999999999112, 0.4000000000000000222 ) ) ;
#2410 = CARTESIAN_POINT ( 'NONE',  ( -0.6599999999999973666, 8.300000000000000711, -1.000000000000000888 ) ) ;
#2411 = CARTESIAN_POINT ( 'NONE',  ( 4.080000000000000071, 3.000000000000000444, 0.4000000000000000222 ) ) ;
#2412 = CARTESIAN_POINT ( 'NONE',  ( 8.890000000000000568, 3.000000000000002665, -1.000000000000000888 ) ) ;
#2413 = AXIS2_PLACEMENT_3D ( 'NONE', #1624, #469, #2756 ) ;
#2414 = VECTOR ( 'NONE', #690, 1000.000000000000000 ) ;
#2415 = ORIENTED_EDGE ( 'NONE', *, *, #571, .T. ) ;
#2416 = LINE ( 'NONE', #2245, #2419 ) ;
#2417 = DIRECTION ( 'NONE',  ( -4.022547190670856652E-16, -1.000000000000000000, 0.000000000000000000 ) ) ;
#2418 = VECTOR ( 'NONE', #850, 1000.000000000000000 ) ;
#2419 = VECTOR ( 'NONE', #1250, 1000.000000000000000 ) ;
#2420 =( GEOMETRIC_REPRESENTATION_CONTEXT ( 3 ) GLOBAL_UNCERTAINTY_ASSIGNED_CONTEXT ( ( #1047 ) ) GLOBAL_UNIT_ASSIGNED_CONTEXT ( ( #575, #76, #2655 ) ) REPRESENTATION_CONTEXT ( 'NONE', 'WORKASPACE' ) );
#2421 = VECTOR ( 'NONE', #2657, 1000.000000000000000 ) ;
#2422 = CARTESIAN_POINT ( 'NONE',  ( 10.51500000000000767, 16.75000000000000000, -1.000000000000000888 ) ) ;
#2423 = DIRECTION ( 'NONE',  ( 1.000000000000000000, -0.000000000000000000, 0.000000000000000000 ) ) ;
#2424 = EDGE_CURVE ( 'NONE', #1193, #2647, #661, .T. ) ;
#2425 = VECTOR ( 'NONE', #1446, 1000.000000000000000 ) ;
#2426 = ORIENTED_EDGE ( 'NONE', *, *, #2075, .T. ) ;
#2427 = CARTESIAN_POINT ( 'NONE',  ( 17.02999999999999758, -4.249999999999997335, -0.4000000000000000222 ) ) ;
#2428 = FACE_OUTER_BOUND ( 'NONE', #2724, .T. ) ;
#2429 = CARTESIAN_POINT ( 'NONE',  ( 4.802977675699648508, -5.000000000000000000, -0.4000000000000000222 ) ) ;
#2430 = FACE_OUTER_BOUND ( 'NONE', #2767, .T. ) ;
#2431 = EDGE_CURVE ( 'NONE', #865, #2006, #1212, .T. ) ;
#2432 = ORIENTED_EDGE ( 'NONE', *, *, #2265, .F. ) ;
#2433 = PLANE ( 'NONE',  #1149 ) ;
#2434 = CARTESIAN_POINT ( 'NONE',  ( 20.04000000000000981, 18.40000000000000568, -1.000000000000000888 ) ) ;
#2435 = EDGE_LOOP ( 'NONE', ( #225, #1450, #1568, #599 ) ) ;
#2436 = LINE ( 'NONE', #1028, #110 ) ;
#2437 = ORIENTED_EDGE ( 'NONE', *, *, #880, .F. ) ;
#2438 = CARTESIAN_POINT ( 'NONE',  ( -0.6599999999999973666, 8.300000000000000711, -1.000000000000000888 ) ) ;
#2439 = ORIENTED_EDGE ( 'NONE', *, *, #1612, .F. ) ;
#2440 = ORIENTED_EDGE ( 'NONE', *, *, #1346, .F. ) ;
#2441 = ADVANCED_FACE ( 'NONE', ( #2149 ), #267, .T. ) ;
#2442 = VERTEX_POINT ( 'NONE', #926 ) ;
#2443 = ORIENTED_EDGE ( 'NONE', *, *, #982, .F. ) ;
#2444 = EDGE_CURVE ( 'NONE', #2540, #655, #1671, .T. ) ;
#2445 = FACE_OUTER_BOUND ( 'NONE', #1517, .T. ) ;
#2446 = CARTESIAN_POINT ( 'NONE',  ( -2.259999999999994458, 18.40000000000000568, -1.000000000000000888 ) ) ;
#2447 = DIRECTION ( 'NONE',  ( -1.000000000000000000, 0.000000000000000000, 0.000000000000000000 ) ) ;
#2448 = VERTEX_POINT ( 'NONE', #1905 ) ;
#2449 = FACE_OUTER_BOUND ( 'NONE', #1085, .T. ) ;
#2450 = ORIENTED_EDGE ( 'NONE', *, *, #1430, .T. ) ;
#2451 = ORIENTED_EDGE ( 'NONE', *, *, #557, .F. ) ;
#2452 = FILL_AREA_STYLE_COLOUR ( '', #1237 ) ;
#2453 = CARTESIAN_POINT ( 'NONE',  ( -0.6599999999999969225, 16.50000000000000711, 2.000000000000000000 ) ) ;
#2454 = EDGE_LOOP ( 'NONE', ( #493, #2693, #2552, #1928, #338, #1491, #2961, #2450 ) ) ;
#2455 = ORIENTED_EDGE ( 'NONE', *, *, #2884, .F. ) ;
#2456 = MANIFOLD_SOLID_BREP ( 'Cut-Extrude3', #2604 ) ;
#2457 = DIRECTION ( 'NONE',  ( -1.000000000000000000, -2.168404344971010594E-16, 0.000000000000000000 ) ) ;
#2458 = DIRECTION ( 'NONE',  ( 0.000000000000000000, 1.000000000000000000, 0.000000000000000000 ) ) ;
#2459 = ORIENTED_EDGE ( 'NONE', *, *, #17, .T. ) ;
#2460 = AXIS2_PLACEMENT_3D ( 'NONE', #2197, #49, #1753 ) ;
#2461 = ORIENTED_EDGE ( 'NONE', *, *, #2842, .F. ) ;
#2462 = ORIENTED_EDGE ( 'NONE', *, *, #2011, .T. ) ;
#2463 = LINE ( 'NONE', #75, #908 ) ;
#2464 = EDGE_CURVE ( 'NONE', #1042, #772, #1422, .T. ) ;
#2465 = VERTEX_POINT ( 'NONE', #1453 ) ;
#2466 = DIRECTION ( 'NONE',  ( 0.9396926207859093161, 0.3420201433256664370, -0.000000000000000000 ) ) ;
#2467 = LINE ( 'NONE', #376, #1148 ) ;
#2468 = ORIENTED_EDGE ( 'NONE', *, *, #1065, .F. ) ;
#2469 = EDGE_CURVE ( 'NONE', #2244, #1773, #2095, .T. ) ;
#2470 = MANIFOLD_SOLID_BREP ( 'Boss-Extrude1[4]', #355 ) ;
#2471 = ORIENTED_EDGE ( 'NONE', *, *, #1630, .F. ) ;
#2472 = CARTESIAN_POINT ( 'NONE',  ( 5.629999999999999005, 1.372065914289947457E-16, 0.4000000000000000222 ) ) ;
#2473 = LINE ( 'NONE', #1803, #2168 ) ;
#2474 = AXIS2_PLACEMENT_3D ( 'NONE', #1958, #1253, #826 ) ;
#2475 = ORIENTED_EDGE ( 'NONE', *, *, #224, .F. ) ;
#2476 = AXIS2_PLACEMENT_3D ( 'NONE', #240, #257, #495 ) ;
#2477 = MANIFOLD_SOLID_BREP ( 'Boss-Extrude1[2]', #1289 ) ;
#2478 = VECTOR ( 'NONE', #1853, 1000.000000000000000 ) ;
#2479 = PLANE ( 'NONE',  #2919 ) ;
#2480 = ORIENTED_EDGE ( 'NONE', *, *, #2338, .F. ) ;
#2481 = CARTESIAN_POINT ( 'NONE',  ( 0.7500000000000000000, -4.250000000000000000, 0.4000000000000000222 ) ) ;
#2482 = AXIS2_PLACEMENT_3D ( 'NONE', #654, #1850, #1565 ) ;
#2483 = VERTEX_POINT ( 'NONE', #1195 ) ;
#2484 = VECTOR ( 'NONE', #1644, 1000.000000000000000 ) ;
#2485 = EDGE_CURVE ( 'NONE', #2465, #693, #2937, .T. ) ;
#2486 = EDGE_LOOP ( 'NONE', ( #2461, #783, #2084, #70 ) ) ;
#2487 = VECTOR ( 'NONE', #2686, 1000.000000000000000 ) ;
#2488 = CARTESIAN_POINT ( 'NONE',  ( 4.530000000000001137, 2.495443522786032481E-18, 0.4000000000000000222 ) ) ;
#2489 = ADVANCED_FACE ( 'NONE', ( #2428 ), #1259, .F. ) ;
#2490 = CARTESIAN_POINT ( 'NONE',  ( 2.250000000000000444, 3.000000000000000000, -0.4000000000000000222 ) ) ;
#2491 = DIRECTION ( 'NONE',  ( 1.000000000000000000, 0.000000000000000000, 0.000000000000000000 ) ) ;
#2492 = VERTEX_POINT ( 'NONE', #607 ) ;
#2493 = EDGE_CURVE ( 'NONE', #2137, #1788, #91, .T. ) ;
#2494 = LINE ( 'NONE', #786, #2926 ) ;
#2495 = CARTESIAN_POINT ( 'NONE',  ( 12.15000000000000213, 9.356763044730696353E-16, -0.4000000000000000222 ) ) ;
#2496 = VERTEX_POINT ( 'NONE', #816 ) ;
#2497 = CARTESIAN_POINT ( 'NONE',  ( -0.6599999999999973666, 8.300000000000000711, -1.000000000000000888 ) ) ;
#2498 = VERTEX_POINT ( 'NONE', #2239 ) ;
#2499 = LINE ( 'NONE', #1771, #98 ) ;
#2500 = ORIENTED_EDGE ( 'NONE', *, *, #2157, .F. ) ;
#2501 = LINE ( 'NONE', #879, #1186 ) ;
#2502 = DIRECTION ( 'NONE',  ( -1.000000000000000000, 0.000000000000000000, -0.000000000000000000 ) ) ;
#2503 = DIRECTION ( 'NONE',  ( 1.084202172485496940E-15, -1.000000000000000000, 0.000000000000000000 ) ) ;
#2504 = EDGE_LOOP ( 'NONE', ( #623, #2061, #847, #1597 ) ) ;
#2505 = VERTEX_POINT ( 'NONE', #2164 ) ;
#2506 = CARTESIAN_POINT ( 'NONE',  ( 0.000000000000000000, 0.000000000000000000, 0.4000000000000000222 ) ) ;
#2507 = FACE_OUTER_BOUND ( 'NONE', #2486, .T. ) ;
#2508 = EDGE_CURVE ( 'NONE', #1586, #1255, #1490, .T. ) ;
#2509 = LINE ( 'NONE', #1805, #1975 ) ;
#2510 = CARTESIAN_POINT ( 'NONE',  ( -0.6599999999999973666, 8.300000000000000711, -2.500000000000000444 ) ) ;
#2511 = EDGE_LOOP ( 'NONE', ( #1521, #602, #1462, #573 ) ) ;
#2512 = ORIENTED_EDGE ( 'NONE', *, *, #2680, .F. ) ;
#2513 = CARTESIAN_POINT ( 'NONE',  ( 18.43999999999999773, 8.299999999999998934, -1.000000000000000888 ) ) ;
#2514 = VECTOR ( 'NONE', #2230, 1000.000000000000000 ) ;
#2515 = CARTESIAN_POINT ( 'NONE',  ( 0.000000000000000000, 0.000000000000000000, -1.000000000000000888 ) ) ;
#2516 = PLANE ( 'NONE',  #363 ) ;
#2517 = EDGE_CURVE ( 'NONE', #1890, #2492, #54, .T. ) ;
#2518 = ORIENTED_EDGE ( 'NONE', *, *, #2046, .F. ) ;
#2519 = PLANE ( 'NONE',  #1634 ) ;
#2520 = LINE ( 'NONE', #658, #749 ) ;
#2521 = CARTESIAN_POINT ( 'NONE',  ( 5.629999999999999005, 1.372065914289947457E-16, -0.4000000000000000222 ) ) ;
#2522 = DIRECTION ( 'NONE',  ( -1.000000000000000000, 0.000000000000000000, 0.000000000000000000 ) ) ;
#2523 = EDGE_CURVE ( 'NONE', #2905, #2236, #767, .T. ) ;
#2524 = VECTOR ( 'NONE', #2097, 1000.000000000000000 ) ;
#2525 = AXIS2_PLACEMENT_3D ( 'NONE', #1268, #138, #2250 ) ;
#2526 = ORIENTED_EDGE ( 'NONE', *, *, #502, .T. ) ;
#2527 = LINE ( 'NONE', #892, #2039 ) ;
#2528 = AXIS2_PLACEMENT_3D ( 'NONE', #2513, #1341, #1848 ) ;
#2529 = AXIS2_PLACEMENT_3D ( 'NONE', #1159, #2341, #2 ) ;
#2530 = CARTESIAN_POINT ( 'NONE',  ( 20.04000000000000981, 14.60000000000001386, -1.000000000000000888 ) ) ;
#2531 = DIRECTION ( 'NONE',  ( 0.000000000000000000, 0.000000000000000000, -1.000000000000000000 ) ) ;
#2532 = ORIENTED_EDGE ( 'NONE', *, *, #3014, .F. ) ;
#2533 = DIRECTION ( 'NONE',  ( -1.000000000000000000, 0.000000000000000000, -0.000000000000000000 ) ) ;
#2534 = DIRECTION ( 'NONE',  ( -1.224646799147355426E-16, 1.000000000000000000, 0.000000000000000000 ) ) ;
#2535 = EDGE_CURVE ( 'NONE', #1255, #126, #1706, .T. ) ;
#2536 = VERTEX_POINT ( 'NONE', #2446 ) ;
#2537 = LINE ( 'NONE', #1124, #248 ) ;
#2538 = CARTESIAN_POINT ( 'NONE',  ( 17.02999999999999758, -4.249999999999997335, 0.4000000000000000222 ) ) ;
#2539 = EDGE_CURVE ( 'NONE', #2015, #2687, #1070, .T. ) ;
#2540 = VERTEX_POINT ( 'NONE', #297 ) ;
#2541 = LINE ( 'NONE', #1314, #1978 ) ;
#2542 = CARTESIAN_POINT ( 'NONE',  ( 20.04000000000000981, 14.60000000000001386, -1.000000000000000888 ) ) ;
#2543 = CARTESIAN_POINT ( 'NONE',  ( 18.43999999999999773, 8.299999999999998934, -1.000000000000000888 ) ) ;
#2544 = EDGE_CURVE ( 'NONE', #2536, #1531, #1964, .T. ) ;
#2545 = ORIENTED_EDGE ( 'NONE', *, *, #1552, .T. ) ;
#2546 = ORIENTED_EDGE ( 'NONE', *, *, #991, .F. ) ;
#2547 = LINE ( 'NONE', #687, #2478 ) ;
#2548 = FACE_OUTER_BOUND ( 'NONE', #1578, .T. ) ;
#2549 = ORIENTED_EDGE ( 'NONE', *, *, #1223, .T. ) ;
#2550 = LINE ( 'NONE', #729, #2986 ) ;
#2551 = DIRECTION ( 'NONE',  ( -0.000000000000000000, -1.000000000000000000, -0.000000000000000000 ) ) ;
#2552 = ORIENTED_EDGE ( 'NONE', *, *, #1381, .T. ) ;
#2553 = VERTEX_POINT ( 'NONE', #795 ) ;
#2554 = LINE ( 'NONE', #1915, #1934 ) ;
#2555 = LINE ( 'NONE', #1167, #1391 ) ;
#2556 = CARTESIAN_POINT ( 'NONE',  ( 8.889999999999998792, 16.75000000000000000, -1.000000000000000888 ) ) ;
#2557 = VECTOR ( 'NONE', #1807, 1000.000000000000000 ) ;
#2558 = DIRECTION ( 'NONE',  ( 1.000000000000000000, 1.224646799147355426E-16, -0.000000000000000000 ) ) ;
#2559 = CARTESIAN_POINT ( 'NONE',  ( 13.25000000000000178, -4.249999999999999112, -0.4000000000000000222 ) ) ;
#2560 = EDGE_CURVE ( 'NONE', #147, #788, #1743, .T. ) ;
#2561 = ORIENTED_EDGE ( 'NONE', *, *, #2319, .T. ) ;
#2562 = CARTESIAN_POINT ( 'NONE',  ( 11.70000000000000284, 4.500000000000000000, -2.500000000000000444 ) ) ;
#2563 = CLOSED_SHELL ( 'NONE', ( #540, #28, #2212, #1434, #3050, #1230, #1329, #2363, #672, #1455 ) ) ;
#2564 = ORIENTED_EDGE ( 'NONE', *, *, #2716, .F. ) ;
#2565 = CARTESIAN_POINT ( 'NONE',  ( 6.079999999999998295, 3.000000000000002220, -2.500000000000000444 ) ) ;
#2566 = VECTOR ( 'NONE', #207, 1000.000000000000000 ) ;
#2567 = VECTOR ( 'NONE', #48, 1000.000000000000000 ) ;
#2568 = AXIS2_PLACEMENT_3D ( 'NONE', #2586, #1444, #2107 ) ;
#2569 = DIRECTION ( 'NONE',  ( -5.507058653894614020E-16, -1.000000000000000000, 0.000000000000000000 ) ) ;
#2570 = VECTOR ( 'NONE', #220, 1000.000000000000000 ) ;
#2571 = SURFACE_STYLE_FILL_AREA ( #2608 ) ;
#2572 = COLOUR_RGB ( '',0.2509803921568627416, 0.2509803921568627416, 0.2509803921568627416 ) ;
#2573 = VECTOR ( 'NONE', #1920, 1000.000000000000000 ) ;
#2574 = DIRECTION ( 'NONE',  ( -0.000000000000000000, -0.000000000000000000, -1.000000000000000000 ) ) ;
#2575 = PLANE ( 'NONE',  #2610 ) ;
#2576 = VECTOR ( 'NONE', #718, 1000.000000000000000 ) ;
#2577 = CARTESIAN_POINT ( 'NONE',  ( 8.890000000000000568, 3.000000000000002665, 1.999999999999999556 ) ) ;
#2578 = DIRECTION ( 'NONE',  ( -1.000000000000000000, 1.445602896647340396E-16, -0.000000000000000000 ) ) ;
#2579 = EDGE_LOOP ( 'NONE', ( #2468, #748, #844, #2526 ) ) ;
#2580 = CARTESIAN_POINT ( 'NONE',  ( -2.259999999999994458, 18.40000000000000568, -1.000000000000000888 ) ) ;
#2581 = ORIENTED_EDGE ( 'NONE', *, *, #1126, .F. ) ;
#2582 = DIRECTION ( 'NONE',  ( -0.000000000000000000, -0.000000000000000000, -1.000000000000000000 ) ) ;
#2583 = DIRECTION ( 'NONE',  ( -0.9396926207859093161, 0.3420201433256664370, 0.000000000000000000 ) ) ;
#2584 = EDGE_LOOP ( 'NONE', ( #134, #813, #3008, #2050 ) ) ;
#2585 = DIRECTION ( 'NONE',  ( 0.000000000000000000, 0.000000000000000000, -1.000000000000000000 ) ) ;
#2586 = CARTESIAN_POINT ( 'NONE',  ( -2.259999999999998010, 16.50000000000000711, -1.000000000000000888 ) ) ;
#2587 = CARTESIAN_POINT ( 'NONE',  ( 12.42297767569964861, -4.999999999999999112, 0.4000000000000000222 ) ) ;
#2588 = CARTESIAN_POINT ( 'NONE',  ( -0.7499999999999997780, 2.999999999999999556, 0.4000000000000000222 ) ) ;
#2589 = CARTESIAN_POINT ( 'NONE',  ( 15.53000000000000114, 1.626330949267685008E-15, -0.4000000000000000222 ) ) ;
#2590 = EDGE_CURVE ( 'NONE', #335, #1249, #1275, .T. ) ;
#2591 = VERTEX_POINT ( 'NONE', #2699 ) ;
#2592 = DIRECTION ( 'NONE',  ( 0.000000000000000000, -0.000000000000000000, -1.000000000000000000 ) ) ;
#2593 =( NAMED_UNIT ( * ) PLANE_ANGLE_UNIT ( ) SI_UNIT ( $, .RADIAN. ) );
#2594 = ADVANCED_FACE ( 'NONE', ( #1574 ), #624, .F. ) ;
#2595 = PLANE ( 'NONE',  #1060 ) ;
#2596 = EDGE_LOOP ( 'NONE', ( #369, #1969, #2001, #719, #313, #2867, #2199, #1284, #2475, #2518 ) ) ;
#2597 = CARTESIAN_POINT ( 'NONE',  ( 11.70000000000000284, 3.000000000000001332, -1.000000000000000888 ) ) ;
#2598 =( NAMED_UNIT ( * ) PLANE_ANGLE_UNIT ( ) SI_UNIT ( $, .RADIAN. ) );
#2599 = ORIENTED_EDGE ( 'NONE', *, *, #691, .T. ) ;
#2600 = LINE ( 'NONE', #1650, #1686 ) ;
#2601 = ORIENTED_EDGE ( 'NONE', *, *, #1179, .T. ) ;
#2602 = LINE ( 'NONE', #2863, #2365 ) ;
#2603 = LINE ( 'NONE', #1165, #366 ) ;
#2604 = CLOSED_SHELL ( 'NONE', ( #447, #1911, #1880, #665, #1872, #2829, #339, #2135, #387, #2158, #2750, #12, #1761, #1142, #1864, #700, #1321, #936, #2191, #2959, #243, #975, #3002, #468, #517, #1135, #2170, #371, #2140, #2594, #736, #999, #205, #762 ) ) ;
#2605 = EDGE_CURVE ( 'NONE', #2633, #2984, #2501, .T. ) ;
#2606 = VERTEX_POINT ( 'NONE', #1116 ) ;
#2607 = PLANE ( 'NONE',  #5 ) ;
#2608 = FILL_AREA_STYLE ('',( #2806 ) ) ;
#2609 = DIRECTION ( 'NONE',  ( -0.000000000000000000, -0.000000000000000000, -1.000000000000000000 ) ) ;
#2610 = AXIS2_PLACEMENT_3D ( 'NONE', #2345, #1171, #3068 ) ;
#2611 = AXIS2_PLACEMENT_3D ( 'NONE', #1460, #2830, #1445 ) ;
#2612 = FACE_OUTER_BOUND ( 'NONE', #2775, .T. ) ;
#2613 = LINE ( 'NONE', #1457, #167 ) ;
#2614 = AXIS2_PLACEMENT_3D ( 'NONE', #2556, #1371, #449 ) ;
#2615 = VECTOR ( 'NONE', #1129, 1000.000000000000000 ) ;
#2616 = AXIS2_PLACEMENT_3D ( 'NONE', #734, #1626, #2803 ) ;
#2617 = AXIS2_PLACEMENT_3D ( 'NONE', #1817, #920, #429 ) ;
#2618 = CARTESIAN_POINT ( 'NONE',  ( 20.04000000000000625, 20.25000000000000000, -2.500000000000000444 ) ) ;
#2619 = EDGE_CURVE ( 'NONE', #1330, #896, #2312, .T. ) ;
#2620 = EDGE_CURVE ( 'NONE', #693, #2137, #2971, .T. ) ;
#2621 = ORIENTED_EDGE ( 'NONE', *, *, #2485, .T. ) ;
#2622 = CARTESIAN_POINT ( 'NONE',  ( 12.97702232430035529, -4.999999999999999112, 0.4000000000000000222 ) ) ;
#2623 = CARTESIAN_POINT ( 'NONE',  ( 12.42297767569964861, -4.999999999999999112, 0.4000000000000000222 ) ) ;
#2624 = ORIENTED_EDGE ( 'NONE', *, *, #71, .T. ) ;
#2625 = ORIENTED_EDGE ( 'NONE', *, *, #2210, .T. ) ;
#2626 = DIRECTION ( 'NONE',  ( -1.000000000000000000, 1.543348288235592614E-16, 0.000000000000000000 ) ) ;
#2627 = EDGE_CURVE ( 'NONE', #1048, #142, #1141, .T. ) ;
#2628 = CARTESIAN_POINT ( 'NONE',  ( -0.4770223243003534064, -5.000000000000000000, 0.4000000000000000222 ) ) ;
#2629 = FACE_OUTER_BOUND ( 'NONE', #2883, .T. ) ;
#2630 = ORIENTED_EDGE ( 'NONE', *, *, #16, .T. ) ;
#2631 =( NAMED_UNIT ( * ) SI_UNIT ( $, .STERADIAN. ) SOLID_ANGLE_UNIT ( ) );
#2632 = FACE_OUTER_BOUND ( 'NONE', #1131, .T. ) ;
#2633 = VERTEX_POINT ( 'NONE', #186 ) ;
#2634 = CARTESIAN_POINT ( 'NONE',  ( -2.259999999999994458, 14.60000000000000675, -1.000000000000000888 ) ) ;
#2635 = FACE_OUTER_BOUND ( 'NONE', #1772, .T. ) ;
#2636 = ORIENTED_EDGE ( 'NONE', *, *, #2772, .T. ) ;
#2637 = ORIENTED_EDGE ( 'NONE', *, *, #1123, .F. ) ;
#2638 = VERTEX_POINT ( 'NONE', #197 ) ;
#2639 = CARTESIAN_POINT ( 'NONE',  ( 11.70000000000000284, 3.000000000000001332, -1.000000000000000888 ) ) ;
#2640 = DIRECTION ( 'NONE',  ( 0.000000000000000000, 0.000000000000000000, -1.000000000000000000 ) ) ;
#2641 = EDGE_CURVE ( 'NONE', #431, #591, #2747, .T. ) ;
#2642 = DIRECTION ( 'NONE',  ( -1.000000000000000000, 2.573773703229685623E-16, -0.000000000000000000 ) ) ;
#2643 = DIRECTION ( 'NONE',  ( 0.9396926207859105373, 0.3420201433256631063, -0.000000000000000000 ) ) ;
#2644 = ORIENTED_EDGE ( 'NONE', *, *, #400, .T. ) ;
#2645 = DIRECTION ( 'NONE',  ( -1.000000000000000000, 3.111611616101896487E-16, -0.000000000000000000 ) ) ;
#2646 = DIRECTION ( 'NONE',  ( -1.000000000000000000, -4.336808689942016158E-15, -0.000000000000000000 ) ) ;
#2647 = VERTEX_POINT ( 'NONE', #635 ) ;
#2648 = AXIS2_PLACEMENT_3D ( 'NONE', #2691, #102, #586 ) ;
#2649 = LINE ( 'NONE', #1558, #1185 ) ;
#2650 = LINE ( 'NONE', #1520, #1868 ) ;
#2651 = ORIENTED_EDGE ( 'NONE', *, *, #2842, .T. ) ;
#2652 = ORIENTED_EDGE ( 'NONE', *, *, #1645, .F. ) ;
#2653 = EDGE_LOOP ( 'NONE', ( #801, #340, #1294, #534 ) ) ;
#2654 = CARTESIAN_POINT ( 'NONE',  ( 0.7500000000000000000, 0.000000000000000000, 0.4000000000000000222 ) ) ;
#2655 =( NAMED_UNIT ( * ) SI_UNIT ( $, .STERADIAN. ) SOLID_ANGLE_UNIT ( ) );
#2656 = EDGE_CURVE ( 'NONE', #1663, #1841, #1368, .T. ) ;
#2657 = DIRECTION ( 'NONE',  ( -0.000000000000000000, -1.000000000000000000, -0.000000000000000000 ) ) ;
#2658 = VECTOR ( 'NONE', #2846, 1000.000000000000000 ) ;
#2659 = ORIENTED_EDGE ( 'NONE', *, *, #1179, .F. ) ;
#2660 = DIRECTION ( 'NONE',  ( 0.000000000000000000, -1.000000000000000000, 0.000000000000000000 ) ) ;
#2661 = VECTOR ( 'NONE', #2998, 1000.000000000000000 ) ;
#2662 = ORIENTED_EDGE ( 'NONE', *, *, #1543, .F. ) ;
#2663 = CARTESIAN_POINT ( 'NONE',  ( 18.43999999999999773, 8.299999999999998934, -2.500000000000000444 ) ) ;
#2664 = DIRECTION ( 'NONE',  ( 3.111611616101895994E-16, 1.000000000000000000, 0.000000000000000000 ) ) ;
#2665 = VECTOR ( 'NONE', #2827, 1000.000000000000000 ) ;
#2666 = AXIS2_PLACEMENT_3D ( 'NONE', #2577, #3069, #2843 ) ;
#2667 = ORIENTED_EDGE ( 'NONE', *, *, #3065, .T. ) ;
#2668 = EDGE_CURVE ( 'NONE', #1717, #2638, #2541, .T. ) ;
#2669 = EDGE_CURVE ( 'NONE', #2633, #2606, #419, .T. ) ;
#2670 = AXIS2_PLACEMENT_3D ( 'NONE', #2204, #2715, #2679 ) ;
#2671 = VECTOR ( 'NONE', #881, 1000.000000000000000 ) ;
#2672 = DIRECTION ( 'NONE',  ( -0.000000000000000000, -0.000000000000000000, 1.000000000000000000 ) ) ;
#2673 = PLANE ( 'NONE',  #513 ) ;
#2674 = VECTOR ( 'NONE', #2211, 1000.000000000000000 ) ;
#2675 = ADVANCED_FACE ( 'NONE', ( #143 ), #385, .F. ) ;
#2676 = EDGE_LOOP ( 'NONE', ( #96, #1902, #870, #2459 ) ) ;
#2677 = ORIENTED_EDGE ( 'NONE', *, *, #1337, .T. ) ;
#2678 = CARTESIAN_POINT ( 'NONE',  ( -2.259999999999995790, 14.90000000000000746, 2.000000000000000000 ) ) ;
#2679 = DIRECTION ( 'NONE',  ( -1.000000000000000000, -1.224646799147353207E-16, 0.000000000000000000 ) ) ;
#2680 = EDGE_CURVE ( 'NONE', #2249, #87, #1563, .T. ) ;
#2681 = FACE_OUTER_BOUND ( 'NONE', #1713, .T. ) ;
#2682 = CARTESIAN_POINT ( 'NONE',  ( 8.889999999999998792, 16.75000000000000000, -7.025483399593909439 ) ) ;
#2683 = ORIENTED_EDGE ( 'NONE', *, *, #2350, .T. ) ;
#2684 = ORIENTED_EDGE ( 'NONE', *, *, #2469, .F. ) ;
#2685 = DIRECTION ( 'NONE',  ( 1.000000000000000000, 0.000000000000000000, 0.000000000000000000 ) ) ;
#2686 = DIRECTION ( 'NONE',  ( -0.000000000000000000, -0.000000000000000000, 1.000000000000000000 ) ) ;
#2687 = VERTEX_POINT ( 'NONE', #1094 ) ;
#2688 = CARTESIAN_POINT ( 'NONE',  ( 4.802977675699648508, -5.000000000000000000, 0.4000000000000000222 ) ) ;
#2689 = VERTEX_POINT ( 'NONE', #2759 ) ;
#2690 = EDGE_CURVE ( 'NONE', #2536, #1739, #404, .T. ) ;
#2691 = CARTESIAN_POINT ( 'NONE',  ( 13.70000000000000107, 3.000000000000001776, 0.4000000000000000222 ) ) ;
#2692 = VERTEX_POINT ( 'NONE', #176 ) ;
#2693 = ORIENTED_EDGE ( 'NONE', *, *, #1989, .T. ) ;
#2694 = ORIENTED_EDGE ( 'NONE', *, *, #1015, .F. ) ;
#2695 = ORIENTED_EDGE ( 'NONE', *, *, #161, .T. ) ;
#2696 = ORIENTED_EDGE ( 'NONE', *, *, #1651, .T. ) ;
#2697 = EDGE_CURVE ( 'NONE', #1095, #36, #2051, .T. ) ;
#2698 = CARTESIAN_POINT ( 'NONE',  ( -2.260000000000005116, 4.500000000000001776, -2.500000000000000444 ) ) ;
#2699 = CARTESIAN_POINT ( 'NONE',  ( 6.079999999999998295, 4.500000000000000000, -1.000000000000000888 ) ) ;
#2700 = ORIENTED_EDGE ( 'NONE', *, *, #1389, .T. ) ;
#2701 = CYLINDRICAL_SURFACE ( 'NONE', #903, 1.599999999999997202 ) ;
#2702 = CARTESIAN_POINT ( 'NONE',  ( 11.70000000000000284, 8.805671985114386411E-16, 0.4000000000000000222 ) ) ;
#2703 = ORIENTED_EDGE ( 'NONE', *, *, #17, .F. ) ;
#2704 = CARTESIAN_POINT ( 'NONE',  ( 18.43999999999999773, 14.60000000000001208, -2.500000000000000444 ) ) ;
#2705 = CARTESIAN_POINT ( 'NONE',  ( 17.03000000000000114, 1.993724989011891241E-15, -0.4000000000000000222 ) ) ;
#2706 = ORIENTED_EDGE ( 'NONE', *, *, #2817, .F. ) ;
#2707 = EDGE_CURVE ( 'NONE', #2236, #1897, #2995, .T. ) ;
#2708 = FACE_OUTER_BOUND ( 'NONE', #1991, .T. ) ;
#2709 = ORIENTED_EDGE ( 'NONE', *, *, #2243, .F. ) ;
#2710 = CARTESIAN_POINT ( 'NONE',  ( 18.43999999999999773, 14.60000000000001208, -1.000000000000000888 ) ) ;
#2711 = VERTEX_POINT ( 'NONE', #2267 ) ;
#2712 = VECTOR ( 'NONE', #622, 1000.000000000000000 ) ;
#2713 = UNCERTAINTY_MEASURE_WITH_UNIT (LENGTH_MEASURE( 1.000000000000000082E-05 ), #741, 'distance_accuracy_value', 'NONE');
#2714 = EDGE_LOOP ( 'NONE', ( #2835, #814, #2247, #1540 ) ) ;
#2715 = DIRECTION ( 'NONE',  ( -1.224646799147353207E-16, 1.000000000000000000, 0.000000000000000000 ) ) ;
#2716 = EDGE_CURVE ( 'NONE', #291, #587, #158, .T. ) ;
#2717 = DIRECTION ( 'NONE',  ( 0.000000000000000000, 0.000000000000000000, -1.000000000000000000 ) ) ;
#2718 = DIRECTION ( 'NONE',  ( 1.000000000000000000, 0.000000000000000000, 0.000000000000000000 ) ) ;
#2719 = ORIENTED_EDGE ( 'NONE', *, *, #450, .T. ) ;
#2720 = ORIENTED_EDGE ( 'NONE', *, *, #2620, .T. ) ;
#2721 = EDGE_LOOP ( 'NONE', ( #1525, #2659, #793, #1704 ) ) ;
#2722 = CARTESIAN_POINT ( 'NONE',  ( -2.260000000000005116, 4.500000000000001776, -1.000000000000000888 ) ) ;
#2723 = CARTESIAN_POINT ( 'NONE',  ( 13.70000000000000107, 3.000000000000001776, 0.4000000000000000222 ) ) ;
#2724 = EDGE_LOOP ( 'NONE', ( #3022, #446, #1477, #1239 ) ) ;
#2725 = VECTOR ( 'NONE', #1037, 1000.000000000000227 ) ;
#2726 =( GEOMETRIC_REPRESENTATION_CONTEXT ( 3 ) GLOBAL_UNCERTAINTY_ASSIGNED_CONTEXT ( ( #402 ) ) GLOBAL_UNIT_ASSIGNED_CONTEXT ( ( #183, #2598, #2631 ) ) REPRESENTATION_CONTEXT ( 'NONE', 'WORKASPACE' ) );
#2727 = FACE_OUTER_BOUND ( 'NONE', #1618, .T. ) ;
#2728 = EDGE_CURVE ( 'NONE', #851, #1980, #2527, .T. ) ;
#2729 = ORIENTED_EDGE ( 'NONE', *, *, #2656, .F. ) ;
#2730 = LINE ( 'NONE', #2510, #2712 ) ;
#2731 = VECTOR ( 'NONE', #2915, 1000.000000000000000 ) ;
#2732 = ORIENTED_EDGE ( 'NONE', *, *, #1989, .F. ) ;
#2733 = VECTOR ( 'NONE', #271, 1000.000000000000227 ) ;
#2734 = ORIENTED_EDGE ( 'NONE', *, *, #2210, .F. ) ;
#2735 = AXIS2_PLACEMENT_3D ( 'NONE', #1018, #2886, #398 ) ;
#2736 = DIRECTION ( 'NONE',  ( -4.022547190670856652E-16, -1.000000000000000000, 0.000000000000000000 ) ) ;
#2737 = LINE ( 'NONE', #894, #2671 ) ;
#2738 = LINE ( 'NONE', #1798, #3077 ) ;
#2739 = EDGE_CURVE ( 'NONE', #2975, #2249, #1128, .T. ) ;
#2740 = VERTEX_POINT ( 'NONE', #2776 ) ;
#2741 = EDGE_LOOP ( 'NONE', ( #83, #940, #503, #708, #230, #66, #2462, #1046, #1466, #1912 ) ) ;
#2742 = CARTESIAN_POINT ( 'NONE',  ( -2.260000000000005116, 4.500000000000001776, -2.500000000000000444 ) ) ;
#2743 = CARTESIAN_POINT ( 'NONE',  ( 0.7500000000000000000, 0.000000000000000000, 0.4000000000000000222 ) ) ;
#2744 = DIRECTION ( 'NONE',  ( -0.000000000000000000, -1.000000000000000000, -0.000000000000000000 ) ) ;
#2745 = CARTESIAN_POINT ( 'NONE',  ( -0.7500000000000000000, -4.250000000000000000, -0.4000000000000000222 ) ) ;
#2746 = VERTEX_POINT ( 'NONE', #1901 ) ;
#2747 = LINE ( 'NONE', #2791, #461 ) ;
#2748 = PLANE ( 'NONE',  #1884 ) ;
#2749 = CARTESIAN_POINT ( 'NONE',  ( 15.53000000000000114, 1.626330949267685008E-15, 0.4000000000000000222 ) ) ;
#2750 = ADVANCED_FACE ( 'NONE', ( #2145, #2351 ), #682, .F. ) ;
#2751 = VERTEX_POINT ( 'NONE', #2101 ) ;
#2752 = DIRECTION ( 'NONE',  ( -0.000000000000000000, -0.000000000000000000, -1.000000000000000000 ) ) ;
#2753 = CARTESIAN_POINT ( 'NONE',  ( 6.079999999999999183, 1.923156973906258138E-16, 0.4000000000000000222 ) ) ;
#2754 = ADVANCED_FACE ( 'NONE', ( #1435 ), #1873, .T. ) ;
#2755 = CARTESIAN_POINT ( 'NONE',  ( 11.70000000000000284, 3.000000000000001332, -2.500000000000000444 ) ) ;
#2756 = DIRECTION ( 'NONE',  ( -1.000000000000000000, 0.000000000000000000, 0.000000000000000000 ) ) ;
#2757 = PLANE ( 'NONE',  #2858 ) ;
#2758 = ORIENTED_EDGE ( 'NONE', *, *, #2680, .T. ) ;
#2759 = CARTESIAN_POINT ( 'NONE',  ( -0.7500000000000000000, -4.250000000000000000, 0.4000000000000000222 ) ) ;
#2760 = VECTOR ( 'NONE', #1715, 1000.000000000000000 ) ;
#2761 = EDGE_CURVE ( 'NONE', #865, #2377, #695, .T. ) ;
#2762 = LINE ( 'NONE', #653, #119 ) ;
#2763 = DIRECTION ( 'NONE',  ( 0.000000000000000000, 0.000000000000000000, 1.000000000000000000 ) ) ;
#2764 = ORIENTED_EDGE ( 'NONE', *, *, #1755, .F. ) ;
#2765 = PLANE ( 'NONE',  #1348 ) ;
#2766 = DIRECTION ( 'NONE',  ( 1.000000000000000000, 1.224646799147355426E-16, -0.000000000000000000 ) ) ;
#2767 = EDGE_LOOP ( 'NONE', ( #2636, #352, #628, #1272 ) ) ;
#2768 = EDGE_LOOP ( 'NONE', ( #860, #381, #2934, #2234 ) ) ;
#2769 = DIRECTION ( 'NONE',  ( 0.000000000000000000, -1.000000000000000000, 0.000000000000000000 ) ) ;
#2770 = CARTESIAN_POINT ( 'NONE',  ( 15.53000000000000114, 3.000000000000002220, 0.4000000000000000222 ) ) ;
#2771 = VECTOR ( 'NONE', #530, 1000.000000000000000 ) ;
#2772 = EDGE_CURVE ( 'NONE', #380, #2448, #263, .T. ) ;
#2773 = VECTOR ( 'NONE', #716, 1000.000000000000000 ) ;
#2774 = COLOUR_RGB ( '',0.7921568627450980005, 0.8196078431372548767, 0.9333333333333333481 ) ;
#2775 = EDGE_LOOP ( 'NONE', ( #390, #1747, #2549, #2921 ) ) ;
#2776 = CARTESIAN_POINT ( 'NONE',  ( 18.53000000000000469, -4.249999999999997335, 0.4000000000000000222 ) ) ;
#2777 = VECTOR ( 'NONE', #2362, 1000.000000000000000 ) ;
#2778 = AXIS2_PLACEMENT_3D ( 'NONE', #2922, #1555, #1305 ) ;
#2779 = AXIS2_PLACEMENT_3D ( 'NONE', #932, #1406, #1861 ) ;
#2780 = AXIS2_PLACEMENT_3D ( 'NONE', #937, #2825, #2366 ) ;
#2781 = CARTESIAN_POINT ( 'NONE',  ( 4.080000000000000071, -5.261366243884495090E-17, 0.4000000000000000222 ) ) ;
#2782 = LINE ( 'NONE', #1617, #2418 ) ;
#2783 = ORIENTED_EDGE ( 'NONE', *, *, #71, .F. ) ;
#2784 = CARTESIAN_POINT ( 'NONE',  ( -0.4770223243003534064, -5.000000000000000000, 0.4000000000000000222 ) ) ;
#2785 = CARTESIAN_POINT ( 'NONE',  ( 20.04000000000000981, 8.299999999999998934, -2.500000000000000444 ) ) ;
#2786 = ORIENTED_EDGE ( 'NONE', *, *, #711, .F. ) ;
#2787 = CARTESIAN_POINT ( 'NONE',  ( -2.259999999999994458, 14.60000000000000675, -2.500000000000000444 ) ) ;
#2788 = CARTESIAN_POINT ( 'NONE',  ( -2.259999999999994458, 18.40000000000000568, -2.500000000000000444 ) ) ;
#2789 = EDGE_CURVE ( 'NONE', #1995, #1408, #2603, .T. ) ;
#2790 = ORIENTED_EDGE ( 'NONE', *, *, #270, .T. ) ;
#2791 = CARTESIAN_POINT ( 'NONE',  ( 20.04000000000000981, 18.40000000000000568, -2.500000000000000444 ) ) ;
#2792 = ADVANCED_FACE ( 'NONE', ( #34 ), #2814, .T. ) ;
#2793 = PLANE ( 'NONE',  #2529 ) ;
#2794 = PLANE ( 'NONE',  #2990 ) ;
#2795 = VERTEX_POINT ( 'NONE', #472 ) ;
#2796 = CARTESIAN_POINT ( 'NONE',  ( 6.079999999999999183, 1.923156973906258138E-16, 0.4000000000000000222 ) ) ;
#2797 = CARTESIAN_POINT ( 'NONE',  ( 20.04000000000000981, 8.299999999999998934, -1.000000000000000888 ) ) ;
#2798 = EDGE_LOOP ( 'NONE', ( #282, #2729, #2923, #1859 ) ) ;
#2799 = DIRECTION ( 'NONE',  ( -8.163404592832033966E-16, -1.000000000000000000, -0.000000000000000000 ) ) ;
#2800 = VERTEX_POINT ( 'NONE', #977 ) ;
#2801 = ORIENTED_EDGE ( 'NONE', *, *, #1372, .T. ) ;
#2802 = ORIENTED_EDGE ( 'NONE', *, *, #1953, .T. ) ;
#2803 = DIRECTION ( 'NONE',  ( 9.130123557772668088E-16, -1.000000000000000000, 0.000000000000000000 ) ) ;
#2804 = EDGE_CURVE ( 'NONE', #2975, #95, #3062, .T. ) ;
#2805 = PLANE ( 'NONE',  #2126 ) ;
#2806 = FILL_AREA_STYLE_COLOUR ( '', #1883 ) ;
#2807 = COLOUR_RGB ( '',0.7921568627450980005, 0.8196078431372548767, 0.9333333333333333481 ) ;
#2808 = CARTESIAN_POINT ( 'NONE',  ( -2.260000000000008669, 8.300000000000002487, -2.500000000000000444 ) ) ;
#2809 = PLANE ( 'NONE',  #900 ) ;
#2810 = ORIENTED_EDGE ( 'NONE', *, *, #161, .F. ) ;
#2811 = DIRECTION ( 'NONE',  ( 0.000000000000000000, -1.000000000000000000, 0.000000000000000000 ) ) ;
#2812 = DIRECTION ( 'NONE',  ( 0.000000000000000000, 0.000000000000000000, -1.000000000000000000 ) ) ;
#2813 = ORIENTED_EDGE ( 'NONE', *, *, #115, .T. ) ;
#2814 = PLANE ( 'NONE',  #2616 ) ;
#2815 = VECTOR ( 'NONE', #2219, 1000.000000000000000 ) ;
#2816 = PRESENTATION_LAYER_ASSIGNMENT (  '', '', ( #1052 ) ) ;
#2817 = EDGE_CURVE ( 'NONE', #1068, #871, #2554, .T. ) ;
#2818 = CIRCLE ( 'NONE', #2568, 1.600000000000001199 ) ;
#2819 = DIRECTION ( 'NONE',  ( -0.000000000000000000, -0.000000000000000000, -1.000000000000000000 ) ) ;
#2820 = VECTOR ( 'NONE', #527, 1000.000000000000000 ) ;
#2821 =( LENGTH_UNIT ( ) NAMED_UNIT ( * ) SI_UNIT ( .MILLI., .METRE. ) );
#2822 = VECTOR ( 'NONE', #1243, 1000.000000000000000 ) ;
#2823 = AXIS2_PLACEMENT_3D ( 'NONE', #1036, #2466, #92 ) ;
#2824 = EDGE_CURVE ( 'NONE', #1756, #2006, #1614, .T. ) ;
#2825 = DIRECTION ( 'NONE',  ( -0.9396926207859106484, 0.3420201433256627177, 0.000000000000000000 ) ) ;
#2826 = ORIENTED_EDGE ( 'NONE', *, *, #2200, .T. ) ;
#2827 = DIRECTION ( 'NONE',  ( -1.000000000000000000, 2.573773703229685623E-16, -0.000000000000000000 ) ) ;
#2828 = VECTOR ( 'NONE', #2551, 1000.000000000000000 ) ;
#2829 = ADVANCED_FACE ( 'NONE', ( #1380 ), #1889, .T. ) ;
#2830 = DIRECTION ( 'NONE',  ( -1.000000000000000000, 5.507058653894614020E-16, 0.000000000000000000 ) ) ;
#2831 = CARTESIAN_POINT ( 'NONE',  ( 11.70000000000000284, 3.000000000000001332, -2.500000000000000444 ) ) ;
#2832 = ORIENTED_EDGE ( 'NONE', *, *, #522, .F. ) ;
#2833 = CARTESIAN_POINT ( 'NONE',  ( 20.04000000000000625, 4.499999999999999112, -1.000000000000000888 ) ) ;
#2834 = DIRECTION ( 'NONE',  ( 4.022547190670856652E-16, 1.000000000000000000, 0.000000000000000000 ) ) ;
#2835 = ORIENTED_EDGE ( 'NONE', *, *, #46, .T. ) ;
#2836 = ORIENTED_EDGE ( 'NONE', *, *, #2165, .T. ) ;
#2837 = CARTESIAN_POINT ( 'NONE',  ( 18.25702232430035465, -4.999999999999997335, -0.4000000000000000222 ) ) ;
#2838 = SURFACE_STYLE_USAGE ( .BOTH. , #38 ) ;
#2839 = EDGE_CURVE ( 'NONE', #1011, #890, #2324, .T. ) ;
#2840 = DIRECTION ( 'NONE',  ( -0.000000000000000000, -1.000000000000000000, -0.000000000000000000 ) ) ;
#2841 = DIRECTION ( 'NONE',  ( -0.000000000000000000, -0.000000000000000000, -1.000000000000000000 ) ) ;
#2842 = EDGE_CURVE ( 'NONE', #1507, #2496, #315, .T. ) ;
#2843 = DIRECTION ( 'NONE',  ( 1.000000000000000000, 0.000000000000000000, 0.000000000000000000 ) ) ;
#2844 = ORIENTED_EDGE ( 'NONE', *, *, #417, .F. ) ;
#2845 = FACE_OUTER_BOUND ( 'NONE', #2943, .T. ) ;
#2846 = DIRECTION ( 'NONE',  ( -0.000000000000000000, -0.000000000000000000, -1.000000000000000000 ) ) ;
#2847 = CARTESIAN_POINT ( 'NONE',  ( 4.802977675699648508, -5.000000000000000000, 0.4000000000000000222 ) ) ;
#2848 = VERTEX_POINT ( 'NONE', #2589 ) ;
#2849 = ADVANCED_FACE ( 'NONE', ( #924 ), #488, .F. ) ;
#2850 = PLANE ( 'NONE',  #364 ) ;
#2851 =( NAMED_UNIT ( * ) SI_UNIT ( $, .STERADIAN. ) SOLID_ANGLE_UNIT ( ) );
#2852 = VERTEX_POINT ( 'NONE', #2340 ) ;
#2853 =( LENGTH_UNIT ( ) NAMED_UNIT ( * ) SI_UNIT ( .MILLI., .METRE. ) );
#2854 = EDGE_CURVE ( 'NONE', #89, #822, #2358, .T. ) ;
#2855 = LINE ( 'NONE', #1399, #2573 ) ;
#2856 = ORIENTED_EDGE ( 'NONE', *, *, #2349, .T. ) ;
#2857 = DIRECTION ( 'NONE',  ( -0.3420201433256626622, -0.9396926207859105373, 0.000000000000000000 ) ) ;
#2858 = AXIS2_PLACEMENT_3D ( 'NONE', #648, #2264, #155 ) ;
#2859 = ADVANCED_FACE ( 'NONE', ( #14 ), #964, .F. ) ;
#2860 = LINE ( 'NONE', #1675, #252 ) ;
#2861 = DIRECTION ( 'NONE',  ( 0.000000000000000000, -1.000000000000000000, 0.000000000000000000 ) ) ;
#2862 = ORIENTED_EDGE ( 'NONE', *, *, #2535, .F. ) ;
#2863 = CARTESIAN_POINT ( 'NONE',  ( 18.53000000000000469, -4.249999999999997335, 0.4000000000000000222 ) ) ;
#2864 = ADVANCED_FACE ( 'NONE', ( #747 ), #2673, .T. ) ;
#2865 = CARTESIAN_POINT ( 'NONE',  ( 20.04000000000000981, 14.60000000000001386, -1.000000000000000888 ) ) ;
#2866 = ORIENTED_EDGE ( 'NONE', *, *, #1533, .F. ) ;
#2867 = ORIENTED_EDGE ( 'NONE', *, *, #1209, .F. ) ;
#2868 = EDGE_CURVE ( 'NONE', #1719, #1436, #2896, .T. ) ;
#2869 = LINE ( 'NONE', #520, #1394 ) ;
#2870 = CARTESIAN_POINT ( 'NONE',  ( 13.70000000000000107, 1.125496558340909036E-15, 0.4000000000000000222 ) ) ;
#2871 = VECTOR ( 'NONE', #2275, 1000.000000000000000 ) ;
#2872 = CARTESIAN_POINT ( 'NONE',  ( 18.52999999999999758, 3.000000000000001776, 0.4000000000000000222 ) ) ;
#2873 = CARTESIAN_POINT ( 'NONE',  ( -2.259999999999994458, 18.40000000000000568, -1.000000000000000888 ) ) ;
#2874 = PRESENTATION_LAYER_ASSIGNMENT (  '', '', ( #172 ) ) ;
#2875 = AXIS2_PLACEMENT_3D ( 'NONE', #480, #956, #2105 ) ;
#2876 = VECTOR ( 'NONE', #242, 1000.000000000000000 ) ;
#2877 = LINE ( 'NONE', #2127, #2287 ) ;
#2878 = DIRECTION ( 'NONE',  ( -0.000000000000000000, -0.000000000000000000, -1.000000000000000000 ) ) ;
#2879 = ORIENTED_EDGE ( 'NONE', *, *, #16, .F. ) ;
#2880 = EDGE_CURVE ( 'NONE', #1681, #1583, #1290, .T. ) ;
#2881 = PLANE ( 'NONE',  #553 ) ;
#2882 = FACE_OUTER_BOUND ( 'NONE', #2315, .T. ) ;
#2883 = EDGE_LOOP ( 'NONE', ( #962, #1547, #836, #523 ) ) ;
#2884 = EDGE_CURVE ( 'NONE', #2505, #2217, #2650, .T. ) ;
#2885 = ORIENTED_EDGE ( 'NONE', *, *, #1025, .T. ) ;
#2886 = DIRECTION ( 'NONE',  ( 0.000000000000000000, 0.000000000000000000, 1.000000000000000000 ) ) ;
#2887 = DIRECTION ( 'NONE',  ( -0.000000000000000000, -1.000000000000000000, -0.000000000000000000 ) ) ;
#2888 = ORIENTED_EDGE ( 'NONE', *, *, #358, .F. ) ;
#2889 = PLANE ( 'NONE',  #2823 ) ;
#2890 = FACE_OUTER_BOUND ( 'NONE', #443, .T. ) ;
#2891 = VERTEX_POINT ( 'NONE', #294 ) ;
#2892 = CARTESIAN_POINT ( 'NONE',  ( 15.53000000000000114, 3.000000000000002220, -0.4000000000000000222 ) ) ;
#2893 = VERTEX_POINT ( 'NONE', #1449 ) ;
#2894 = PLANE ( 'NONE',  #498 ) ;
#2895 = ADVANCED_FACE ( 'NONE', ( #280 ), #777, .F. ) ;
#2896 = LINE ( 'NONE', #2623, #43 ) ;
#2897 = ORIENTED_EDGE ( 'NONE', *, *, #2854, .F. ) ;
#2898 = FACE_OUTER_BOUND ( 'NONE', #2504, .T. ) ;
#2899 = SURFACE_STYLE_USAGE ( .BOTH. , #1296 ) ;
#2900 = SURFACE_STYLE_USAGE ( .BOTH. , #1020 ) ;
#2901 = CARTESIAN_POINT ( 'NONE',  ( 20.03999999999999915, 2.999999999999999112, 1.999999999999999556 ) ) ;
#2902 = DIRECTION ( 'NONE',  ( 0.000000000000000000, 0.000000000000000000, 1.000000000000000000 ) ) ;
#2903 = EDGE_CURVE ( 'NONE', #105, #2223, #2269, .T. ) ;
#2904 = ORIENTED_EDGE ( 'NONE', *, *, #275, .T. ) ;
#2905 = VERTEX_POINT ( 'NONE', #2865 ) ;
#2906 = CARTESIAN_POINT ( 'NONE',  ( 20.03999999999999915, 2.999999999999999112, -2.500000000000000444 ) ) ;
#2907 = ORIENTED_EDGE ( 'NONE', *, *, #1953, .F. ) ;
#2908 = CARTESIAN_POINT ( 'NONE',  ( 6.079999999999999183, 1.923156973906258138E-16, -0.4000000000000000222 ) ) ;
#2909 = DIRECTION ( 'NONE',  ( 4.336808689942016158E-15, -1.000000000000000000, 0.000000000000000000 ) ) ;
#2910 = ORIENTED_EDGE ( 'NONE', *, *, #731, .F. ) ;
#2911 = EDGE_CURVE ( 'NONE', #1586, #2553, #518, .T. ) ;
#2912 = ORIENTED_EDGE ( 'NONE', *, *, #1536, .F. ) ;
#2913 = ORIENTED_EDGE ( 'NONE', *, *, #2817, .T. ) ;
#2914 = LINE ( 'NONE', #1508, #1478 ) ;
#2915 = DIRECTION ( 'NONE',  ( -0.000000000000000000, -0.000000000000000000, -1.000000000000000000 ) ) ;
#2916 = FACE_OUTER_BOUND ( 'NONE', #821, .T. ) ;
#2917 = CARTESIAN_POINT ( 'NONE',  ( 7.290000000000000036, 3.000000000000003109, -7.025483399593909439 ) ) ;
#2918 = VECTOR ( 'NONE', #2070, 1000.000000000000000 ) ;
#2919 = AXIS2_PLACEMENT_3D ( 'NONE', #1308, #1752, #1480 ) ;
#2920 = EDGE_CURVE ( 'NONE', #2442, #99, #1977, .T. ) ;
#2921 = ORIENTED_EDGE ( 'NONE', *, *, #1029, .F. ) ;
#2922 = CARTESIAN_POINT ( 'NONE',  ( -0.6599999999999973666, 8.300000000000000711, -1.000000000000000888 ) ) ;
#2923 = ORIENTED_EDGE ( 'NONE', *, *, #317, .F. ) ;
#2924 = DIRECTION ( 'NONE',  ( -1.000000000000000000, -2.891205793294678326E-16, 0.000000000000000000 ) ) ;
#2925 = VECTOR ( 'NONE', #3037, 1000.000000000000000 ) ;
#2926 = VECTOR ( 'NONE', #1009, 1000.000000000000000 ) ;
#2927 = ORIENTED_EDGE ( 'NONE', *, *, #576, .F. ) ;
#2928 = ADVANCED_FACE ( 'NONE', ( #2882 ), #2932, .T. ) ;
#2929 = VECTOR ( 'NONE', #1891, 1000.000000000000000 ) ;
#2930 = FACE_OUTER_BOUND ( 'NONE', #1132, .T. ) ;
#2931 = ORIENTED_EDGE ( 'NONE', *, *, #3032, .T. ) ;
#2932 = PLANE ( 'NONE',  #1777 ) ;
#2933 = AXIS2_PLACEMENT_3D ( 'NONE', #2114, #226, #2834 ) ;
#2934 = ORIENTED_EDGE ( 'NONE', *, *, #1053, .F. ) ;
#2935 = ORIENTED_EDGE ( 'NONE', *, *, #275, .F. ) ;
#2936 = DIRECTION ( 'NONE',  ( -1.000000000000000000, 0.000000000000000000, 0.000000000000000000 ) ) ;
#2937 = LINE ( 'NONE', #1939, #2731 ) ;
#2938 = CARTESIAN_POINT ( 'NONE',  ( 8.889999999999998792, 16.75000000000000000, -1.000000000000000888 ) ) ;
#2939 = EDGE_CURVE ( 'NONE', #650, #2751, #1623, .T. ) ;
#2940 = ORIENTED_EDGE ( 'NONE', *, *, #1875, .T. ) ;
#2941 = LINE ( 'NONE', #1763, #2725 ) ;
#2942 = EDGE_LOOP ( 'NONE', ( #2393, #1056 ) ) ;
#2943 = EDGE_LOOP ( 'NONE', ( #427, #1668, #673, #2719 ) ) ;
#2944 = LINE ( 'NONE', #582, #2369 ) ;
#2945 = DIRECTION ( 'NONE',  ( 1.000000000000000000, 4.336808689942016158E-15, 0.000000000000000000 ) ) ;
#2946 = EDGE_LOOP ( 'NONE', ( #938, #1559, #1775, #2667 ) ) ;
#2947 = DIRECTION ( 'NONE',  ( -1.000000000000000000, 0.000000000000000000, -0.000000000000000000 ) ) ;
#2948 = ORIENTED_EDGE ( 'NONE', *, *, #1404, .F. ) ;
#2949 = DIRECTION ( 'NONE',  ( -0.000000000000000000, -0.000000000000000000, -1.000000000000000000 ) ) ;
#2950 = ORIENTED_EDGE ( 'NONE', *, *, #2868, .F. ) ;
#2951 = EDGE_CURVE ( 'NONE', #896, #291, #1948, .T. ) ;
#2952 = ORIENTED_EDGE ( 'NONE', *, *, #2707, .F. ) ;
#2953 = ORIENTED_EDGE ( 'NONE', *, *, #2868, .T. ) ;
#2954 = EDGE_LOOP ( 'NONE', ( #1806, #2042, #989, #1790 ) ) ;
#2955 = ORIENTED_EDGE ( 'NONE', *, *, #2444, .T. ) ;
#2956 = EDGE_CURVE ( 'NONE', #2692, #1447, #2391, .T. ) ;
#2957 = CARTESIAN_POINT ( 'NONE',  ( 20.04000000000000981, 18.40000000000000568, -1.000000000000000888 ) ) ;
#2958 = CARTESIAN_POINT ( 'NONE',  ( -2.259999999999994458, 20.25000000000000711, 1.999999999999999556 ) ) ;
#2959 = ADVANCED_FACE ( 'NONE', ( #1030 ), #2160, .F. ) ;
#2960 = EDGE_CURVE ( 'NONE', #142, #2483, #992, .T. ) ;
#2961 = ORIENTED_EDGE ( 'NONE', *, *, #1604, .T. ) ;
#2962 = FACE_OUTER_BOUND ( 'NONE', #755, .T. ) ;
#2963 = LINE ( 'NONE', #565, #309 ) ;
#2964 = ORIENTED_EDGE ( 'NONE', *, *, #522, .T. ) ;
#2965 = PLANE ( 'NONE',  #610 ) ;
#2966 = PLANE ( 'NONE',  #839 ) ;
#2967 = VERTEX_POINT ( 'NONE', #1959 ) ;
#2968 = VECTOR ( 'NONE', #2458, 1000.000000000000000 ) ;
#2969 = ADVANCED_FACE ( 'NONE', ( #2635 ), #1270, .T. ) ;
#2970 = ORIENTED_EDGE ( 'NONE', *, *, #1593, .F. ) ;
#2971 = LINE ( 'NONE', #1357, #1591 ) ;
#2972 = ADVANCED_FACE ( 'NONE', ( #1736 ), #2215, .F. ) ;
#2973 = CARTESIAN_POINT ( 'NONE',  ( 5.629999999999999893, -4.250000000000000000, 0.4000000000000000222 ) ) ;
#2974 = FACE_OUTER_BOUND ( 'NONE', #689, .T. ) ;
#2975 = VERTEX_POINT ( 'NONE', #399 ) ;
#2976 = AXIS2_PLACEMENT_3D ( 'NONE', #878, #1641, #1625 ) ;
#2977 = ORIENTED_EDGE ( 'NONE', *, *, #1041, .T. ) ;
#2978 = ORIENTED_EDGE ( 'NONE', *, *, #1855, .F. ) ;
#2979 = CARTESIAN_POINT ( 'NONE',  ( 11.70000000000000284, 3.000000000000001332, -1.000000000000000888 ) ) ;
#2980 = LINE ( 'NONE', #2495, #1108 ) ;
#2981 = EDGE_CURVE ( 'NONE', #1049, #2689, #2499, .T. ) ;
#2982 = VECTOR ( 'NONE', #2394, 1000.000000000000000 ) ;
#2983 = VECTOR ( 'NONE', #2457, 1000.000000000000000 ) ;
#2984 = VERTEX_POINT ( 'NONE', #1112 ) ;
#2985 = AXIS2_PLACEMENT_3D ( 'NONE', #684, #1118, #2038 ) ;
#2986 = VECTOR ( 'NONE', #483, 1000.000000000000000 ) ;
#2987 = PLANE ( 'NONE',  #2525 ) ;
#2988 = EDGE_CURVE ( 'NONE', #320, #851, #2027, .T. ) ;
#2989 = DIRECTION ( 'NONE',  ( -0.000000000000000000, -0.000000000000000000, -1.000000000000000000 ) ) ;
#2990 = AXIS2_PLACEMENT_3D ( 'NONE', #638, #1606, #388 ) ;
#2991 = VECTOR ( 'NONE', #794, 1000.000000000000000 ) ;
#2992 = ORIENTED_EDGE ( 'NONE', *, *, #1831, .T. ) ;
#2993 = VECTOR ( 'NONE', #1833, 1000.000000000000000 ) ;
#2994 = VECTOR ( 'NONE', #2945, 1000.000000000000000 ) ;
#2995 = LINE ( 'NONE', #1820, #1190 ) ;
#2996 = EDGE_CURVE ( 'NONE', #2465, #1858, #2280, .T. ) ;
#2997 = DIRECTION ( 'NONE',  ( -0.000000000000000000, -0.000000000000000000, -1.000000000000000000 ) ) ;
#2998 = DIRECTION ( 'NONE',  ( -0.000000000000000000, -0.000000000000000000, -1.000000000000000000 ) ) ;
#2999 = EDGE_LOOP ( 'NONE', ( #86, #2261, #2637, #1273 ) ) ;
#3000 = DIRECTION ( 'NONE',  ( 0.000000000000000000, 0.000000000000000000, -1.000000000000000000 ) ) ;
#3001 = DIRECTION ( 'NONE',  ( 1.000000000000000000, 0.000000000000000000, 0.000000000000000000 ) ) ;
#3002 = ADVANCED_FACE ( 'NONE', ( #843 ), #2966, .F. ) ;
#3003 = CARTESIAN_POINT ( 'NONE',  ( -2.260000000000008669, 8.300000000000002487, -1.000000000000000888 ) ) ;
#3004 = CARTESIAN_POINT ( 'NONE',  ( 20.04000000000000981, 8.299999999999998934, -1.000000000000000888 ) ) ;
#3005 = DIRECTION ( 'NONE',  ( 4.336808689942016158E-15, -1.000000000000000000, 0.000000000000000000 ) ) ;
#3006 = DIRECTION ( 'NONE',  ( -2.990902544787598715E-17, -1.000000000000000000, 0.000000000000000000 ) ) ;
#3007 = DIRECTION ( 'NONE',  ( -1.000000000000000000, -0.000000000000000000, -0.000000000000000000 ) ) ;
#3008 = ORIENTED_EDGE ( 'NONE', *, *, #1365, .T. ) ;
#3009 = LINE ( 'NONE', #2973, #1796 ) ;
#3010 = DIRECTION ( 'NONE',  ( 1.000000000000000000, 0.000000000000000000, 0.000000000000000000 ) ) ;
#3011 = VERTEX_POINT ( 'NONE', #2745 ) ;
#3012 = EDGE_CURVE ( 'NONE', #1890, #489, #1323, .T. ) ;
#3013 = LINE ( 'NONE', #425, #1927 ) ;
#3014 = EDGE_CURVE ( 'NONE', #2967, #1841, #2730, .T. ) ;
#3015 = DIRECTION ( 'NONE',  ( -1.000000000000000000, -1.445602896647339163E-16, 0.000000000000000000 ) ) ;
#3016 = LINE ( 'NONE', #206, #1629 ) ;
#3017 = FACE_OUTER_BOUND ( 'NONE', #2161, .T. ) ;
#3018 = ORIENTED_EDGE ( 'NONE', *, *, #144, .T. ) ;
#3019 = CARTESIAN_POINT ( 'NONE',  ( -2.259999999999994458, 18.40000000000000568, -1.000000000000000888 ) ) ;
#3020 =( GEOMETRIC_REPRESENTATION_CONTEXT ( 3 ) GLOBAL_UNCERTAINTY_ASSIGNED_CONTEXT ( ( #1505 ) ) GLOBAL_UNIT_ASSIGNED_CONTEXT ( ( #2853, #1906, #2150 ) ) REPRESENTATION_CONTEXT ( 'NONE', 'WORKASPACE' ) );
#3021 = EDGE_CURVE ( 'NONE', #99, #2848, #1560, .T. ) ;
#3022 = ORIENTED_EDGE ( 'NONE', *, *, #1630, .T. ) ;
#3023 = LINE ( 'NONE', #2781, #1930 ) ;
#3024 = DIRECTION ( 'NONE',  ( 1.000000000000000000, -0.000000000000000000, -0.000000000000000000 ) ) ;
#3025 = ORIENTED_EDGE ( 'NONE', *, *, #1015, .T. ) ;
#3026 = VERTEX_POINT ( 'NONE', #1539 ) ;
#3027 = CARTESIAN_POINT ( 'NONE',  ( -2.259999999999994458, 20.25000000000000711, 1.999999999999999556 ) ) ;
#3028 = CARTESIAN_POINT ( 'NONE',  ( 20.04000000000000981, 18.40000000000000568, -1.000000000000000888 ) ) ;
#3029 = ADVANCED_FACE ( 'NONE', ( #171 ), #383, .F. ) ;
#3030 = CARTESIAN_POINT ( 'NONE',  ( 4.802977675699648508, -5.000000000000000000, 0.4000000000000000222 ) ) ;
#3031 = LINE ( 'NONE', #905, #218 ) ;
#3032 = EDGE_CURVE ( 'NONE', #3011, #1418, #829, .T. ) ;
#3033 = VECTOR ( 'NONE', #688, 1000.000000000000000 ) ;
#3034 = STYLED_ITEM ( 'NONE', ( #326 ), #482 ) ;
#3035 = ORIENTED_EDGE ( 'NONE', *, *, #2392, .F. ) ;
#3036 = VERTEX_POINT ( 'NONE', #139 ) ;
#3037 = DIRECTION ( 'NONE',  ( -0.000000000000000000, 1.000000000000000000, -0.000000000000000000 ) ) ;
#3038 = VECTOR ( 'NONE', #1327, 1000.000000000000000 ) ;
#3039 = VECTOR ( 'NONE', #1954, 1000.000000000000000 ) ;
#3040 = VECTOR ( 'NONE', #245, 1000.000000000000000 ) ;
#3041 = VECTOR ( 'NONE', #974, 1000.000000000000000 ) ;
#3042 = LINE ( 'NONE', #2079, #2615 ) ;
#3043 = CARTESIAN_POINT ( 'NONE',  ( -2.260000000000005116, 4.500000000000001776, -2.500000000000000444 ) ) ;
#3044 = ORIENTED_EDGE ( 'NONE', *, *, #1538, .T. ) ;
#3045 = DIRECTION ( 'NONE',  ( 1.000000000000000000, 0.000000000000000000, 0.000000000000000000 ) ) ;
#3046 = LINE ( 'NONE', #1620, #2918 ) ;
#3047 = PLANE ( 'NONE',  #1344 ) ;
#3048 = CARTESIAN_POINT ( 'NONE',  ( 2.250000000000000444, 0.000000000000000000, -0.4000000000000000222 ) ) ;
#3049 = ORIENTED_EDGE ( 'NONE', *, *, #2761, .F. ) ;
#3050 = ADVANCED_FACE ( 'NONE', ( #2012 ), #2757, .F. ) ;
#3051 = DIRECTION ( 'NONE',  ( 8.163404592832035938E-16, 1.000000000000000000, 0.000000000000000000 ) ) ;
#3052 = LINE ( 'NONE', #1382, #2330 ) ;
#3053 = CARTESIAN_POINT ( 'NONE',  ( 11.70000000000000284, 8.805671985114386411E-16, -0.4000000000000000222 ) ) ;
#3054 = APPLICATION_CONTEXT ( 'automotive_design' ) ;
#3055 = CARTESIAN_POINT ( 'NONE',  ( 20.04000000000000981, 18.40000000000000568, -1.000000000000000888 ) ) ;
#3056 = LINE ( 'NONE', #1815, #2773 ) ;
#3057 = EDGE_CURVE ( 'NONE', #2606, #2852, #1091, .T. ) ;
#3058 = LINE ( 'NONE', #2787, #660 ) ;
#3059 = LINE ( 'NONE', #2297, #2182 ) ;
#3060 = EDGE_CURVE ( 'NONE', #1379, #1531, #1572, .T. ) ;
#3061 = ORIENTED_EDGE ( 'NONE', *, *, #2396, .F. ) ;
#3062 = LINE ( 'NONE', #1396, #3040 ) ;
#3063 = EDGE_CURVE ( 'NONE', #403, #1709, #968, .T. ) ;
#3064 = DIRECTION ( 'NONE',  ( -0.000000000000000000, -0.000000000000000000, -1.000000000000000000 ) ) ;
#3065 = EDGE_CURVE ( 'NONE', #1703, #142, #1919, .T. ) ;
#3066 = AXIS2_PLACEMENT_3D ( 'NONE', #811, #1254, #531 ) ;
#3067 = FACE_OUTER_BOUND ( 'NONE', #2768, .T. ) ;
#3068 = DIRECTION ( 'NONE',  ( 1.000000000000000000, 0.000000000000000000, -0.000000000000000000 ) ) ;
#3069 = DIRECTION ( 'NONE',  ( 0.000000000000000000, 0.000000000000000000, 1.000000000000000000 ) ) ;
#3070 = EDGE_CURVE ( 'NONE', #1408, #1193, #1454, .T. ) ;
#3071 = ORIENTED_EDGE ( 'NONE', *, *, #1337, .F. ) ;
#3072 = DIRECTION ( 'NONE',  ( -1.000000000000000000, 1.445602896647340396E-16, -0.000000000000000000 ) ) ;
#3073 = VECTOR ( 'NONE', #1433, 1000.000000000000000 ) ;
#3074 = DIRECTION ( 'NONE',  ( 0.000000000000000000, 1.000000000000000000, -0.000000000000000000 ) ) ;
#3075 = ORIENTED_EDGE ( 'NONE', *, *, #1726, .F. ) ;
#3076 = DIRECTION ( 'NONE',  ( 1.000000000000000000, -0.000000000000000000, -0.000000000000000000 ) ) ;
#3077 = VECTOR ( 'NONE', #626, 1000.000000000000000 ) ;
#3078 = AXIS2_PLACEMENT_3D ( 'NONE', #453, #1136, #1816 ) ;
ENDSEC;
END-ISO-10303-21;
