ISO-10303-21;
HEADER;
FILE_DESCRIPTION (( 'STEP AP214' ),
    '1' );
FILE_NAME ('3386G-1-100.STEP',
    '2021-12-31T21:34:48',
    ( '' ),
    ( '' ),
    'SwSTEP 2.0',
    'SolidWorks 2017',
    '' );
FILE_SCHEMA (( 'AUTOMOTIVE_DESIGN' ));
ENDSEC;

DATA;
#1 = ORIENTED_EDGE ( 'NONE', *, *, #814, .T. ) ;
#2 = CARTESIAN_POINT ( 'NONE',  ( 0.1575000000000000800, 0.01499999999999996300, -0.1875000000000000300 ) ) ;
#3 = EDGE_CURVE ( 'NONE', #1005, #2475, #245, .T. ) ;
#4 = TOROIDAL_SURFACE ( 'NONE', #1353, 0.02049999999999999700, 0.01000000000000000000 ) ;
#5 = VERTEX_POINT ( 'NONE', #55 ) ;
#6 = TOROIDAL_SURFACE ( 'NONE', #997, 0.02049999999999999700, 0.01000000000000000000 ) ;
#7 = AXIS2_PLACEMENT_3D ( 'NONE', #781, #1615, #1790 ) ;
#8 = EDGE_CURVE ( 'NONE', #1728, #1554, #1535, .T. ) ;
#9 = DIRECTION ( 'NONE',  ( 1.000000000000000000, 0.0000000000000000000, -0.0000000000000000000 ) ) ;
#10 = DIRECTION ( 'NONE',  ( 0.0000000000000000000, 0.0000000000000000000, -1.000000000000000000 ) ) ;
#11 = ORIENTED_EDGE ( 'NONE', *, *, #147, .F. ) ;
#12 = EDGE_CURVE ( 'NONE', #1028, #2626, #793, .T. ) ;
#13 = VERTEX_POINT ( 'NONE', #275 ) ;
#14 = EDGE_CURVE ( 'NONE', #2167, #730, #1216, .T. ) ;
#15 = DIRECTION ( 'NONE',  ( -4.742791655667122400E-017, -0.0000000000000000000, -1.000000000000000000 ) ) ;
#16 = ORIENTED_EDGE ( 'NONE', *, *, #1679, .F. ) ;
#17 = AXIS2_PLACEMENT_3D ( 'NONE', #461, #653, #229 ) ;
#18 = FACE_OUTER_BOUND ( 'NONE', #239, .T. ) ;
#19 = EDGE_LOOP ( 'NONE', ( #166, #2306, #931, #2301, #1297, #2304, #1670, #1654 ) ) ;
#20 = ADVANCED_FACE ( 'NONE', ( #317 ), #465, .T. ) ;
#21 = ORIENTED_EDGE ( 'NONE', *, *, #2549, .F. ) ;
#22 = CARTESIAN_POINT ( 'NONE',  ( -0.08989682023435177600, 0.03063803737835775800, -0.1875000000000000800 ) ) ;
#23 = AXIS2_PLACEMENT_3D ( 'NONE', #1939, #83, #306 ) ;
#24 = EDGE_LOOP ( 'NONE', ( #2271, #1896 ) ) ;
#25 = EDGE_CURVE ( 'NONE', #1519, #1003, #2363, .T. ) ;
#26 = LINE ( 'NONE', #2545, #1563 ) ;
#27 = ORIENTED_EDGE ( 'NONE', *, *, #418, .F. ) ;
#28 = ADVANCED_FACE ( 'NONE', ( #1758 ), #1503, .T. ) ;
#29 = EDGE_LOOP ( 'NONE', ( #2414, #2334 ) ) ;
#30 = FACE_OUTER_BOUND ( 'NONE', #796, .T. ) ;
#31 = ORIENTED_EDGE ( 'NONE', *, *, #1199, .F. ) ;
#32 = DIRECTION ( 'NONE',  ( 0.0000000000000000000, -1.000000000000000000, 0.0000000000000000000 ) ) ;
#33 = ADVANCED_FACE ( 'NONE', ( #1685, #440 ), #1097, .F. ) ;
#34 = AXIS2_PLACEMENT_3D ( 'NONE', #2617, #1024, #1839 ) ;
#35 = CARTESIAN_POINT ( 'NONE',  ( 0.1875000000000000800, -3.634654800264106100E-017, 0.1575000000000000000 ) ) ;
#36 = ORIENTED_EDGE ( 'NONE', *, *, #1765, .F. ) ;
#37 = ORIENTED_EDGE ( 'NONE', *, *, #1129, .F. ) ;
#38 = VECTOR ( 'NONE', #2522, 39.37007874015748100 ) ;
#39 = DIRECTION ( 'NONE',  ( -0.0000000000000000000, 1.000000000000000000, 1.041100607341564000E-016 ) ) ;
#40 = EDGE_CURVE ( 'NONE', #91, #1864, #53, .T. ) ;
#41 = CIRCLE ( 'NONE', #2183, 0.007500803411208086100 ) ;
#42 = ADVANCED_FACE ( 'NONE', ( #2232 ), #2524, .T. ) ;
#43 = DIRECTION ( 'NONE',  ( 0.0000000000000000000, 0.0000000000000000000, 1.000000000000000000 ) ) ;
#44 = AXIS2_PLACEMENT_3D ( 'NONE', #2445, #2620, #1843 ) ;
#45 = CARTESIAN_POINT ( 'NONE',  ( 0.1575000000000000800, 0.01499999999999996300, -0.1875000000000000300 ) ) ;
#46 = ADVANCED_FACE ( 'NONE', ( #2111 ), #1288, .T. ) ;
#47 = LENGTH_MEASURE_WITH_UNIT ( LENGTH_MEASURE( 0.02539999999999999900 ), #1209 );
#48 = CARTESIAN_POINT ( 'NONE',  ( 0.05809475019311125700, 0.1879999999999999700, -0.01950000000000003100 ) ) ;
#49 = ORIENTED_EDGE ( 'NONE', *, *, #271, .T. ) ;
#50 = CARTESIAN_POINT ( 'NONE',  ( -0.05809475019311125700, 0.1879999999999999700, -0.01950000000000003100 ) ) ;
#51 = VECTOR ( 'NONE', #731, 39.37007874015748100 ) ;
#52 = CARTESIAN_POINT ( 'NONE',  ( -0.1874999999999999400, 0.0000000000000000000, -0.1875000000000000600 ) ) ;
#53 = LINE ( 'NONE', #2101, #2171 ) ;
#54 = CIRCLE ( 'NONE', #2123, 0.001000000000000003100 ) ;
#55 = CARTESIAN_POINT ( 'NONE',  ( 0.1575000000000000800, 0.1899999999999999700, 0.1724999999999999600 ) ) ;
#56 = ORIENTED_EDGE ( 'NONE', *, *, #1924, .F. ) ;
#57 = AXIS2_PLACEMENT_3D ( 'NONE', #233, #1696, #435 ) ;
#58 = ORIENTED_EDGE ( 'NONE', *, *, #2054, .F. ) ;
#59 = ORIENTED_EDGE ( 'NONE', *, *, #2155, .T. ) ;
#60 = DIRECTION ( 'NONE',  ( 0.0000000000000000000, -1.000000000000000000, 0.0000000000000000000 ) ) ;
#61 = LINE ( 'NONE', #1432, #2073 ) ;
#62 = DIRECTION ( 'NONE',  ( 0.0000000000000000000, 0.0000000000000000000, 1.000000000000000000 ) ) ;
#63 = EDGE_CURVE ( 'NONE', #2180, #1668, #2630, .T. ) ;
#64 = FILL_AREA_STYLE ('',( #250 ) ) ;
#65 = CARTESIAN_POINT ( 'NONE',  ( 0.01499999999999999800, 0.1879999999999999700, -0.09259475019311129400 ) ) ;
#66 = ADVANCED_FACE ( 'NONE', ( #2181 ), #530, .F. ) ;
#67 = ORIENTED_EDGE ( 'NONE', *, *, #2062, .T. ) ;
#68 = ORIENTED_EDGE ( 'NONE', *, *, #981, .T. ) ;
#69 = ORIENTED_EDGE ( 'NONE', *, *, #585, .F. ) ;
#70 = AXIS2_PLACEMENT_3D ( 'NONE', #1307, #915, #1117 ) ;
#71 = ADVANCED_FACE ( 'NONE', ( #2498 ), #1094, .T. ) ;
#72 = PRESENTATION_LAYER_ASSIGNMENT (  '', '', ( #1087 ) ) ;
#73 = ORIENTED_EDGE ( 'NONE', *, *, #593, .F. ) ;
#74 = CARTESIAN_POINT ( 'NONE',  ( -0.1000000000000000100, -0.1499999999999999100, -0.2073550952893732100 ) ) ;
#75 = LINE ( 'NONE', #262, #985 ) ;
#76 = CIRCLE ( 'NONE', #1732, 0.007500803411208086100 ) ;
#77 = ORIENTED_EDGE ( 'NONE', *, *, #726, .F. ) ;
#78 = EDGE_CURVE ( 'NONE', #732, #1701, #448, .T. ) ;
#79 = DIRECTION ( 'NONE',  ( 0.0000000000000000000, -1.000000000000000000, 0.0000000000000000000 ) ) ;
#80 = CIRCLE ( 'NONE', #57, 0.05999999999999999800 ) ;
#81 = ORIENTED_EDGE ( 'NONE', *, *, #2531, .T. ) ;
#82 = CARTESIAN_POINT ( 'NONE',  ( 0.02500000000000000100, 0.1899999999999999700, 0.01049999999999996800 ) ) ;
#83 = DIRECTION ( 'NONE',  ( -1.000000000000000000, 0.0000000000000000000, 0.0000000000000000000 ) ) ;
#84 = CARTESIAN_POINT ( 'NONE',  ( 0.0000000000000000000, 0.1899999999999999700, -0.03450000000000003800 ) ) ;
#85 = DIRECTION ( 'NONE',  ( 0.0000000000000000000, 1.000000000000000000, -0.0000000000000000000 ) ) ;
#86 = ADVANCED_FACE ( 'NONE', ( #2371 ), #1989, .T. ) ;
#87 = AXIS2_PLACEMENT_3D ( 'NONE', #158, #2618, #1427 ) ;
#88 = DIRECTION ( 'NONE',  ( 0.0000000000000000000, -0.0000000000000000000, -1.000000000000000000 ) ) ;
#89 = EDGE_CURVE ( 'NONE', #2496, #1228, #2443, .T. ) ;
#90 = PRESENTATION_STYLE_ASSIGNMENT (( #815 ) ) ;
#91 = VERTEX_POINT ( 'NONE', #1123 ) ;
#92 = ORIENTED_EDGE ( 'NONE', *, *, #1199, .T. ) ;
#93 = DIRECTION ( 'NONE',  ( -0.0000000000000000000, -1.000000000000000000, -0.0000000000000000000 ) ) ;
#94 = ORIENTED_EDGE ( 'NONE', *, *, #2520, .T. ) ;
#95 = FACE_OUTER_BOUND ( 'NONE', #2465, .T. ) ;
#96 = ORIENTED_EDGE ( 'NONE', *, *, #901, .T. ) ;
#97 = DIRECTION ( 'NONE',  ( 1.000000000000000000, 0.0000000000000000000, -0.0000000000000000000 ) ) ;
#98 = EDGE_CURVE ( 'NONE', #2450, #1028, #1630, .T. ) ;
#99 = DIRECTION ( 'NONE',  ( -0.0000000000000000000, 1.000000000000000000, -0.0000000000000000000 ) ) ;
#100 = B_SPLINE_CURVE_WITH_KNOTS ( 'NONE', 3,
 ( #50, #437, #2074, #1057 ),
 .UNSPECIFIED., .F., .F.,
 ( 4, 4 ),
 ( 0.001630131893339254300, 0.001703203037722133700 ),
 .UNSPECIFIED. ) ;
#101 = CARTESIAN_POINT ( 'NONE',  ( -0.05999999999999999800, 0.1520000000000000000, -0.04950000000000003700 ) ) ;
#102 = CARTESIAN_POINT ( 'NONE',  ( 4.229007020140265900E-019, -0.1489999999999999100, 0.2000000000000000400 ) ) ;
#103 = ORIENTED_EDGE ( 'NONE', *, *, #1231, .T. ) ;
#104 = DIRECTION ( 'NONE',  ( 0.0000000000000000000, -1.219574997171546100E-016, 1.000000000000000000 ) ) ;
#105 = ORIENTED_EDGE ( 'NONE', *, *, #550, .F. ) ;
#106 = ORIENTED_EDGE ( 'NONE', *, *, #802, .T. ) ;
#107 = CARTESIAN_POINT ( 'NONE',  ( 0.0000000000000000000, -0.1393079757070512800, 0.2000000000000000400 ) ) ;
#108 = LINE ( 'NONE', #1832, #2347 ) ;
#109 = CARTESIAN_POINT ( 'NONE',  ( 1.281182107745884900E-018, -0.1499999999999999100, 0.2065159956581959200 ) ) ;
#110 = DIRECTION ( 'NONE',  ( 0.0000000000000000000, -0.0000000000000000000, 1.000000000000000000 ) ) ;
#111 = CONICAL_SURFACE ( 'NONE', #2596, 0.007355095289373152000, 0.1745329251994362800 ) ;
#112 = TOROIDAL_SURFACE ( 'NONE', #595, -0.03999999999999998000, 0.05000000000000000300 ) ;
#113 = CARTESIAN_POINT ( 'NONE',  ( -0.1000000000000000100, 0.01630073525436764900, -0.1875000000000000600 ) ) ;
#114 = CARTESIAN_POINT ( 'NONE',  ( 0.1000000000000000100, -0.1306255668237045800, -0.2400000000000000500 ) ) ;
#115 = LINE ( 'NONE', #2506, #1023 ) ;
#116 = DIRECTION ( 'NONE',  ( -4.742791655667124900E-017, 0.0000000000000000000, -1.000000000000000000 ) ) ;
#117 = EDGE_CURVE ( 'NONE', #2342, #673, #910, .T. ) ;
#118 = CARTESIAN_POINT ( 'NONE',  ( 0.1575000000000000800, 0.0000000000000000000, 0.1724999999999999600 ) ) ;
#119 = CARTESIAN_POINT ( 'NONE',  ( -0.01500000000000000300, 0.1879999999999999700, -0.09259475019311128000 ) ) ;
#120 = CARTESIAN_POINT ( 'NONE',  ( -0.1874999999999999400, 0.0000000000000000000, 0.1874999999999999700 ) ) ;
#121 = DIRECTION ( 'NONE',  ( 0.0000000000000000000, -1.000000000000000000, -2.140946703498640700E-016 ) ) ;
#122 = PLANE ( 'NONE',  #216 ) ;
#123 = ORIENTED_EDGE ( 'NONE', *, *, #2525, .F. ) ;
#124 = LINE ( 'NONE', #1366, #2230 ) ;
#125 = DIRECTION ( 'NONE',  ( -1.000000000000000000, -0.0000000000000000000, -0.0000000000000000000 ) ) ;
#126 = ORIENTED_EDGE ( 'NONE', *, *, #1243, .T. ) ;
#127 = CIRCLE ( 'NONE', #2007, 0.006515995658195864300 ) ;
#128 = ORIENTED_EDGE ( 'NONE', *, *, #1646, .F. ) ;
#129 = DIRECTION ( 'NONE',  ( -1.000000000000000000, -2.621903527584687100E-032, 1.224646799147353200E-016 ) ) ;
#130 = CIRCLE ( 'NONE', #1572, 0.001000000000000003100 ) ;
#131 = VERTEX_POINT ( 'NONE', #703 ) ;
#132 = EDGE_CURVE ( 'NONE', #2528, #1885, #2047, .T. ) ;
#133 = ORIENTED_EDGE ( 'NONE', *, *, #477, .T. ) ;
#134 = VECTOR ( 'NONE', #1207, 39.37007874015748100 ) ;
#135 = CARTESIAN_POINT ( 'NONE',  ( 0.0000000000000000000, 0.0000000000000000000, 0.0000000000000000000 ) ) ;
#136 = CARTESIAN_POINT ( 'NONE',  ( -0.1574999999999999500, 0.0000000000000000000, 0.1724999999999999600 ) ) ;
#137 = CARTESIAN_POINT ( 'NONE',  ( 0.01499999999999999900, 0.1899999999999999700, -0.04950000000000003700 ) ) ;
#138 = UNCERTAINTY_MEASURE_WITH_UNIT (LENGTH_MEASURE( 1.000000000000000100E-005 ), #193, 'distance_accuracy_value', 'NONE');
#139 = ORIENTED_EDGE ( 'NONE', *, *, #2100, .F. ) ;
#140 = EDGE_CURVE ( 'NONE', #1483, #1515, #2019, .T. ) ;
#141 = ORIENTED_EDGE ( 'NONE', *, *, #203, .T. ) ;
#142 = SURFACE_SIDE_STYLE ('',( #1814 ) ) ;
#143 = ORIENTED_EDGE ( 'NONE', *, *, #2036, .F. ) ;
#144 = DIRECTION ( 'NONE',  ( 0.0000000000000000000, -1.000000000000000000, 2.140946703498640200E-016 ) ) ;
#145 = CARTESIAN_POINT ( 'NONE',  ( 0.0000000000000000000, 0.02999999999999996100, 0.1795000000000000200 ) ) ;
#146 = PLANE ( 'NONE',  #2296 ) ;
#147 = EDGE_CURVE ( 'NONE', #2571, #970, #2409, .T. ) ;
#148 = ORIENTED_EDGE ( 'NONE', *, *, #526, .T. ) ;
#149 = FACE_OUTER_BOUND ( 'NONE', #1995, .T. ) ;
#150 = CARTESIAN_POINT ( 'NONE',  ( -0.02500000000000000100, 0.1799999999999999900, 0.0004999999999999630400 ) ) ;
#151 = LINE ( 'NONE', #853, #590 ) ;
#152 = CARTESIAN_POINT ( 'NONE',  ( -0.1874999999999999400, 0.1899999999999999700, 0.1874999999999999700 ) ) ;
#153 = CARTESIAN_POINT ( 'NONE',  ( -0.1874999999999999400, 0.1899999999999999700, -0.1875000000000000600 ) ) ;
#154 = CARTESIAN_POINT ( 'NONE',  ( 0.1051441488245477300, 0.01822562948988119800, -0.1875000000000000300 ) ) ;
#155 = EDGE_CURVE ( 'NONE', #2492, #1220, #2599, .T. ) ;
#156 = AXIS2_PLACEMENT_3D ( 'NONE', #1262, #1860, #847 ) ;
#157 = DIRECTION ( 'NONE',  ( 0.0000000000000000000, 0.0000000000000000000, 1.000000000000000000 ) ) ;
#158 = CARTESIAN_POINT ( 'NONE',  ( 0.0000000000000000000, 0.009499999999999959900, 0.1795000000000000200 ) ) ;
#159 = LENGTH_MEASURE_WITH_UNIT ( LENGTH_MEASURE( 0.02539999999999999900 ), #2375 );
#160 = DIRECTION ( 'NONE',  ( 0.0000000000000000000, -2.140946703498639900E-016, 1.000000000000000000 ) ) ;
#161 = DIRECTION ( 'NONE',  ( -1.000000000000000000, -0.0000000000000000000, -0.0000000000000000000 ) ) ;
#162 = VERTEX_POINT ( 'NONE', #1761 ) ;
#163 = EDGE_LOOP ( 'NONE', ( #953, #2393, #106, #761 ) ) ;
#164 = MECHANICAL_DESIGN_GEOMETRIC_PRESENTATION_REPRESENTATION (  '', ( #808 ), #859 ) ;
#165 = CARTESIAN_POINT ( 'NONE',  ( 0.01499999999999999400, -0.03970562748477143200, -0.09259475019311128000 ) ) ;
#166 = ORIENTED_EDGE ( 'NONE', *, *, #2383, .T. ) ;
#167 = CIRCLE ( 'NONE', #1386, 0.05999999999999999800 ) ;
#168 = CARTESIAN_POINT ( 'NONE',  ( 0.1000000000000000100, -0.1306255668237045800, -0.2000000000000000400 ) ) ;
#169 = CARTESIAN_POINT ( 'NONE',  ( -0.1574999999999999500, 0.01499999999999996300, -0.1875000000000000300 ) ) ;
#170 = ORIENTED_EDGE ( 'NONE', *, *, #1112, .T. ) ;
#171 = ORIENTED_EDGE ( 'NONE', *, *, #1248, .F. ) ;
#172 = VERTEX_POINT ( 'NONE', #1139 ) ;
#173 = DIRECTION ( 'NONE',  ( 0.0000000000000000000, 0.9848077530122074700, 0.1736481776669336100 ) ) ;
#174 = VERTEX_POINT ( 'NONE', #303 ) ;
#175 = CARTESIAN_POINT ( 'NONE',  ( -0.09121610726885127900, 0.02240523325880017600, -0.1875000000000000800 ) ) ;
#176 = AXIS2_PLACEMENT_3D ( 'NONE', #2133, #2338, #1510 ) ;
#177 = AXIS2_PLACEMENT_3D ( 'NONE', #101, #332, #1964 ) ;
#178 = CIRCLE ( 'NONE', #754, 0.03049999999999998900 ) ;
#179 = FACE_OUTER_BOUND ( 'NONE', #1968, .T. ) ;
#180 = DIRECTION ( 'NONE',  ( 1.000000000000000000, -0.0000000000000000000, 0.0000000000000000000 ) ) ;
#181 = CYLINDRICAL_SURFACE ( 'NONE', #1273, 0.009999999999999995000 ) ;
#182 = EDGE_CURVE ( 'NONE', #2386, #2180, #1320, .T. ) ;
#183 = ORIENTED_EDGE ( 'NONE', *, *, #425, .F. ) ;
#184 = ORIENTED_EDGE ( 'NONE', *, *, #1962, .T. ) ;
#185 = ORIENTED_EDGE ( 'NONE', *, *, #1218, .F. ) ;
#186 = ORIENTED_EDGE ( 'NONE', *, *, #132, .F. ) ;
#187 = AXIS2_PLACEMENT_3D ( 'NONE', #2237, #991, #1819 ) ;
#188 = CIRCLE ( 'NONE', #2079, 0.009240387650610377300 ) ;
#189 = PLANE ( 'NONE',  #1922 ) ;
#190 = ORIENTED_EDGE ( 'NONE', *, *, #1908, .F. ) ;
#191 = VECTOR ( 'NONE', #1802, 39.37007874015748100 ) ;
#192 = PLANE ( 'NONE',  #1614 ) ;
#193 =( CONVERSION_BASED_UNIT ( 'INCH', #2090 ) LENGTH_UNIT ( ) NAMED_UNIT ( #705 ) );
#194 = VERTEX_POINT ( 'NONE', #949 ) ;
#195 = DIRECTION ( 'NONE',  ( 0.0000000000000000000, 0.0000000000000000000, 1.000000000000000000 ) ) ;
#196 = ORIENTED_EDGE ( 'NONE', *, *, #1093, .T. ) ;
#197 = CARTESIAN_POINT ( 'NONE',  ( 0.1000000000000000100, 0.03893212530552282700, -0.1875000000000000600 ) ) ;
#198 = AXIS2_PLACEMENT_3D ( 'NONE', #356, #1988, #1791 ) ;
#199 = ORIENTED_EDGE ( 'NONE', *, *, #621, .F. ) ;
#200 = CARTESIAN_POINT ( 'NONE',  ( 0.1000000000000000100, -0.1499999999999999100, -0.2073550952893732100 ) ) ;
#201 = CLOSED_SHELL ( 'NONE', ( #887, #1897, #450, #1877, #861, #2474, #86, #1494, #663, #855, #42, #1482, #1067, #1884, #234, #270, #1476, #2518, #1866, #66, #1270, #2295, #2514, #1047, #1647, #20 ) ) ;
#202 = DIRECTION ( 'NONE',  ( 0.0000000000000000000, 1.000000000000000000, 0.0000000000000000000 ) ) ;
#203 = EDGE_CURVE ( 'NONE', #1864, #1131, #1508, .T. ) ;
#204 = ORIENTED_EDGE ( 'NONE', *, *, #276, .T. ) ;
#205 = EDGE_LOOP ( 'NONE', ( #2140, #553, #1331, #123, #702, #2115, #1604, #1376 ) ) ;
#206 = CARTESIAN_POINT ( 'NONE',  ( -0.1000000000000000100, 0.03893212530552282700, -0.1875000000000000600 ) ) ;
#207 = AXIS2_PLACEMENT_3D ( 'NONE', #1916, #689, #917 ) ;
#208 = DIRECTION ( 'NONE',  ( 0.0000000000000000000, 1.000000000000000000, 0.0000000000000000000 ) ) ;
#209 = EDGE_CURVE ( 'NONE', #396, #2386, #2566, .T. ) ;
#210 = CARTESIAN_POINT ( 'NONE',  ( 0.05999999999999999800, 0.1520000000000000000, -0.01950000000000003100 ) ) ;
#211 = ADVANCED_FACE ( 'NONE', ( #353 ), #6, .T. ) ;
#212 = ORIENTED_EDGE ( 'NONE', *, *, #1976, .T. ) ;
#213 = DIRECTION ( 'NONE',  ( 0.0000000000000000000, 0.0000000000000000000, 1.000000000000000000 ) ) ;
#214 = VERTEX_POINT ( 'NONE', #1938 ) ;
#215 = LINE ( 'NONE', #169, #1881 ) ;
#216 = AXIS2_PLACEMENT_3D ( 'NONE', #136, #964, #1561 ) ;
#217 = EDGE_CURVE ( 'NONE', #2013, #611, #254, .T. ) ;
#218 = CARTESIAN_POINT ( 'NONE',  ( 0.1875000000000000800, 0.0000000000000000000, -0.1575000000000000300 ) ) ;
#219 = ADVANCED_FACE ( 'NONE', ( #1921 ), #1570, .F. ) ;
#220 = VERTEX_POINT ( 'NONE', #966 ) ;
#221 = VERTEX_POINT ( 'NONE', #1809 ) ;
#222 = EDGE_CURVE ( 'NONE', #982, #2450, #1472, .T. ) ;
#223 = CARTESIAN_POINT ( 'NONE',  ( -0.1874999999999999400, 0.0000000000000000000, 0.1874999999999999700 ) ) ;
#224 = DIRECTION ( 'NONE',  ( 0.0000000000000000000, 0.0000000000000000000, 1.000000000000000000 ) ) ;
#225 = CONICAL_SURFACE ( 'NONE', #972, 0.007355095289373152000, 0.1745329251994362800 ) ;
#226 = LINE ( 'NONE', #1628, #1709 ) ;
#227 = ADVANCED_FACE ( 'NONE', ( #1038 ), #391, .T. ) ;
#228 = CARTESIAN_POINT ( 'NONE',  ( -0.1000000000000000100, 0.009499999999999959900, -0.2000000000000000100 ) ) ;
#229 = DIRECTION ( 'NONE',  ( -1.000000000000000000, 0.0000000000000000000, 0.0000000000000000000 ) ) ;
#230 = VECTOR ( 'NONE', #2048, 39.37007874015748100 ) ;
#231 = ORIENTED_EDGE ( 'NONE', *, *, #1842, .T. ) ;
#232 = PLANE ( 'NONE',  #2390 ) ;
#233 = CARTESIAN_POINT ( 'NONE',  ( 0.0000000000000000000, 0.1879999999999999700, -0.03450000000000003800 ) ) ;
#234 = ADVANCED_FACE ( 'NONE', ( #2535 ), #1192, .F. ) ;
#235 = DIRECTION ( 'NONE',  ( -0.0000000000000000000, 1.000000000000000000, 1.041100607341564000E-016 ) ) ;
#236 = CARTESIAN_POINT ( 'NONE',  ( 0.1875000000000000800, 0.0000000000000000000, 0.1874999999999999700 ) ) ;
#237 = DIRECTION ( 'NONE',  ( -0.0000000000000000000, 1.000000000000000000, 1.070473351749320300E-016 ) ) ;
#238 = COLOUR_RGB ( '',0.7921568627450980000, 0.8196078431372548800, 0.9333333333333333500 ) ;
#239 = EDGE_LOOP ( 'NONE', ( #641, #736, #1734, #2629 ) ) ;
#240 = ADVANCED_FACE ( 'NONE', ( #766 ), #2469, .T. ) ;
#241 = AXIS2_PLACEMENT_3D ( 'NONE', #1251, #1434, #2276 ) ;
#242 = VECTOR ( 'NONE', #1374, 39.37007874015748100 ) ;
#243 = CARTESIAN_POINT ( 'NONE',  ( 0.1575000000000000800, 0.0000000000000000000, -0.1875000000000000300 ) ) ;
#244 =( LENGTH_UNIT ( ) NAMED_UNIT ( * ) SI_UNIT ( $, .METRE. ) );
#245 = LINE ( 'NONE', #471, #475 ) ;
#246 = CARTESIAN_POINT ( 'NONE',  ( -0.1574999999999999500, 0.0000000000000000000, 0.1874999999999999700 ) ) ;
#247 = EDGE_CURVE ( 'NONE', #2496, #944, #733, .T. ) ;
#248 = VECTOR ( 'NONE', #2313, 39.37007874015748900 ) ;
#249 = ORIENTED_EDGE ( 'NONE', *, *, #901, .F. ) ;
#250 = FILL_AREA_STYLE_COLOUR ( '', #1048 ) ;
#251 = EDGE_LOOP ( 'NONE', ( #479, #436, #105, #1132 ) ) ;
#252 = CARTESIAN_POINT ( 'NONE',  ( 0.0000000000000000000, 0.0000000000000000000, 0.0000000000000000000 ) ) ;
#253 = ORIENTED_EDGE ( 'NONE', *, *, #1801, .F. ) ;
#254 = CIRCLE ( 'NONE', #851, 0.006515995658195864300 ) ;
#255 = DIRECTION ( 'NONE',  ( 1.897116662266848700E-016, -0.0000000000000000000, 1.000000000000000000 ) ) ;
#256 = AXIS2_PLACEMENT_3D ( 'NONE', #1803, #594, #1818 ) ;
#257 = CARTESIAN_POINT ( 'NONE',  ( -0.02500000000000000100, 0.1799999999999999900, 0.005499999999999965000 ) ) ;
#258 = ORIENTED_EDGE ( 'NONE', *, *, #2045, .F. ) ;
#259 = EDGE_LOOP ( 'NONE', ( #2252, #1692, #389, #670, #504 ) ) ;
#260 = ADVANCED_FACE ( 'NONE', ( #941 ), #422, .T. ) ;
#261 = EDGE_CURVE ( 'NONE', #2315, #902, #2117, .T. ) ;
#262 = CARTESIAN_POINT ( 'NONE',  ( -0.1574999999999999500, 0.01499999999999996300, -0.1875000000000000300 ) ) ;
#263 = ORIENTED_EDGE ( 'NONE', *, *, #1962, .F. ) ;
#264 = DIRECTION ( 'NONE',  ( 0.0000000000000000000, -1.000000000000000000, 0.0000000000000000000 ) ) ;
#265 = EDGE_CURVE ( 'NONE', #162, #1701, #1830, .T. ) ;
#266 = DIRECTION ( 'NONE',  ( -0.0000000000000000000, -1.000000000000000000, -1.070473351749320300E-016 ) ) ;
#267 = ORIENTED_EDGE ( 'NONE', *, *, #14, .T. ) ;
#268 = DIRECTION ( 'NONE',  ( 1.000000000000000000, 0.0000000000000000000, 0.0000000000000000000 ) ) ;
#269 = LINE ( 'NONE', #1473, #2389 ) ;
#270 = ADVANCED_FACE ( 'NONE', ( #512 ), #984, .F. ) ;
#271 = EDGE_CURVE ( 'NONE', #1481, #2571, #1888, .T. ) ;
#272 = LINE ( 'NONE', #1528, #2392 ) ;
#273 = CARTESIAN_POINT ( 'NONE',  ( 0.01499999999999999800, 0.1886670605442956600, -0.09190581302538614100 ) ) ;
#274 = AXIS2_PLACEMENT_3D ( 'NONE', #1622, #779, #1020 ) ;
#275 = CARTESIAN_POINT ( 'NONE',  ( -0.05809475019311125700, 0.1519999999999999700, -0.01950000000000003800 ) ) ;
#276 = EDGE_CURVE ( 'NONE', #1852, #673, #662, .T. ) ;
#277 = PLANE ( 'NONE',  #886 ) ;
#278 = ORIENTED_EDGE ( 'NONE', *, *, #1777, .F. ) ;
#279 = SHAPE_DEFINITION_REPRESENTATION ( #1040, #2034 ) ;
#280 = CARTESIAN_POINT ( 'NONE',  ( 0.09722997042141422200, 0.01678147318706475100, -0.1875000000000000300 ) ) ;
#281 = ORIENTED_EDGE ( 'NONE', *, *, #375, .F. ) ;
#282 = CYLINDRICAL_SURFACE ( 'NONE', #1264, 0.05999999999999999800 ) ;
#283 = DIRECTION ( 'NONE',  ( 0.0000000000000000000, 0.0000000000000000000, -1.000000000000000000 ) ) ;
#284 = EDGE_CURVE ( 'NONE', #1603, #311, #1540, .T. ) ;
#285 = ORIENTED_EDGE ( 'NONE', *, *, #2622, .F. ) ;
#286 = AXIS2_PLACEMENT_3D ( 'NONE', #764, #1784, #2200 ) ;
#287 = CARTESIAN_POINT ( 'NONE',  ( 0.01499999999999999100, 0.1899999999999999700, -0.01950000000000003800 ) ) ;
#288 = CARTESIAN_POINT ( 'NONE',  ( 0.1000000000000000100, 0.009499999999999958100, -0.1900000000000000300 ) ) ;
#289 = LINE ( 'NONE', #1229, #2307 ) ;
#290 =( NAMED_UNIT ( * ) SI_UNIT ( $, .STERADIAN. ) SOLID_ANGLE_UNIT ( ) );
#291 = PLANE ( 'NONE',  #745 ) ;
#292 = EDGE_LOOP ( 'NONE', ( #390, #21, #1529, #2495, #1252, #1783 ) ) ;
#293 = AXIS2_PLACEMENT_3D ( 'NONE', #257, #60, #672 ) ;
#294 = CARTESIAN_POINT ( 'NONE',  ( 0.1000000000000000100, -0.1306255668237045200, -0.2100000000000000500 ) ) ;
#295 = ORIENTED_EDGE ( 'NONE', *, *, #1149, .T. ) ;
#296 = ORIENTED_EDGE ( 'NONE', *, *, #2471, .F. ) ;
#297 = DIRECTION ( 'NONE',  ( 0.0000000000000000000, 0.0000000000000000000, 1.000000000000000000 ) ) ;
#298 = CARTESIAN_POINT ( 'NONE',  ( 0.1000000000000000100, -0.1499999999999999100, -0.2000000000000000400 ) ) ;
#299 = CARTESIAN_POINT ( 'NONE',  ( -0.1000000000000000100, -0.1489999999999999100, -0.1934840043418041800 ) ) ;
#300 = CIRCLE ( 'NONE', #498, 0.009999999999999995000 ) ;
#301 = ORIENTED_EDGE ( 'NONE', *, *, #2606, .F. ) ;
#302 = AXIS2_PLACEMENT_3D ( 'NONE', #906, #2325, #669 ) ;
#303 = CARTESIAN_POINT ( 'NONE',  ( -1.224646799147352800E-018, 0.01999999999999996200, 0.1795000000000000200 ) ) ;
#304 = LINE ( 'NONE', #2208, #1265 ) ;
#305 = CIRCLE ( 'NONE', #1242, 0.009240387650610377300 ) ;
#306 = DIRECTION ( 'NONE',  ( 0.0000000000000000000, 0.0000000000000000000, 1.000000000000000000 ) ) ;
#307 = DIRECTION ( 'NONE',  ( 1.000000000000000000, 0.0000000000000000000, 0.0000000000000000000 ) ) ;
#308 = AXIS2_PLACEMENT_3D ( 'NONE', #1119, #2141, #2539 ) ;
#309 = CARTESIAN_POINT ( 'NONE',  ( -0.1000000000000000100, -0.1489999999999999100, -0.2000000000000000400 ) ) ;
#310 = CARTESIAN_POINT ( 'NONE',  ( 0.0000000000000000000, 0.1899999999999999700, -0.03450000000000003800 ) ) ;
#311 = VERTEX_POINT ( 'NONE', #583 ) ;
#312 = LENGTH_MEASURE_WITH_UNIT ( LENGTH_MEASURE( 0.02539999999999999900 ), #696 );
#313 = SURFACE_SIDE_STYLE ('',( #2464 ) ) ;
#314 = ORIENTED_EDGE ( 'NONE', *, *, #1777, .T. ) ;
#315 = CARTESIAN_POINT ( 'NONE',  ( 0.02500000000000000100, 0.1799999999999999900, 0.005499999999999965000 ) ) ;
#316 = DIRECTION ( 'NONE',  ( 0.0000000000000000000, 0.0000000000000000000, 1.000000000000000000 ) ) ;
#317 = FACE_OUTER_BOUND ( 'NONE', #1197, .T. ) ;
#318 = CIRCLE ( 'NONE', #1213, 0.05999999999999999800 ) ;
#319 = ORIENTED_EDGE ( 'NONE', *, *, #1801, .T. ) ;
#320 = ORIENTED_EDGE ( 'NONE', *, *, #1648, .T. ) ;
#321 = ORIENTED_EDGE ( 'NONE', *, *, #2254, .T. ) ;
#322 = LINE ( 'NONE', #1610, #1350 ) ;
#323 = EDGE_CURVE ( 'NONE', #1668, #1343, #605, .T. ) ;
#324 = DIRECTION ( 'NONE',  ( 0.0000000000000000000, -0.0000000000000000000, 1.000000000000000000 ) ) ;
#325 = CARTESIAN_POINT ( 'NONE',  ( 0.1575000000000000000, 0.0000000000000000000, -0.1575000000000000300 ) ) ;
#326 = ORIENTED_EDGE ( 'NONE', *, *, #610, .T. ) ;
#327 = CARTESIAN_POINT ( 'NONE',  ( 0.0000000000000000000, 0.1899999999999999700, -0.03450000000000003800 ) ) ;
#328 = AXIS2_PLACEMENT_3D ( 'NONE', #546, #1171, #2411 ) ;
#329 = CARTESIAN_POINT ( 'NONE',  ( 0.0000000000000000000, 0.1899999999999999700, -0.03450000000000003800 ) ) ;
#330 = ORIENTED_EDGE ( 'NONE', *, *, #2340, .F. ) ;
#331 = VERTEX_POINT ( 'NONE', #789 ) ;
#332 = DIRECTION ( 'NONE',  ( 0.0000000000000000000, 0.0000000000000000000, -1.000000000000000000 ) ) ;
#333 = FACE_OUTER_BOUND ( 'NONE', #259, .T. ) ;
#334 = CIRCLE ( 'NONE', #2577, 0.01000000000000000000 ) ;
#335 = CARTESIAN_POINT ( 'NONE',  ( 0.0000000000000000000, 0.02999999999999996100, 0.1795000000000000200 ) ) ;
#336 = VECTOR ( 'NONE', #1735, 39.37007874015748100 ) ;
#337 = AXIS2_PLACEMENT_3D ( 'NONE', #2253, #2457, #10 ) ;
#338 = CARTESIAN_POINT ( 'NONE',  ( 0.1000000000000000100, 0.009499999999999959900, -0.1795000000000000200 ) ) ;
#339 = EDGE_CURVE ( 'NONE', #438, #970, #872, .T. ) ;
#340 = DIRECTION ( 'NONE',  ( 0.0000000000000000000, -1.000000000000000000, 0.0000000000000000000 ) ) ;
#341 = DIRECTION ( 'NONE',  ( 0.0000000000000000000, 1.000000000000000000, -0.0000000000000000000 ) ) ;
#342 = DIRECTION ( 'NONE',  ( 0.0000000000000000000, 0.0000000000000000000, 1.000000000000000000 ) ) ;
#343 = ORIENTED_EDGE ( 'NONE', *, *, #1448, .F. ) ;
#344 = LINE ( 'NONE', #1186, #1822 ) ;
#345 = AXIS2_PLACEMENT_3D ( 'NONE', #695, #681, #1950 ) ;
#346 = AXIS2_PLACEMENT_3D ( 'NONE', #547, #341, #1778 ) ;
#347 = DIRECTION ( 'NONE',  ( 0.0000000000000000000, 0.0000000000000000000, 1.000000000000000000 ) ) ;
#348 = EDGE_LOOP ( 'NONE', ( #171, #1280, #2189, #578 ) ) ;
#349 = DIRECTION ( 'NONE',  ( 0.0000000000000000000, 0.0000000000000000000, -1.000000000000000000 ) ) ;
#350 = FACE_BOUND ( 'NONE', #1512, .T. ) ;
#351 = EDGE_LOOP ( 'NONE', ( #253, #1863 ) ) ;
#352 = CARTESIAN_POINT ( 'NONE',  ( -0.05809475019311125700, 0.1879999999999999700, -0.04950000000000003700 ) ) ;
#353 = FACE_OUTER_BOUND ( 'NONE', #163, .T. ) ;
#354 = CARTESIAN_POINT ( 'NONE',  ( 0.01499999999999999900, 0.1520000000000000000, -0.04950000000000003700 ) ) ;
#355 = EDGE_CURVE ( 'NONE', #5, #1771, #322, .T. ) ;
#356 = CARTESIAN_POINT ( 'NONE',  ( 0.0000000000000000000, -0.1306255668237045800, 0.2400000000000000500 ) ) ;
#357 = CARTESIAN_POINT ( 'NONE',  ( 0.01499999999999999900, 0.1520000000000000000, -0.04950000000000003700 ) ) ;
#358 = CARTESIAN_POINT ( 'NONE',  ( 0.0000000000000000000, 0.1519999999999999700, -0.03450000000000003800 ) ) ;
#359 = ORIENTED_EDGE ( 'NONE', *, *, #2246, .T. ) ;
#360 = DIRECTION ( 'NONE',  ( 1.000000000000000000, -1.310951763792343800E-032, -1.224646799147353200E-016 ) ) ;
#361 = EDGE_LOOP ( 'NONE', ( #809, #1754 ) ) ;
#362 = CARTESIAN_POINT ( 'NONE',  ( 7.347880794884118400E-018, 0.1519999999999999700, -0.09450000000000004200 ) ) ;
#363 = AXIS2_PLACEMENT_3D ( 'NONE', #1055, #412, #1650 ) ;
#364 = EDGE_CURVE ( 'NONE', #1721, #5, #289, .T. ) ;
#365 = CARTESIAN_POINT ( 'NONE',  ( -0.1574999999999999500, 0.0000000000000000000, -0.1875000000000000300 ) ) ;
#366 = DIRECTION ( 'NONE',  ( -0.0000000000000000000, 1.000000000000000000, 2.140946703498640200E-016 ) ) ;
#367 = VECTOR ( 'NONE', #1680, 39.37007874015748100 ) ;
#368 = VECTOR ( 'NONE', #1008, 39.37007874015748100 ) ;
#369 = CYLINDRICAL_SURFACE ( 'NONE', #2505, 0.009999999999999995000 ) ;
#370 =( NAMED_UNIT ( * ) SI_UNIT ( $, .STERADIAN. ) SOLID_ANGLE_UNIT ( ) );
#371 = CONICAL_SURFACE ( 'NONE', #1456, 0.007355095289373152000, 0.1745329251994362800 ) ;
#372 = ORIENTED_EDGE ( 'NONE', *, *, #1781, .T. ) ;
#373 = DIRECTION ( 'NONE',  ( -9.485583311334244800E-017, -0.0000000000000000000, 1.000000000000000000 ) ) ;
#374 = CARTESIAN_POINT ( 'NONE',  ( 0.1061569452530686800, 0.01915728013916075800, -0.1875000000000000600 ) ) ;
#375 = EDGE_CURVE ( 'NONE', #13, #934, #1222, .T. ) ;
#376 = DIRECTION ( 'NONE',  ( 1.000000000000000000, 0.0000000000000000000, 0.0000000000000000000 ) ) ;
#377 = CARTESIAN_POINT ( 'NONE',  ( 0.1875000000000000800, 0.0000000000000000000, -0.1575000000000000300 ) ) ;
#378 = VECTOR ( 'NONE', #566, 39.37007874015748100 ) ;
#379 = DIRECTION ( 'NONE',  ( -0.0000000000000000000, -1.000000000000000000, -1.070473351749320300E-016 ) ) ;
#380 = DIRECTION ( 'NONE',  ( 0.0000000000000000000, -1.219574997171545800E-016, 1.000000000000000000 ) ) ;
#381 = VERTEX_POINT ( 'NONE', #1046 ) ;
#382 = FACE_OUTER_BOUND ( 'NONE', #348, .T. ) ;
#383 = ORIENTED_EDGE ( 'NONE', *, *, #1895, .T. ) ;
#384 = ORIENTED_EDGE ( 'NONE', *, *, #8, .T. ) ;
#385 = DIRECTION ( 'NONE',  ( -0.0000000000000000000, -0.0000000000000000000, 1.000000000000000000 ) ) ;
#386 = ORIENTED_EDGE ( 'NONE', *, *, #2458, .F. ) ;
#387 = FACE_OUTER_BOUND ( 'NONE', #29, .T. ) ;
#388 = EDGE_LOOP ( 'NONE', ( #2235, #1201, #2532 ) ) ;
#389 = ORIENTED_EDGE ( 'NONE', *, *, #132, .T. ) ;
#390 = ORIENTED_EDGE ( 'NONE', *, *, #408, .T. ) ;
#391 = CYLINDRICAL_SURFACE ( 'NONE', #2233, 0.01000000000000000000 ) ;
#392 = CARTESIAN_POINT ( 'NONE',  ( -0.05809475019311125700, 0.1519999999999999700, -0.04950000000000003700 ) ) ;
#393 = ORIENTED_EDGE ( 'NONE', *, *, #1039, .T. ) ;
#394 = EDGE_CURVE ( 'NONE', #381, #1879, #1764, .T. ) ;
#395 = ORIENTED_EDGE ( 'NONE', *, *, #632, .T. ) ;
#396 = VERTEX_POINT ( 'NONE', #2 ) ;
#397 = DIRECTION ( 'NONE',  ( 1.000000000000000000, -0.0000000000000000000, 9.485583311334244800E-017 ) ) ;
#398 = EDGE_LOOP ( 'NONE', ( #1036, #1954, #1543, #1724, #2595 ) ) ;
#399 = VECTOR ( 'NONE', #373, 39.37007874015748100 ) ;
#400 = DIRECTION ( 'NONE',  ( 0.0000000000000000000, 1.000000000000000000, 0.0000000000000000000 ) ) ;
#401 = CARTESIAN_POINT ( 'NONE',  ( -0.09081394900212801100, 0.03349244376036032000, -0.1875000000000000600 ) ) ;
#402 = AXIS2_PLACEMENT_3D ( 'NONE', #652, #2489, #846 ) ;
#403 = CARTESIAN_POINT ( 'NONE',  ( 0.0000000000000000000, -0.1499999999999999100, 0.2000000000000000400 ) ) ;
#404 = CYLINDRICAL_SURFACE ( 'NONE', #402, 0.009999999999999995000 ) ;
#405 = FACE_OUTER_BOUND ( 'NONE', #398, .T. ) ;
#406 = CARTESIAN_POINT ( 'NONE',  ( 7.347880794884118400E-018, 0.1879999999999996700, -0.09450000000000004200 ) ) ;
#407 = TOROIDAL_SURFACE ( 'NONE', #1137, -0.03999999999999998000, 0.05000000000000000300 ) ;
#408 = EDGE_CURVE ( 'NONE', #1771, #194, #1693, .T. ) ;
#409 = EDGE_CURVE ( 'NONE', #613, #640, #800, .T. ) ;
#410 = DIRECTION ( 'NONE',  ( 0.0000000000000000000, 0.0000000000000000000, 1.000000000000000000 ) ) ;
#411 = DIRECTION ( 'NONE',  ( 1.000000000000000000, 0.0000000000000000000, 0.0000000000000000000 ) ) ;
#412 = DIRECTION ( 'NONE',  ( 0.0000000000000000000, -1.000000000000000000, -1.070473351749320300E-016 ) ) ;
#413 = DIRECTION ( 'NONE',  ( -1.000000000000000000, -0.0000000000000000000, -0.0000000000000000000 ) ) ;
#414 = EDGE_CURVE ( 'NONE', #631, #1699, #61, .T. ) ;
#415 = ORIENTED_EDGE ( 'NONE', *, *, #749, .F. ) ;
#416 = ORIENTED_EDGE ( 'NONE', *, *, #98, .F. ) ;
#417 = FACE_OUTER_BOUND ( 'NONE', #2359, .T. ) ;
#418 = EDGE_CURVE ( 'NONE', #1483, #2013, #54, .T. ) ;
#419 = CARTESIAN_POINT ( 'NONE',  ( 0.01499999999999999900, 0.1520000000000000000, -0.04950000000000003700 ) ) ;
#420 = EDGE_LOOP ( 'NONE', ( #1435, #1691, #1890, #2560 ) ) ;
#421 = DIRECTION ( 'NONE',  ( 0.0000000000000000000, 0.0000000000000000000, 1.000000000000000000 ) ) ;
#422 = CYLINDRICAL_SURFACE ( 'NONE', #2401, 0.009999999999999995000 ) ;
#423 = DIRECTION ( 'NONE',  ( -0.0000000000000000000, -1.000000000000000000, -0.0000000000000000000 ) ) ;
#424 = ADVANCED_FACE ( 'NONE', ( #655 ), #2236, .T. ) ;
#425 = EDGE_CURVE ( 'NONE', #970, #613, #1727, .T. ) ;
#426 = VERTEX_POINT ( 'NONE', #601 ) ;
#427 = DIRECTION ( 'NONE',  ( 0.0000000000000000000, 0.9848077530122074700, -0.1736481776669336100 ) ) ;
#428 = FACE_OUTER_BOUND ( 'NONE', #2526, .T. ) ;
#429 = VECTOR ( 'NONE', #1258, 39.37007874015748100 ) ;
#430 = CIRCLE ( 'NONE', #2168, 0.05999999999999999800 ) ;
#431 = DIRECTION ( 'NONE',  ( 0.0000000000000000000, 0.0000000000000000000, 1.000000000000000000 ) ) ;
#432 = ADVANCED_FACE ( 'NONE', ( #1798 ), #192, .F. ) ;
#433 = DIRECTION ( 'NONE',  ( -1.000000000000000000, -1.310951763792343800E-032, 1.224646799147353200E-016 ) ) ;
#434 = AXIS2_PLACEMENT_3D ( 'NONE', #309, #1745, #2339 ) ;
#435 = DIRECTION ( 'NONE',  ( 1.776356839400250500E-015, 0.0000000000000000000, 1.000000000000000000 ) ) ;
#436 = ORIENTED_EDGE ( 'NONE', *, *, #2275, .F. ) ;
#437 = CARTESIAN_POINT ( 'NONE',  ( -0.05740581302538611700, 0.1886670605442956600, -0.01950000000000003100 ) ) ;
#438 = VERTEX_POINT ( 'NONE', #2461 ) ;
#439 = ADVANCED_FACE ( 'NONE', ( #387 ), #820, .T. ) ;
#440 = FACE_OUTER_BOUND ( 'NONE', #2023, .T. ) ;
#441 = VECTOR ( 'NONE', #503, 39.37007874015748100 ) ;
#442 = ORIENTED_EDGE ( 'NONE', *, *, #2399, .F. ) ;
#443 = ORIENTED_EDGE ( 'NONE', *, *, #1149, .F. ) ;
#444 = AXIS2_PLACEMENT_3D ( 'NONE', #734, #360, #2165 ) ;
#445 = PRODUCT_DEFINITION_FORMATION_WITH_SPECIFIED_SOURCE ( 'ANY', '', #2643, .NOT_KNOWN. ) ;
#446 = EDGE_LOOP ( 'NONE', ( #1167, #511 ) ) ;
#447 = SURFACE_STYLE_USAGE ( .BOTH. , #1475 ) ;
#448 = CIRCLE ( 'NONE', #1050, 0.009240387650610377300 ) ;
#449 = DIRECTION ( 'NONE',  ( -0.0000000000000000000, -0.0000000000000000000, 1.000000000000000000 ) ) ;
#450 = ADVANCED_FACE ( 'NONE', ( #1409 ), #1219, .T. ) ;
#451 = DIRECTION ( 'NONE',  ( 0.0000000000000000000, -1.000000000000000000, 2.140946703498640700E-016 ) ) ;
#452 = ORIENTED_EDGE ( 'NONE', *, *, #2586, .T. ) ;
#453 = EDGE_CURVE ( 'NONE', #2258, #842, #602, .T. ) ;
#454 = ORIENTED_EDGE ( 'NONE', *, *, #588, .T. ) ;
#455 = CARTESIAN_POINT ( 'NONE',  ( -0.01500000000000000300, 0.1886670605442956600, 0.02290581302538607900 ) ) ;
#456 = CARTESIAN_POINT ( 'NONE',  ( 0.01499999999999999800, 0.1879999999999999700, 0.02359475019311122300 ) ) ;
#457 = ADVANCED_FACE ( 'NONE', ( #864 ), #2066, .T. ) ;
#458 = ORIENTED_EDGE ( 'NONE', *, *, #1248, .T. ) ;
#459 = LINE ( 'NONE', #1587, #2578 ) ;
#460 = EDGE_CURVE ( 'NONE', #2488, #1827, #188, .T. ) ;
#461 = CARTESIAN_POINT ( 'NONE',  ( 0.1874999999999999400, 0.1899999999999999700, -0.1875000000000000600 ) ) ;
#462 = VECTOR ( 'NONE', #2384, 39.37007874015748100 ) ;
#463 = ORIENTED_EDGE ( 'NONE', *, *, #545, .F. ) ;
#464 = AXIS2_PLACEMENT_3D ( 'NONE', #1195, #1420, #2215 ) ;
#465 = PLANE ( 'NONE',  #302 ) ;
#466 = CIRCLE ( 'NONE', #2556, 0.005000000000000001800 ) ;
#467 = CARTESIAN_POINT ( 'NONE',  ( -0.1000000000000000100, -0.1393079757070512800, -0.1907596123493896800 ) ) ;
#468 = CARTESIAN_POINT ( 'NONE',  ( -0.01500000000000000300, 0.1893337412582303500, -0.09121650318083317200 ) ) ;
#469 = DIRECTION ( 'NONE',  ( 0.0000000000000000000, 1.000000000000000000, 0.0000000000000000000 ) ) ;
#470 = CARTESIAN_POINT ( 'NONE',  ( 0.0000000000000000000, 0.02999999999999996100, 0.1724999999999999600 ) ) ;
#471 = CARTESIAN_POINT ( 'NONE',  ( -0.01499999999999999800, -0.03970562748477143200, -0.09259475019311128000 ) ) ;
#472 = ORIENTED_EDGE ( 'NONE', *, *, #506, .T. ) ;
#473 = AXIS2_PLACEMENT_3D ( 'NONE', #1851, #1423, #1415 ) ;
#474 = DIRECTION ( 'NONE',  ( 1.000000000000000000, -0.0000000000000000000, -0.0000000000000000000 ) ) ;
#475 = VECTOR ( 'NONE', #1882, 39.37007874015748100 ) ;
#476 = DIRECTION ( 'NONE',  ( 0.0000000000000000000, -1.000000000000000000, 0.0000000000000000000 ) ) ;
#477 = EDGE_CURVE ( 'NONE', #568, #2038, #2627, .T. ) ;
#478 = FACE_OUTER_BOUND ( 'NONE', #1821, .T. ) ;
#479 = ORIENTED_EDGE ( 'NONE', *, *, #1355, .F. ) ;
#480 = CARTESIAN_POINT ( 'NONE',  ( 0.01499999999999999800, 0.1893337412582303500, -0.09121650318083317200 ) ) ;
#481 = ORIENTED_EDGE ( 'NONE', *, *, #1972, .T. ) ;
#482 = VECTOR ( 'NONE', #1539, 39.37007874015748100 ) ;
#483 = DIRECTION ( 'NONE',  ( 1.000000000000000000, -0.0000000000000000000, -0.0000000000000000000 ) ) ;
#484 = AXIS2_PLACEMENT_3D ( 'NONE', #2174, #2395, #960 ) ;
#485 =( GEOMETRIC_REPRESENTATION_CONTEXT ( 3 ) GLOBAL_UNCERTAINTY_ASSIGNED_CONTEXT ( ( #1367 ) ) GLOBAL_UNIT_ASSIGNED_CONTEXT ( ( #1358, #2633, #1398 ) ) REPRESENTATION_CONTEXT ( 'NONE', 'WORKASPACE' ) );
#486 = ORIENTED_EDGE ( 'NONE', *, *, #866, .T. ) ;
#487 = DIRECTION ( 'NONE',  ( 0.0000000000000000000, -1.000000000000000000, -2.140946703498640200E-016 ) ) ;
#488 = ORIENTED_EDGE ( 'NONE', *, *, #2060, .F. ) ;
#489 = CARTESIAN_POINT ( 'NONE',  ( 7.592810154713630100E-018, 0.1899999999999999700, -0.09650000000000036300 ) ) ;
#490 = EDGE_CURVE ( 'NONE', #1953, #1314, #1187, .T. ) ;
#491 = TOROIDAL_SURFACE ( 'NONE', #1625, 0.006515995658195872900, 0.001000000000000000000 ) ;
#492 = LINE ( 'NONE', #120, #368 ) ;
#493 = ORIENTED_EDGE ( 'NONE', *, *, #323, .T. ) ;
#494 = CARTESIAN_POINT ( 'NONE',  ( -0.1874999999999999400, -3.634654800264106100E-017, 0.1575000000000000000 ) ) ;
#495 = VECTOR ( 'NONE', #99, 39.37007874015748100 ) ;
#496 =( NAMED_UNIT ( * ) SI_UNIT ( $, .STERADIAN. ) SOLID_ANGLE_UNIT ( ) );
#497 = CARTESIAN_POINT ( 'NONE',  ( 0.09121610726885127900, 0.02240523325880017600, -0.1875000000000000800 ) ) ;
#498 = AXIS2_PLACEMENT_3D ( 'NONE', #1072, #235, #664 ) ;
#499 = EDGE_CURVE ( 'NONE', #1701, #732, #2303, .T. ) ;
#500 = DIRECTION ( 'NONE',  ( 0.0000000000000000000, -2.134256245050206700E-016, 1.000000000000000000 ) ) ;
#501 = DIRECTION ( 'NONE',  ( 1.000000000000000000, 0.0000000000000000000, -0.0000000000000000000 ) ) ;
#502 = DIRECTION ( 'NONE',  ( 0.0000000000000000000, -0.0000000000000000000, -1.000000000000000000 ) ) ;
#503 = DIRECTION ( 'NONE',  ( 1.000000000000000000, -0.0000000000000000000, 9.485583311334244800E-017 ) ) ;
#504 = ORIENTED_EDGE ( 'NONE', *, *, #717, .F. ) ;
#505 = FACE_OUTER_BOUND ( 'NONE', #1662, .T. ) ;
#506 = EDGE_CURVE ( 'NONE', #1314, #1953, #1688, .T. ) ;
#507 = CLOSED_SHELL ( 'NONE', ( #1095, #1272, #71, #1245, #1079, #649, #634, #424, #240, #2521, #28, #439 ) ) ;
#508 = DIRECTION ( 'NONE',  ( 0.0000000000000000000, -1.070473351749320500E-016, 1.000000000000000000 ) ) ;
#509 = VECTOR ( 'NONE', #161, 39.37007874015748100 ) ;
#510 = CARTESIAN_POINT ( 'NONE',  ( 0.01000000000000000000, 0.02999999999999996100, 0.1795000000000000200 ) ) ;
#511 = ORIENTED_EDGE ( 'NONE', *, *, #409, .T. ) ;
#512 = FACE_OUTER_BOUND ( 'NONE', #2343, .T. ) ;
#513 = CARTESIAN_POINT ( 'NONE',  ( 0.1575000000000000800, 0.0000000000000000000, 0.1575000000000000000 ) ) ;
#514 = CARTESIAN_POINT ( 'NONE',  ( 0.1000000000000000100, -0.1489999999999999100, -0.2000000000000000400 ) ) ;
#515 = EDGE_LOOP ( 'NONE', ( #657, #1344, #1034, #1151 ) ) ;
#516 = ORIENTED_EDGE ( 'NONE', *, *, #339, .T. ) ;
#517 = PLANE ( 'NONE',  #1626 ) ;
#518 = SURFACE_SIDE_STYLE ('',( #1707 ) ) ;
#519 = ORIENTED_EDGE ( 'NONE', *, *, #1243, .F. ) ;
#520 = CIRCLE ( 'NONE', #2410, 0.05799999999999996800 ) ;
#521 = ORIENTED_EDGE ( 'NONE', *, *, #2520, .F. ) ;
#522 = AXIS2_PLACEMENT_3D ( 'NONE', #2647, #2267, #2473 ) ;
#523 = DIRECTION ( 'NONE',  ( -0.0000000000000000000, -0.0000000000000000000, 1.000000000000000000 ) ) ;
#524 = FACE_OUTER_BOUND ( 'NONE', #1389, .T. ) ;
#525 = CIRCLE ( 'NONE', #1294, 0.01000000000000000000 ) ;
#526 = EDGE_CURVE ( 'NONE', #631, #2330, #1537, .T. ) ;
#527 = CARTESIAN_POINT ( 'NONE',  ( -0.01500000000000000500, 0.1899999999999999700, -0.09052677931132575900 ) ) ;
#528 = CARTESIAN_POINT ( 'NONE',  ( -0.05602677931132572800, 0.1899999999999999700, -0.04950000000000003700 ) ) ;
#529 = DIRECTION ( 'NONE',  ( -0.0000000000000000000, 1.000000000000000000, -0.0000000000000000000 ) ) ;
#530 = PLANE ( 'NONE',  #1182 ) ;
#531 = DIRECTION ( 'NONE',  ( 1.000000000000000000, 0.0000000000000000000, 0.0000000000000000000 ) ) ;
#532 = CARTESIAN_POINT ( 'NONE',  ( 9.007393903554604300E-019, -0.1499999999999999100, 0.1926449047106269000 ) ) ;
#533 = VERTEX_POINT ( 'NONE', #1661 ) ;
#534 = EDGE_CURVE ( 'NONE', #675, #1852, #1710, .T. ) ;
#535 = CONICAL_SURFACE ( 'NONE', #1880, 0.007355095289373152000, 0.1745329251994362800 ) ;
#536 = PLANE ( 'NONE',  #2356 ) ;
#537 = ORIENTED_EDGE ( 'NONE', *, *, #621, .T. ) ;
#538 = EDGE_CURVE ( 'NONE', #131, #568, #130, .T. ) ;
#539 = LINE ( 'NONE', #1769, #2113 ) ;
#540 = ORIENTED_EDGE ( 'NONE', *, *, #2243, .F. ) ;
#541 = CARTESIAN_POINT ( 'NONE',  ( 0.0000000000000000000, 0.1879999999999996700, -0.03450000000000003800 ) ) ;
#542 = ORIENTED_EDGE ( 'NONE', *, *, #823, .F. ) ;
#543 = VERTEX_POINT ( 'NONE', #1511 ) ;
#544 = VECTOR ( 'NONE', #959, 39.37007874015748100 ) ;
#545 = EDGE_CURVE ( 'NONE', #2603, #1354, #630, .T. ) ;
#546 = CARTESIAN_POINT ( 'NONE',  ( 0.0000000000000000000, 0.1899999999999999700, -0.03450000000000003800 ) ) ;
#547 = CARTESIAN_POINT ( 'NONE',  ( -0.02500000000000000100, 0.1899999999999999700, 0.005499999999999965000 ) ) ;
#548 = DIRECTION ( 'NONE',  ( 0.0000000000000000000, 0.0000000000000000000, -1.000000000000000000 ) ) ;
#549 = AXIS2_PLACEMENT_3D ( 'NONE', #617, #623, #2251 ) ;
#550 = EDGE_CURVE ( 'NONE', #902, #2480, #899, .T. ) ;
#551 = ORIENTED_EDGE ( 'NONE', *, *, #2036, .T. ) ;
#552 = ORIENTED_EDGE ( 'NONE', *, *, #209, .F. ) ;
#553 = ORIENTED_EDGE ( 'NONE', *, *, #182, .T. ) ;
#554 = DIRECTION ( 'NONE',  ( -0.0000000000000000000, 1.000000000000000000, -0.0000000000000000000 ) ) ;
#555 = VECTOR ( 'NONE', #697, 39.37007874015748100 ) ;
#556 = CIRCLE ( 'NONE', #363, 0.009999999999999995000 ) ;
#557 = DIRECTION ( 'NONE',  ( 0.0000000000000000000, -2.140946703498639900E-016, -1.000000000000000000 ) ) ;
#558 = CARTESIAN_POINT ( 'NONE',  ( -0.09722997042141422200, 0.01678147318706475100, -0.1875000000000000300 ) ) ;
#559 = ORIENTED_EDGE ( 'NONE', *, *, #1355, .T. ) ;
#560 = LINE ( 'NONE', #1071, #2161 ) ;
#561 = EDGE_CURVE ( 'NONE', #2462, #842, #687, .T. ) ;
#562 = AXIS2_PLACEMENT_3D ( 'NONE', #470, #2134, #2329 ) ;
#563 = CARTESIAN_POINT ( 'NONE',  ( -0.1000000000000000100, -0.1306255668237045200, -0.2000000000000000400 ) ) ;
#564 = DIRECTION ( 'NONE',  ( 0.0000000000000000000, -1.000000000000000000, -2.140946703498640700E-016 ) ) ;
#565 = SURFACE_STYLE_USAGE ( .BOTH. , #142 ) ;
#566 = DIRECTION ( 'NONE',  ( -0.0000000000000000000, -1.000000000000000000, -0.0000000000000000000 ) ) ;
#567 = CARTESIAN_POINT ( 'NONE',  ( 0.0000000000000000000, 0.1299999999999999800, -0.03450000000000003800 ) ) ;
#568 = VERTEX_POINT ( 'NONE', #1929 ) ;
#569 = FACE_OUTER_BOUND ( 'NONE', #24, .T. ) ;
#570 = DIRECTION ( 'NONE',  ( 1.000000000000000000, 0.0000000000000000000, 0.0000000000000000000 ) ) ;
#571 = VERTEX_POINT ( 'NONE', #1128 ) ;
#572 = FACE_OUTER_BOUND ( 'NONE', #1017, .T. ) ;
#573 = AXIS2_PLACEMENT_3D ( 'NONE', #2350, #97, #1958 ) ;
#574 = ORIENTED_EDGE ( 'NONE', *, *, #1022, .F. ) ;
#575 = DIRECTION ( 'NONE',  ( 0.0000000000000000000, 0.0000000000000000000, 1.000000000000000000 ) ) ;
#576 = SURFACE_STYLE_USAGE ( .BOTH. , #2600 ) ;
#577 = EDGE_LOOP ( 'NONE', ( #1808, #1963, #1886, #16 ) ) ;
#578 = ORIENTED_EDGE ( 'NONE', *, *, #2358, .F. ) ;
#579 = CARTESIAN_POINT ( 'NONE',  ( 0.01499999999999999100, 0.1520000000000000000, -0.01950000000000003800 ) ) ;
#580 = ORIENTED_EDGE ( 'NONE', *, *, #632, .F. ) ;
#581 = AXIS2_PLACEMENT_3D ( 'NONE', #298, #1127, #1730 ) ;
#582 = ORIENTED_EDGE ( 'NONE', *, *, #3, .F. ) ;
#583 = CARTESIAN_POINT ( 'NONE',  ( 0.1574999999999999200, 0.01499999999999996300, 0.1575000000000000000 ) ) ;
#584 = LINE ( 'NONE', #2547, #1108 ) ;
#585 = EDGE_CURVE ( 'NONE', #1354, #1519, #1655, .T. ) ;
#586 = DIRECTION ( 'NONE',  ( -0.0000000000000000000, -1.000000000000000000, -0.0000000000000000000 ) ) ;
#587 = FACE_OUTER_BOUND ( 'NONE', #1806, .T. ) ;
#588 = EDGE_CURVE ( 'NONE', #1296, #934, #318, .T. ) ;
#589 = CARTESIAN_POINT ( 'NONE',  ( 0.05602677931132572800, 0.1899999999999999700, -0.04950000000000003700 ) ) ;
#590 = VECTOR ( 'NONE', #474, 39.37007874015748100 ) ;
#591 = CARTESIAN_POINT ( 'NONE',  ( 0.1091843271594290500, 0.03349801288106632500, -0.1875000000000000600 ) ) ;
#592 = DIRECTION ( 'NONE',  ( 0.0000000000000000000, 0.0000000000000000000, 1.000000000000000000 ) ) ;
#593 = EDGE_CURVE ( 'NONE', #2180, #1804, #2143, .T. ) ;
#594 = DIRECTION ( 'NONE',  ( 0.0000000000000000000, 1.000000000000000000, 2.140946703498640200E-016 ) ) ;
#595 = AXIS2_PLACEMENT_3D ( 'NONE', #852, #1244, #2282 ) ;
#596 = DIRECTION ( 'NONE',  ( 0.0000000000000000000, -0.0000000000000000000, 1.000000000000000000 ) ) ;
#597 = ORIENTED_EDGE ( 'NONE', *, *, #2415, .F. ) ;
#598 = VECTOR ( 'NONE', #1300, 39.37007874015748100 ) ;
#599 = CARTESIAN_POINT ( 'NONE',  ( -0.1874999999999999400, -3.634654800264106100E-017, 0.1575000000000000000 ) ) ;
#600 = ORIENTED_EDGE ( 'NONE', *, *, #284, .T. ) ;
#601 = CARTESIAN_POINT ( 'NONE',  ( -0.1874999999999999400, 0.01500000000000000300, -0.1575000000000000600 ) ) ;
#602 = CIRCLE ( 'NONE', #156, 0.03049999999999998900 ) ;
#603 = ORIENTED_EDGE ( 'NONE', *, *, #726, .T. ) ;
#604 = ORIENTED_EDGE ( 'NONE', *, *, #674, .F. ) ;
#605 = LINE ( 'NONE', #2227, #1956 ) ;
#606 = PLANE ( 'NONE',  #1401 ) ;
#607 = AXIS2_PLACEMENT_3D ( 'NONE', #2119, #2109, #1521 ) ;
#608 = EDGE_LOOP ( 'NONE', ( #386, #1373, #885 ) ) ;
#609 = DIRECTION ( 'NONE',  ( 0.0000000000000000000, 0.0000000000000000000, -1.000000000000000000 ) ) ;
#610 = EDGE_CURVE ( 'NONE', #331, #2540, #2439, .T. ) ;
#611 = VERTEX_POINT ( 'NONE', #683 ) ;
#612 = ORIENTED_EDGE ( 'NONE', *, *, #2396, .F. ) ;
#613 = VERTEX_POINT ( 'NONE', #489 ) ;
#614 = ADVANCED_FACE ( 'NONE', ( #572 ), #291, .F. ) ;
#615 =( GEOMETRIC_REPRESENTATION_CONTEXT ( 3 ) GLOBAL_UNCERTAINTY_ASSIGNED_CONTEXT ( ( #138 ) ) GLOBAL_UNIT_ASSIGNED_CONTEXT ( ( #193, #2011, #1193 ) ) REPRESENTATION_CONTEXT ( 'NONE', 'WORKASPACE' ) );
#616 = PRESENTATION_LAYER_ASSIGNMENT (  '', '', ( #2557 ) ) ;
#617 = CARTESIAN_POINT ( 'NONE',  ( -0.1874999999999999400, 0.1899999999999999700, 0.1874999999999999700 ) ) ;
#618 = FACE_OUTER_BOUND ( 'NONE', #1438, .T. ) ;
#619 = ORIENTED_EDGE ( 'NONE', *, *, #1789, .T. ) ;
#620 = CIRCLE ( 'NONE', #1010, 0.001000000000000003100 ) ;
#621 = EDGE_CURVE ( 'NONE', #2437, #2488, #1158, .T. ) ;
#622 = CARTESIAN_POINT ( 'NONE',  ( -0.09719360819515411600, 0.03893212530552282700, -0.1875000000000000600 ) ) ;
#623 = DIRECTION ( 'NONE',  ( 0.0000000000000000000, 0.0000000000000000000, -1.000000000000000000 ) ) ;
#624 = ADVANCED_FACE ( 'NONE', ( #1091 ), #536, .F. ) ;
#625 = ORIENTED_EDGE ( 'NONE', *, *, #961, .T. ) ;
#626 = AXIS2_PLACEMENT_3D ( 'NONE', #1584, #1557, #2176 ) ;
#627 = EDGE_CURVE ( 'NONE', #1699, #174, #1621, .T. ) ;
#628 = EDGE_LOOP ( 'NONE', ( #597, #1104, #1772, #1443 ) ) ;
#629 = DIRECTION ( 'NONE',  ( 0.0000000000000000000, -1.000000000000000000, 2.140946703498640700E-016 ) ) ;
#630 = LINE ( 'NONE', #1113, #441 ) ;
#631 = VERTEX_POINT ( 'NONE', #1983 ) ;
#632 = EDGE_CURVE ( 'NONE', #1585, #221, #1125, .T. ) ;
#633 = DIRECTION ( 'NONE',  ( -0.0000000000000000000, 1.000000000000000000, -0.0000000000000000000 ) ) ;
#634 = ADVANCED_FACE ( 'NONE', ( #30 ), #1146, .T. ) ;
#635 = ORIENTED_EDGE ( 'NONE', *, *, #950, .T. ) ;
#636 = VERTEX_POINT ( 'NONE', #1571 ) ;
#637 = DIRECTION ( 'NONE',  ( -1.000000000000000000, 0.0000000000000000000, 0.0000000000000000000 ) ) ;
#638 = ORIENTED_EDGE ( 'NONE', *, *, #2458, .T. ) ;
#639 = DIRECTION ( 'NONE',  ( 0.0000000000000000000, 0.0000000000000000000, 1.000000000000000000 ) ) ;
#640 = VERTEX_POINT ( 'NONE', #1752 ) ;
#641 = ORIENTED_EDGE ( 'NONE', *, *, #2097, .T. ) ;
#642 = CARTESIAN_POINT ( 'NONE',  ( -0.01500000000000000300, 0.1879999999999999700, 0.02359475019311122300 ) ) ;
#643 = FACE_OUTER_BOUND ( 'NONE', #2241, .T. ) ;
#644 = FACE_OUTER_BOUND ( 'NONE', #1233, .T. ) ;
#645 = PLANE ( 'NONE',  #2225 ) ;
#646 = ADVANCED_FACE ( 'NONE', ( #95 ), #2562, .T. ) ;
#647 = CARTESIAN_POINT ( 'NONE',  ( 0.05809475019311124300, -0.03970562748477143200, -0.04950000000000003000 ) ) ;
#648 = AXIS2_PLACEMENT_3D ( 'NONE', #2063, #841, #1236 ) ;
#649 = ADVANCED_FACE ( 'NONE', ( #1759 ), #4, .T. ) ;
#650 = EDGE_CURVE ( 'NONE', #2258, #1100, #539, .T. ) ;
#651 = EDGE_LOOP ( 'NONE', ( #935, #600, #393, #1656 ) ) ;
#652 = CARTESIAN_POINT ( 'NONE',  ( 0.0000000000000000000, 0.009499999999999959900, 0.2000000000000000100 ) ) ;
#653 = DIRECTION ( 'NONE',  ( 0.0000000000000000000, 0.0000000000000000000, 1.000000000000000000 ) ) ;
#654 = VECTOR ( 'NONE', #656, 39.37007874015748100 ) ;
#655 = FACE_OUTER_BOUND ( 'NONE', #1824, .T. ) ;
#656 = DIRECTION ( 'NONE',  ( 0.0000000000000000000, 1.000000000000000000, 0.0000000000000000000 ) ) ;
#657 = ORIENTED_EDGE ( 'NONE', *, *, #1112, .F. ) ;
#658 = AXIS2_PLACEMENT_3D ( 'NONE', #1960, #531, #349 ) ;
#659 = AXIS2_PLACEMENT_3D ( 'NONE', #84, #709, #1340 ) ;
#660 = CARTESIAN_POINT ( 'NONE',  ( 0.0000000000000000000, 0.02999999999999996100, 0.1724999999999999600 ) ) ;
#661 = CARTESIAN_POINT ( 'NONE',  ( 0.05809475019311125700, 0.1879999999999999700, -0.04950000000000003700 ) ) ;
#662 = LINE ( 'NONE', #165, #191 ) ;
#663 = ADVANCED_FACE ( 'NONE', ( #1566 ), #693, .T. ) ;
#664 = DIRECTION ( 'NONE',  ( 1.000000000000000000, 0.0000000000000000000, 0.0000000000000000000 ) ) ;
#665 = EDGE_CURVE ( 'NONE', #1827, #2488, #1060, .T. ) ;
#666 = ADVANCED_FACE ( 'NONE', ( #478 ), #1965, .T. ) ;
#667 = ORIENTED_EDGE ( 'NONE', *, *, #2622, .T. ) ;
#668 = EDGE_CURVE ( 'NONE', #2003, #396, #1254, .T. ) ;
#669 = DIRECTION ( 'NONE',  ( 0.0000000000000000000, -0.0000000000000000000, 1.000000000000000000 ) ) ;
#670 = ORIENTED_EDGE ( 'NONE', *, *, #1895, .F. ) ;
#671 = ORIENTED_EDGE ( 'NONE', *, *, #2615, .T. ) ;
#672 = DIRECTION ( 'NONE',  ( 0.0000000000000000000, -0.0000000000000000000, -1.000000000000000000 ) ) ;
#673 = VERTEX_POINT ( 'NONE', #1534 ) ;
#674 = EDGE_CURVE ( 'NONE', #2003, #1741, #2336, .T. ) ;
#675 = VERTEX_POINT ( 'NONE', #1135 ) ;
#676 = CARTESIAN_POINT ( 'NONE',  ( 0.0000000000000000000, 0.1299999999999999800, 0.02549999999999996400 ) ) ;
#677 = CARTESIAN_POINT ( 'NONE',  ( 0.1000000000000000100, 0.03893212530552282700, -0.1875000000000000600 ) ) ;
#678 = VECTOR ( 'NONE', #1161, 39.37007874015748100 ) ;
#679 = EDGE_CURVE ( 'NONE', #1083, #944, #1598, .T. ) ;
#680 = FACE_OUTER_BOUND ( 'NONE', #2137, .T. ) ;
#681 = DIRECTION ( 'NONE',  ( -1.000000000000000000, 0.0000000000000000000, 0.0000000000000000000 ) ) ;
#682 = CARTESIAN_POINT ( 'NONE',  ( -0.1000000000000000100, 0.03893212530552282700, -0.1875000000000000600 ) ) ;
#683 = CARTESIAN_POINT ( 'NONE',  ( 0.1000000000000000100, -0.1499999999999999100, -0.1934840043418041800 ) ) ;
#684 = EDGE_CURVE ( 'NONE', #1879, #381, #167, .T. ) ;
#685 = AXIS2_PLACEMENT_3D ( 'NONE', #2142, #1502, #1325 ) ;
#686 = CARTESIAN_POINT ( 'NONE',  ( 0.01499999999999999100, 0.1520000000000000000, -0.01950000000000003800 ) ) ;
#687 = B_SPLINE_CURVE_WITH_KNOTS ( 'NONE', 3,
 ( #1103, #1937, #280, #1720, #1714, #497, #1702, #1303, #2534, #2553, #2318, #677 ),
 .UNSPECIFIED., .F., .F.,
 ( 4, 2, 2, 2, 2, 4 ),
 ( 0.001631357280639730600, 0.001736601016742378300, 0.001841844752845025900, 0.002052332225050320400, 0.002262819697255614900, 0.002473307169460909400 ),
 .UNSPECIFIED. ) ;
#688 = ORIENTED_EDGE ( 'NONE', *, *, #2100, .T. ) ;
#689 = DIRECTION ( 'NONE',  ( -0.0000000000000000000, 1.000000000000000000, -0.0000000000000000000 ) ) ;
#690 = CLOSED_SHELL ( 'NONE', ( #46, #1450, #836, #2291, #1469, #898, #2272, #2078, #227, #2485, #870, #2463, #1673, #1874 ) ) ;
#691 = CARTESIAN_POINT ( 'NONE',  ( -0.1051441488245477300, 0.01822562948988119800, -0.1875000000000000300 ) ) ;
#692 = DIRECTION ( 'NONE',  ( 0.0000000000000000000, 0.0000000000000000000, -1.000000000000000000 ) ) ;
#693 = CONICAL_SURFACE ( 'NONE', #947, 0.05799999999999996800, 0.7853981633974547200 ) ;
#694 = CARTESIAN_POINT ( 'NONE',  ( 0.01499999999999999800, 0.1520000000000000000, -0.09450000000000004200 ) ) ;
#695 = CARTESIAN_POINT ( 'NONE',  ( 0.1875000000000000800, 0.1899999999999999700, 0.1874999999999999700 ) ) ;
#696 =( LENGTH_UNIT ( ) NAMED_UNIT ( * ) SI_UNIT ( $, .METRE. ) );
#697 = DIRECTION ( 'NONE',  ( 1.000000000000000000, 0.0000000000000000000, 0.0000000000000000000 ) ) ;
#698 = EDGE_LOOP ( 'NONE', ( #1058, #838, #2598 ) ) ;
#699 = DIRECTION ( 'NONE',  ( 0.0000000000000000000, 0.0000000000000000000, 1.000000000000000000 ) ) ;
#700 = ORIENTED_EDGE ( 'NONE', *, *, #1499, .T. ) ;
#701 = AXIS2_PLACEMENT_3D ( 'NONE', #1930, #715, #2153 ) ;
#702 = ORIENTED_EDGE ( 'NONE', *, *, #2482, .F. ) ;
#703 = CARTESIAN_POINT ( 'NONE',  ( -0.1000000000000000100, -0.1491736481776668200, -0.1924991965887919700 ) ) ;
#704 = ORIENTED_EDGE ( 'NONE', *, *, #453, .F. ) ;
#705 = DIMENSIONAL_EXPONENTS ( 1.000000000000000000, 0.0000000000000000000, 0.0000000000000000000, 0.0000000000000000000, 0.0000000000000000000, 0.0000000000000000000, 0.0000000000000000000 ) ;
#706 = VECTOR ( 'NONE', #1493, 39.37007874015748100 ) ;
#707 = DIRECTION ( 'NONE',  ( 0.0000000000000000000, 0.0000000000000000000, 1.000000000000000000 ) ) ;
#708 = B_SPLINE_CURVE_WITH_KNOTS ( 'NONE', 3,
 ( #2328, #2149, #912, #1101, #924, #2118, #1323, #1936, #691, #1740, #1542, #113 ),
 .UNSPECIFIED., .F., .F.,
 ( 4, 2, 2, 2, 2, 4 ),
 ( 0.0007907351724405544400, 0.001000890699490348600, 0.001211046226540142900, 0.001421201753589937000, 0.001526279517114833800, 0.001631357280639730600 ),
 .UNSPECIFIED. ) ;
#709 = DIRECTION ( 'NONE',  ( 0.0000000000000000000, 1.000000000000000000, 0.0000000000000000000 ) ) ;
#710 = VECTOR ( 'NONE', #1576, 39.37007874015748100 ) ;
#711 = DIRECTION ( 'NONE',  ( 0.0000000000000000000, -1.000000000000000000, 0.0000000000000000000 ) ) ;
#712 = DIRECTION ( 'NONE',  ( 0.0000000000000000000, 0.0000000000000000000, 1.000000000000000000 ) ) ;
#713 = AXIS2_PLACEMENT_3D ( 'NONE', #315, #932, #1713 ) ;
#714 = AXIS2_PLACEMENT_3D ( 'NONE', #2164, #144, #978 ) ;
#715 = DIRECTION ( 'NONE',  ( 0.0000000000000000000, -1.000000000000000000, -2.140946703498640200E-016 ) ) ;
#716 = CARTESIAN_POINT ( 'NONE',  ( 0.1000000000000000100, -0.1306255668237045800, -0.2000000000000000400 ) ) ;
#717 = EDGE_CURVE ( 'NONE', #1519, #2342, #936, .T. ) ;
#718 =( NAMED_UNIT ( * ) PLANE_ANGLE_UNIT ( ) SI_UNIT ( $, .RADIAN. ) );
#719 = PLANE ( 'NONE',  #1753 ) ;
#720 = DIRECTION ( 'NONE',  ( -1.000000000000000000, 0.0000000000000000000, 0.0000000000000000000 ) ) ;
#721 = AXIS2_PLACEMENT_3D ( 'NONE', #1723, #939, #1148 ) ;
#722 = ORIENTED_EDGE ( 'NONE', *, *, #222, .T. ) ;
#723 = VECTOR ( 'NONE', #990, 39.37007874015748100 ) ;
#724 = CARTESIAN_POINT ( 'NONE',  ( 0.01499999999999999800, 0.1520000000000000000, -0.09450000000000004200 ) ) ;
#725 = ORIENTED_EDGE ( 'NONE', *, *, #1631, .F. ) ;
#726 = EDGE_CURVE ( 'NONE', #2386, #1343, #215, .T. ) ;
#727 = DIRECTION ( 'NONE',  ( -0.0000000000000000000, 1.000000000000000000, -0.0000000000000000000 ) ) ;
#728 = VECTOR ( 'NONE', #2628, 39.37007874015748100 ) ;
#729 =( LENGTH_UNIT ( ) NAMED_UNIT ( * ) SI_UNIT ( $, .METRE. ) );
#730 = VERTEX_POINT ( 'NONE', #1206 ) ;
#731 = DIRECTION ( 'NONE',  ( -9.485583311334244800E-017, -0.0000000000000000000, 1.000000000000000000 ) ) ;
#732 = VERTEX_POINT ( 'NONE', #1588 ) ;
#733 = CIRCLE ( 'NONE', #2516, 0.001000000000000003100 ) ;
#734 = CARTESIAN_POINT ( 'NONE',  ( -4.898587196589410500E-018, -0.1306255668237045800, 0.1600000000000000600 ) ) ;
#735 = AXIS2_PLACEMENT_3D ( 'NONE', #2413, #400, #195 ) ;
#736 = ORIENTED_EDGE ( 'NONE', *, *, #2549, .T. ) ;
#737 = DIMENSIONAL_EXPONENTS ( 1.000000000000000000, 0.0000000000000000000, 0.0000000000000000000, 0.0000000000000000000, 0.0000000000000000000, 0.0000000000000000000, 0.0000000000000000000 ) ;
#738 = CARTESIAN_POINT ( 'NONE',  ( 0.1875000000000000800, 0.0000000000000000000, -0.1875000000000000600 ) ) ;
#739 = ORIENTED_EDGE ( 'NONE', *, *, #2333, .F. ) ;
#740 = CARTESIAN_POINT ( 'NONE',  ( 0.1875000000000000800, 0.1899999999999999700, 0.1874999999999999700 ) ) ;
#741 = ORIENTED_EDGE ( 'NONE', *, *, #561, .F. ) ;
#742 = CARTESIAN_POINT ( 'NONE',  ( 0.05602677931132572800, 0.1899999999999999700, -0.04950000000000003700 ) ) ;
#743 = VERTEX_POINT ( 'NONE', #362 ) ;
#744 = DIRECTION ( 'NONE',  ( 0.0000000000000000000, 0.0000000000000000000, 1.000000000000000000 ) ) ;
#745 = AXIS2_PLACEMENT_3D ( 'NONE', #1975, #2576, #1742 ) ;
#746 = DIRECTION ( 'NONE',  ( 0.0000000000000000000, 0.0000000000000000000, 1.000000000000000000 ) ) ;
#747 = CIRCLE ( 'NONE', #1546, 0.001000000000000003100 ) ;
#748 = VERTEX_POINT ( 'NONE', #2446 ) ;
#749 = EDGE_CURVE ( 'NONE', #533, #790, #1002, .T. ) ;
#750 = CARTESIAN_POINT ( 'NONE',  ( -0.1874999999999999400, 0.1899999999999999700, 0.1874999999999999700 ) ) ;
#751 = VECTOR ( 'NONE', #2519, 39.37007874015748100 ) ;
#752 = CARTESIAN_POINT ( 'NONE',  ( -0.1000000000000000100, -0.1499999999999999100, -0.2065159956581959200 ) ) ;
#753 = CARTESIAN_POINT ( 'NONE',  ( -0.02500000000000000100, 0.1899999999999999700, 0.005499999999999965000 ) ) ;
#754 = AXIS2_PLACEMENT_3D ( 'NONE', #1417, #987, #1812 ) ;
#755 = DIRECTION ( 'NONE',  ( 0.0000000000000000000, 1.000000000000000000, 1.070473351749320300E-016 ) ) ;
#756 = CARTESIAN_POINT ( 'NONE',  ( 0.1000000000000000100, 0.009499999999999959900, -0.2000000000000000100 ) ) ;
#757 = FILL_AREA_STYLE_COLOUR ( '', #2352 ) ;
#758 = EDGE_LOOP ( 'NONE', ( #2009, #2380, #92, #1410 ) ) ;
#759 = CARTESIAN_POINT ( 'NONE',  ( -0.05671650318083316200, 0.1893337412582303500, -0.04950000000000003700 ) ) ;
#760 = CARTESIAN_POINT ( 'NONE',  ( 0.1013827006106234700, 0.01630073525436764500, -0.1875000000000000800 ) ) ;
#761 = ORIENTED_EDGE ( 'NONE', *, *, #873, .F. ) ;
#762 = EDGE_CURVE ( 'NONE', #2167, #1728, #1951, .T. ) ;
#763 = EDGE_LOOP ( 'NONE', ( #1725, #2312, #1485, #797 ) ) ;
#764 = CARTESIAN_POINT ( 'NONE',  ( -0.01500000000000000300, 0.1520000000000000000, 0.02549999999999997400 ) ) ;
#765 = EDGE_LOOP ( 'NONE', ( #1682, #1230, #1928, #56 ) ) ;
#766 = FACE_OUTER_BOUND ( 'NONE', #2366, .T. ) ;
#767 = DIRECTION ( 'NONE',  ( 0.0000000000000000000, 0.0000000000000000000, -1.000000000000000000 ) ) ;
#768 = CARTESIAN_POINT ( 'NONE',  ( 0.0000000000000000000, 0.02999999999999996100, 0.1795000000000000200 ) ) ;
#769 = UNCERTAINTY_MEASURE_WITH_UNIT (LENGTH_MEASURE( 1.000000000000000100E-005 ), #1955, 'distance_accuracy_value', 'NONE');
#770 = DIRECTION ( 'NONE',  ( -1.422837496700136500E-016, -0.0000000000000000000, -1.000000000000000000 ) ) ;
#771 = AXIS2_PLACEMENT_3D ( 'NONE', #1520, #529, #1181 ) ;
#772 = PRODUCT_RELATED_PRODUCT_CATEGORY ( 'part', '', ( #2643 ) ) ;
#773 = ORIENTED_EDGE ( 'NONE', *, *, #2254, .F. ) ;
#774 = DIRECTION ( 'NONE',  ( 0.0000000000000000000, 0.0000000000000000000, -1.000000000000000000 ) ) ;
#775 = EDGE_LOOP ( 'NONE', ( #1310, #1347, #890, #416 ) ) ;
#776 = DIRECTION ( 'NONE',  ( 0.0000000000000000000, -1.070473351749320500E-016, 1.000000000000000000 ) ) ;
#777 = LINE ( 'NONE', #2127, #555 ) ;
#778 = CIRCLE ( 'NONE', #1377, 0.05000000000000001000 ) ;
#779 = DIRECTION ( 'NONE',  ( 0.0000000000000000000, -1.000000000000000000, 0.0000000000000000000 ) ) ;
#780 = CARTESIAN_POINT ( 'NONE',  ( -0.09486721563544912900, 0.01821876829630231200, -0.1875000000000000600 ) ) ;
#781 = CARTESIAN_POINT ( 'NONE',  ( -0.1000000000000000100, -0.1306255668237045800, -0.1600000000000000600 ) ) ;
#782 = LINE ( 'NONE', #750, #678 ) ;
#783 = EDGE_CURVE ( 'NONE', #1460, #172, #2015, .T. ) ;
#784 = FACE_BOUND ( 'NONE', #361, .T. ) ;
#785 = DIRECTION ( 'NONE',  ( 1.000000000000000000, 0.0000000000000000000, -1.422837496700136700E-016 ) ) ;
#786 = DIRECTION ( 'NONE',  ( -0.0000000000000000000, -0.0000000000000000000, 1.000000000000000000 ) ) ;
#787 = DIRECTION ( 'NONE',  ( -0.0000000000000000000, 1.000000000000000000, -0.0000000000000000000 ) ) ;
#788 = CARTESIAN_POINT ( 'NONE',  ( -0.02500000000000000100, 0.1799999999999999900, 0.01049999999999996800 ) ) ;
#789 = CARTESIAN_POINT ( 'NONE',  ( -0.02500000000000000100, 0.1799999999999999900, 0.01049999999999996800 ) ) ;
#790 = VERTEX_POINT ( 'NONE', #392 ) ;
#791 = CIRCLE ( 'NONE', #2145, 0.005000000000000001800 ) ;
#792 = VERTEX_POINT ( 'NONE', #1820 ) ;
#793 = CIRCLE ( 'NONE', #1911, 0.009240387650610377300 ) ;
#794 = VECTOR ( 'NONE', #1369, 39.37007874015748100 ) ;
#795 = DIRECTION ( 'NONE',  ( 0.0000000000000000000, 0.0000000000000000000, 1.000000000000000000 ) ) ;
#796 = EDGE_LOOP ( 'NONE', ( #133, #2250 ) ) ;
#797 = ORIENTED_EDGE ( 'NONE', *, *, #265, .F. ) ;
#798 = DIRECTION ( 'NONE',  ( 1.000000000000000000, -0.0000000000000000000, -0.0000000000000000000 ) ) ;
#799 = ORIENTED_EDGE ( 'NONE', *, *, #1107, .T. ) ;
#800 = CIRCLE ( 'NONE', #473, 0.06200000000000031900 ) ;
#801 = CARTESIAN_POINT ( 'NONE',  ( -0.1000000000000000100, 0.009499999999999959900, -0.2000000000000000100 ) ) ;
#802 = EDGE_CURVE ( 'NONE', #842, #2462, #2327, .T. ) ;
#803 = CARTESIAN_POINT ( 'NONE',  ( 0.05671650318083316200, 0.1893337412582303500, -0.01950000000000003100 ) ) ;
#804 = ORIENTED_EDGE ( 'NONE', *, *, #2333, .T. ) ;
#805 = CARTESIAN_POINT ( 'NONE',  ( 0.01000000000000000000, 0.02999999999999996100, 0.1724999999999999600 ) ) ;
#806 = CARTESIAN_POINT ( 'NONE',  ( 0.0000000000000000000, -0.03970562748477143200, -0.03450000000000003800 ) ) ;
#807 = ORIENTED_EDGE ( 'NONE', *, *, #271, .F. ) ;
#808 = STYLED_ITEM ( 'NONE', ( #817 ), #1016 ) ;
#809 = ORIENTED_EDGE ( 'NONE', *, *, #490, .F. ) ;
#810 = ORIENTED_EDGE ( 'NONE', *, *, #561, .T. ) ;
#811 = EDGE_CURVE ( 'NONE', #2480, #1948, #2365, .T. ) ;
#812 = CIRCLE ( 'NONE', #2460, 0.03049999999999998900 ) ;
#813 = LENGTH_MEASURE_WITH_UNIT ( LENGTH_MEASURE( 0.02539999999999999900 ), #729 );
#814 = EDGE_CURVE ( 'NONE', #2315, #2603, #1283, .T. ) ;
#815 = SURFACE_STYLE_USAGE ( .BOTH. , #1223 ) ;
#816 = DIRECTION ( 'NONE',  ( -1.000000000000000000, 0.0000000000000000000, -9.485583311334249800E-017 ) ) ;
#817 = PRESENTATION_STYLE_ASSIGNMENT (( #447 ) ) ;
#818 = PLANE ( 'NONE',  #1664 ) ;
#819 = DIRECTION ( 'NONE',  ( 0.0000000000000000000, 0.0000000000000000000, 1.000000000000000000 ) ) ;
#820 = PLANE ( 'NONE',  #17 ) ;
#821 = EDGE_CURVE ( 'NONE', #2302, #1741, #1505, .T. ) ;
#822 = AXIS2_PLACEMENT_3D ( 'NONE', #2040, #843, #1451 ) ;
#823 = EDGE_CURVE ( 'NONE', #1585, #2477, #916, .T. ) ;
#824 = CARTESIAN_POINT ( 'NONE',  ( -0.1000000000000000100, 0.009499999999999961600, -0.2100000000000000200 ) ) ;
#825 = EDGE_LOOP ( 'NONE', ( #1164, #1619, #868, #1902 ) ) ;
#826 = LINE ( 'NONE', #1392, #378 ) ;
#827 = CARTESIAN_POINT ( 'NONE',  ( 0.1000000000000000100, 0.009499999999999961600, -0.2100000000000000200 ) ) ;
#828 = ORIENTED_EDGE ( 'NONE', *, *, #425, .T. ) ;
#829 = DIRECTION ( 'NONE',  ( -0.0000000000000000000, -1.000000000000000000, -2.140946703498640700E-016 ) ) ;
#830 = VECTOR ( 'NONE', #15, 39.37007874015748100 ) ;
#831 = ORIENTED_EDGE ( 'NONE', *, *, #1234, .T. ) ;
#832 = ORIENTED_EDGE ( 'NONE', *, *, #1115, .F. ) ;
#833 = VECTOR ( 'NONE', #125, 39.37007874015748100 ) ;
#834 = EDGE_CURVE ( 'NONE', #1885, #675, #1917, .T. ) ;
#835 = DIRECTION ( 'NONE',  ( 0.0000000000000000000, 0.0000000000000000000, 1.000000000000000000 ) ) ;
#836 = ADVANCED_FACE ( 'NONE', ( #417 ), #2405, .T. ) ;
#837 = CARTESIAN_POINT ( 'NONE',  ( -0.1000000000000000100, -0.1499999999999999100, -0.2000000000000000400 ) ) ;
#838 = ORIENTED_EDGE ( 'NONE', *, *, #2204, .F. ) ;
#839 = ORIENTED_EDGE ( 'NONE', *, *, #2471, .T. ) ;
#840 = CARTESIAN_POINT ( 'NONE',  ( 0.0000000000000000000, 0.1299999999999999800, 0.02549999999999996400 ) ) ;
#841 = DIRECTION ( 'NONE',  ( -0.0000000000000000000, 1.000000000000000000, -1.070473351749320300E-016 ) ) ;
#842 = VERTEX_POINT ( 'NONE', #197 ) ;
#843 = DIRECTION ( 'NONE',  ( 0.0000000000000000000, 0.0000000000000000000, -1.000000000000000000 ) ) ;
#844 = TOROIDAL_SURFACE ( 'NONE', #1904, 0.006515995658195872900, 0.001000000000000000000 ) ;
#845 = FACE_OUTER_BOUND ( 'NONE', #2094, .T. ) ;
#846 = DIRECTION ( 'NONE',  ( 0.0000000000000000000, -2.134256245050206700E-016, -1.000000000000000000 ) ) ;
#847 = DIRECTION ( 'NONE',  ( 0.0000000000000000000, 0.0000000000000000000, -1.000000000000000000 ) ) ;
#848 = FACE_OUTER_BOUND ( 'NONE', #2150, .T. ) ;
#849 = TOROIDAL_SURFACE ( 'NONE', #87, 0.02049999999999999700, 0.01000000000000000000 ) ;
#850 = ADVANCED_FACE ( 'NONE', ( #2594 ), #2055, .F. ) ;
#851 = AXIS2_PLACEMENT_3D ( 'NONE', #1371, #366, #746 ) ;
#852 = CARTESIAN_POINT ( 'NONE',  ( 0.0000000000000000000, -0.1306255668237045800, 0.2000000000000000400 ) ) ;
#853 = CARTESIAN_POINT ( 'NONE',  ( -0.1874999999999999400, 0.01499999999999996300, 0.1575000000000000000 ) ) ;
#854 = DIRECTION ( 'NONE',  ( -1.000000000000000000, 0.0000000000000000000, 0.0000000000000000000 ) ) ;
#855 = ADVANCED_FACE ( 'NONE', ( #2530 ), #282, .T. ) ;
#856 = DIRECTION ( 'NONE',  ( 0.0000000000000000000, 1.000000000000000000, -0.0000000000000000000 ) ) ;
#857 = ORIENTED_EDGE ( 'NONE', *, *, #650, .T. ) ;
#858 = LINE ( 'NONE', #2565, #1436 ) ;
#859 =( GEOMETRIC_REPRESENTATION_CONTEXT ( 3 ) GLOBAL_UNCERTAINTY_ASSIGNED_CONTEXT ( ( #1636 ) ) GLOBAL_UNIT_ASSIGNED_CONTEXT ( ( #1256, #1064, #1266 ) ) REPRESENTATION_CONTEXT ( 'NONE', 'WORKASPACE' ) );
#860 = DIRECTION ( 'NONE',  ( -0.0000000000000000000, -1.000000000000000000, -0.0000000000000000000 ) ) ;
#861 = ADVANCED_FACE ( 'NONE', ( #350, #2043 ), #606, .T. ) ;
#862 = EDGE_LOOP ( 'NONE', ( #1795, #2412, #2517, #36, #488, #94, #1768, #2081 ) ) ;
#863 = CARTESIAN_POINT ( 'NONE',  ( 0.01000000000000000000, 0.02999999999999996100, 0.1724999999999999600 ) ) ;
#864 = FACE_OUTER_BOUND ( 'NONE', #577, .T. ) ;
#865 = ORIENTED_EDGE ( 'NONE', *, *, #1550, .F. ) ;
#866 = EDGE_CURVE ( 'NONE', #2046, #982, #1378, .T. ) ;
#867 = DIRECTION ( 'NONE',  ( 0.0000000000000000000, -0.0000000000000000000, 1.000000000000000000 ) ) ;
#868 = ORIENTED_EDGE ( 'NONE', *, *, #265, .T. ) ;
#869 = DIRECTION ( 'NONE',  ( -0.0000000000000000000, -1.000000000000000000, -2.140946703498640200E-016 ) ) ;
#870 = ADVANCED_FACE ( 'NONE', ( #1854 ), #818, .F. ) ;
#871 = ORIENTED_EDGE ( 'NONE', *, *, #1518, .F. ) ;
#872 = CIRCLE ( 'NONE', #337, 0.06000000000000001200 ) ;
#873 = EDGE_CURVE ( 'NONE', #543, #2462, #2242, .T. ) ;
#874 = CARTESIAN_POINT ( 'NONE',  ( 0.0000000000000000000, 0.1899999999999999700, 0.0000000000000000000 ) ) ;
#875 = ADVANCED_FACE ( 'NONE', ( #1440 ), #1449, .F. ) ;
#876 = CARTESIAN_POINT ( 'NONE',  ( -0.05809475019311125700, 0.1879999999999999700, -0.01950000000000003100 ) ) ;
#877 = ORIENTED_EDGE ( 'NONE', *, *, #40, .F. ) ;
#878 = CARTESIAN_POINT ( 'NONE',  ( -0.01500000000000000300, 0.1886670605442956600, -0.09190581302538615400 ) ) ;
#879 = EDGE_CURVE ( 'NONE', #1838, #162, #2467, .T. ) ;
#880 = ORIENTED_EDGE ( 'NONE', *, *, #973, .T. ) ;
#881 = CARTESIAN_POINT ( 'NONE',  ( -0.01500000000000001200, 0.1520000000000000000, -0.01950000000000003800 ) ) ;
#882 = ORIENTED_EDGE ( 'NONE', *, *, #1063, .T. ) ;
#883 = DIRECTION ( 'NONE',  ( 0.0000000000000000000, 0.0000000000000000000, 1.000000000000000000 ) ) ;
#884 = ADVANCED_FACE ( 'NONE', ( #2077 ), #2322, .F. ) ;
#885 = ORIENTED_EDGE ( 'NONE', *, *, #1616, .T. ) ;
#886 = AXIS2_PLACEMENT_3D ( 'NONE', #1496, #1893, #1706 ) ;
#887 = ADVANCED_FACE ( 'NONE', ( #644 ), #1077, .F. ) ;
#888 = CARTESIAN_POINT ( 'NONE',  ( -0.01500000000000000300, 0.1519999999999999700, -0.09259475019311128000 ) ) ;
#889 = CIRCLE ( 'NONE', #464, 0.05999999999999999800 ) ;
#890 = ORIENTED_EDGE ( 'NONE', *, *, #12, .F. ) ;
#891 = CARTESIAN_POINT ( 'NONE',  ( 0.1000000000000000100, 0.009499999999999959900, -0.2000000000000000100 ) ) ;
#892 = FACE_OUTER_BOUND ( 'NONE', #2441, .T. ) ;
#893 = CARTESIAN_POINT ( 'NONE',  ( 0.0000000000000000000, 0.1899999999999999700, -0.03450000000000003800 ) ) ;
#894 = CARTESIAN_POINT ( 'NONE',  ( 0.01499999999999999800, 0.1893337412582303500, 0.02221650318083312800 ) ) ;
#895 = CARTESIAN_POINT ( 'NONE',  ( -0.01500000000000000300, 0.1899999999999999700, 0.02549999999999997400 ) ) ;
#896 = AXIS2_PLACEMENT_3D ( 'NONE', #1638, #423, #1439 ) ;
#897 = CARTESIAN_POINT ( 'NONE',  ( -0.1000000000000000100, 0.009499999999999958100, -0.1900000000000000300 ) ) ;
#898 = ADVANCED_FACE ( 'NONE', ( #2290 ), #1749, .T. ) ;
#899 = B_SPLINE_CURVE_WITH_KNOTS ( 'NONE', 3,
 ( #1910, #1731, #894, #2346 ),
 .UNSPECIFIED., .F., .F.,
 ( 4, 4 ),
 ( 0.001630131893339254300, 0.001703203037722133100 ),
 .UNSPECIFIED. ) ;
#900 = CARTESIAN_POINT ( 'NONE',  ( 0.1000000000000000100, -0.1306255668237045200, -0.1900000000000000600 ) ) ;
#901 = EDGE_CURVE ( 'NONE', #221, #2450, #1712, .T. ) ;
#902 = VERTEX_POINT ( 'NONE', #456 ) ;
#903 = PLANE ( 'NONE',  #581 ) ;
#904 = FACE_OUTER_BOUND ( 'NONE', #608, .T. ) ;
#905 = EDGE_LOOP ( 'NONE', ( #741, #1316 ) ) ;
#906 = CARTESIAN_POINT ( 'NONE',  ( 0.02500000000000000100, 0.1799999999999999900, 0.005499999999999965000 ) ) ;
#907 = EDGE_LOOP ( 'NONE', ( #2300, #1739, #2106, #1624 ) ) ;
#908 = AXIS2_PLACEMENT_3D ( 'NONE', #753, #2407, #1796 ) ;
#909 = ORIENTED_EDGE ( 'NONE', *, *, #2569, .F. ) ;
#910 = LINE ( 'NONE', #724, #482 ) ;
#911 = DIRECTION ( 'NONE',  ( 0.0000000000000000000, 0.0000000000000000000, -1.000000000000000000 ) ) ;
#912 = CARTESIAN_POINT ( 'NONE',  ( -0.1055269849869148500, 0.03765178123224958300, -0.1875000000000000600 ) ) ;
#913 = AXIS2_PLACEMENT_3D ( 'NONE', #1715, #2121, #1106 ) ;
#914 = ORIENTED_EDGE ( 'NONE', *, *, #873, .T. ) ;
#915 = DIRECTION ( 'NONE',  ( -0.0000000000000000000, 1.000000000000000000, -1.070473351749320300E-016 ) ) ;
#916 = B_SPLINE_CURVE_WITH_KNOTS ( 'NONE', 3,
 ( #1395, #1400, #558, #780, #995, #175, #1602, #22, #401, #1033, #622, #206 ),
 .UNSPECIFIED., .F., .F.,
 ( 4, 2, 2, 2, 2, 4 ),
 ( 0.001631357280639730600, 0.001736601016742378300, 0.001841844752845025900, 0.002052332225050320400, 0.002262819697255614900, 0.002473307169460909400 ),
 .UNSPECIFIED. ) ;
#917 = DIRECTION ( 'NONE',  ( 0.0000000000000000000, 0.0000000000000000000, 1.000000000000000000 ) ) ;
#918 = ORIENTED_EDGE ( 'NONE', *, *, #1976, .F. ) ;
#919 = LINE ( 'NONE', #218, #1049 ) ;
#920 =( GEOMETRIC_REPRESENTATION_CONTEXT ( 3 ) GLOBAL_UNCERTAINTY_ASSIGNED_CONTEXT ( ( #979 ) ) GLOBAL_UNIT_ASSIGNED_CONTEXT ( ( #952, #1179, #370 ) ) REPRESENTATION_CONTEXT ( 'NONE', 'WORKASPACE' ) );
#921 = DIRECTION ( 'NONE',  ( 1.000000000000000000, 0.0000000000000000000, 0.0000000000000000000 ) ) ;
#922 = LINE ( 'NONE', #2631, #954 ) ;
#923 = FACE_OUTER_BOUND ( 'NONE', #1797, .T. ) ;
#924 = CARTESIAN_POINT ( 'NONE',  ( -0.1101062258726195500, 0.03067312266745883900, -0.1875000000000000300 ) ) ;
#925 = DIRECTION ( 'NONE',  ( -0.0000000000000000000, -1.000000000000000000, -0.0000000000000000000 ) ) ;
#926 = EDGE_CURVE ( 'NONE', #172, #2273, #1205, .T. ) ;
#927 = PLANE ( 'NONE',  #345 ) ;
#928 = ORIENTED_EDGE ( 'NONE', *, *, #1722, .T. ) ;
#929 = CYLINDRICAL_SURFACE ( 'NONE', #207, 0.005000000000000001800 ) ;
#930 = DIRECTION ( 'NONE',  ( 0.0000000000000000000, 1.000000000000000000, 0.0000000000000000000 ) ) ;
#931 = ORIENTED_EDGE ( 'NONE', *, *, #2020, .T. ) ;
#932 = DIRECTION ( 'NONE',  ( -0.0000000000000000000, 1.000000000000000000, -0.0000000000000000000 ) ) ;
#933 = DIRECTION ( 'NONE',  ( 1.000000000000000000, 0.0000000000000000000, 0.0000000000000000000 ) ) ;
#934 = VERTEX_POINT ( 'NONE', #876 ) ;
#935 = ORIENTED_EDGE ( 'NONE', *, *, #2438, .F. ) ;
#936 = LINE ( 'NONE', #354, #509 ) ;
#937 = ORIENTED_EDGE ( 'NONE', *, *, #1129, .T. ) ;
#938 = EDGE_LOOP ( 'NONE', ( #183, #2364, #2624, #1883 ) ) ;
#939 = DIRECTION ( 'NONE',  ( -0.0000000000000000000, 1.000000000000000000, -2.140946703498640200E-016 ) ) ;
#940 = EDGE_LOOP ( 'NONE', ( #519, #542, #395, #1642 ) ) ;
#941 = FACE_OUTER_BOUND ( 'NONE', #1059, .T. ) ;
#942 = DIRECTION ( 'NONE',  ( -0.0000000000000000000, 1.000000000000000000, -0.0000000000000000000 ) ) ;
#943 = CARTESIAN_POINT ( 'NONE',  ( 0.1575000000000000800, 0.0000000000000000000, -0.1875000000000000300 ) ) ;
#944 = VERTEX_POINT ( 'NONE', #1855 ) ;
#945 = CARTESIAN_POINT ( 'NONE',  ( 0.1000000000000000100, -0.1393079757070512800, -0.2000000000000000400 ) ) ;
#946 = ORIENTED_EDGE ( 'NONE', *, *, #1789, .F. ) ;
#947 = AXIS2_PLACEMENT_3D ( 'NONE', #327, #2592, #548 ) ;
#948 = VERTEX_POINT ( 'NONE', #1887 ) ;
#949 = CARTESIAN_POINT ( 'NONE',  ( -0.1574999999999999500, 0.1899999999999999700, 0.1874999999999999700 ) ) ;
#950 = EDGE_CURVE ( 'NONE', #13, #2167, #2222, .T. ) ;
#951 = CARTESIAN_POINT ( 'NONE',  ( 0.1575000000000000800, 0.0000000000000000000, 0.1874999999999999700 ) ) ;
#952 =( CONVERSION_BASED_UNIT ( 'INCH', #813 ) LENGTH_UNIT ( ) NAMED_UNIT ( #1992 ) );
#953 = ORIENTED_EDGE ( 'NONE', *, *, #2294, .T. ) ;
#954 = VECTOR ( 'NONE', #1221, 39.37007874015748100 ) ;
#955 = LINE ( 'NONE', #532, #1455 ) ;
#956 = CARTESIAN_POINT ( 'NONE',  ( -0.01000000000000000000, 0.02999999999999996100, 0.1795000000000000200 ) ) ;
#957 = DIRECTION ( 'NONE',  ( 0.0000000000000000000, 0.0000000000000000000, 1.000000000000000000 ) ) ;
#958 = AXIS2_PLACEMENT_3D ( 'NONE', #2316, #469, #867 ) ;
#959 = DIRECTION ( 'NONE',  ( 0.0000000000000000000, -1.000000000000000000, 0.0000000000000000000 ) ) ;
#960 = DIRECTION ( 'NONE',  ( 0.0000000000000000000, -1.070473351749320500E-016, 1.000000000000000000 ) ) ;
#961 = EDGE_CURVE ( 'NONE', #220, #2475, #430, .T. ) ;
#962 = DIRECTION ( 'NONE',  ( 0.0000000000000000000, -0.0000000000000000000, -1.000000000000000000 ) ) ;
#963 = EDGE_CURVE ( 'NONE', #2450, #982, #1974, .T. ) ;
#964 = DIRECTION ( 'NONE',  ( 0.0000000000000000000, 0.0000000000000000000, -1.000000000000000000 ) ) ;
#965 = VERTEX_POINT ( 'NONE', #223 ) ;
#966 = CARTESIAN_POINT ( 'NONE',  ( -0.05809475019311125700, 0.1879999999999999700, -0.04950000000000003700 ) ) ;
#967 = ORIENTED_EDGE ( 'NONE', *, *, #1842, .F. ) ;
#968 = VECTOR ( 'NONE', #1593, 39.37007874015748100 ) ;
#969 = DIRECTION ( 'NONE',  ( -0.0000000000000000000, 1.000000000000000000, -0.0000000000000000000 ) ) ;
#970 = VERTEX_POINT ( 'NONE', #1894 ) ;
#971 = VECTOR ( 'NONE', #925, 39.37007874015748100 ) ;
#972 = AXIS2_PLACEMENT_3D ( 'NONE', #403, #208, #421 ) ;
#973 = EDGE_CURVE ( 'NONE', #571, #1314, #115, .T. ) ;
#974 = CARTESIAN_POINT ( 'NONE',  ( -0.1000000000000000100, -0.1499999999999999100, -0.2000000000000000400 ) ) ;
#975 = ORIENTED_EDGE ( 'NONE', *, *, #1022, .T. ) ;
#976 = PLANE ( 'NONE',  #1311 ) ;
#977 = EDGE_LOOP ( 'NONE', ( #1421, #186, #314 ) ) ;
#978 = DIRECTION ( 'NONE',  ( 0.0000000000000000000, 0.0000000000000000000, -1.000000000000000000 ) ) ;
#979 = UNCERTAINTY_MEASURE_WITH_UNIT (LENGTH_MEASURE( 1.000000000000000100E-005 ), #952, 'distance_accuracy_value', 'NONE');
#980 = ORIENTED_EDGE ( 'NONE', *, *, #550, .T. ) ;
#981 = EDGE_CURVE ( 'NONE', #2434, #902, #80, .T. ) ;
#982 = VERTEX_POINT ( 'NONE', #1667 ) ;
#983 = AXIS2_PLACEMENT_3D ( 'NONE', #514, #2398, #2166 ) ;
#984 = PLANE ( 'NONE',  #286 ) ;
#985 = VECTOR ( 'NONE', #1719, 39.37007874015748100 ) ;
#986 = VECTOR ( 'NONE', #1198, 39.37007874015748100 ) ;
#987 = DIRECTION ( 'NONE',  ( 1.000000000000000000, 0.0000000000000000000, 0.0000000000000000000 ) ) ;
#988 = TOROIDAL_SURFACE ( 'NONE', #23, 0.02049999999999999700, 0.01000000000000000000 ) ;
#989 = PLANE ( 'NONE',  #1105 ) ;
#990 = DIRECTION ( 'NONE',  ( 0.0000000000000000000, 0.0000000000000000000, -1.000000000000000000 ) ) ;
#991 = DIRECTION ( 'NONE',  ( -0.0000000000000000000, 1.000000000000000000, 2.140946703498640200E-016 ) ) ;
#992 = CARTESIAN_POINT ( 'NONE',  ( 0.0000000000000000000, 0.1879999999999996700, -0.03450000000000003800 ) ) ;
#993 = DIRECTION ( 'NONE',  ( 0.0000000000000000000, 1.000000000000000000, 0.0000000000000000000 ) ) ;
#994 =( LENGTH_UNIT ( ) NAMED_UNIT ( * ) SI_UNIT ( $, .METRE. ) );
#995 = CARTESIAN_POINT ( 'NONE',  ( -0.09382374128451950700, 0.01917861581553716500, -0.1875000000000000600 ) ) ;
#996 = ORIENTED_EDGE ( 'NONE', *, *, #668, .F. ) ;
#997 = AXIS2_PLACEMENT_3D ( 'NONE', #338, #1597, #157 ) ;
#998 = CIRCLE ( 'NONE', #908, 0.005000000000000001800 ) ;
#999 = CARTESIAN_POINT ( 'NONE',  ( -0.01500000000000001200, 0.1520000000000000000, -0.01950000000000003800 ) ) ;
#1000 = VECTOR ( 'NONE', #1295, 39.37007874015748100 ) ;
#1001 = ORIENTED_EDGE ( 'NONE', *, *, #1646, .T. ) ;
#1002 = LINE ( 'NONE', #2605, #2494 ) ;
#1003 = VERTEX_POINT ( 'NONE', #661 ) ;
#1004 = CARTESIAN_POINT ( 'NONE',  ( -0.1874999999999999400, 0.0000000000000000000, -0.1575000000000000300 ) ) ;
#1005 = VERTEX_POINT ( 'NONE', #888 ) ;
#1006 = VECTOR ( 'NONE', #523, 39.37007874015748100 ) ;
#1007 =( NAMED_UNIT ( * ) PLANE_ANGLE_UNIT ( ) SI_UNIT ( $, .RADIAN. ) );
#1008 = DIRECTION ( 'NONE',  ( 1.000000000000000000, 0.0000000000000000000, 0.0000000000000000000 ) ) ;
#1009 = CARTESIAN_POINT ( 'NONE',  ( 0.1875000000000000800, 0.01500000000000000300, -0.1575000000000000600 ) ) ;
#1010 = AXIS2_PLACEMENT_3D ( 'NONE', #2550, #2326, #2561 ) ;
#1011 = MECHANICAL_DESIGN_GEOMETRIC_PRESENTATION_REPRESENTATION (  '', ( #1087 ), #1177 ) ;
#1012 = ORIENTED_EDGE ( 'NONE', *, *, #684, .F. ) ;
#1013 = EDGE_CURVE ( 'NONE', #636, #1668, #560, .T. ) ;
#1014 = ORIENTED_EDGE ( 'NONE', *, *, #323, .F. ) ;
#1015 = CARTESIAN_POINT ( 'NONE',  ( 0.1875000000000000800, 0.1899999999999999700, -0.1875000000000000600 ) ) ;
#1016 = MANIFOLD_SOLID_BREP ( 'Combine1', #1875 ) ;
#1017 = EDGE_LOOP ( 'NONE', ( #1168, #1562, #2044, #1947, #839, #2082 ) ) ;
#1018 = AXIS2_PLACEMENT_3D ( 'NONE', #541, #1169, #575 ) ;
#1019 = FACE_OUTER_BOUND ( 'NONE', #515, .T. ) ;
#1020 = DIRECTION ( 'NONE',  ( 0.0000000000000000000, 0.0000000000000000000, 1.000000000000000000 ) ) ;
#1021 = VECTOR ( 'NONE', #1925, 39.37007874015748100 ) ;
#1022 = EDGE_CURVE ( 'NONE', #743, #1005, #1782, .T. ) ;
#1023 = VECTOR ( 'NONE', #633, 39.37007874015748100 ) ;
#1024 = DIRECTION ( 'NONE',  ( 0.0000000000000000000, 1.000000000000000000, -0.0000000000000000000 ) ) ;
#1025 = STYLED_ITEM ( 'NONE', ( #2220 ), #2004 ) ;
#1026 = CARTESIAN_POINT ( 'NONE',  ( 0.0000000000000000000, 0.1899999999999999700, -0.03450000000000003800 ) ) ;
#1027 = CARTESIAN_POINT ( 'NONE',  ( 0.1575000000000000600, -3.634654800264106100E-017, 0.1575000000000000000 ) ) ;
#1028 = VERTEX_POINT ( 'NONE', #467 ) ;
#1029 = PRESENTATION_STYLE_ASSIGNMENT (( #2344 ) ) ;
#1030 = VERTEX_POINT ( 'NONE', #1657 ) ;
#1031 = VECTOR ( 'NONE', #787, 39.37007874015748100 ) ;
#1032 = DIRECTION ( 'NONE',  ( -9.485583311334249800E-017, 0.0000000000000000000, 1.000000000000000000 ) ) ;
#1033 = CARTESIAN_POINT ( 'NONE',  ( -0.09446315462789138500, 0.03764418231440762300, -0.1875000000000000300 ) ) ;
#1034 = ORIENTED_EDGE ( 'NONE', *, *, #247, .T. ) ;
#1035 = AXIS2_PLACEMENT_3D ( 'NONE', #2510, #1292, #43 ) ;
#1036 = ORIENTED_EDGE ( 'NONE', *, *, #3, .T. ) ;
#1037 = CARTESIAN_POINT ( 'NONE',  ( 0.1875000000000000800, 0.0000000000000000000, 0.1575000000000000000 ) ) ;
#1038 = FACE_OUTER_BOUND ( 'NONE', #2382, .T. ) ;
#1039 = EDGE_CURVE ( 'NONE', #311, #172, #151, .T. ) ;
#1040 = PRODUCT_DEFINITION_SHAPE ( 'NONE', 'NONE',  #2039 ) ;
#1041 = ORIENTED_EDGE ( 'NONE', *, *, #2531, .F. ) ;
#1042 = DIRECTION ( 'NONE',  ( 0.0000000000000000000, -2.140946703498639900E-016, -1.000000000000000000 ) ) ;
#1043 = VERTEX_POINT ( 'NONE', #2283 ) ;
#1044 = MECHANICAL_DESIGN_GEOMETRIC_PRESENTATION_REPRESENTATION (  '', ( #2557 ), #1138 ) ;
#1045 = ORIENTED_EDGE ( 'NONE', *, *, #14, .F. ) ;
#1046 = CARTESIAN_POINT ( 'NONE',  ( 7.347880794884118400E-018, 0.1299999999999999800, -0.09450000000000004200 ) ) ;
#1047 = ADVANCED_FACE ( 'NONE', ( #1175 ), #1462, .F. ) ;
#1048 = COLOUR_RGB ( '',0.7921568627450980000, 0.8196078431372548800, 0.9333333333333333500 ) ;
#1049 = VECTOR ( 'NONE', #2468, 39.37007874015748100 ) ;
#1050 = AXIS2_PLACEMENT_3D ( 'NONE', #107, #2370, #1946 ) ;
#1051 = FACE_OUTER_BOUND ( 'NONE', #862, .T. ) ;
#1052 = AXIS2_PLACEMENT_3D ( 'NONE', #1686, #854, #62 ) ;
#1053 = DIRECTION ( 'NONE',  ( -0.0000000000000000000, 1.000000000000000000, -0.0000000000000000000 ) ) ;
#1054 = ADVANCED_FACE ( 'NONE', ( #1051 ), #927, .F. ) ;
#1055 = CARTESIAN_POINT ( 'NONE',  ( 0.1000000000000000100, -0.1306255668237045200, -0.2000000000000000400 ) ) ;
#1056 = ORIENTED_EDGE ( 'NONE', *, *, #261, .T. ) ;
#1057 = CARTESIAN_POINT ( 'NONE',  ( -0.05602677931132572800, 0.1899999999999999700, -0.01950000000000003800 ) ) ;
#1058 = ORIENTED_EDGE ( 'NONE', *, *, #8, .F. ) ;
#1059 = EDGE_LOOP ( 'NONE', ( #1776, #857, #1807, #31 ) ) ;
#1060 = CIRCLE ( 'NONE', #1987, 0.009240387650610377300 ) ;
#1061 = CARTESIAN_POINT ( 'NONE',  ( 0.0000000000000000000, 0.1899999999999999700, -0.03450000000000003800 ) ) ;
#1063 = EDGE_CURVE ( 'NONE', #1635, #131, #1675, .T. ) ;
#1062 = EDGE_LOOP ( 'NONE', ( #2179, #458, #1627, #1319 ) ) ;
#1064 =( NAMED_UNIT ( * ) PLANE_ANGLE_UNIT ( ) SI_UNIT ( $, .RADIAN. ) );
#1065 = B_SPLINE_CURVE_WITH_KNOTS ( 'NONE', 3,
 ( #1659, #878, #468, #1478 ),
 .UNSPECIFIED., .F., .F.,
 ( 4, 4 ),
 ( 0.001630131893339255800, 0.001703203037722135700 ),
 .UNSPECIFIED. ) ;
#1066 = CARTESIAN_POINT ( 'NONE',  ( -0.01500000000000000300, 0.1899999999999999700, 0.02152677931132568700 ) ) ;
#1067 = ADVANCED_FACE ( 'NONE', ( #1583 ), #2059, .T. ) ;
#1068 = ORIENTED_EDGE ( 'NONE', *, *, #140, .T. ) ;
#1069 = ORIENTED_EDGE ( 'NONE', *, *, #2466, .T. ) ;
#1070 = DIRECTION ( 'NONE',  ( 1.000000000000000000, 0.0000000000000000000, 0.0000000000000000000 ) ) ;
#1071 = CARTESIAN_POINT ( 'NONE',  ( -0.1874999999999999400, 0.0000000000000000000, -0.1575000000000000300 ) ) ;
#1072 = CARTESIAN_POINT ( 'NONE',  ( 0.1000000000000000100, 0.009499999999999959900, -0.2000000000000000100 ) ) ;
#1073 = VECTOR ( 'NONE', #451, 39.37007874015748100 ) ;
#1074 = EDGE_LOOP ( 'NONE', ( #2239, #2172, #1634, #871 ) ) ;
#1075 = TOROIDAL_SURFACE ( 'NONE', #1412, -0.03999999999999998000, 0.05000000000000000300 ) ;
#1076 = FACE_OUTER_BOUND ( 'NONE', #2408, .T. ) ;
#1077 = CYLINDRICAL_SURFACE ( 'NONE', #2454, 0.005000000000000001800 ) ;
#1078 = AXIS2_PLACEMENT_3D ( 'NONE', #837, #869, #639 ) ;
#1079 = ADVANCED_FACE ( 'NONE', ( #680 ), #181, .T. ) ;
#1080 = DIRECTION ( 'NONE',  ( -2.126576849575811400E-017, 0.9848077530122074700, 0.1736481776669336100 ) ) ;
#1081 = EDGE_CURVE ( 'NONE', #1481, #438, #2646, .T. ) ;
#1082 = CARTESIAN_POINT ( 'NONE',  ( -0.1874999999999999400, 0.1899999999999999700, 0.1874999999999999700 ) ) ;
#1083 = VERTEX_POINT ( 'NONE', #109 ) ;
#1084 = ADVANCED_FACE ( 'NONE', ( #1644 ), #407, .T. ) ;
#1085 = TOROIDAL_SURFACE ( 'NONE', #2281, 0.006515995658195872900, 0.001000000000000000000 ) ;
#1086 = AXIS2_PLACEMENT_3D ( 'NONE', #893, #2287, #1660 ) ;
#1087 = STYLED_ITEM ( 'NONE', ( #1029 ), #2512 ) ;
#1088 = CARTESIAN_POINT ( 'NONE',  ( 0.0000000000000000000, 0.1879999999999999700, -0.03450000000000003800 ) ) ;
#1089 = ORIENTED_EDGE ( 'NONE', *, *, #2045, .T. ) ;
#1090 = CARTESIAN_POINT ( 'NONE',  ( -0.1000000000000000100, -0.1499999999999999100, -0.2000000000000000400 ) ) ;
#1091 = FACE_OUTER_BOUND ( 'NONE', #2367, .T. ) ;
#1092 = ORIENTED_EDGE ( 'NONE', *, *, #1966, .F. ) ;
#1093 = EDGE_CURVE ( 'NONE', #162, #1838, #1611, .T. ) ;
#1094 = TOROIDAL_SURFACE ( 'NONE', #434, 0.006515995658195872900, 0.001000000000000000000 ) ;
#1095 = ADVANCED_FACE ( 'NONE', ( #1555 ), #988, .T. ) ;
#1096 = EDGE_CURVE ( 'NONE', #571, #1856, #466, .T. ) ;
#1097 = PLANE ( 'NONE',  #2188 ) ;
#1098 = CARTESIAN_POINT ( 'NONE',  ( 0.02500000000000000100, 0.1799999999999999900, 0.005499999999999965000 ) ) ;
#1099 = CARTESIAN_POINT ( 'NONE',  ( 0.02500000000000000100, 0.1799999999999999900, 0.005499999999999965000 ) ) ;
#1100 = VERTEX_POINT ( 'NONE', #294 ) ;
#1101 = CARTESIAN_POINT ( 'NONE',  ( -0.1091843271594290500, 0.03349801288106632500, -0.1875000000000000600 ) ) ;
#1102 = ORIENTED_EDGE ( 'NONE', *, *, #2391, .T. ) ;
#1103 = CARTESIAN_POINT ( 'NONE',  ( 0.1000000000000000100, 0.01630073525436764900, -0.1875000000000000600 ) ) ;
#1104 = ORIENTED_EDGE ( 'NONE', *, *, #140, .F. ) ;
#1105 = AXIS2_PLACEMENT_3D ( 'NONE', #2397, #340, #2373 ) ;
#1106 = DIRECTION ( 'NONE',  ( 0.0000000000000000000, -0.0000000000000000000, 1.000000000000000000 ) ) ;
#1107 = EDGE_CURVE ( 'NONE', #2603, #1948, #2096, .T. ) ;
#1108 = VECTOR ( 'NONE', #93, 39.37007874015748100 ) ;
#1109 = CARTESIAN_POINT ( 'NONE',  ( -0.1874999999999999400, 0.0000000000000000000, -0.1875000000000000600 ) ) ;
#1110 = CIRCLE ( 'NONE', #2280, 0.05799999999999996800 ) ;
#1111 = VECTOR ( 'NONE', #860, 39.37007874015748100 ) ;
#1112 = EDGE_CURVE ( 'NONE', #1228, #1083, #620, .T. ) ;
#1113 = CARTESIAN_POINT ( 'NONE',  ( 0.05999999999999999800, 0.1520000000000000000, -0.01950000000000003100 ) ) ;
#1114 = ORIENTED_EDGE ( 'NONE', *, *, #276, .F. ) ;
#1115 = EDGE_CURVE ( 'NONE', #1249, #2003, #1524, .T. ) ;
#1116 = AXIS2_PLACEMENT_3D ( 'NONE', #801, #829, #2639 ) ;
#1117 = DIRECTION ( 'NONE',  ( 0.0000000000000000000, 0.0000000000000000000, -1.000000000000000000 ) ) ;
#1118 = CARTESIAN_POINT ( 'NONE',  ( -0.1874999999999999400, 0.1899999999999999700, -0.1875000000000000600 ) ) ;
#1119 = CARTESIAN_POINT ( 'NONE',  ( -0.1000000000000000100, 0.009499999999999959900, -0.2000000000000000100 ) ) ;
#1120 = CARTESIAN_POINT ( 'NONE',  ( 0.0000000000000000000, 0.1879999999999999700, -0.03450000000000003800 ) ) ;
#1121 = EDGE_LOOP ( 'NONE', ( #1617, #278, #2052, #946 ) ) ;
#1122 = LINE ( 'NONE', #2095, #2590 ) ;
#1123 = CARTESIAN_POINT ( 'NONE',  ( -0.1874999999999999400, 0.01499999999999996300, 0.1575000000000000000 ) ) ;
#1124 = ORIENTED_EDGE ( 'NONE', *, *, #1096, .T. ) ;
#1125 = CIRCLE ( 'NONE', #1850, 0.01049999999999999700 ) ;
#1126 = EDGE_LOOP ( 'NONE', ( #688, #551, #2012, #1390 ) ) ;
#1127 = DIRECTION ( 'NONE',  ( 0.0000000000000000000, -1.000000000000000000, -2.140946703498640200E-016 ) ) ;
#1128 = CARTESIAN_POINT ( 'NONE',  ( 0.02500000000000000100, 0.1799999999999999900, 0.0004999999999999630400 ) ) ;
#1129 = EDGE_CURVE ( 'NONE', #1515, #1483, #41, .T. ) ;
#1130 = CARTESIAN_POINT ( 'NONE',  ( 7.347880794884118400E-018, 0.1299999999999999800, -0.09450000000000004200 ) ) ;
#1131 = VERTEX_POINT ( 'NONE', #2353 ) ;
#1132 = ORIENTED_EDGE ( 'NONE', *, *, #981, .F. ) ;
#1133 = CARTESIAN_POINT ( 'NONE',  ( -0.1874999999999999400, 0.1899999999999999700, 0.1874999999999999700 ) ) ;
#1134 =( NAMED_UNIT ( * ) PLANE_ANGLE_UNIT ( ) SI_UNIT ( $, .RADIAN. ) );
#1135 = CARTESIAN_POINT ( 'NONE',  ( 0.01499999999999999800, 0.1899999999999999700, -0.09052677931132575900 ) ) ;
#1136 = DIRECTION ( 'NONE',  ( 0.0000000000000000000, 1.000000000000000000, 0.0000000000000000000 ) ) ;
#1137 = AXIS2_PLACEMENT_3D ( 'NONE', #716, #1932, #508 ) ;
#1138 =( GEOMETRIC_REPRESENTATION_CONTEXT ( 3 ) GLOBAL_UNCERTAINTY_ASSIGNED_CONTEXT ( ( #2433 ) ) GLOBAL_UNIT_ASSIGNED_CONTEXT ( ( #2234, #1007, #2451 ) ) REPRESENTATION_CONTEXT ( 'NONE', 'WORKASPACE' ) );
#1139 = CARTESIAN_POINT ( 'NONE',  ( 0.1875000000000000800, 0.01499999999999996300, 0.1575000000000000000 ) ) ;
#1140 = LINE ( 'NONE', #118, #2002 ) ;
#1141 = CYLINDRICAL_SURFACE ( 'NONE', #44, 0.05999999999999999800 ) ;
#1142 = ORIENTED_EDGE ( 'NONE', *, *, #1385, .T. ) ;
#1143 = CARTESIAN_POINT ( 'NONE',  ( -0.1574999999999999500, 0.01499999999999996300, 0.1724999999999999600 ) ) ;
#1144 = EDGE_CURVE ( 'NONE', #1100, #2437, #1364, .T. ) ;
#1145 = CARTESIAN_POINT ( 'NONE',  ( 0.01499999999999999800, 0.1899999999999999700, 0.02152677931132569000 ) ) ;
#1146 = PLANE ( 'NONE',  #1816 ) ;
#1147 = AXIS2_PLACEMENT_3D ( 'NONE', #563, #755, #347 ) ;
#1148 = DIRECTION ( 'NONE',  ( 0.0000000000000000000, 0.0000000000000000000, -1.000000000000000000 ) ) ;
#1149 = EDGE_CURVE ( 'NONE', #131, #1028, #272, .T. ) ;
#1150 = CARTESIAN_POINT ( 'NONE',  ( -0.1000000000000000100, 0.009499999999999959900, -0.1795000000000000200 ) ) ;
#1151 = ORIENTED_EDGE ( 'NONE', *, *, #679, .F. ) ;
#1152 = LINE ( 'NONE', #1578, #51 ) ;
#1153 = DIRECTION ( 'NONE',  ( 0.0000000000000000000, 0.0000000000000000000, -1.000000000000000000 ) ) ;
#1154 = DIRECTION ( 'NONE',  ( -0.0000000000000000000, -0.0000000000000000000, 1.000000000000000000 ) ) ;
#1155 = DIRECTION ( 'NONE',  ( -1.000000000000000000, 0.0000000000000000000, 0.0000000000000000000 ) ) ;
#1156 = EDGE_LOOP ( 'NONE', ( #604, #832, #865, #1184 ) ) ;
#1157 = PRESENTATION_LAYER_ASSIGNMENT (  '', '', ( #1025 ) ) ;
#1158 = CIRCLE ( 'NONE', #1306, 0.05000000000000001000 ) ;
#1159 = DIRECTION ( 'NONE',  ( 0.0000000000000000000, 1.000000000000000000, 0.0000000000000000000 ) ) ;
#1160 = VECTOR ( 'NONE', #385, 39.37007874015748100 ) ;
#1161 = DIRECTION ( 'NONE',  ( -0.0000000000000000000, -1.000000000000000000, -0.0000000000000000000 ) ) ;
#1162 = DIRECTION ( 'NONE',  ( 0.0000000000000000000, 0.0000000000000000000, 1.000000000000000000 ) ) ;
#1163 = PRODUCT_DEFINITION_CONTEXT ( 'detailed design', #1620, 'design' ) ;
#1164 = ORIENTED_EDGE ( 'NONE', *, *, #1687, .F. ) ;
#1165 = CARTESIAN_POINT ( 'NONE',  ( 0.1575000000000000800, 0.0000000000000000000, -0.1875000000000000300 ) ) ;
#1166 = DIMENSIONAL_EXPONENTS ( 1.000000000000000000, 0.0000000000000000000, 0.0000000000000000000, 0.0000000000000000000, 0.0000000000000000000, 0.0000000000000000000, 0.0000000000000000000 ) ;
#1167 = ORIENTED_EDGE ( 'NONE', *, *, #2054, .T. ) ;
#1168 = ORIENTED_EDGE ( 'NONE', *, *, #1234, .F. ) ;
#1169 = DIRECTION ( 'NONE',  ( 0.0000000000000000000, 1.000000000000000000, 0.0000000000000000000 ) ) ;
#1170 = FILL_AREA_STYLE ('',( #1775 ) ) ;
#1171 = DIRECTION ( 'NONE',  ( 0.0000000000000000000, -1.000000000000000000, 0.0000000000000000000 ) ) ;
#1172 = CIRCLE ( 'NONE', #274, 0.05999999999999999800 ) ;
#1173 = LINE ( 'NONE', #788, #986 ) ;
#1174 = DIRECTION ( 'NONE',  ( 0.0000000000000000000, -1.000000000000000000, -2.140946703498640200E-016 ) ) ;
#1175 = FACE_OUTER_BOUND ( 'NONE', #1840, .T. ) ;
#1176 = AXIS2_PLACEMENT_3D ( 'NONE', #1004, #2420, #1185 ) ;
#1177 =( GEOMETRIC_REPRESENTATION_CONTEXT ( 3 ) GLOBAL_UNCERTAINTY_ASSIGNED_CONTEXT ( ( #769 ) ) GLOBAL_UNIT_ASSIGNED_CONTEXT ( ( #1955, #718, #290 ) ) REPRESENTATION_CONTEXT ( 'NONE', 'WORKASPACE' ) );
#1178 = DIRECTION ( 'NONE',  ( 0.0000000000000000000, -1.000000000000000000, -1.070473351749320300E-016 ) ) ;
#1179 =( NAMED_UNIT ( * ) PLANE_ANGLE_UNIT ( ) SI_UNIT ( $, .RADIAN. ) );
#1180 = CARTESIAN_POINT ( 'NONE',  ( -0.1000000000000000100, -0.1489999999999999100, -0.2000000000000000400 ) ) ;
#1181 = DIRECTION ( 'NONE',  ( 0.0000000000000000000, 0.0000000000000000000, 1.000000000000000000 ) ) ;
#1182 = AXIS2_PLACEMENT_3D ( 'NONE', #694, #2558, #116 ) ;
#1183 = DIRECTION ( 'NONE',  ( 0.0000000000000000000, 0.0000000000000000000, 1.000000000000000000 ) ) ;
#1184 = ORIENTED_EDGE ( 'NONE', *, *, #1861, .F. ) ;
#1185 = DIRECTION ( 'NONE',  ( 0.0000000000000000000, 1.000000000000000000, -2.276539994720219500E-015 ) ) ;
#1186 = CARTESIAN_POINT ( 'NONE',  ( 0.1875000000000000800, 0.1899999999999999700, 0.1874999999999999700 ) ) ;
#1187 = CIRCLE ( 'NONE', #1035, 0.005000000000000001800 ) ;
#1188 = CARTESIAN_POINT ( 'NONE',  ( 0.05740581302538611700, 0.1886670605442956600, -0.04950000000000003700 ) ) ;
#1189 = DIRECTION ( 'NONE',  ( 0.0000000000000000000, 0.0000000000000000000, -1.000000000000000000 ) ) ;
#1190 = ORIENTED_EDGE ( 'NONE', *, *, #1643, .T. ) ;
#1191 = AXIS2_PLACEMENT_3D ( 'NONE', #992, #2203, #2226 ) ;
#1192 = PLANE ( 'NONE',  #1831 ) ;
#1193 =( NAMED_UNIT ( * ) SI_UNIT ( $, .STERADIAN. ) SOLID_ANGLE_UNIT ( ) );
#1194 = ORIENTED_EDGE ( 'NONE', *, *, #866, .F. ) ;
#1195 = CARTESIAN_POINT ( 'NONE',  ( 0.0000000000000000000, 0.1299999999999999800, -0.03450000000000003800 ) ) ;
#1196 = CARTESIAN_POINT ( 'NONE',  ( 0.1101062258726195500, 0.03067312266745883900, -0.1875000000000000300 ) ) ;
#1197 = EDGE_LOOP ( 'NONE', ( #1573, #1124 ) ) ;
#1198 = DIRECTION ( 'NONE',  ( -0.0000000000000000000, 1.000000000000000000, -0.0000000000000000000 ) ) ;
#1199 = EDGE_CURVE ( 'NONE', #543, #2437, #1746, .T. ) ;
#1200 = LENGTH_MEASURE_WITH_UNIT ( LENGTH_MEASURE( 0.02539999999999999900 ), #1335 );
#1201 = ORIENTED_EDGE ( 'NONE', *, *, #811, .F. ) ;
#1202 = VECTOR ( 'NONE', #727, 39.37007874015748100 ) ;
#1203 = FILL_AREA_STYLE ('',( #2591 ) ) ;
#1204 = CARTESIAN_POINT ( 'NONE',  ( 0.02500000000000000100, 0.1799999999999999900, 0.01049999999999996800 ) ) ;
#1205 = LINE ( 'NONE', #35, #1111 ) ;
#1206 = CARTESIAN_POINT ( 'NONE',  ( -0.01500000000000000300, 0.1519999999999999700, 0.02359475019311121600 ) ) ;
#1207 = DIRECTION ( 'NONE',  ( 0.0000000000000000000, 1.000000000000000000, 0.0000000000000000000 ) ) ;
#1208 = DIRECTION ( 'NONE',  ( 0.0000000000000000000, 0.7071067811865459100, 0.7071067811865490200 ) ) ;
#1209 =( LENGTH_UNIT ( ) NAMED_UNIT ( * ) SI_UNIT ( $, .METRE. ) );
#1210 = CARTESIAN_POINT ( 'NONE',  ( 0.1000000000000000100, -0.1393079757070512800, -0.2092403876506104300 ) ) ;
#1211 = CARTESIAN_POINT ( 'NONE',  ( 0.0000000000000000000, 0.1879999999999996700, -0.03450000000000003800 ) ) ;
#1212 = VERTEX_POINT ( 'NONE', #951 ) ;
#1213 = AXIS2_PLACEMENT_3D ( 'NONE', #1120, #264, #699 ) ;
#1214 = VECTOR ( 'NONE', #554, 39.37007874015748100 ) ;
#1215 = VERTEX_POINT ( 'NONE', #1143 ) ;
#1216 = LINE ( 'NONE', #1694, #2071 ) ;
#1217 = CARTESIAN_POINT ( 'NONE',  ( -0.05809475019311124300, -0.03970562748477143200, -0.01950000000000003800 ) ) ;
#1218 = EDGE_CURVE ( 'NONE', #1515, #611, #2511, .T. ) ;
#1219 = CYLINDRICAL_SURFACE ( 'NONE', #1526, 0.05999999999999999800 ) ;
#1220 = VERTEX_POINT ( 'NONE', #2372 ) ;
#1221 = DIRECTION ( 'NONE',  ( 0.0000000000000000000, -1.000000000000000000, 2.140946703498640700E-016 ) ) ;
#1222 = LINE ( 'NONE', #1217, #134 ) ;
#1223 = SURFACE_SIDE_STYLE ('',( #2268 ) ) ;
#1224 = CARTESIAN_POINT ( 'NONE',  ( 0.1575000000000000800, 0.01499999999999996300, 0.1724999999999999600 ) ) ;
#1225 = DIRECTION ( 'NONE',  ( 0.0000000000000000000, 1.000000000000000000, 0.0000000000000000000 ) ) ;
#1226 = MECHANICAL_DESIGN_GEOMETRIC_PRESENTATION_REPRESENTATION (  '', ( #2131 ), #2269 ) ;
#1227 = CARTESIAN_POINT ( 'NONE',  ( -0.1574999999999999500, 0.0000000000000000000, 0.1874999999999999700 ) ) ;
#1228 = VERTEX_POINT ( 'NONE', #1381 ) ;
#1229 = CARTESIAN_POINT ( 'NONE',  ( 0.1575000000000000800, 0.1899999999999999700, 0.1874999999999999700 ) ) ;
#1230 = ORIENTED_EDGE ( 'NONE', *, *, #2438, .T. ) ;
#1231 = EDGE_CURVE ( 'NONE', #2540, #2214, #1900, .T. ) ;
#1232 = ORIENTED_EDGE ( 'NONE', *, *, #814, .F. ) ;
#1233 = EDGE_LOOP ( 'NONE', ( #2572, #880, #472, #2440 ) ) ;
#1234 = EDGE_CURVE ( 'NONE', #1805, #5, #1140, .T. ) ;
#1235 = DIRECTION ( 'NONE',  ( -9.485583311334249800E-017, 0.0000000000000000000, 1.000000000000000000 ) ) ;
#1236 = DIRECTION ( 'NONE',  ( 0.0000000000000000000, 0.0000000000000000000, -1.000000000000000000 ) ) ;
#1237 = ORIENTED_EDGE ( 'NONE', *, *, #2060, .T. ) ;
#1238 = CARTESIAN_POINT ( 'NONE',  ( 0.1575000000000000800, 0.01499999999999996300, -0.1575000000000000600 ) ) ;
#1239 = VECTOR ( 'NONE', #173, 39.37007874015748900 ) ;
#1240 = CIRCLE ( 'NONE', #328, 0.06200000000000031900 ) ;
#1241 = CARTESIAN_POINT ( 'NONE',  ( 0.1000000000000000100, 0.009499999999999959900, -0.1795000000000000200 ) ) ;
#1242 = AXIS2_PLACEMENT_3D ( 'NONE', #2022, #379, #795 ) ;
#1243 = EDGE_CURVE ( 'NONE', #2477, #2046, #812, .T. ) ;
#1244 = DIRECTION ( 'NONE',  ( 0.0000000000000000000, -1.000000000000000000, 1.070473351749320300E-016 ) ) ;
#1245 = ADVANCED_FACE ( 'NONE', ( #587 ), #111, .T. ) ;
#1246 = PLANE ( 'NONE',  #2053 ) ;
#1247 = DIRECTION ( 'NONE',  ( -1.000000000000000000, -2.621903527584687100E-032, 1.224646799147353200E-016 ) ) ;
#1248 = EDGE_CURVE ( 'NONE', #1635, #2038, #747, .T. ) ;
#1249 = VERTEX_POINT ( 'NONE', #738 ) ;
#1250 = EDGE_CURVE ( 'NONE', #2302, #1460, #1970, .T. ) ;
#1251 = CARTESIAN_POINT ( 'NONE',  ( -0.1874999999999999400, 0.1899999999999999700, -0.1875000000000000600 ) ) ;
#1252 = ORIENTED_EDGE ( 'NONE', *, *, #1589, .T. ) ;
#1253 = AXIS2_PLACEMENT_3D ( 'NONE', #135, #1559, #962 ) ;
#1254 = LINE ( 'NONE', #1757, #794 ) ;
#1255 = ADVANCED_FACE ( 'NONE', ( #643 ), #976, .T. ) ;
#1256 =( CONVERSION_BASED_UNIT ( 'INCH', #1431 ) LENGTH_UNIT ( ) NAMED_UNIT ( #2128 ) );
#1257 = ORIENTED_EDGE ( 'NONE', *, *, #2391, .F. ) ;
#1258 = DIRECTION ( 'NONE',  ( 1.000000000000000000, -0.0000000000000000000, -9.485583311334249800E-017 ) ) ;
#1259 = ORIENTED_EDGE ( 'NONE', *, *, #2001, .T. ) ;
#1260 = CARTESIAN_POINT ( 'NONE',  ( 0.1000000000000000100, -0.1491736481776668200, -0.2075008034112081300 ) ) ;
#1261 = ORIENTED_EDGE ( 'NONE', *, *, #762, .F. ) ;
#1262 = CARTESIAN_POINT ( 'NONE',  ( 0.1000000000000000100, 0.009499999999999959900, -0.1795000000000000200 ) ) ;
#1263 = PRESENTATION_STYLE_ASSIGNMENT (( #1309 ) ) ;
#1264 = AXIS2_PLACEMENT_3D ( 'NONE', #806, #1645, #835 ) ;
#1265 = VECTOR ( 'NONE', #586, 39.37007874015748100 ) ;
#1266 =( NAMED_UNIT ( * ) SI_UNIT ( $, .STERADIAN. ) SOLID_ANGLE_UNIT ( ) );
#1267 = LINE ( 'NONE', #152, #710 ) ;
#1268 = ADVANCED_FACE ( 'NONE', ( #2219 ), #369, .T. ) ;
#1269 = DIRECTION ( 'NONE',  ( -0.0000000000000000000, -1.000000000000000000, -0.0000000000000000000 ) ) ;
#1270 = ADVANCED_FACE ( 'NONE', ( #333 ), #1582, .F. ) ;
#1271 = CARTESIAN_POINT ( 'NONE',  ( 0.0000000000000000000, -0.1491736481776668200, 0.2000000000000000400 ) ) ;
#1272 = ADVANCED_FACE ( 'NONE', ( #2481 ), #2288, .T. ) ;
#1273 = AXIS2_PLACEMENT_3D ( 'NONE', #1507, #1717, #500 ) ;
#1274 = CARTESIAN_POINT ( 'NONE',  ( -0.1000000000000000100, -0.1306255668237045200, -0.2000000000000000400 ) ) ;
#1275 = CARTESIAN_POINT ( 'NONE',  ( 0.01499999999999999800, 0.1519999999999999700, 0.02359475019311121900 ) ) ;
#1276 = ORIENTED_EDGE ( 'NONE', *, *, #1218, .T. ) ;
#1277 = EDGE_CURVE ( 'NONE', #748, #965, #782, .T. ) ;
#1278 = LINE ( 'NONE', #1766, #1214 ) ;
#1279 = ORIENTED_EDGE ( 'NONE', *, *, #684, .T. ) ;
#1280 = ORIENTED_EDGE ( 'NONE', *, *, #1385, .F. ) ;
#1281 = AXIS2_PLACEMENT_3D ( 'NONE', #2170, #1337, #1969 ) ;
#1282 = ORIENTED_EDGE ( 'NONE', *, *, #1370, .T. ) ;
#1283 = LINE ( 'NONE', #579, #728 ) ;
#1284 = ORIENTED_EDGE ( 'NONE', *, *, #1648, .F. ) ;
#1285 = MANIFOLD_SOLID_BREP ( 'Fillet2', #690 ) ;
#1286 = ORIENTED_EDGE ( 'NONE', *, *, #2650, .T. ) ;
#1287 = DIRECTION ( 'NONE',  ( 0.0000000000000000000, 1.000000000000000000, -0.0000000000000000000 ) ) ;
#1288 = TOROIDAL_SURFACE ( 'NONE', #2324, 0.02049999999999999700, 0.01000000000000000000 ) ;
#1289 = CARTESIAN_POINT ( 'NONE',  ( -0.1874999999999999400, -3.634654800264106100E-017, 0.1575000000000000000 ) ) ;
#1290 = EDGE_CURVE ( 'NONE', #1220, #1030, #178, .T. ) ;
#1291 = CARTESIAN_POINT ( 'NONE',  ( -0.1874999999999999400, 0.0000000000000000000, -0.1575000000000000300 ) ) ;
#1292 = DIRECTION ( 'NONE',  ( 0.0000000000000000000, 1.000000000000000000, 0.0000000000000000000 ) ) ;
#1293 = ORIENTED_EDGE ( 'NONE', *, *, #1290, .T. ) ;
#1294 = AXIS2_PLACEMENT_3D ( 'NONE', #768, #1162, #2581 ) ;
#1295 = DIRECTION ( 'NONE',  ( 1.897116662266848700E-016, -0.0000000000000000000, 1.000000000000000000 ) ) ;
#1296 = VERTEX_POINT ( 'NONE', #2625 ) ;
#1297 = ORIENTED_EDGE ( 'NONE', *, *, #1679, .T. ) ;
#1298 = FILL_AREA_STYLE ('',( #1873 ) ) ;
#1299 = ADVANCED_FACE ( 'NONE', ( #2029 ), #1612, .F. ) ;
#1300 = DIRECTION ( 'NONE',  ( -0.0000000000000000000, 1.000000000000000000, -0.0000000000000000000 ) ) ;
#1301 = VERTEX_POINT ( 'NONE', #1015 ) ;
#1302 = DIRECTION ( 'NONE',  ( 1.000000000000000000, 0.0000000000000000000, 0.0000000000000000000 ) ) ;
#1303 = CARTESIAN_POINT ( 'NONE',  ( 0.08989682023435177600, 0.03063803737835775800, -0.1875000000000000800 ) ) ;
#1304 = LINE ( 'NONE', #2651, #1239 ) ;
#1305 = CIRCLE ( 'NONE', #187, 0.006515995658195864300 ) ;
#1306 = AXIS2_PLACEMENT_3D ( 'NONE', #114, #307, #2151 ) ;
#1307 = CARTESIAN_POINT ( 'NONE',  ( 0.0000000000000000000, -0.1306255668237045200, 0.2000000000000000400 ) ) ;
#1308 = CARTESIAN_POINT ( 'NONE',  ( -0.01500000000000000600, 0.1899999999999999700, -0.04950000000000003700 ) ) ;
#1309 = SURFACE_STYLE_USAGE ( .BOTH. , #518 ) ;
#1310 = ORIENTED_EDGE ( 'NONE', *, *, #222, .F. ) ;
#1311 = AXIS2_PLACEMENT_3D ( 'NONE', #1793, #1990, #324 ) ;
#1312 = CARTESIAN_POINT ( 'NONE',  ( -0.01500000000000000300, 0.1899999999999999700, 0.02152677931132568700 ) ) ;
#1313 = DIRECTION ( 'NONE',  ( 0.0000000000000000000, 0.0000000000000000000, 1.000000000000000000 ) ) ;
#1314 = VERTEX_POINT ( 'NONE', #2449 ) ;
#1315 = CARTESIAN_POINT ( 'NONE',  ( 0.0000000000000000000, 0.009499999999999959900, 0.2000000000000000100 ) ) ;
#1316 = ORIENTED_EDGE ( 'NONE', *, *, #802, .F. ) ;
#1317 = CARTESIAN_POINT ( 'NONE',  ( 0.0000000000000000000, 0.0000000000000000000, 0.0000000000000000000 ) ) ;
#1318 = CARTESIAN_POINT ( 'NONE',  ( -0.02500000000000000100, 0.1799999999999999900, 0.005499999999999965000 ) ) ;
#1319 = ORIENTED_EDGE ( 'NONE', *, *, #538, .F. ) ;
#1320 = LINE ( 'NONE', #2357, #971 ) ;
#1321 = EDGE_CURVE ( 'NONE', #1228, #732, #1304, .T. ) ;
#1322 = DIRECTION ( 'NONE',  ( 0.0000000000000000000, -1.000000000000000000, 0.0000000000000000000 ) ) ;
#1323 = CARTESIAN_POINT ( 'NONE',  ( -0.1087932721376054200, 0.02241175693656691600, -0.1875000000000000300 ) ) ;
#1324 = ORIENTED_EDGE ( 'NONE', *, *, #1144, .T. ) ;
#1325 = DIRECTION ( 'NONE',  ( -4.440892098500625400E-015, 0.0000000000000000000, -1.000000000000000000 ) ) ;
#1326 = ORIENTED_EDGE ( 'NONE', *, *, #1828, .T. ) ;
#1327 = AXIS2_PLACEMENT_3D ( 'NONE', #145, #342, #1982 ) ;
#1328 = CIRCLE ( 'NONE', #1327, 0.01000000000000000000 ) ;
#1329 = DIRECTION ( 'NONE',  ( 0.0000000000000000000, 1.000000000000000000, 2.140946703498640200E-016 ) ) ;
#1330 = CONICAL_SURFACE ( 'NONE', #2112, 0.007355095289373152000, 0.1745329251994362800 ) ;
#1331 = ORIENTED_EDGE ( 'NONE', *, *, #593, .T. ) ;
#1332 = PLANE ( 'NONE',  #177 ) ;
#1333 = PRESENTATION_STYLE_ASSIGNMENT (( #576 ) ) ;
#1334 = VECTOR ( 'NONE', #2385, 39.37007874015748100 ) ;
#1335 =( LENGTH_UNIT ( ) NAMED_UNIT ( * ) SI_UNIT ( $, .METRE. ) );
#1336 = ORIENTED_EDGE ( 'NONE', *, *, #414, .T. ) ;
#1337 = DIRECTION ( 'NONE',  ( 0.0000000000000000000, -1.000000000000000000, 0.0000000000000000000 ) ) ;
#1338 = CARTESIAN_POINT ( 'NONE',  ( 0.1000000000000000100, -0.1491736481776668200, -0.2000000000000000400 ) ) ;
#1339 = B_SPLINE_CURVE_WITH_KNOTS ( 'NONE', 3,
 ( #1430, #1188, #1601, #589 ),
 .UNSPECIFIED., .F., .F.,
 ( 4, 4 ),
 ( 0.001630131893339254300, 0.001703203037722133700 ),
 .UNSPECIFIED. ) ;
#1340 = DIRECTION ( 'NONE',  ( 0.0000000000000000000, -0.0000000000000000000, 1.000000000000000000 ) ) ;
#1341 = ORIENTED_EDGE ( 'NONE', *, *, #950, .F. ) ;
#1342 = ORIENTED_EDGE ( 'NONE', *, *, #2204, .T. ) ;
#1343 = VERTEX_POINT ( 'NONE', #2223 ) ;
#1344 = ORIENTED_EDGE ( 'NONE', *, *, #89, .F. ) ;
#1345 = DIRECTION ( 'NONE',  ( -1.000000000000000000, 0.0000000000000000000, 0.0000000000000000000 ) ) ;
#1346 = VECTOR ( 'NONE', #380, 39.37007874015748100 ) ;
#1347 = ORIENTED_EDGE ( 'NONE', *, *, #2135, .T. ) ;
#1348 = VERTEX_POINT ( 'NONE', #377 ) ;
#1349 = DIRECTION ( 'NONE',  ( -1.000000000000000000, -0.0000000000000000000, -0.0000000000000000000 ) ) ;
#1350 = VECTOR ( 'NONE', #413, 39.37007874015748100 ) ;
#1351 = CARTESIAN_POINT ( 'NONE',  ( -0.05602677931132572800, 0.1899999999999999700, -0.04950000000000003700 ) ) ;
#1352 = DIRECTION ( 'NONE',  ( -1.000000000000000000, 0.0000000000000000000, 0.0000000000000000000 ) ) ;
#1353 = AXIS2_PLACEMENT_3D ( 'NONE', #1942, #1352, #744 ) ;
#1354 = VERTEX_POINT ( 'NONE', #2426 ) ;
#1355 = EDGE_CURVE ( 'NONE', #214, #2434, #2551, .T. ) ;
#1356 = DIRECTION ( 'NONE',  ( 0.0000000000000000000, 0.0000000000000000000, 1.000000000000000000 ) ) ;
#1357 = ORIENTED_EDGE ( 'NONE', *, *, #418, .T. ) ;
#1358 =( CONVERSION_BASED_UNIT ( 'INCH', #159 ) LENGTH_UNIT ( ) NAMED_UNIT ( #2182 ) );
#1359 = ORIENTED_EDGE ( 'NONE', *, *, #963, .T. ) ;
#1360 = DIRECTION ( 'NONE',  ( 0.0000000000000000000, 1.000000000000000000, 1.219574997171546100E-016 ) ) ;
#1361 = DIRECTION ( 'NONE',  ( 0.0000000000000000000, 0.0000000000000000000, 1.000000000000000000 ) ) ;
#1362 = AXIS2_PLACEMENT_3D ( 'NONE', #2178, #1786, #1153 ) ;
#1363 = LINE ( 'NONE', #45, #2158 ) ;
#1364 = CIRCLE ( 'NONE', #2320, 0.009999999999999995000 ) ;
#1365 = EDGE_CURVE ( 'NONE', #730, #1697, #2388, .T. ) ;
#1366 = CARTESIAN_POINT ( 'NONE',  ( 7.347880794884118400E-018, -0.03970562748477143200, -0.09450000000000004200 ) ) ;
#1367 = UNCERTAINTY_MEASURE_WITH_UNIT (LENGTH_MEASURE( 1.000000000000000100E-005 ), #1358, 'distance_accuracy_value', 'NONE');
#1368 = CARTESIAN_POINT ( 'NONE',  ( 0.1575000000000000800, 0.1899999999999999700, 0.1874999999999999700 ) ) ;
#1369 = DIRECTION ( 'NONE',  ( 0.0000000000000000000, 1.000000000000000000, 0.0000000000000000000 ) ) ;
#1370 = EDGE_CURVE ( 'NONE', #311, #1805, #1934, .T. ) ;
#1371 = CARTESIAN_POINT ( 'NONE',  ( 0.1000000000000000100, -0.1499999999999999100, -0.2000000000000000400 ) ) ;
#1372 = DIRECTION ( 'NONE',  ( 0.0000000000000000000, 0.0000000000000000000, -1.000000000000000000 ) ) ;
#1373 = ORIENTED_EDGE ( 'NONE', *, *, #1779, .F. ) ;
#1374 = DIRECTION ( 'NONE',  ( -0.0000000000000000000, -1.000000000000000000, -0.0000000000000000000 ) ) ;
#1375 = CARTESIAN_POINT ( 'NONE',  ( 4.229007020140265900E-019, -0.1499999999999999100, 0.2000000000000000400 ) ) ;
#1376 = ORIENTED_EDGE ( 'NONE', *, *, #668, .T. ) ;
#1377 = AXIS2_PLACEMENT_3D ( 'NONE', #1437, #433, #819 ) ;
#1378 = LINE ( 'NONE', #824, #1985 ) ;
#1379 = EDGE_CURVE ( 'NONE', #1030, #1838, #922, .T. ) ;
#1380 = VECTOR ( 'NONE', #1564, 39.37007874015748100 ) ;
#1381 = CARTESIAN_POINT ( 'NONE',  ( 0.0000000000000000000, -0.1491736481776668200, 0.2075008034112081300 ) ) ;
#1382 = DIRECTION ( 'NONE',  ( -0.0000000000000000000, -1.000000000000000000, -0.0000000000000000000 ) ) ;
#1383 = CARTESIAN_POINT ( 'NONE',  ( 0.1000000000000000100, 0.01630073525436764900, -0.1875000000000000600 ) ) ;
#1384 = CARTESIAN_POINT ( 'NONE',  ( -0.1874999999999999400, 0.1899999999999999700, -0.1875000000000000600 ) ) ;
#1385 = EDGE_CURVE ( 'NONE', #131, #1635, #1488, .T. ) ;
#1386 = AXIS2_PLACEMENT_3D ( 'NONE', #2017, #2209, #2430 ) ;
#1387 = ORIENTED_EDGE ( 'NONE', *, *, #12, .T. ) ;
#1388 = DIRECTION ( 'NONE',  ( 0.0000000000000000000, 0.0000000000000000000, 1.000000000000000000 ) ) ;
#1389 = EDGE_LOOP ( 'NONE', ( #1279, #2317 ) ) ;
#1390 = ORIENTED_EDGE ( 'NONE', *, *, #1321, .F. ) ;
#1391 = DIRECTION ( 'NONE',  ( 0.0000000000000000000, 1.000000000000000000, -0.0000000000000000000 ) ) ;
#1392 = CARTESIAN_POINT ( 'NONE',  ( -0.05809475019311124300, -0.03970562748477143200, -0.04950000000000003000 ) ) ;
#1393 = FACE_OUTER_BOUND ( 'NONE', #2341, .T. ) ;
#1394 = VECTOR ( 'NONE', #798, 39.37007874015748100 ) ;
#1395 = CARTESIAN_POINT ( 'NONE',  ( -0.1000000000000000100, 0.01630073525436764900, -0.1875000000000000600 ) ) ;
#1396 = VECTOR ( 'NONE', #397, 39.37007874015748100 ) ;
#1397 = CARTESIAN_POINT ( 'NONE',  ( 0.05602677931132572800, 0.1899999999999999700, -0.01950000000000003800 ) ) ;
#1398 =( NAMED_UNIT ( * ) SI_UNIT ( $, .STERADIAN. ) SOLID_ANGLE_UNIT ( ) );
#1399 = CARTESIAN_POINT ( 'NONE',  ( -0.1874999999999999400, 0.0000000000000000000, -0.1875000000000000600 ) ) ;
#1400 = CARTESIAN_POINT ( 'NONE',  ( -0.09861511538415128300, 0.01630073525436764900, -0.1875000000000000800 ) ) ;
#1401 = AXIS2_PLACEMENT_3D ( 'NONE', #1026, #1445, #1833 ) ;
#1402 = DIRECTION ( 'NONE',  ( 0.0000000000000000000, 1.000000000000000000, 0.0000000000000000000 ) ) ;
#1403 = ORIENTED_EDGE ( 'NONE', *, *, #1321, .T. ) ;
#1404 = CIRCLE ( 'NONE', #2369, 0.01000000000000000000 ) ;
#1405 = ORIENTED_EDGE ( 'NONE', *, *, #1556, .T. ) ;
#1406 = ORIENTED_EDGE ( 'NONE', *, *, #821, .F. ) ;
#1407 = PRODUCT_CONTEXT ( 'NONE', #2428, 'mechanical' ) ;
#1408 = ORIENTED_EDGE ( 'NONE', *, *, #1492, .T. ) ;
#1409 = FACE_OUTER_BOUND ( 'NONE', #1422, .T. ) ;
#1410 = ORIENTED_EDGE ( 'NONE', *, *, #1144, .F. ) ;
#1411 = ORIENTED_EDGE ( 'NONE', *, *, #247, .F. ) ;
#1412 = AXIS2_PLACEMENT_3D ( 'NONE', #1909, #2098, #1470 ) ;
#1413 = CARTESIAN_POINT ( 'NONE',  ( -0.1874999999999999400, -3.634654800264106100E-017, 0.1575000000000000000 ) ) ;
#1414 = VECTOR ( 'NONE', #2585, 39.37007874015748100 ) ;
#1415 = DIRECTION ( 'NONE',  ( 0.0000000000000000000, 0.0000000000000000000, -1.000000000000000000 ) ) ;
#1416 = EDGE_CURVE ( 'NONE', #1948, #214, #2546, .T. ) ;
#1417 = CARTESIAN_POINT ( 'NONE',  ( 0.0000000000000000000, 0.009499999999999959900, 0.1795000000000000200 ) ) ;
#1418 = ORIENTED_EDGE ( 'NONE', *, *, #1107, .F. ) ;
#1419 = AXIS2_PLACEMENT_3D ( 'NONE', #2567, #2162, #2136 ) ;
#1420 = DIRECTION ( 'NONE',  ( 0.0000000000000000000, 1.000000000000000000, 0.0000000000000000000 ) ) ;
#1421 = ORIENTED_EDGE ( 'NONE', *, *, #834, .F. ) ;
#1422 = EDGE_LOOP ( 'NONE', ( #2144, #452, #1892, #1114, #619, #2122, #69, #128, #68, #1792, #918, #2568 ) ) ;
#1423 = DIRECTION ( 'NONE',  ( 0.0000000000000000000, -1.000000000000000000, 0.0000000000000000000 ) ) ;
#1424 = EDGE_CURVE ( 'NONE', #438, #640, #2351, .T. ) ;
#1425 = CARTESIAN_POINT ( 'NONE',  ( 0.05809475019311125700, 0.1879999999999999700, -0.01950000000000003100 ) ) ;
#1426 = SURFACE_STYLE_FILL_AREA ( #1170 ) ;
#1427 = DIRECTION ( 'NONE',  ( 0.0000000000000000000, 0.0000000000000000000, -1.000000000000000000 ) ) ;
#1428 = CYLINDRICAL_SURFACE ( 'NONE', #1606, 0.005000000000000001800 ) ;
#1429 = ORIENTED_EDGE ( 'NONE', *, *, #1416, .T. ) ;
#1430 = CARTESIAN_POINT ( 'NONE',  ( 0.05809475019311125700, 0.1879999999999999700, -0.04950000000000003700 ) ) ;
#1431 = LENGTH_MEASURE_WITH_UNIT ( LENGTH_MEASURE( 0.02539999999999999900 ), #244 );
#1432 = CARTESIAN_POINT ( 'NONE',  ( -0.01000000000000000000, 0.02999999999999996100, 0.1724999999999999600 ) ) ;
#1433 = DIRECTION ( 'NONE',  ( 1.000000000000000000, 0.0000000000000000000, 9.485583311334249800E-017 ) ) ;
#1434 = DIRECTION ( 'NONE',  ( 0.0000000000000000000, 0.0000000000000000000, 1.000000000000000000 ) ) ;
#1435 = ORIENTED_EDGE ( 'NONE', *, *, #1828, .F. ) ;
#1436 = VECTOR ( 'NONE', #2573, 39.37007874015748100 ) ;
#1437 = CARTESIAN_POINT ( 'NONE',  ( 0.1000000000000000100, -0.1306255668237045800, -0.1600000000000000600 ) ) ;
#1438 = EDGE_LOOP ( 'NONE', ( #2297, #1069, #2041, #196 ) ) ;
#1439 = DIRECTION ( 'NONE',  ( 0.0000000000000000000, 0.0000000000000000000, 1.000000000000000000 ) ) ;
#1440 = FACE_OUTER_BOUND ( 'NONE', #205, .T. ) ;
#1441 = EDGE_LOOP ( 'NONE', ( #204, #2493, #383, #1703, #2292 ) ) ;
#1442 = ADVANCED_FACE ( 'NONE', ( #149 ), #1671, .T. ) ;
#1443 = ORIENTED_EDGE ( 'NONE', *, *, #460, .F. ) ;
#1444 = VECTOR ( 'NONE', #202, 39.37007874015748100 ) ;
#1445 = DIRECTION ( 'NONE',  ( 0.0000000000000000000, 1.000000000000000000, 0.0000000000000000000 ) ) ;
#1446 = STYLED_ITEM ( 'NONE', ( #1333 ), #1285 ) ;
#1447 = ORIENTED_EDGE ( 'NONE', *, *, #811, .T. ) ;
#1448 = EDGE_CURVE ( 'NONE', #91, #2264, #304, .T. ) ;
#1449 = PLANE ( 'NONE',  #241 ) ;
#1450 = ADVANCED_FACE ( 'NONE', ( #1608 ), #1075, .T. ) ;
#1451 = DIRECTION ( 'NONE',  ( -1.000000000000000000, 0.0000000000000000000, -0.0000000000000000000 ) ) ;
#1452 = FACE_OUTER_BOUND ( 'NONE', #351, .T. ) ;
#1453 = CIRCLE ( 'NONE', #1788, 0.009999999999999995000 ) ;
#1454 = FACE_OUTER_BOUND ( 'NONE', #1074, .T. ) ;
#1455 = VECTOR ( 'NONE', #2163, 39.37007874015748900 ) ;
#1456 = AXIS2_PLACEMENT_3D ( 'NONE', #2588, #2601, #1372 ) ;
#1457 = DIRECTION ( 'NONE',  ( 1.000000000000000000, -0.0000000000000000000, -0.0000000000000000000 ) ) ;
#1458 = DIRECTION ( 'NONE',  ( -0.0000000000000000000, 1.000000000000000000, -0.0000000000000000000 ) ) ;
#1459 = DIRECTION ( 'NONE',  ( -0.0000000000000000000, 1.000000000000000000, -2.140946703498640200E-016 ) ) ;
#1460 = VERTEX_POINT ( 'NONE', #1898 ) ;
#1461 = DIRECTION ( 'NONE',  ( 0.0000000000000000000, 1.000000000000000000, 0.0000000000000000000 ) ) ;
#1462 = PLANE ( 'NONE',  #293 ) ;
#1463 = VERTEX_POINT ( 'NONE', #1876 ) ;
#1464 = B_SPLINE_CURVE_WITH_KNOTS ( 'NONE', 3,
 ( #528, #759, #1569, #352 ),
 .UNSPECIFIED., .F., .F.,
 ( 4, 4 ),
 ( 0.001031840414557695500, 0.001104902754149983000 ),
 .UNSPECIFIED. ) ;
#1465 = ORIENTED_EDGE ( 'NONE', *, *, #89, .T. ) ;
#1466 = PLANE ( 'NONE',  #1052 ) ;
#1467 = VECTOR ( 'NONE', #1815, 39.37007874015748100 ) ;
#1468 = ORIENTED_EDGE ( 'NONE', *, *, #414, .F. ) ;
#1469 = ADVANCED_FACE ( 'NONE', ( #1454 ), #404, .T. ) ;
#1470 = DIRECTION ( 'NONE',  ( 0.0000000000000000000, -1.070473351749320500E-016, -1.000000000000000000 ) ) ;
#1471 = ORIENTED_EDGE ( 'NONE', *, *, #117, .T. ) ;
#1472 = CIRCLE ( 'NONE', #1147, 0.009999999999999995000 ) ;
#1473 = CARTESIAN_POINT ( 'NONE',  ( -0.1874999999999999400, 0.0000000000000000000, 0.1874999999999999700 ) ) ;
#1474 = UNCERTAINTY_MEASURE_WITH_UNIT (LENGTH_MEASURE( 1.000000000000000100E-005 ), #1919, 'distance_accuracy_value', 'NONE');
#1475 = SURFACE_SIDE_STYLE ('',( #2260 ) ) ;
#1476 = ADVANCED_FACE ( 'NONE', ( #848 ), #645, .F. ) ;
#1477 = EDGE_LOOP ( 'NONE', ( #1577, #2056, #330, #1599 ) ) ;
#1478 = CARTESIAN_POINT ( 'NONE',  ( -0.01500000000000000500, 0.1899999999999999700, -0.09052677931132575900 ) ) ;
#1479 = ORIENTED_EDGE ( 'NONE', *, *, #1632, .F. ) ;
#1480 = CARTESIAN_POINT ( 'NONE',  ( -0.1874999999999999400, 0.01500000000000000300, -0.1575000000000000600 ) ) ;
#1481 = VERTEX_POINT ( 'NONE', #676 ) ;
#1482 = ADVANCED_FACE ( 'NONE', ( #524 ), #2084, .F. ) ;
#1483 = VERTEX_POINT ( 'NONE', #1260 ) ;
#1484 = LINE ( 'NONE', #236, #367 ) ;
#1485 = ORIENTED_EDGE ( 'NONE', *, *, #499, .F. ) ;
#1486 = AXIS2_PLACEMENT_3D ( 'NONE', #2261, #596, #2249 ) ;
#1487 = CARTESIAN_POINT ( 'NONE',  ( -0.01500000000000000300, 0.1893337412582303500, 0.02221650318083312500 ) ) ;
#1488 = CIRCLE ( 'NONE', #256, 0.007500803411208086100 ) ;
#1489 = DIRECTION ( 'NONE',  ( 0.0000000000000000000, 0.0000000000000000000, -1.000000000000000000 ) ) ;
#1490 = VECTOR ( 'NONE', #1978, 39.37007874015748100 ) ;
#1491 = DIRECTION ( 'NONE',  ( 1.000000000000000000, 0.0000000000000000000, 0.0000000000000000000 ) ) ;
#1492 = EDGE_CURVE ( 'NONE', #2046, #221, #1547, .T. ) ;
#1493 = DIRECTION ( 'NONE',  ( 1.000000000000000000, -0.0000000000000000000, -0.0000000000000000000 ) ) ;
#1494 = ADVANCED_FACE ( 'NONE', ( #2157 ), #2057, .T. ) ;
#1495 = DIRECTION ( 'NONE',  ( 0.0000000000000000000, 0.0000000000000000000, 1.000000000000000000 ) ) ;
#1496 = CARTESIAN_POINT ( 'NONE',  ( -0.1574999999999999500, 0.0000000000000000000, 0.1874999999999999700 ) ) ;
#1497 = DIRECTION ( 'NONE',  ( 0.0000000000000000000, -0.0000000000000000000, -1.000000000000000000 ) ) ;
#1498 = ORIENTED_EDGE ( 'NONE', *, *, #2650, .F. ) ;
#1499 = EDGE_CURVE ( 'NONE', #673, #743, #1669, .T. ) ;
#1500 = CARTESIAN_POINT ( 'NONE',  ( 0.05809475019311125700, 0.1519999999999999700, -0.04950000000000003700 ) ) ;
#1501 = LINE ( 'NONE', #1289, #1913 ) ;
#1502 = DIRECTION ( 'NONE',  ( 0.0000000000000000000, 1.000000000000000000, -0.0000000000000000000 ) ) ;
#1503 = TOROIDAL_SURFACE ( 'NONE', #2652, -0.03999999999999998000, 0.05000000000000000300 ) ;
#1504 = EDGE_CURVE ( 'NONE', #636, #426, #1522, .T. ) ;
#1505 = LINE ( 'NONE', #1800, #968 ) ;
#1506 = ORIENTED_EDGE ( 'NONE', *, *, #1781, .F. ) ;
#1507 = CARTESIAN_POINT ( 'NONE',  ( -0.1000000000000000100, 0.009499999999999959900, -0.2000000000000000100 ) ) ;
#1508 = LINE ( 'NONE', #2147, #544 ) ;
#1509 = DIRECTION ( 'NONE',  ( 0.0000000000000000000, 1.000000000000000000, 0.0000000000000000000 ) ) ;
#1510 = DIRECTION ( 'NONE',  ( 0.0000000000000000000, 0.0000000000000000000, -1.000000000000000000 ) ) ;
#1511 = CARTESIAN_POINT ( 'NONE',  ( 0.1000000000000000100, 0.009499999999999959900, -0.1900000000000000300 ) ) ;
#1512 = EDGE_LOOP ( 'NONE', ( #909, #1498 ) ) ;
#1513 = DIRECTION ( 'NONE',  ( 1.000000000000000000, 0.0000000000000000000, 0.0000000000000000000 ) ) ;
#1514 = EDGE_CURVE ( 'NONE', #1721, #1043, #2154, .T. ) ;
#1515 = VERTEX_POINT ( 'NONE', #2509 ) ;
#1516 = DIRECTION ( 'NONE',  ( 0.0000000000000000000, -1.000000000000000000, 1.041100607341564000E-016 ) ) ;
#1517 = DIRECTION ( 'NONE',  ( 1.000000000000000000, 0.0000000000000000000, 0.0000000000000000000 ) ) ;
#1518 = EDGE_CURVE ( 'NONE', #2070, #162, #1580, .T. ) ;
#1519 = VERTEX_POINT ( 'NONE', #1500 ) ;
#1520 = CARTESIAN_POINT ( 'NONE',  ( 0.0000000000000000000, 0.1299999999999999800, -0.03450000000000003800 ) ) ;
#1521 = DIRECTION ( 'NONE',  ( 0.0000000000000000000, 0.0000000000000000000, 1.000000000000000000 ) ) ;
#1522 = LINE ( 'NONE', #1291, #38 ) ;
#1523 = FACE_OUTER_BOUND ( 'NONE', #1126, .T. ) ;
#1524 = LINE ( 'NONE', #1109, #336 ) ;
#1525 = EDGE_CURVE ( 'NONE', #934, #1920, #100, .T. ) ;
#1526 = AXIS2_PLACEMENT_3D ( 'NONE', #2042, #2266, #883 ) ;
#1527 = PLANE ( 'NONE',  #1773 ) ;
#1528 = CARTESIAN_POINT ( 'NONE',  ( -0.1000000000000000100, -0.1499999999999999100, -0.1926449047106269000 ) ) ;
#1529 = ORIENTED_EDGE ( 'NONE', *, *, #2374, .F. ) ;
#1530 = LINE ( 'NONE', #2487, #1945 ) ;
#1531 = DIRECTION ( 'NONE',  ( 1.000000000000000000, -0.0000000000000000000, -0.0000000000000000000 ) ) ;
#1532 = ORIENTED_EDGE ( 'NONE', *, *, #2641, .T. ) ;
#1533 = DIRECTION ( 'NONE',  ( 0.0000000000000000000, -1.000000000000000000, 2.140946703498640200E-016 ) ) ;
#1534 = CARTESIAN_POINT ( 'NONE',  ( 0.01499999999999999800, 0.1519999999999999700, -0.09259475019311129400 ) ) ;
#1535 = LINE ( 'NONE', #895, #1000 ) ;
#1536 = EDGE_LOOP ( 'NONE', ( #1878, #493, #1979, #1651 ) ) ;
#1537 = CIRCLE ( 'NONE', #562, 0.01000000000000000000 ) ;
#1538 = ORIENTED_EDGE ( 'NONE', *, *, #408, .F. ) ;
#1539 = DIRECTION ( 'NONE',  ( -4.742791655667122400E-017, -0.0000000000000000000, -1.000000000000000000 ) ) ;
#1540 = LINE ( 'NONE', #1027, #1444 ) ;
#1541 = DIRECTION ( 'NONE',  ( 0.0000000000000000000, 0.0000000000000000000, 1.000000000000000000 ) ) ;
#1542 = CARTESIAN_POINT ( 'NONE',  ( -0.1013827006106234700, 0.01630073525436764500, -0.1875000000000000800 ) ) ;
#1543 = ORIENTED_EDGE ( 'NONE', *, *, #1779, .T. ) ;
#1544 = CARTESIAN_POINT ( 'NONE',  ( -0.1000000000000000100, 0.009499999999999959900, -0.1795000000000000200 ) ) ;
#1545 = ORIENTED_EDGE ( 'NONE', *, *, #1722, .F. ) ;
#1546 = AXIS2_PLACEMENT_3D ( 'NONE', #1973, #129, #2570 ) ;
#1547 = CIRCLE ( 'NONE', #1858, 0.009999999999999995000 ) ;
#1548 = CARTESIAN_POINT ( 'NONE',  ( -0.1874999999999999400, 0.01500000000000000300, -0.1575000000000000600 ) ) ;
#1549 = EDGE_LOOP ( 'NONE', ( #1825, #103, #1286, #2419 ) ) ;
#1550 = EDGE_CURVE ( 'NONE', #1348, #1249, #1484, .T. ) ;
#1551 = VECTOR ( 'NONE', #1829, 39.37007874015748100 ) ;
#1552 = FACE_OUTER_BOUND ( 'NONE', #1536, .T. ) ;
#1553 = CARTESIAN_POINT ( 'NONE',  ( -0.01500000000000001200, 0.1899999999999999700, -0.01950000000000003800 ) ) ;
#1554 = VERTEX_POINT ( 'NONE', #1066 ) ;
#1555 = FACE_OUTER_BOUND ( 'NONE', #2447, .T. ) ;
#1556 = EDGE_CURVE ( 'NONE', #426, #1343, #2478, .T. ) ;
#1557 = DIRECTION ( 'NONE',  ( 0.0000000000000000000, 1.000000000000000000, -0.0000000000000000000 ) ) ;
#1558 = MANIFOLD_SOLID_BREP ( 'Mirror2', #507 ) ;
#1559 = DIRECTION ( 'NONE',  ( 0.0000000000000000000, -1.000000000000000000, 0.0000000000000000000 ) ) ;
#1560 = AXIS2_PLACEMENT_3D ( 'NONE', #358, #1391, #1996 ) ;
#1561 = DIRECTION ( 'NONE',  ( -1.000000000000000000, 0.0000000000000000000, -0.0000000000000000000 ) ) ;
#1562 = ORIENTED_EDGE ( 'NONE', *, *, #1370, .F. ) ;
#1563 = VECTOR ( 'NONE', #911, 39.37007874015748100 ) ;
#1564 = DIRECTION ( 'NONE',  ( 0.0000000000000000000, 1.000000000000000000, 0.0000000000000000000 ) ) ;
#1565 = LINE ( 'NONE', #2072, #2593 ) ;
#1566 = FACE_OUTER_BOUND ( 'NONE', #1477, .T. ) ;
#1567 = CARTESIAN_POINT ( 'NONE',  ( 0.1000000000000000100, -0.1499999999999999100, -0.2065159956581959200 ) ) ;
#1568 = ORIENTED_EDGE ( 'NONE', *, *, #1250, .T. ) ;
#1569 = CARTESIAN_POINT ( 'NONE',  ( -0.05740581302538611700, 0.1886670605442956600, -0.04950000000000003700 ) ) ;
#1570 = CONICAL_SURFACE ( 'NONE', #1018, 0.05999999999999999800, 0.7853981633974505000 ) ;
#1571 = CARTESIAN_POINT ( 'NONE',  ( -0.1874999999999999400, 0.0000000000000000000, -0.1575000000000000300 ) ) ;
#1572 = AXIS2_PLACEMENT_3D ( 'NONE', #299, #1899, #2323 ) ;
#1573 = ORIENTED_EDGE ( 'NONE', *, *, #2399, .T. ) ;
#1574 = DIMENSIONAL_EXPONENTS ( 1.000000000000000000, 0.0000000000000000000, 0.0000000000000000000, 0.0000000000000000000, 0.0000000000000000000, 0.0000000000000000000, 0.0000000000000000000 ) ;
#1575 = DIRECTION ( 'NONE',  ( 0.0000000000000000000, 0.0000000000000000000, 1.000000000000000000 ) ) ;
#1576 = DIRECTION ( 'NONE',  ( 1.000000000000000000, 0.0000000000000000000, 0.0000000000000000000 ) ) ;
#1577 = ORIENTED_EDGE ( 'NONE', *, *, #2641, .F. ) ;
#1578 = CARTESIAN_POINT ( 'NONE',  ( -0.01500000000000000600, 0.1520000000000000000, -0.04950000000000003700 ) ) ;
#1579 = MECHANICAL_DESIGN_GEOMETRIC_PRESENTATION_REPRESENTATION (  '', ( #1446 ), #615 ) ;
#1580 = LINE ( 'NONE', #2107, #1073 ) ;
#1581 = FACE_OUTER_BOUND ( 'NONE', #628, .T. ) ;
#1582 = PLANE ( 'NONE',  #2089 ) ;
#1583 = FACE_OUTER_BOUND ( 'NONE', #1121, .T. ) ;
#1584 = CARTESIAN_POINT ( 'NONE',  ( -0.02500000000000000100, 0.1799999999999999900, 0.005499999999999965000 ) ) ;
#1585 = VERTEX_POINT ( 'NONE', #1751 ) ;
#1586 = CARTESIAN_POINT ( 'NONE',  ( -0.02500000000000000100, 0.1799999999999999900, 0.0004999999999999630400 ) ) ;
#1587 = CARTESIAN_POINT ( 'NONE',  ( -0.1874999999999999400, 0.0000000000000000000, 0.1874999999999999700 ) ) ;
#1588 = CARTESIAN_POINT ( 'NONE',  ( 0.0000000000000000000, -0.1393079757070512800, 0.2092403876506104300 ) ) ;
#1589 = EDGE_CURVE ( 'NONE', #1864, #1215, #75, .T. ) ;
#1590 = CARTESIAN_POINT ( 'NONE',  ( 0.0000000000000000000, -0.03970562748477143200, 0.02549999999999996400 ) ) ;
#1591 = DIRECTION ( 'NONE',  ( 0.0000000000000000000, -1.000000000000000000, -1.070473351749320300E-016 ) ) ;
#1592 = CARTESIAN_POINT ( 'NONE',  ( -0.01500000000000000600, 0.1520000000000000000, -0.04950000000000003700 ) ) ;
#1593 = DIRECTION ( 'NONE',  ( 0.0000000000000000000, -1.000000000000000000, 2.276539994720219500E-015 ) ) ;
#1594 = ORIENTED_EDGE ( 'NONE', *, *, #665, .T. ) ;
#1595 = AXIS2_PLACEMENT_3D ( 'NONE', #1241, #921, #1183 ) ;
#1596 = EDGE_LOOP ( 'NONE', ( #2211, #1012, #59, #2361, #1257, #454, #281, #725, #285, #625, #582, #574 ) ) ;
#1597 = DIRECTION ( 'NONE',  ( 1.000000000000000000, 0.0000000000000000000, 0.0000000000000000000 ) ) ;
#1598 = CIRCLE ( 'NONE', #1704, 0.006515995658195864300 ) ;
#1599 = ORIENTED_EDGE ( 'NONE', *, *, #961, .F. ) ;
#1600 = CARTESIAN_POINT ( 'NONE',  ( 0.05740581302538611700, 0.1886670605442956600, -0.01950000000000003100 ) ) ;
#1601 = CARTESIAN_POINT ( 'NONE',  ( 0.05671650318083313500, 0.1893337412582303500, -0.04950000000000003700 ) ) ;
#1602 = CARTESIAN_POINT ( 'NONE',  ( -0.09012329389823435500, 0.02513519545872535500, -0.1875000000000000600 ) ) ;
#1603 = VERTEX_POINT ( 'NONE', #513 ) ;
#1604 = ORIENTED_EDGE ( 'NONE', *, *, #1115, .T. ) ;
#1605 = CARTESIAN_POINT ( 'NONE',  ( 0.05999999999999999800, 0.1899999999999999700, -0.01950000000000003100 ) ) ;
#1606 = AXIS2_PLACEMENT_3D ( 'NONE', #2247, #2259, #2080 ) ;
#1607 = CARTESIAN_POINT ( 'NONE',  ( 0.1028019660394818600, 0.03893212530552284800, -0.1875000000000001400 ) ) ;
#1608 = FACE_OUTER_BOUND ( 'NONE', #763, .T. ) ;
#1609 = TOROIDAL_SURFACE ( 'NONE', #1595, 0.02049999999999999700, 0.01000000000000000000 ) ;
#1610 = CARTESIAN_POINT ( 'NONE',  ( -0.1574999999999999500, 0.1899999999999999700, 0.1724999999999999600 ) ) ;
#1611 = CIRCLE ( 'NONE', #70, 0.009999999999999995000 ) ;
#1612 = PLANE ( 'NONE',  #1176 ) ;
#1613 = CARTESIAN_POINT ( 'NONE',  ( -0.1874999999999999400, 0.0000000000000000000, -0.1575000000000000300 ) ) ;
#1614 = AXIS2_PLACEMENT_3D ( 'NONE', #2035, #180, #609 ) ;
#1615 = DIRECTION ( 'NONE',  ( -1.000000000000000000, -1.310951763792343800E-032, 1.224646799147353200E-016 ) ) ;
#1616 = EDGE_CURVE ( 'NONE', #2025, #1736, #520, .T. ) ;
#1617 = ORIENTED_EDGE ( 'NONE', *, *, #534, .F. ) ;
#1618 = LINE ( 'NONE', #2293, #598 ) ;
#1619 = ORIENTED_EDGE ( 'NONE', *, *, #1093, .F. ) ;
#1620 = APPLICATION_CONTEXT ( 'automotive_design' ) ;
#1621 = CIRCLE ( 'NONE', #2636, 0.01000000000000000000 ) ;
#1622 = CARTESIAN_POINT ( 'NONE',  ( 0.0000000000000000000, 0.1879999999999999700, -0.03450000000000003800 ) ) ;
#1623 = DIRECTION ( 'NONE',  ( 0.0000000000000000000, 0.0000000000000000000, 1.000000000000000000 ) ) ;
#1624 = ORIENTED_EDGE ( 'NONE', *, *, #2229, .T. ) ;
#1625 = AXIS2_PLACEMENT_3D ( 'NONE', #2582, #1174, #2604 ) ;
#1626 = AXIS2_PLACEMENT_3D ( 'NONE', #1738, #1711, #1517 ) ;
#1627 = ORIENTED_EDGE ( 'NONE', *, *, #477, .F. ) ;
#1628 = CARTESIAN_POINT ( 'NONE',  ( 0.02500000000000000100, 0.1799999999999999900, 0.01049999999999996800 ) ) ;
#1629 = EDGE_LOOP ( 'NONE', ( #143, #1465, #1403, #2185 ) ) ;
#1630 = CIRCLE ( 'NONE', #573, 0.05000000000000001000 ) ;
#1631 = EDGE_CURVE ( 'NONE', #790, #13, #1743, .T. ) ;
#1632 = EDGE_CURVE ( 'NONE', #2477, #1585, #708, .T. ) ;
#1633 = CARTESIAN_POINT ( 'NONE',  ( 0.01499999999999999900, 0.1899999999999999700, -0.04950000000000003700 ) ) ;
#1634 = ORIENTED_EDGE ( 'NONE', *, *, #879, .T. ) ;
#1635 = VERTEX_POINT ( 'NONE', #1941 ) ;
#1636 = UNCERTAINTY_MEASURE_WITH_UNIT (LENGTH_MEASURE( 1.000000000000000100E-005 ), #1256, 'distance_accuracy_value', 'NONE');
#1637 = EDGE_LOOP ( 'NONE', ( #2442, #828, #58, #2515 ) ) ;
#1638 = CARTESIAN_POINT ( 'NONE',  ( 0.0000000000000000000, 0.1299999999999999800, -0.03450000000000003800 ) ) ;
#1639 = CLOSED_SHELL ( 'NONE', ( #219, #1857, #666, #457, #2093, #850, #2051, #2263, #432, #2284, #1054, #875, #33, #1663, #1906, #2110, #614, #1299, #2499, #624, #2311, #1705, #1695, #1255, #884 ) ) ;
#1640 = FACE_OUTER_BOUND ( 'NONE', #1763, .T. ) ;
#1641 = LINE ( 'NONE', #1590, #2544 ) ;
#1642 = ORIENTED_EDGE ( 'NONE', *, *, #1492, .F. ) ;
#1643 = EDGE_CURVE ( 'NONE', #221, #2046, #2640, .T. ) ;
#1644 = FACE_OUTER_BOUND ( 'NONE', #2244, .T. ) ;
#1645 = DIRECTION ( 'NONE',  ( 0.0000000000000000000, 1.000000000000000000, 0.0000000000000000000 ) ) ;
#1646 = EDGE_CURVE ( 'NONE', #2434, #1354, #584, .T. ) ;
#1647 = ADVANCED_FACE ( 'NONE', ( #1393 ), #2087, .F. ) ;
#1648 = EDGE_CURVE ( 'NONE', #1215, #1805, #777, .T. ) ;
#1649 = CARTESIAN_POINT ( 'NONE',  ( 0.0000000000000000000, 0.02999999999999996100, 0.1724999999999999600 ) ) ;
#1650 = DIRECTION ( 'NONE',  ( 0.0000000000000000000, 0.0000000000000000000, 1.000000000000000000 ) ) ;
#1651 = ORIENTED_EDGE ( 'NONE', *, *, #1504, .F. ) ;
#1652 = LINE ( 'NONE', #1118, #2138 ) ;
#1653 = EDGE_LOOP ( 'NONE', ( #184, #1336, #258, #2177, #1506 ) ) ;
#1654 = ORIENTED_EDGE ( 'NONE', *, *, #2525, .T. ) ;
#1655 = CIRCLE ( 'NONE', #685, 0.06000000000000001200 ) ;
#1656 = ORIENTED_EDGE ( 'NONE', *, *, #926, .T. ) ;
#1657 = CARTESIAN_POINT ( 'NONE',  ( 1.224646799147353600E-018, 0.009499999999999961600, 0.2100000000000000200 ) ) ;
#1658 = ADVANCED_FACE ( 'NONE', ( #1452 ), #903, .T. ) ;
#1659 = CARTESIAN_POINT ( 'NONE',  ( -0.01500000000000000300, 0.1879999999999999700, -0.09259475019311128000 ) ) ;
#1660 = DIRECTION ( 'NONE',  ( 0.0000000000000000000, 0.0000000000000000000, -1.000000000000000000 ) ) ;
#1661 = CARTESIAN_POINT ( 'NONE',  ( -0.01500000000000000600, 0.1520000000000000000, -0.04950000000000003700 ) ) ;
#1662 = EDGE_LOOP ( 'NONE', ( #2279, #1984, #2202, #2563 ) ) ;
#1663 = ADVANCED_FACE ( 'NONE', ( #2191 ), #1527, .T. ) ;
#1664 = AXIS2_PLACEMENT_3D ( 'NONE', #1649, #431, #9 ) ;
#1665 = ORIENTED_EDGE ( 'NONE', *, *, #155, .T. ) ;
#1666 = DIRECTION ( 'NONE',  ( 1.000000000000000000, -0.0000000000000000000, -0.0000000000000000000 ) ) ;
#1667 = CARTESIAN_POINT ( 'NONE',  ( -0.1000000000000000100, -0.1306255668237045200, -0.2100000000000000500 ) ) ;
#1668 = VERTEX_POINT ( 'NONE', #2345 ) ;
#1669 = CIRCLE ( 'NONE', #1994, 0.06000000000000001200 ) ;
#1670 = ORIENTED_EDGE ( 'NONE', *, *, #2501, .F. ) ;
#1671 = TOROIDAL_SURFACE ( 'NONE', #1716, -0.03999999999999998000, 0.05000000000000000300 ) ;
#1672 = CIRCLE ( 'NONE', #626, 0.005000000000000001800 ) ;
#1673 = ADVANCED_FACE ( 'NONE', ( #1019 ), #844, .T. ) ;
#1674 = DIRECTION ( 'NONE',  ( -0.0000000000000000000, -1.000000000000000000, -1.070473351749320300E-016 ) ) ;
#1675 = CIRCLE ( 'NONE', #1676, 0.007500803411208086100 ) ;
#1676 = AXIS2_PLACEMENT_3D ( 'NONE', #2543, #1329, #1313 ) ;
#1677 = CARTESIAN_POINT ( 'NONE',  ( -0.05602677931132572800, 0.1899999999999999700, -0.01950000000000003800 ) ) ;
#1678 = CARTESIAN_POINT ( 'NONE',  ( -0.1574999999999999500, 0.01499999999999996300, -0.1875000000000000300 ) ) ;
#1679 = EDGE_CURVE ( 'NONE', #2264, #965, #459, .T. ) ;
#1680 = DIRECTION ( 'NONE',  ( 0.0000000000000000000, 0.0000000000000000000, -1.000000000000000000 ) ) ;
#1681 = DIRECTION ( 'NONE',  ( 0.0000000000000000000, -1.000000000000000000, 1.070473351749320300E-016 ) ) ;
#1682 = ORIENTED_EDGE ( 'NONE', *, *, #2508, .T. ) ;
#1683 = DIRECTION ( 'NONE',  ( 0.0000000000000000000, 0.0000000000000000000, 1.000000000000000000 ) ) ;
#1684 = ADVANCED_FACE ( 'NONE', ( #1640 ), #491, .T. ) ;
#1685 = FACE_BOUND ( 'NONE', #446, .T. ) ;
#1686 = CARTESIAN_POINT ( 'NONE',  ( -0.1574999999999999500, 0.0000000000000000000, -0.1875000000000000300 ) ) ;
#1687 = EDGE_CURVE ( 'NONE', #1838, #732, #2286, .T. ) ;
#1688 = CIRCLE ( 'NONE', #607, 0.005000000000000001800 ) ;
#1689 = ORIENTED_EDGE ( 'NONE', *, *, #1013, .F. ) ;
#1690 = CARTESIAN_POINT ( 'NONE',  ( 0.01499999999999999800, 0.1899999999999999700, -0.09052677931132575900 ) ) ;
#1691 = ORIENTED_EDGE ( 'NONE', *, *, #147, .T. ) ;
#1692 = ORIENTED_EDGE ( 'NONE', *, *, #1837, .T. ) ;
#1693 = LINE ( 'NONE', #2436, #1160 ) ;
#1694 = CARTESIAN_POINT ( 'NONE',  ( -0.01500000000000000300, 0.1520000000000000000, 0.02549999999999997400 ) ) ;
#1695 = ADVANCED_FACE ( 'NONE', ( #2129 ), #1867, .F. ) ;
#1696 = DIRECTION ( 'NONE',  ( 0.0000000000000000000, -1.000000000000000000, 0.0000000000000000000 ) ) ;
#1697 = VERTEX_POINT ( 'NONE', #2613 ) ;
#1698 = CARTESIAN_POINT ( 'NONE',  ( 0.0000000000000000000, 0.1520000000000000000, 0.0000000000000000000 ) ) ;
#1699 = VERTEX_POINT ( 'NONE', #956 ) ;
#1700 = DIRECTION ( 'NONE',  ( -0.0000000000000000000, -1.000000000000000000, -1.041100607341564000E-016 ) ) ;
#1701 = VERTEX_POINT ( 'NONE', #1799 ) ;
#1702 = CARTESIAN_POINT ( 'NONE',  ( 0.09012329389823435500, 0.02513519545872535500, -0.1875000000000000600 ) ) ;
#1703 = ORIENTED_EDGE ( 'NONE', *, *, #834, .T. ) ;
#1704 = AXIS2_PLACEMENT_3D ( 'NONE', #1375, #2216, #1189 ) ;
#1705 = ADVANCED_FACE ( 'NONE', ( #428 ), #719, .F. ) ;
#1706 = DIRECTION ( 'NONE',  ( -0.0000000000000000000, 0.0000000000000000000, 1.000000000000000000 ) ) ;
#1707 = SURFACE_STYLE_FILL_AREA ( #64 ) ;
#1708 = DIRECTION ( 'NONE',  ( -2.126576849575811400E-017, 0.9848077530122074700, 0.1736481776669336100 ) ) ;
#1709 = VECTOR ( 'NONE', #1458, 39.37007874015748100 ) ;
#1710 = B_SPLINE_CURVE_WITH_KNOTS ( 'NONE', 3,
 ( #1690, #480, #273, #65 ),
 .UNSPECIFIED., .F., .F.,
 ( 4, 4 ),
 ( 0.001031840414557693500, 0.001104902754149981700 ),
 .UNSPECIFIED. ) ;
#1711 = DIRECTION ( 'NONE',  ( 0.0000000000000000000, -1.000000000000000000, 2.140946703498640200E-016 ) ) ;
#1712 = LINE ( 'NONE', #897, #2616 ) ;
#1713 = DIRECTION ( 'NONE',  ( 0.0000000000000000000, 0.0000000000000000000, 1.000000000000000000 ) ) ;
#1714 = CARTESIAN_POINT ( 'NONE',  ( 0.09382374128451950700, 0.01917861581553716500, -0.1875000000000000600 ) ) ;
#1715 = CARTESIAN_POINT ( 'NONE',  ( 0.0000000000000000000, 0.1899999999999999700, -0.03450000000000003800 ) ) ;
#1716 = AXIS2_PLACEMENT_3D ( 'NONE', #168, #1591, #776 ) ;
#1717 = DIRECTION ( 'NONE',  ( -0.0000000000000000000, -1.000000000000000000, -2.140946703498640700E-016 ) ) ;
#1718 = CARTESIAN_POINT ( 'NONE',  ( 0.0000000000000000000, -0.1499999999999999100, 0.2000000000000000400 ) ) ;
#1719 = DIRECTION ( 'NONE',  ( -0.0000000000000000000, -0.0000000000000000000, 1.000000000000000000 ) ) ;
#1720 = CARTESIAN_POINT ( 'NONE',  ( 0.09486721563544912900, 0.01821876829630231200, -0.1875000000000000600 ) ) ;
#1721 = VERTEX_POINT ( 'NONE', #1368 ) ;
#1722 = EDGE_CURVE ( 'NONE', #174, #2492, #1328, .T. ) ;
#1723 = CARTESIAN_POINT ( 'NONE',  ( 0.0000000000000000000, -0.1491736481776668200, 0.2000000000000000400 ) ) ;
#1724 = ORIENTED_EDGE ( 'NONE', *, *, #2001, .F. ) ;
#1725 = ORIENTED_EDGE ( 'NONE', *, *, #879, .F. ) ;
#1726 = DIRECTION ( 'NONE',  ( 0.0000000000000000000, 1.000000000000000000, 0.0000000000000000000 ) ) ;
#1727 = LINE ( 'NONE', #406, #2207 ) ;
#1728 = VERTEX_POINT ( 'NONE', #1553 ) ;
#1729 = CARTESIAN_POINT ( 'NONE',  ( 0.1000000000000000100, -0.1393079757070512800, -0.1907596123493896800 ) ) ;
#1730 = DIRECTION ( 'NONE',  ( 1.000000000000000000, 0.0000000000000000000, 0.0000000000000000000 ) ) ;
#1731 = CARTESIAN_POINT ( 'NONE',  ( 0.01499999999999999800, 0.1886670605442956600, 0.02290581302538608300 ) ) ;
#1732 = AXIS2_PLACEMENT_3D ( 'NONE', #1271, #1459, #2379 ) ;
#1733 = CARTESIAN_POINT ( 'NONE',  ( -0.1574999999999999500, 0.0000000000000000000, -0.1875000000000000300 ) ) ;
#1734 = ORIENTED_EDGE ( 'NONE', *, *, #2062, .F. ) ;
#1735 = DIRECTION ( 'NONE',  ( -1.000000000000000000, -0.0000000000000000000, -0.0000000000000000000 ) ) ;
#1736 = VERTEX_POINT ( 'NONE', #1351 ) ;
#1737 = ORIENTED_EDGE ( 'NONE', *, *, #1081, .T. ) ;
#1738 = CARTESIAN_POINT ( 'NONE',  ( 0.0000000000000000000, -0.1499999999999999100, 0.2000000000000000400 ) ) ;
#1739 = ORIENTED_EDGE ( 'NONE', *, *, #821, .T. ) ;
#1740 = CARTESIAN_POINT ( 'NONE',  ( -0.1027581182797790800, 0.01677427935563971200, -0.1875000000000000800 ) ) ;
#1741 = VERTEX_POINT ( 'NONE', #325 ) ;
#1742 = DIRECTION ( 'NONE',  ( 0.0000000000000000000, 0.0000000000000000000, -1.000000000000000000 ) ) ;
#1743 = CIRCLE ( 'NONE', #176, 0.06000000000000001200 ) ;
#1744 = ORIENTED_EDGE ( 'NONE', *, *, #2314, .T. ) ;
#1745 = DIRECTION ( 'NONE',  ( -0.0000000000000000000, -1.000000000000000000, -2.140946703498640200E-016 ) ) ;
#1746 = LINE ( 'NONE', #288, #1021 ) ;
#1747 = FACE_OUTER_BOUND ( 'NONE', #1549, .T. ) ;
#1748 = CARTESIAN_POINT ( 'NONE',  ( 0.1000000000000000100, -0.1306255668237045200, -0.2000000000000000400 ) ) ;
#1749 = CYLINDRICAL_SURFACE ( 'NONE', #2584, 0.01000000000000000000 ) ;
#1750 = DIRECTION ( 'NONE',  ( -0.0000000000000000000, -0.0000000000000000000, 1.000000000000000000 ) ) ;
#1751 = CARTESIAN_POINT ( 'NONE',  ( -0.1000000000000000100, 0.01630073525436764900, -0.1875000000000000600 ) ) ;
#1752 = CARTESIAN_POINT ( 'NONE',  ( 0.0000000000000000000, 0.1899999999999999700, 0.02750000000000028800 ) ) ;
#1753 = AXIS2_PLACEMENT_3D ( 'NONE', #943, #2574, #1767 ) ;
#1754 = ORIENTED_EDGE ( 'NONE', *, *, #506, .F. ) ;
#1755 = CIRCLE ( 'NONE', #714, 0.006515995658195864300 ) ;
#1756 = CARTESIAN_POINT ( 'NONE',  ( -0.1000000000000000100, -0.1393079757070512800, -0.2092403876506104300 ) ) ;
#1757 = CARTESIAN_POINT ( 'NONE',  ( 0.1575000000000000800, 0.0000000000000000000, -0.1875000000000000300 ) ) ;
#1758 = FACE_OUTER_BOUND ( 'NONE', #2156, .T. ) ;
#1759 = FACE_OUTER_BOUND ( 'NONE', #940, .T. ) ;
#1760 = ORIENTED_EDGE ( 'NONE', *, *, #490, .T. ) ;
#1761 = CARTESIAN_POINT ( 'NONE',  ( 0.0000000000000000000, -0.1306255668237045200, 0.1900000000000000600 ) ) ;
#1762 = ORIENTED_EDGE ( 'NONE', *, *, #1365, .T. ) ;
#1763 = EDGE_LOOP ( 'NONE', ( #27, #1068, #1276, #319 ) ) ;
#1764 = CIRCLE ( 'NONE', #896, 0.05999999999999999800 ) ;
#1765 = EDGE_CURVE ( 'NONE', #1301, #1249, #108, .T. ) ;
#1766 = CARTESIAN_POINT ( 'NONE',  ( -0.1574999999999999500, 0.0000000000000000000, 0.1874999999999999700 ) ) ;
#1767 = DIRECTION ( 'NONE',  ( 0.0000000000000000000, 0.0000000000000000000, -1.000000000000000000 ) ) ;
#1768 = ORIENTED_EDGE ( 'NONE', *, *, #2536, .T. ) ;
#1769 = CARTESIAN_POINT ( 'NONE',  ( 0.1000000000000000100, 0.009499999999999961600, -0.2100000000000000200 ) ) ;
#1770 = PLANE ( 'NONE',  #2245 ) ;
#1771 = VERTEX_POINT ( 'NONE', #2031 ) ;
#1772 = ORIENTED_EDGE ( 'NONE', *, *, #2243, .T. ) ;
#1773 = AXIS2_PLACEMENT_3D ( 'NONE', #1317, #711, #502 ) ;
#1774 = CARTESIAN_POINT ( 'NONE',  ( 4.229007020140265900E-019, -0.1489999999999999100, 0.1934840043418041800 ) ) ;
#1775 = FILL_AREA_STYLE_COLOUR ( '', #1846 ) ;
#1776 = ORIENTED_EDGE ( 'NONE', *, *, #2314, .F. ) ;
#1777 = EDGE_CURVE ( 'NONE', #2528, #675, #2611, .T. ) ;
#1778 = DIRECTION ( 'NONE',  ( 0.0000000000000000000, 0.0000000000000000000, -1.000000000000000000 ) ) ;
#1779 = EDGE_CURVE ( 'NONE', #2025, #2349, #2027, .T. ) ;
#1780 = FACE_OUTER_BOUND ( 'NONE', #2376, .T. ) ;
#1781 = EDGE_CURVE ( 'NONE', #2330, #2492, #2507, .T. ) ;
#1782 = CIRCLE ( 'NONE', #1823, 0.06000000000000001200 ) ;
#1783 = ORIENTED_EDGE ( 'NONE', *, *, #2396, .T. ) ;
#1784 = DIRECTION ( 'NONE',  ( -1.000000000000000000, 0.0000000000000000000, 1.897116662266849000E-016 ) ) ;
#1785 = DIRECTION ( 'NONE',  ( 0.0000000000000000000, 0.0000000000000000000, -1.000000000000000000 ) ) ;
#1786 = DIRECTION ( 'NONE',  ( 1.000000000000000000, 0.0000000000000000000, 0.0000000000000000000 ) ) ;
#1787 = CARTESIAN_POINT ( 'NONE',  ( 0.1000000000000000100, 0.03893212530552282700, -0.1875000000000000600 ) ) ;
#1788 = AXIS2_PLACEMENT_3D ( 'NONE', #891, #39, #1491 ) ;
#1789 = EDGE_CURVE ( 'NONE', #1852, #1003, #1172, .T. ) ;
#1790 = DIRECTION ( 'NONE',  ( 0.0000000000000000000, 0.0000000000000000000, 1.000000000000000000 ) ) ;
#1791 = DIRECTION ( 'NONE',  ( 0.0000000000000000000, 0.0000000000000000000, 1.000000000000000000 ) ) ;
#1792 = ORIENTED_EDGE ( 'NONE', *, *, #261, .F. ) ;
#1793 = CARTESIAN_POINT ( 'NONE',  ( 0.0000000000000000000, 0.1299999999999999800, -0.03450000000000003800 ) ) ;
#1794 = CARTESIAN_POINT ( 'NONE',  ( -0.1874999999999999400, 0.01500000000000000300, -0.1575000000000000600 ) ) ;
#1795 = ORIENTED_EDGE ( 'NONE', *, *, #783, .F. ) ;
#1796 = DIRECTION ( 'NONE',  ( 0.0000000000000000000, 0.0000000000000000000, -1.000000000000000000 ) ) ;
#1797 = EDGE_LOOP ( 'NONE', ( #2632, #1089, #1993, #81, #2085 ) ) ;
#1798 = FACE_OUTER_BOUND ( 'NONE', #19, .T. ) ;
#1799 = CARTESIAN_POINT ( 'NONE',  ( 1.131621115920073200E-018, -0.1393079757070512800, 0.1907596123493896800 ) ) ;
#1800 = CARTESIAN_POINT ( 'NONE',  ( 0.1575000000000000600, 0.0000000000000000000, -0.1575000000000000300 ) ) ;
#1801 = EDGE_CURVE ( 'NONE', #611, #2013, #1305, .T. ) ;
#1802 = DIRECTION ( 'NONE',  ( -0.0000000000000000000, -1.000000000000000000, -0.0000000000000000000 ) ) ;
#1803 = CARTESIAN_POINT ( 'NONE',  ( -0.1000000000000000100, -0.1491736481776668200, -0.2000000000000000400 ) ) ;
#1804 = VERTEX_POINT ( 'NONE', #1399 ) ;
#1805 = VERTEX_POINT ( 'NONE', #1224 ) ;
#1806 = EDGE_LOOP ( 'NONE', ( #882, #295, #1387, #739 ) ) ;
#1807 = ORIENTED_EDGE ( 'NONE', *, *, #2221, .F. ) ;
#1808 = ORIENTED_EDGE ( 'NONE', *, *, #2173, .T. ) ;
#1809 = CARTESIAN_POINT ( 'NONE',  ( -0.1000000000000000100, 0.009499999999999959900, -0.1900000000000000300 ) ) ;
#1810 = FACE_OUTER_BOUND ( 'NONE', #2453, .T. ) ;
#1811 = LINE ( 'NONE', #1413, #1394 ) ;
#1812 = DIRECTION ( 'NONE',  ( 0.0000000000000000000, 0.0000000000000000000, -1.000000000000000000 ) ) ;
#1813 = VECTOR ( 'NONE', #1208, 39.37007874015748900 ) ;
#1814 = SURFACE_STYLE_FILL_AREA ( #1961 ) ;
#1815 = DIRECTION ( 'NONE',  ( -0.0000000000000000000, -0.0000000000000000000, 1.000000000000000000 ) ) ;
#1816 = AXIS2_PLACEMENT_3D ( 'NONE', #1957, #2377, #720 ) ;
#1817 = DIRECTION ( 'NONE',  ( 0.0000000000000000000, 1.000000000000000000, -2.276539994720219500E-015 ) ) ;
#1818 = DIRECTION ( 'NONE',  ( 0.0000000000000000000, 0.0000000000000000000, 1.000000000000000000 ) ) ;
#1819 = DIRECTION ( 'NONE',  ( 0.0000000000000000000, 0.0000000000000000000, 1.000000000000000000 ) ) ;
#1820 = CARTESIAN_POINT ( 'NONE',  ( -0.1874999999999999400, 0.1899999999999999700, -0.1875000000000000600 ) ) ;
#1821 = EDGE_LOOP ( 'NONE', ( #2504, #1689, #2403, #73 ) ) ;
#1822 = VECTOR ( 'NONE', #1382, 39.37007874015748100 ) ;
#1823 = AXIS2_PLACEMENT_3D ( 'NONE', #2091, #1287, #1489 ) ;
#1824 = EDGE_LOOP ( 'NONE', ( #1194, #1408, #96, #1359 ) ) ;
#1825 = ORIENTED_EDGE ( 'NONE', *, *, #1972, .F. ) ;
#1826 = VECTOR ( 'NONE', #770, 39.37007874015748100 ) ;
#1827 = VERTEX_POINT ( 'NONE', #1210 ) ;
#1828 = EDGE_CURVE ( 'NONE', #2571, #1481, #889, .T. ) ;
#1829 = DIRECTION ( 'NONE',  ( -0.0000000000000000000, -0.0000000000000000000, 1.000000000000000000 ) ) ;
#1830 = CIRCLE ( 'NONE', #198, 0.05000000000000001000 ) ;
#1831 = AXIS2_PLACEMENT_3D ( 'NONE', #2008, #785, #2190 ) ;
#1832 = CARTESIAN_POINT ( 'NONE',  ( 0.1875000000000000800, 0.1899999999999999700, -0.1875000000000000600 ) ) ;
#1833 = DIRECTION ( 'NONE',  ( 0.0000000000000000000, -0.0000000000000000000, 1.000000000000000000 ) ) ;
#1834 = PLANE ( 'NONE',  #549 ) ;
#1835 = ORIENTED_EDGE ( 'NONE', *, *, #2173, .F. ) ;
#1836 = DIRECTION ( 'NONE',  ( 8.659560562354951300E-017, 0.7071067811865459100, -0.7071067811865490200 ) ) ;
#1837 = EDGE_CURVE ( 'NONE', #1003, #2528, #1339, .T. ) ;
#1838 = VERTEX_POINT ( 'NONE', #1999 ) ;
#1839 = DIRECTION ( 'NONE',  ( 0.0000000000000000000, 0.0000000000000000000, -1.000000000000000000 ) ) ;
#1840 = EDGE_LOOP ( 'NONE', ( #326, #481 ) ) ;
#1841 = APPLICATION_PROTOCOL_DEFINITION ( 'draft international standard', 'automotive_design', 1998, #2428 ) ;
#1842 = EDGE_CURVE ( 'NONE', #2626, #1028, #305, .T. ) ;
#1843 = DIRECTION ( 'NONE',  ( 0.0000000000000000000, 0.0000000000000000000, 1.000000000000000000 ) ) ;
#1844 = CARTESIAN_POINT ( 'NONE',  ( 0.01499999999999999800, 0.1899999999999999700, -0.09450000000000004200 ) ) ;
#1845 = DIRECTION ( 'NONE',  ( 0.0000000000000000000, -2.134256245050206700E-016, -1.000000000000000000 ) ) ;
#1846 = COLOUR_RGB ( '',0.7921568627450980000, 0.8196078431372548800, 0.9333333333333333500 ) ;
#1847 = CARTESIAN_POINT ( 'NONE',  ( 0.1000000000000000100, -0.1489999999999999100, -0.2065159956581959200 ) ) ;
#1848 = VECTOR ( 'NONE', #942, 39.37007874015748100 ) ;
#1849 = CARTESIAN_POINT ( 'NONE',  ( -0.01500000000000000600, 0.1520000000000000000, -0.04950000000000003700 ) ) ;
#1850 = AXIS2_PLACEMENT_3D ( 'NONE', #1544, #1155, #316 ) ;
#1851 = CARTESIAN_POINT ( 'NONE',  ( 0.0000000000000000000, 0.1899999999999999700, -0.03450000000000003800 ) ) ;
#1852 = VERTEX_POINT ( 'NONE', #2645 ) ;
#1853 = ORIENTED_EDGE ( 'NONE', *, *, #2105, .F. ) ;
#1854 = FACE_OUTER_BOUND ( 'NONE', #2075, .T. ) ;
#1855 = CARTESIAN_POINT ( 'NONE',  ( 4.229007020140265900E-019, -0.1499999999999999100, 0.1934840043418041800 ) ) ;
#1856 = VERTEX_POINT ( 'NONE', #1204 ) ;
#1857 = ADVANCED_FACE ( 'NONE', ( #1870 ), #1141, .F. ) ;
#1858 = AXIS2_PLACEMENT_3D ( 'NONE', #228, #1700, #637 ) ;
#1859 = VECTOR ( 'NONE', #2579, 39.37007874015748100 ) ;
#1860 = DIRECTION ( 'NONE',  ( 1.000000000000000000, 0.0000000000000000000, 0.0000000000000000000 ) ) ;
#1861 = EDGE_CURVE ( 'NONE', #1741, #1348, #2257, .T. ) ;
#1862 = DIRECTION ( 'NONE',  ( 0.0000000000000000000, 0.0000000000000000000, 1.000000000000000000 ) ) ;
#1863 = ORIENTED_EDGE ( 'NONE', *, *, #217, .F. ) ;
#1864 = VERTEX_POINT ( 'NONE', #2429 ) ;
#1865 = DIRECTION ( 'NONE',  ( 0.0000000000000000000, 0.0000000000000000000, -1.000000000000000000 ) ) ;
#1866 = ADVANCED_FACE ( 'NONE', ( #405 ), #189, .F. ) ;
#1867 = CYLINDRICAL_SURFACE ( 'NONE', #771, 0.05999999999999999800 ) ;
#1868 = LINE ( 'NONE', #2476, #429 ) ;
#1869 = DIRECTION ( 'NONE',  ( 0.0000000000000000000, 1.000000000000000000, 1.070473351749320300E-016 ) ) ;
#1870 = FACE_OUTER_BOUND ( 'NONE', #420, .T. ) ;
#1871 = DIRECTION ( 'NONE',  ( -7.993605777301123900E-015, 0.0000000000000000000, -1.000000000000000000 ) ) ;
#1872 = DIRECTION ( 'NONE',  ( -0.0000000000000000000, -0.0000000000000000000, 1.000000000000000000 ) ) ;
#1873 = FILL_AREA_STYLE_COLOUR ( '', #2194 ) ;
#1874 = ADVANCED_FACE ( 'NONE', ( #2456 ), #112, .T. ) ;
#1875 = CLOSED_SHELL ( 'NONE', ( #211, #1442, #646, #2064, #260, #2083, #1658, #1268, #2102, #1684, #1084, #2116 ) ) ;
#1876 = CARTESIAN_POINT ( 'NONE',  ( -0.02500000000000000100, 0.1899999999999999700, 0.01049999999999996800 ) ) ;
#1877 = ADVANCED_FACE ( 'NONE', ( #784, #2513 ), #232, .T. ) ;
#1878 = ORIENTED_EDGE ( 'NONE', *, *, #1013, .T. ) ;
#1879 = VERTEX_POINT ( 'NONE', #840 ) ;
#1880 = AXIS2_PLACEMENT_3D ( 'NONE', #1718, #930, #297 ) ;
#1881 = VECTOR ( 'NONE', #2635, 39.37007874015748100 ) ;
#1882 = DIRECTION ( 'NONE',  ( 0.0000000000000000000, 1.000000000000000000, 0.0000000000000000000 ) ) ;
#1883 = ORIENTED_EDGE ( 'NONE', *, *, #409, .F. ) ;
#1884 = ADVANCED_FACE ( 'NONE', ( #1076 ), #2472, .F. ) ;
#1885 = VERTEX_POINT ( 'NONE', #1633 ) ;
#1886 = ORIENTED_EDGE ( 'NONE', *, *, #2097, .F. ) ;
#1887 = CARTESIAN_POINT ( 'NONE',  ( 0.1875000000000000800, 0.0000000000000000000, 0.1874999999999999700 ) ) ;
#1888 = CIRCLE ( 'NONE', #1944, 0.05999999999999999800 ) ;
#1889 = DIRECTION ( 'NONE',  ( 0.0000000000000000000, 0.0000000000000000000, 1.000000000000000000 ) ) ;
#1890 = ORIENTED_EDGE ( 'NONE', *, *, #2114, .T. ) ;
#1891 = AXIS2_PLACEMENT_3D ( 'NONE', #2032, #2653, #1042 ) ;
#1892 = ORIENTED_EDGE ( 'NONE', *, *, #1499, .F. ) ;
#1893 = DIRECTION ( 'NONE',  ( -1.000000000000000000, 0.0000000000000000000, -0.0000000000000000000 ) ) ;
#1894 = CARTESIAN_POINT ( 'NONE',  ( 7.347880794884116800E-018, 0.1879999999999996700, -0.09450000000000004200 ) ) ;
#1895 = EDGE_CURVE ( 'NONE', #2342, #1885, #1971, .T. ) ;
#1896 = ORIENTED_EDGE ( 'NONE', *, *, #679, .T. ) ;
#1897 = ADVANCED_FACE ( 'NONE', ( #1747 ), #1428, .F. ) ;
#1898 = CARTESIAN_POINT ( 'NONE',  ( 0.1875000000000000800, 0.01500000000000000300, -0.1575000000000000600 ) ) ;
#1899 = DIRECTION ( 'NONE',  ( 1.000000000000000000, 0.0000000000000000000, -0.0000000000000000000 ) ) ;
#1900 = LINE ( 'NONE', #150, #1202 ) ;
#1901 = CIRCLE ( 'NONE', #2331, 0.01000000000000000000 ) ;
#1902 = ORIENTED_EDGE ( 'NONE', *, *, #78, .F. ) ;
#1903 = DIRECTION ( 'NONE',  ( 0.0000000000000000000, -1.070473351749320500E-016, 1.000000000000000000 ) ) ;
#1904 = AXIS2_PLACEMENT_3D ( 'NONE', #102, #1533, #557 ) ;
#1905 = CARTESIAN_POINT ( 'NONE',  ( -0.1874999999999999400, 0.0000000000000000000, -0.1575000000000000300 ) ) ;
#1906 = ADVANCED_FACE ( 'NONE', ( #2289 ), #277, .F. ) ;
#1907 = DIRECTION ( 'NONE',  ( 0.0000000000000000000, 0.0000000000000000000, 1.000000000000000000 ) ) ;
#1908 = EDGE_CURVE ( 'NONE', #1554, #1296, #1952, .T. ) ;
#1909 = CARTESIAN_POINT ( 'NONE',  ( 0.0000000000000000000, -0.1306255668237045800, 0.2000000000000000400 ) ) ;
#1910 = CARTESIAN_POINT ( 'NONE',  ( 0.01499999999999999800, 0.1879999999999999700, 0.02359475019311122300 ) ) ;
#1911 = AXIS2_PLACEMENT_3D ( 'NONE', #2332, #1674, #1495 ) ;
#1912 = ORIENTED_EDGE ( 'NONE', *, *, #1643, .F. ) ;
#1913 = VECTOR ( 'NONE', #1531, 39.37007874015748100 ) ;
#1914 = DIRECTION ( 'NONE',  ( 1.000000000000000000, 0.0000000000000000000, 0.0000000000000000000 ) ) ;
#1915 = ORIENTED_EDGE ( 'NONE', *, *, #2501, .T. ) ;
#1916 = CARTESIAN_POINT ( 'NONE',  ( -0.02500000000000000100, 0.1799999999999999900, 0.005499999999999965000 ) ) ;
#1917 = LINE ( 'NONE', #1844, #830 ) ;
#1918 = ORIENTED_EDGE ( 'NONE', *, *, #1525, .T. ) ;
#1919 =( CONVERSION_BASED_UNIT ( 'INCH', #1200 ) LENGTH_UNIT ( ) NAMED_UNIT ( #737 ) );
#1920 = VERTEX_POINT ( 'NONE', #1677 ) ;
#1921 = FACE_OUTER_BOUND ( 'NONE', #1637, .T. ) ;
#1922 = AXIS2_PLACEMENT_3D ( 'NONE', #1849, #816, #1235 ) ;
#1923 = CARTESIAN_POINT ( 'NONE',  ( 0.0000000000000000000, 0.009499999999999959900, 0.1795000000000000200 ) ) ;
#1924 = EDGE_CURVE ( 'NONE', #1212, #948, #269, .T. ) ;
#1925 = DIRECTION ( 'NONE',  ( 0.0000000000000000000, -1.000000000000000000, -2.140946703498640700E-016 ) ) ;
#1926 = DIRECTION ( 'NONE',  ( 0.0000000000000000000, -1.000000000000000000, 1.041100607341564000E-016 ) ) ;
#1927 = DIRECTION ( 'NONE',  ( 0.0000000000000000000, 0.0000000000000000000, 1.000000000000000000 ) ) ;
#1928 = ORIENTED_EDGE ( 'NONE', *, *, #2536, .F. ) ;
#1929 = CARTESIAN_POINT ( 'NONE',  ( -0.1000000000000000100, -0.1499999999999999100, -0.1934840043418041800 ) ) ;
#1930 = CARTESIAN_POINT ( 'NONE',  ( 0.1000000000000000100, -0.1491736481776668200, -0.2000000000000000400 ) ) ;
#1931 = EDGE_CURVE ( 'NONE', #2070, #1030, #334, .T. ) ;
#1932 = DIRECTION ( 'NONE',  ( 0.0000000000000000000, -1.000000000000000000, -1.070473351749320300E-016 ) ) ;
#1933 = CIRCLE ( 'NONE', #7, 0.05000000000000001000 ) ;
#1934 = LINE ( 'NONE', #2231, #1551 ) ;
#1935 = CIRCLE ( 'NONE', #1560, 0.06000000000000001200 ) ;
#1936 = CARTESIAN_POINT ( 'NONE',  ( -0.1061569452530686800, 0.01915728013916075800, -0.1875000000000000600 ) ) ;
#1937 = CARTESIAN_POINT ( 'NONE',  ( 0.09861511538415128300, 0.01630073525436764900, -0.1875000000000000800 ) ) ;
#1938 = CARTESIAN_POINT ( 'NONE',  ( 0.05602677931132572800, 0.1899999999999999700, -0.01950000000000003800 ) ) ;
#1939 = CARTESIAN_POINT ( 'NONE',  ( -0.1000000000000000100, 0.009499999999999959900, -0.1795000000000000200 ) ) ;
#1940 = CARTESIAN_POINT ( 'NONE',  ( 1.025102302388511800E-018, -0.1491736481776668200, 0.1924991965887919700 ) ) ;
#1941 = CARTESIAN_POINT ( 'NONE',  ( -0.1000000000000000100, -0.1491736481776668200, -0.2075008034112081300 ) ) ;
#1942 = CARTESIAN_POINT ( 'NONE',  ( -0.1000000000000000100, 0.009499999999999959900, -0.1795000000000000200 ) ) ;
#1943 = ORIENTED_EDGE ( 'NONE', *, *, #364, .F. ) ;
#1944 = AXIS2_PLACEMENT_3D ( 'NONE', #567, #993, #2417 ) ;
#1945 = VECTOR ( 'NONE', #1269, 39.37007874015748100 ) ;
#1946 = DIRECTION ( 'NONE',  ( 0.0000000000000000000, 0.0000000000000000000, -1.000000000000000000 ) ) ;
#1947 = ORIENTED_EDGE ( 'NONE', *, *, #2508, .F. ) ;
#1948 = VERTEX_POINT ( 'NONE', #287 ) ;
#1949 = ORIENTED_EDGE ( 'NONE', *, *, #355, .F. ) ;
#1950 = DIRECTION ( 'NONE',  ( 0.0000000000000000000, 0.0000000000000000000, 1.000000000000000000 ) ) ;
#1951 = LINE ( 'NONE', #2006, #1031 ) ;
#1952 = B_SPLINE_CURVE_WITH_KNOTS ( 'NONE', 3,
 ( #1312, #1487, #455, #642 ),
 .UNSPECIFIED., .F., .F.,
 ( 4, 4 ),
 ( 0.001031840414557692700, 0.001104902754149980100 ),
 .UNSPECIFIED. ) ;
#1953 = VERTEX_POINT ( 'NONE', #82 ) ;
#1954 = ORIENTED_EDGE ( 'NONE', *, *, #2340, .T. ) ;
#1955 =( CONVERSION_BASED_UNIT ( 'INCH', #312 ) LENGTH_UNIT ( ) NAMED_UNIT ( #1574 ) );
#1956 = VECTOR ( 'NONE', #1817, 39.37007874015748100 ) ;
#1957 = CARTESIAN_POINT ( 'NONE',  ( -0.1000000000000000100, -0.1499999999999999100, -0.2000000000000000400 ) ) ;
#1958 = DIRECTION ( 'NONE',  ( 0.0000000000000000000, 0.0000000000000000000, -1.000000000000000000 ) ) ;
#1959 = EDGE_LOOP ( 'NONE', ( #190, #1853, #2000, #2400 ) ) ;
#1960 = CARTESIAN_POINT ( 'NONE',  ( 0.1000000000000000100, -0.1489999999999999100, -0.1934840043418041800 ) ) ;
#1961 = FILL_AREA_STYLE ('',( #757 ) ) ;
#1962 = EDGE_CURVE ( 'NONE', #2330, #631, #1901, .T. ) ;
#1963 = ORIENTED_EDGE ( 'NONE', *, *, #2374, .T. ) ;
#1964 = DIRECTION ( 'NONE',  ( -1.000000000000000000, 0.0000000000000000000, -0.0000000000000000000 ) ) ;
#1965 = PLANE ( 'NONE',  #1253 ) ;
#1966 = EDGE_CURVE ( 'NONE', #396, #2302, #1363, .T. ) ;
#1967 = FACE_OUTER_BOUND ( 'NONE', #1156, .T. ) ;
#1968 = EDGE_LOOP ( 'NONE', ( #704, #1744, #914, #810 ) ) ;
#1969 = DIRECTION ( 'NONE',  ( 0.0000000000000000000, 0.0000000000000000000, -1.000000000000000000 ) ) ;
#1970 = LINE ( 'NONE', #1548, #462 ) ;
#1971 = LINE ( 'NONE', #419, #230 ) ;
#1972 = EDGE_CURVE ( 'NONE', #2540, #331, #1672, .T. ) ;
#1973 = CARTESIAN_POINT ( 'NONE',  ( -0.1000000000000000100, -0.1489999999999999100, -0.2065159956581959200 ) ) ;
#1974 = CIRCLE ( 'NONE', #2308, 0.009999999999999995000 ) ;
#1975 = CARTESIAN_POINT ( 'NONE',  ( 0.1575000000000000800, 0.0000000000000000000, 0.1874999999999999700 ) ) ;
#1976 = EDGE_CURVE ( 'NONE', #1697, #2315, #1935, .T. ) ;
#1977 = DIRECTION ( 'NONE',  ( 0.0000000000000000000, 0.0000000000000000000, -1.000000000000000000 ) ) ;
#1978 = DIRECTION ( 'NONE',  ( 0.0000000000000000000, -1.219574997171545800E-016, 1.000000000000000000 ) ) ;
#1979 = ORIENTED_EDGE ( 'NONE', *, *, #1556, .F. ) ;
#1980 = CIRCLE ( 'NONE', #1362, 0.01049999999999999700 ) ;
#1981 = CARTESIAN_POINT ( 'NONE',  ( 0.0000000000000000000, 0.0000000000000000000, 0.0000000000000000000 ) ) ;
#1982 = DIRECTION ( 'NONE',  ( 1.000000000000000000, 0.0000000000000000000, 0.0000000000000000000 ) ) ;
#1983 = CARTESIAN_POINT ( 'NONE',  ( -0.01000000000000000000, 0.02999999999999996100, 0.1724999999999999600 ) ) ;
#1984 = ORIENTED_EDGE ( 'NONE', *, *, #610, .F. ) ;
#1985 = VECTOR ( 'NONE', #2452, 39.37007874015748100 ) ;
#1986 = ORIENTED_EDGE ( 'NONE', *, *, #717, .T. ) ;
#1987 = AXIS2_PLACEMENT_3D ( 'NONE', #945, #2583, #957 ) ;
#1988 = DIRECTION ( 'NONE',  ( -1.000000000000000000, -0.0000000000000000000, 0.0000000000000000000 ) ) ;
#1989 = CONICAL_SURFACE ( 'NONE', #1281, 0.05799999999999996800, 0.7853981633974547200 ) ;
#1990 = DIRECTION ( 'NONE',  ( 0.0000000000000000000, 1.000000000000000000, 0.0000000000000000000 ) ) ;
#1991 = CARTESIAN_POINT ( 'NONE',  ( 0.01499999999999999100, 0.1899999999999999700, -0.01950000000000003800 ) ) ;
#1992 = DIMENSIONAL_EXPONENTS ( 1.000000000000000000, 0.0000000000000000000, 0.0000000000000000000, 0.0000000000000000000, 0.0000000000000000000, 0.0000000000000000000, 0.0000000000000000000 ) ;
#1993 = ORIENTED_EDGE ( 'NONE', *, *, #627, .T. ) ;
#1994 = AXIS2_PLACEMENT_3D ( 'NONE', #2502, #856, #1871 ) ;
#1995 = EDGE_LOOP ( 'NONE', ( #2014, #321, #1594, #199 ) ) ;
#1996 = DIRECTION ( 'NONE',  ( 0.0000000000000000000, 0.0000000000000000000, -1.000000000000000000 ) ) ;
#1997 = VECTOR ( 'NONE', #1302, 39.37007874015748100 ) ;
#1998 = LINE ( 'NONE', #74, #248 ) ;
#1999 = CARTESIAN_POINT ( 'NONE',  ( 1.224646799147357800E-018, -0.1306255668237045200, 0.2100000000000000500 ) ) ;
#2000 = ORIENTED_EDGE ( 'NONE', *, *, #1525, .F. ) ;
#2001 = EDGE_CURVE ( 'NONE', #533, #2349, #2421, .T. ) ;
#2002 = VECTOR ( 'NONE', #2580, 39.37007874015748100 ) ;
#2003 = VERTEX_POINT ( 'NONE', #243 ) ;
#2004 = MANIFOLD_SOLID_BREP ( 'Cut-Extrude6', #201 ) ;
#2005 = CARTESIAN_POINT ( 'NONE',  ( 0.0000000000000000000, 0.1879999999999996700, 0.02549999999999996400 ) ) ;
#2006 = CARTESIAN_POINT ( 'NONE',  ( -0.01500000000000001200, 0.1520000000000000000, -0.01950000000000003800 ) ) ;
#2007 = AXIS2_PLACEMENT_3D ( 'NONE', #1090, #2285, #1907 ) ;
#2008 = CARTESIAN_POINT ( 'NONE',  ( 0.01499999999999999100, 0.1520000000000000000, -0.01950000000000003800 ) ) ;
#2009 = ORIENTED_EDGE ( 'NONE', *, *, #650, .F. ) ;
#2010 = VECTOR ( 'NONE', #2552, 39.37007874015748100 ) ;
#2011 =( NAMED_UNIT ( * ) PLANE_ANGLE_UNIT ( ) SI_UNIT ( $, .RADIAN. ) );
#2012 = ORIENTED_EDGE ( 'NONE', *, *, #499, .T. ) ;
#2013 = VERTEX_POINT ( 'NONE', #1567 ) ;
#2014 = ORIENTED_EDGE ( 'NONE', *, *, #2221, .T. ) ;
#2015 = LINE ( 'NONE', #1009, #1346 ) ;
#2016 = CARTESIAN_POINT ( 'NONE',  ( -0.01500000000000000600, 0.1899999999999999700, -0.04950000000000003700 ) ) ;
#2017 = CARTESIAN_POINT ( 'NONE',  ( 0.0000000000000000000, 0.1299999999999999800, -0.03450000000000003800 ) ) ;
#2018 = ORIENTED_EDGE ( 'NONE', *, *, #1514, .F. ) ;
#2019 = CIRCLE ( 'NONE', #701, 0.007500803411208086100 ) ;
#2020 = EDGE_CURVE ( 'NONE', #426, #91, #2030, .T. ) ;
#2021 = ORIENTED_EDGE ( 'NONE', *, *, #545, .T. ) ;
#2022 = CARTESIAN_POINT ( 'NONE',  ( -0.1000000000000000100, -0.1393079757070512800, -0.2000000000000000400 ) ) ;
#2023 = EDGE_LOOP ( 'NONE', ( #67, #1538, #1949, #1943, #2278, #1237, #2559, #1915 ) ) ;
#2024 = CARTESIAN_POINT ( 'NONE',  ( 0.1027581182797790800, 0.01677427935563971200, -0.1875000000000000800 ) ) ;
#2025 = VERTEX_POINT ( 'NONE', #527 ) ;
#2026 = ORIENTED_EDGE ( 'NONE', *, *, #1908, .T. ) ;
#2027 = LINE ( 'NONE', #2016, #399 ) ;
#2028 = ORIENTED_EDGE ( 'NONE', *, *, #98, .T. ) ;
#2029 = FACE_OUTER_BOUND ( 'NONE', #907, .T. ) ;
#2030 = LINE ( 'NONE', #1794, #1490 ) ;
#2031 = CARTESIAN_POINT ( 'NONE',  ( -0.1574999999999999500, 0.1899999999999999700, 0.1724999999999999600 ) ) ;
#2032 = CARTESIAN_POINT ( 'NONE',  ( 4.229007020140265900E-019, -0.1489999999999999100, 0.2000000000000000400 ) ) ;
#2033 = AXIS2_PLACEMENT_3D ( 'NONE', #1211, #1225, #1862 ) ;
#2034 = ADVANCED_BREP_SHAPE_REPRESENTATION ( '3386G-1-100', ( #2512, #2004, #1285, #1016, #1558, #2649 ), #485 ) ;
#2035 = CARTESIAN_POINT ( 'NONE',  ( -0.1874999999999999400, 0.1899999999999999700, 0.1874999999999999700 ) ) ;
#2036 = EDGE_CURVE ( 'NONE', #2496, #1701, #955, .T. ) ;
#2037 = DIRECTION ( 'NONE',  ( -0.0000000000000000000, -0.0000000000000000000, 1.000000000000000000 ) ) ;
#2038 = VERTEX_POINT ( 'NONE', #752 ) ;
#2039 = PRODUCT_DEFINITION ( 'UNKNOWN', '', #445, #1163 ) ;
#2040 = CARTESIAN_POINT ( 'NONE',  ( -0.1874999999999999400, 0.1899999999999999700, 0.1874999999999999700 ) ) ;
#2041 = ORIENTED_EDGE ( 'NONE', *, *, #1518, .T. ) ;
#2042 = CARTESIAN_POINT ( 'NONE',  ( 0.0000000000000000000, -0.03970562748477143200, -0.03450000000000003800 ) ) ;
#2043 = FACE_OUTER_BOUND ( 'NONE', #698, .T. ) ;
#2044 = ORIENTED_EDGE ( 'NONE', *, *, #284, .F. ) ;
#2045 = EDGE_CURVE ( 'NONE', #1220, #1699, #525, .T. ) ;
#2046 = VERTEX_POINT ( 'NONE', #2195 ) ;
#2047 = LINE ( 'NONE', #137, #833 ) ;
#2048 = DIRECTION ( 'NONE',  ( -0.0000000000000000000, 1.000000000000000000, -0.0000000000000000000 ) ) ;
#2049 = CARTESIAN_POINT ( 'NONE',  ( 0.0000000000000000000, 0.02999999999999996100, 0.1724999999999999600 ) ) ;
#2050 = DIRECTION ( 'NONE',  ( -0.0000000000000000000, -0.0000000000000000000, 1.000000000000000000 ) ) ;
#2051 = ADVANCED_FACE ( 'NONE', ( #1967 ), #989, .T. ) ;
#2052 = ORIENTED_EDGE ( 'NONE', *, *, #1837, .F. ) ;
#2053 = AXIS2_PLACEMENT_3D ( 'NONE', #1698, #476, #1497 ) ;
#2054 = EDGE_CURVE ( 'NONE', #640, #613, #1240, .T. ) ;
#2055 = PLANE ( 'NONE',  #1486 ) ;
#2056 = ORIENTED_EDGE ( 'NONE', *, *, #1616, .F. ) ;
#2057 = CONICAL_SURFACE ( 'NONE', #1086, 0.05799999999999996800, 0.7853981633974547200 ) ;
#2058 = CYLINDRICAL_SURFACE ( 'NONE', #2444, 0.009999999999999995000 ) ;
#2059 = CONICAL_SURFACE ( 'NONE', #2368, 0.05799999999999996800, 0.7853981633974547200 ) ;
#2060 = EDGE_CURVE ( 'NONE', #1043, #1301, #2092, .T. ) ;
#2061 = ORIENTED_EDGE ( 'NONE', *, *, #1966, .T. ) ;
#2062 = EDGE_CURVE ( 'NONE', #748, #194, #1267, .T. ) ;
#2063 = CARTESIAN_POINT ( 'NONE',  ( 0.0000000000000000000, -0.1306255668237045200, 0.2000000000000000400 ) ) ;
#2064 = ADVANCED_FACE ( 'NONE', ( #1780 ), #371, .T. ) ;
#2065 = CARTESIAN_POINT ( 'NONE',  ( 0.0000000000000000000, 0.009499999999999959900, 0.2000000000000000100 ) ) ;
#2066 = PLANE ( 'NONE',  #2537 ) ;
#2067 = ORIENTED_EDGE ( 'NONE', *, *, #585, .T. ) ;
#2068 = FACE_OUTER_BOUND ( 'NONE', #651, .T. ) ;
#2069 = DIRECTION ( 'NONE',  ( 0.0000000000000000000, 0.0000000000000000000, 1.000000000000000000 ) ) ;
#2070 = VERTEX_POINT ( 'NONE', #2406 ) ;
#2071 = VECTOR ( 'NONE', #255, 39.37007874015748100 ) ;
#2072 = CARTESIAN_POINT ( 'NONE',  ( -0.1874999999999999400, 0.0000000000000000000, 0.1874999999999999700 ) ) ;
#2073 = VECTOR ( 'NONE', #2050, 39.37007874015748100 ) ;
#2074 = CARTESIAN_POINT ( 'NONE',  ( -0.05671650318083313500, 0.1893337412582303500, -0.01950000000000003100 ) ) ;
#2075 = EDGE_LOOP ( 'NONE', ( #263, #2642 ) ) ;
#2076 = CARTESIAN_POINT ( 'NONE',  ( 0.1000000000000000100, -0.1393079757070512800, -0.2000000000000000400 ) ) ;
#2077 = FACE_OUTER_BOUND ( 'NONE', #938, .T. ) ;
#2078 = ADVANCED_FACE ( 'NONE', ( #923 ), #849, .T. ) ;
#2079 = AXIS2_PLACEMENT_3D ( 'NONE', #2076, #237, #213 ) ;
#2080 = DIRECTION ( 'NONE',  ( 0.0000000000000000000, 0.0000000000000000000, 1.000000000000000000 ) ) ;
#2081 = ORIENTED_EDGE ( 'NONE', *, *, #926, .F. ) ;
#2082 = ORIENTED_EDGE ( 'NONE', *, *, #364, .T. ) ;
#2083 = ADVANCED_FACE ( 'NONE', ( #179 ), #1609, .T. ) ;
#2084 = PLANE ( 'NONE',  #958 ) ;
#2085 = ORIENTED_EDGE ( 'NONE', *, *, #2466, .F. ) ;
#2086 = ORIENTED_EDGE ( 'NONE', *, *, #1589, .F. ) ;
#2087 = CYLINDRICAL_SURFACE ( 'NONE', #713, 0.005000000000000001800 ) ;
#2088 = CARTESIAN_POINT ( 'NONE',  ( -0.1000000000000000100, -0.1306255668237045800, -0.2000000000000000400 ) ) ;
#2089 = AXIS2_PLACEMENT_3D ( 'NONE', #357, #767, #2201 ) ;
#2090 = LENGTH_MEASURE_WITH_UNIT ( LENGTH_MEASURE( 0.02539999999999999900 ), #994 );
#2091 = CARTESIAN_POINT ( 'NONE',  ( 0.0000000000000000000, 0.1519999999999999700, -0.03450000000000003800 ) ) ;
#2092 = LINE ( 'NONE', #740, #1334 ) ;
#2093 = ADVANCED_FACE ( 'NONE', ( #1552 ), #146, .F. ) ;
#2094 = EDGE_LOOP ( 'NONE', ( #612, #320, #831, #2319 ) ) ;
#2095 = CARTESIAN_POINT ( 'NONE',  ( 0.1000000000000000100, -0.1499999999999999100, -0.1926449047106269000 ) ) ;
#2096 = LINE ( 'NONE', #686, #1848 ) ;
#2097 = EDGE_CURVE ( 'NONE', #965, #2205, #492, .T. ) ;
#2098 = DIRECTION ( 'NONE',  ( 0.0000000000000000000, -1.000000000000000000, 1.070473351749320300E-016 ) ) ;
#2099 = DIRECTION ( 'NONE',  ( 0.0000000000000000000, -0.0000000000000000000, -1.000000000000000000 ) ) ;
#2100 = EDGE_CURVE ( 'NONE', #1228, #2496, #76, .T. ) ;
#2101 = CARTESIAN_POINT ( 'NONE',  ( -0.1874999999999999400, 0.01499999999999996300, 0.1575000000000000000 ) ) ;
#2102 = ADVANCED_FACE ( 'NONE', ( #1581 ), #1330, .T. ) ;
#2103 = DIRECTION ( 'NONE',  ( 0.0000000000000000000, 0.0000000000000000000, 1.000000000000000000 ) ) ;
#2104 = CARTESIAN_POINT ( 'NONE',  ( 0.01499999999999999900, 0.1520000000000000000, -0.04950000000000003700 ) ) ;
#2105 = EDGE_CURVE ( 'NONE', #1920, #1554, #2348, .T. ) ;
#2106 = ORIENTED_EDGE ( 'NONE', *, *, #1861, .T. ) ;
#2107 = CARTESIAN_POINT ( 'NONE',  ( 0.0000000000000000000, 0.009499999999999958100, 0.1900000000000000300 ) ) ;
#2108 = LINE ( 'NONE', #1133, #2432 ) ;
#2109 = DIRECTION ( 'NONE',  ( 0.0000000000000000000, 1.000000000000000000, 0.0000000000000000000 ) ) ;
#2110 = ADVANCED_FACE ( 'NONE', ( #845 ), #122, .F. ) ;
#2111 = FACE_OUTER_BOUND ( 'NONE', #2125, .T. ) ;
#2112 = AXIS2_PLACEMENT_3D ( 'NONE', #2160, #1136, #1977 ) ;
#2113 = VECTOR ( 'NONE', #121, 39.37007874015748100 ) ;
#2114 = EDGE_CURVE ( 'NONE', #970, #438, #2418, .T. ) ;
#2115 = ORIENTED_EDGE ( 'NONE', *, *, #1765, .T. ) ;
#2116 = ADVANCED_FACE ( 'NONE', ( #2192 ), #1770, .T. ) ;
#2117 = LINE ( 'NONE', #2608, #1380 ) ;
#2118 = CARTESIAN_POINT ( 'NONE',  ( -0.1098730931898176700, 0.02508643340019516700, -0.1874999999999999700 ) ) ;
#2119 = CARTESIAN_POINT ( 'NONE',  ( 0.02500000000000000100, 0.1899999999999999700, 0.005499999999999965000 ) ) ;
#2120 = ORIENTED_EDGE ( 'NONE', *, *, #2135, .F. ) ;
#2121 = DIRECTION ( 'NONE',  ( 0.0000000000000000000, 1.000000000000000000, 0.0000000000000000000 ) ) ;
#2122 = ORIENTED_EDGE ( 'NONE', *, *, #25, .F. ) ;
#2123 = AXIS2_PLACEMENT_3D ( 'NONE', #1847, #1247, #592 ) ;
#2124 = ORIENTED_EDGE ( 'NONE', *, *, #460, .T. ) ;
#2125 = EDGE_LOOP ( 'NONE', ( #1665, #1293, #2541, #1041, #928 ) ) ;
#2126 = FILL_AREA_STYLE_COLOUR ( '', #2169 ) ;
#2127 = CARTESIAN_POINT ( 'NONE',  ( -0.1574999999999999500, 0.01499999999999996300, 0.1724999999999999600 ) ) ;
#2128 = DIMENSIONAL_EXPONENTS ( 1.000000000000000000, 0.0000000000000000000, 0.0000000000000000000, 0.0000000000000000000, 0.0000000000000000000, 0.0000000000000000000, 0.0000000000000000000 ) ;
#2129 = FACE_OUTER_BOUND ( 'NONE', #2416, .T. ) ;
#2130 = FACE_OUTER_BOUND ( 'NONE', #2554, .T. ) ;
#2131 = STYLED_ITEM ( 'NONE', ( #1263 ), #1558 ) ;
#2132 = DIRECTION ( 'NONE',  ( 0.0000000000000000000, 0.0000000000000000000, -1.000000000000000000 ) ) ;
#2133 = CARTESIAN_POINT ( 'NONE',  ( 0.0000000000000000000, 0.1519999999999999700, -0.03450000000000003800 ) ) ;
#2134 = DIRECTION ( 'NONE',  ( 0.0000000000000000000, 0.0000000000000000000, 1.000000000000000000 ) ) ;
#2135 = EDGE_CURVE ( 'NONE', #982, #2626, #1933, .T. ) ;
#2136 = DIRECTION ( 'NONE',  ( 1.000000000000000000, 0.0000000000000000000, 0.0000000000000000000 ) ) ;
#2137 = EDGE_LOOP ( 'NONE', ( #1190, #486, #722, #249 ) ) ;
#2138 = VECTOR ( 'NONE', #1349, 39.37007874015748100 ) ;
#2139 = FILL_AREA_STYLE ('',( #2126 ) ) ;
#2140 = ORIENTED_EDGE ( 'NONE', *, *, #209, .T. ) ;
#2141 = DIRECTION ( 'NONE',  ( -0.0000000000000000000, -1.000000000000000000, -1.041100607341564000E-016 ) ) ;
#2142 = CARTESIAN_POINT ( 'NONE',  ( 0.0000000000000000000, 0.1519999999999999700, -0.03450000000000003800 ) ) ;
#2143 = LINE ( 'NONE', #52, #2175 ) ;
#2144 = ORIENTED_EDGE ( 'NONE', *, *, #394, .F. ) ;
#2145 = AXIS2_PLACEMENT_3D ( 'NONE', #1099, #1509, #1889 ) ;
#2146 = AXIS2_PLACEMENT_3D ( 'NONE', #494, #110, #501 ) ;
#2147 = CARTESIAN_POINT ( 'NONE',  ( -0.1574999999999999500, -3.634654800264106100E-017, 0.1575000000000000000 ) ) ;
#2148 = CARTESIAN_POINT ( 'NONE',  ( 0.1000000000000000100, 0.01630073525436764900, -0.1875000000000000600 ) ) ;
#2149 = CARTESIAN_POINT ( 'NONE',  ( -0.1028019660394818600, 0.03893212530552284800, -0.1875000000000001400 ) ) ;
#2150 = EDGE_LOOP ( 'NONE', ( #2186, #1918, #1342, #1261, #1341 ) ) ;
#2151 = DIRECTION ( 'NONE',  ( 0.0000000000000000000, 0.0000000000000000000, -1.000000000000000000 ) ) ;
#2152 = ORIENTED_EDGE ( 'NONE', *, *, #1631, .T. ) ;
#2153 = DIRECTION ( 'NONE',  ( 0.0000000000000000000, 0.0000000000000000000, 1.000000000000000000 ) ) ;
#2154 = LINE ( 'NONE', #1082, #1997 ) ;
#2155 = EDGE_CURVE ( 'NONE', #1879, #1697, #1641, .T. ) ;
#2156 = EDGE_LOOP ( 'NONE', ( #2120, #2270, #2028, #967 ) ) ;
#2157 = FACE_OUTER_BOUND ( 'NONE', #1959, .T. ) ;
#2158 = VECTOR ( 'NONE', #1872, 39.37007874015748100 ) ;
#2159 = ORIENTED_EDGE ( 'NONE', *, *, #217, .T. ) ;
#2160 = CARTESIAN_POINT ( 'NONE',  ( 0.1000000000000000100, -0.1499999999999999100, -0.2000000000000000400 ) ) ;
#2161 = VECTOR ( 'NONE', #1457, 39.37007874015748100 ) ;
#2162 = DIRECTION ( 'NONE',  ( 0.0000000000000000000, 0.0000000000000000000, 1.000000000000000000 ) ) ;
#2163 = DIRECTION ( 'NONE',  ( 2.126576849575811400E-017, 0.9848077530122074700, -0.1736481776669336100 ) ) ;
#2164 = CARTESIAN_POINT ( 'NONE',  ( 4.229007020140265900E-019, -0.1499999999999999100, 0.2000000000000000400 ) ) ;
#2165 = DIRECTION ( 'NONE',  ( -1.224646799147353000E-016, 0.0000000000000000000, -1.000000000000000000 ) ) ;
#2166 = DIRECTION ( 'NONE',  ( 0.0000000000000000000, -2.140946703498639900E-016, 1.000000000000000000 ) ) ;
#2167 = VERTEX_POINT ( 'NONE', #999 ) ;
#2168 = AXIS2_PLACEMENT_3D ( 'NONE', #1088, #2299, #1683 ) ;
#2169 = COLOUR_RGB ( '',0.0000000000000000000, 0.0000000000000000000, 1.000000000000000000 ) ;
#2170 = CARTESIAN_POINT ( 'NONE',  ( 0.0000000000000000000, 0.1899999999999999700, -0.03450000000000003800 ) ) ;
#2171 = VECTOR ( 'NONE', #483, 39.37007874015748100 ) ;
#2172 = ORIENTED_EDGE ( 'NONE', *, *, #1379, .T. ) ;
#2173 = EDGE_CURVE ( 'NONE', #2264, #1131, #1811, .T. ) ;
#2174 = CARTESIAN_POINT ( 'NONE',  ( -0.1000000000000000100, -0.1306255668237045800, -0.2000000000000000400 ) ) ;
#2175 = VECTOR ( 'NONE', #2548, 39.37007874015748100 ) ;
#2176 = DIRECTION ( 'NONE',  ( 0.0000000000000000000, 0.0000000000000000000, -1.000000000000000000 ) ) ;
#2177 = ORIENTED_EDGE ( 'NONE', *, *, #155, .F. ) ;
#2178 = CARTESIAN_POINT ( 'NONE',  ( -1.224646799147353400E-018, 0.009499999999999959900, 0.1795000000000000200 ) ) ;
#2179 = ORIENTED_EDGE ( 'NONE', *, *, #1063, .F. ) ;
#2180 = VERTEX_POINT ( 'NONE', #365 ) ;
#2181 = FACE_OUTER_BOUND ( 'NONE', #1441, .T. ) ;
#2182 = DIMENSIONAL_EXPONENTS ( 1.000000000000000000, 0.0000000000000000000, 0.0000000000000000000, 0.0000000000000000000, 0.0000000000000000000, 0.0000000000000000000, 0.0000000000000000000 ) ;
#2183 = AXIS2_PLACEMENT_3D ( 'NONE', #1338, #487, #1541 ) ;
#2184 = DIRECTION ( 'NONE',  ( 0.0000000000000000000, 1.000000000000000000, -2.276539994720219500E-015 ) ) ;
#2185 = ORIENTED_EDGE ( 'NONE', *, *, #78, .T. ) ;
#2186 = ORIENTED_EDGE ( 'NONE', *, *, #375, .T. ) ;
#2187 = ORIENTED_EDGE ( 'NONE', *, *, #1924, .T. ) ;
#2188 = AXIS2_PLACEMENT_3D ( 'NONE', #874, #79, #88 ) ;
#2189 = ORIENTED_EDGE ( 'NONE', *, *, #538, .T. ) ;
#2190 = DIRECTION ( 'NONE',  ( -1.422837496700136700E-016, 0.0000000000000000000, -1.000000000000000000 ) ) ;
#2191 = FACE_OUTER_BOUND ( 'NONE', #765, .T. ) ;
#2192 = FACE_OUTER_BOUND ( 'NONE', #905, .T. ) ;
#2193 = ORIENTED_EDGE ( 'NONE', *, *, #674, .T. ) ;
#2194 = COLOUR_RGB ( '',0.7921568627450980000, 0.8196078431372548800, 0.9333333333333333500 ) ;
#2195 = CARTESIAN_POINT ( 'NONE',  ( -0.1000000000000000100, 0.009499999999999961600, -0.2100000000000000200 ) ) ;
#2196 = CARTESIAN_POINT ( 'NONE',  ( 0.01499999999999999100, 0.1520000000000000000, -0.01950000000000003800 ) ) ;
#2197 = CARTESIAN_POINT ( 'NONE',  ( 0.1098730931898176700, 0.02508643340019516700, -0.1874999999999999700 ) ) ;
#2198 = AXIS2_PLACEMENT_3D ( 'NONE', #210, #1032, #1433 ) ;
#2199 = EDGE_CURVE ( 'NONE', #331, #1463, #1173, .T. ) ;
#2200 = DIRECTION ( 'NONE',  ( 1.897116662266849000E-016, 0.0000000000000000000, 1.000000000000000000 ) ) ;
#2201 = DIRECTION ( 'NONE',  ( -1.000000000000000000, 0.0000000000000000000, -0.0000000000000000000 ) ) ;
#2202 = ORIENTED_EDGE ( 'NONE', *, *, #2199, .T. ) ;
#2203 = DIRECTION ( 'NONE',  ( 0.0000000000000000000, 1.000000000000000000, 0.0000000000000000000 ) ) ;
#2204 = EDGE_CURVE ( 'NONE', #1920, #1728, #1868, .T. ) ;
#2205 = VERTEX_POINT ( 'NONE', #1227 ) ;
#2206 = CARTESIAN_POINT ( 'NONE',  ( 0.1000000000000000100, 0.009499999999999959900, -0.2000000000000000100 ) ) ;
#2207 = VECTOR ( 'NONE', #1836, 39.37007874015748900 ) ;
#2208 = CARTESIAN_POINT ( 'NONE',  ( -0.1874999999999999400, -3.634654800264106100E-017, 0.1575000000000000000 ) ) ;
#2209 = DIRECTION ( 'NONE',  ( -0.0000000000000000000, -1.000000000000000000, -0.0000000000000000000 ) ) ;
#2210 = DIRECTION ( 'NONE',  ( 0.0000000000000000000, 0.0000000000000000000, 1.000000000000000000 ) ) ;
#2211 = ORIENTED_EDGE ( 'NONE', *, *, #2586, .F. ) ;
#2212 = DIRECTION ( 'NONE',  ( -1.000000000000000000, -0.0000000000000000000, 0.0000000000000000000 ) ) ;
#2213 = ORIENTED_EDGE ( 'NONE', *, *, #973, .F. ) ;
#2214 = VERTEX_POINT ( 'NONE', #2655 ) ;
#2215 = DIRECTION ( 'NONE',  ( 0.0000000000000000000, 0.0000000000000000000, 1.000000000000000000 ) ) ;
#2216 = DIRECTION ( 'NONE',  ( 0.0000000000000000000, -1.000000000000000000, 2.140946703498640200E-016 ) ) ;
#2217 = EDGE_LOOP ( 'NONE', ( #667, #415, #1259, #638, #1532 ) ) ;
#2218 = AXIS2_PLACEMENT_3D ( 'NONE', #2491, #1681, #1865 ) ;
#2219 = FACE_OUTER_BOUND ( 'NONE', #758, .T. ) ;
#2220 = PRESENTATION_STYLE_ASSIGNMENT (( #565 ) ) ;
#2221 = EDGE_CURVE ( 'NONE', #2437, #1100, #556, .T. ) ;
#2222 = LINE ( 'NONE', #2497, #751 ) ;
#2223 = CARTESIAN_POINT ( 'NONE',  ( -0.1574999999999999500, 0.01499999999999996300, -0.1575000000000000600 ) ) ;
#2224 = CARTESIAN_POINT ( 'NONE',  ( 0.1087932721376054200, 0.02241175693656691600, -0.1875000000000000300 ) ) ;
#2225 = AXIS2_PLACEMENT_3D ( 'NONE', #881, #2277, #2305 ) ;
#2226 = DIRECTION ( 'NONE',  ( 0.0000000000000000000, 0.0000000000000000000, -1.000000000000000000 ) ) ;
#2227 = CARTESIAN_POINT ( 'NONE',  ( -0.1574999999999999500, 0.0000000000000000000, -0.1575000000000000300 ) ) ;
#2228 = ORIENTED_EDGE ( 'NONE', *, *, #1039, .F. ) ;
#2229 = EDGE_CURVE ( 'NONE', #1348, #1460, #919, .T. ) ;
#2230 = VECTOR ( 'NONE', #2619, 39.37007874015748100 ) ;
#2231 = CARTESIAN_POINT ( 'NONE',  ( 0.1575000000000000800, 0.01499999999999996300, -0.1875000000000000300 ) ) ;
#2232 = FACE_OUTER_BOUND ( 'NONE', #977, .T. ) ;
#2233 = AXIS2_PLACEMENT_3D ( 'NONE', #2623, #2425, #376 ) ;
#2234 =( CONVERSION_BASED_UNIT ( 'INCH', #47 ) LENGTH_UNIT ( ) NAMED_UNIT ( #1166 ) );
#2235 = ORIENTED_EDGE ( 'NONE', *, *, #1416, .F. ) ;
#2236 = CYLINDRICAL_SURFACE ( 'NONE', #1116, 0.009999999999999995000 ) ;
#2237 = CARTESIAN_POINT ( 'NONE',  ( 0.1000000000000000100, -0.1499999999999999100, -0.2000000000000000400 ) ) ;
#2238 = CARTESIAN_POINT ( 'NONE',  ( 0.02500000000000000100, 0.1799999999999999900, 0.005499999999999965000 ) ) ;
#2239 = ORIENTED_EDGE ( 'NONE', *, *, #1931, .T. ) ;
#2240 = DIRECTION ( 'NONE',  ( 0.0000000000000000000, 1.000000000000000000, 0.0000000000000000000 ) ) ;
#2241 = EDGE_LOOP ( 'NONE', ( #49, #1326 ) ) ;
#2242 = CIRCLE ( 'NONE', #522, 0.01049999999999999700 ) ;
#2243 = EDGE_CURVE ( 'NONE', #1483, #1827, #2479, .T. ) ;
#2244 = EDGE_LOOP ( 'NONE', ( #773, #1324, #537, #2124 ) ) ;
#2245 = AXIS2_PLACEMENT_3D ( 'NONE', #1384, #2210, #2638 ) ;
#2246 = EDGE_CURVE ( 'NONE', #1856, #1953, #226, .T. ) ;
#2247 = CARTESIAN_POINT ( 'NONE',  ( -0.02500000000000000100, 0.1799999999999999900, 0.005499999999999965000 ) ) ;
#2248 = ORIENTED_EDGE ( 'NONE', *, *, #63, .F. ) ;
#2249 = DIRECTION ( 'NONE',  ( 1.000000000000000000, 0.0000000000000000000, -0.0000000000000000000 ) ) ;
#2250 = ORIENTED_EDGE ( 'NONE', *, *, #2358, .T. ) ;
#2251 = DIRECTION ( 'NONE',  ( -1.000000000000000000, 0.0000000000000000000, -0.0000000000000000000 ) ) ;
#2252 = ORIENTED_EDGE ( 'NONE', *, *, #25, .T. ) ;
#2253 = CARTESIAN_POINT ( 'NONE',  ( 0.0000000000000000000, 0.1879999999999996700, -0.03450000000000003800 ) ) ;
#2254 = EDGE_CURVE ( 'NONE', #1100, #1827, #778, .T. ) ;
#2255 = ORIENTED_EDGE ( 'NONE', *, *, #2020, .F. ) ;
#2256 = VECTOR ( 'NONE', #786, 39.37007874015748100 ) ;
#2257 = LINE ( 'NONE', #1613, #2484 ) ;
#2258 = VERTEX_POINT ( 'NONE', #827 ) ;
#2259 = DIRECTION ( 'NONE',  ( -0.0000000000000000000, 1.000000000000000000, -0.0000000000000000000 ) ) ;
#2260 = SURFACE_STYLE_FILL_AREA ( #1298 ) ;
#2261 = CARTESIAN_POINT ( 'NONE',  ( -0.1874999999999999400, -3.634654800264106100E-017, 0.1575000000000000000 ) ) ;
#2262 = AXIS2_PLACEMENT_3D ( 'NONE', #1318, #85, #692 ) ;
#2263 = ADVANCED_FACE ( 'NONE', ( #18 ), #1834, .F. ) ;
#2264 = VERTEX_POINT ( 'NONE', #599 ) ;
#2265 = CARTESIAN_POINT ( 'NONE',  ( 0.0000000000000000000, 0.1899999999999999700, -0.03450000000000003800 ) ) ;
#2266 = DIRECTION ( 'NONE',  ( 0.0000000000000000000, 1.000000000000000000, 0.0000000000000000000 ) ) ;
#2267 = DIRECTION ( 'NONE',  ( 1.000000000000000000, 0.0000000000000000000, 0.0000000000000000000 ) ) ;
#2268 = SURFACE_STYLE_FILL_AREA ( #1203 ) ;
#2269 =( GEOMETRIC_REPRESENTATION_CONTEXT ( 3 ) GLOBAL_UNCERTAINTY_ASSIGNED_CONTEXT ( ( #1474 ) ) GLOBAL_UNIT_ASSIGNED_CONTEXT ( ( #1919, #1134, #496 ) ) REPRESENTATION_CONTEXT ( 'NONE', 'WORKASPACE' ) );
#2270 = ORIENTED_EDGE ( 'NONE', *, *, #963, .F. ) ;
#2271 = ORIENTED_EDGE ( 'NONE', *, *, #2606, .T. ) ;
#2272 = ADVANCED_FACE ( 'NONE', ( #618 ), #2058, .T. ) ;
#2273 = VERTEX_POINT ( 'NONE', #1037 ) ;
#2274 = VECTOR ( 'NONE', #449, 39.37007874015748100 ) ;
#2275 = EDGE_CURVE ( 'NONE', #2480, #214, #1110, .T. ) ;
#2276 = DIRECTION ( 'NONE',  ( 1.000000000000000000, 0.0000000000000000000, -0.0000000000000000000 ) ) ;
#2277 = DIRECTION ( 'NONE',  ( 9.485583311334251000E-017, 0.0000000000000000000, 1.000000000000000000 ) ) ;
#2278 = ORIENTED_EDGE ( 'NONE', *, *, #1514, .T. ) ;
#2279 = ORIENTED_EDGE ( 'NONE', *, *, #1231, .F. ) ;
#2280 = AXIS2_PLACEMENT_3D ( 'NONE', #2265, #2240, #224 ) ;
#2281 = AXIS2_PLACEMENT_3D ( 'NONE', #1180, #2610, #160 ) ;
#2282 = DIRECTION ( 'NONE',  ( 0.0000000000000000000, -1.070473351749320500E-016, -1.000000000000000000 ) ) ;
#2283 = CARTESIAN_POINT ( 'NONE',  ( 0.1875000000000000800, 0.1899999999999999700, 0.1874999999999999700 ) ) ;
#2284 = ADVANCED_FACE ( 'NONE', ( #2130 ), #2455, .F. ) ;
#2285 = DIRECTION ( 'NONE',  ( -0.0000000000000000000, -1.000000000000000000, -2.140946703498640200E-016 ) ) ;
#2286 = CIRCLE ( 'NONE', #444, 0.05000000000000001000 ) ;
#2287 = DIRECTION ( 'NONE',  ( 0.0000000000000000000, -1.000000000000000000, 0.0000000000000000000 ) ) ;
#2288 = TOROIDAL_SURFACE ( 'NONE', #484, -0.03999999999999998000, 0.05000000000000000300 ) ;
#2289 = FACE_OUTER_BOUND ( 'NONE', #292, .T. ) ;
#2290 = FACE_OUTER_BOUND ( 'NONE', #1653, .T. ) ;
#2291 = ADVANCED_FACE ( 'NONE', ( #1523 ), #225, .T. ) ;
#2292 = ORIENTED_EDGE ( 'NONE', *, *, #534, .T. ) ;
#2293 = CARTESIAN_POINT ( 'NONE',  ( -0.1574999999999999500, 0.0000000000000000000, 0.1724999999999999600 ) ) ;
#2294 = EDGE_CURVE ( 'NONE', #543, #2258, #1453, .T. ) ;
#2295 = ADVANCED_FACE ( 'NONE', ( #892 ), #1246, .F. ) ;
#2296 = AXIS2_PLACEMENT_3D ( 'NONE', #1905, #2483, #2184 ) ;
#2297 = ORIENTED_EDGE ( 'NONE', *, *, #1379, .F. ) ;
#2298 = FACE_OUTER_BOUND ( 'NONE', #2217, .T. ) ;
#2299 = DIRECTION ( 'NONE',  ( 0.0000000000000000000, -1.000000000000000000, 0.0000000000000000000 ) ) ;
#2300 = ORIENTED_EDGE ( 'NONE', *, *, #1250, .F. ) ;
#2301 = ORIENTED_EDGE ( 'NONE', *, *, #1448, .T. ) ;
#2302 = VERTEX_POINT ( 'NONE', #1238 ) ;
#2303 = CIRCLE ( 'NONE', #2218, 0.009240387650610377300 ) ;
#2304 = ORIENTED_EDGE ( 'NONE', *, *, #1277, .F. ) ;
#2305 = DIRECTION ( 'NONE',  ( 1.000000000000000000, 0.0000000000000000000, -9.485583311334251000E-017 ) ) ;
#2306 = ORIENTED_EDGE ( 'NONE', *, *, #1504, .T. ) ;
#2307 = VECTOR ( 'NONE', #2470, 39.37007874015748100 ) ;
#2308 = AXIS2_PLACEMENT_3D ( 'NONE', #1274, #1869, #2069 ) ;
#2309 = CARTESIAN_POINT ( 'NONE',  ( 0.0000000000000000000, 0.009499999999999959900, 0.2000000000000000100 ) ) ;
#2310 = DIRECTION ( 'NONE',  ( -0.0000000000000000000, -1.000000000000000000, -2.140946703498640700E-016 ) ) ;
#2311 = ADVANCED_FACE ( 'NONE', ( #1810 ), #1466, .F. ) ;
#2312 = ORIENTED_EDGE ( 'NONE', *, *, #1687, .T. ) ;
#2313 = DIRECTION ( 'NONE',  ( 0.0000000000000000000, 0.9848077530122074700, -0.1736481776669336100 ) ) ;
#2314 = EDGE_CURVE ( 'NONE', #2258, #543, #300, .T. ) ;
#2315 = VERTEX_POINT ( 'NONE', #1275 ) ;
#2316 = CARTESIAN_POINT ( 'NONE',  ( 0.0000000000000000000, 0.1299999999999999800, -0.03450000000000003800 ) ) ;
#2317 = ORIENTED_EDGE ( 'NONE', *, *, #394, .T. ) ;
#2318 = CARTESIAN_POINT ( 'NONE',  ( 0.09719360819515411600, 0.03893212530552282700, -0.1875000000000000600 ) ) ;
#2319 = ORIENTED_EDGE ( 'NONE', *, *, #355, .T. ) ;
#2320 = AXIS2_PLACEMENT_3D ( 'NONE', #1748, #1178, #1575 ) ;
#2321 = CARTESIAN_POINT ( 'NONE',  ( -0.1000000000000000100, -0.1306255668237045200, -0.1900000000000000600 ) ) ;
#2322 = CONICAL_SURFACE ( 'NONE', #2033, 0.05999999999999999800, 0.7853981633974505000 ) ;
#2323 = DIRECTION ( 'NONE',  ( 0.0000000000000000000, 0.0000000000000000000, -1.000000000000000000 ) ) ;
#2324 = AXIS2_PLACEMENT_3D ( 'NONE', #1923, #1513, #283 ) ;
#2325 = DIRECTION ( 'NONE',  ( 0.0000000000000000000, 1.000000000000000000, 0.0000000000000000000 ) ) ;
#2326 = DIRECTION ( 'NONE',  ( 1.000000000000000000, -2.621903527584687100E-032, -1.224646799147353200E-016 ) ) ;
#2327 = B_SPLINE_CURVE_WITH_KNOTS ( 'NONE', 3,
 ( #1787, #1607, #2423, #591, #1196, #2197, #2224, #374, #154, #2024, #760, #1383 ),
 .UNSPECIFIED., .F., .F.,
 ( 4, 2, 2, 2, 2, 4 ),
 ( 0.0007907351724405544400, 0.001000890699490348600, 0.001211046226540142900, 0.001421201753589937000, 0.001526279517114833800, 0.001631357280639730600 ),
 .UNSPECIFIED. ) ;
#2328 = CARTESIAN_POINT ( 'NONE',  ( -0.1000000000000000100, 0.03893212530552282700, -0.1875000000000000600 ) ) ;
#2329 = DIRECTION ( 'NONE',  ( 1.000000000000000000, 0.0000000000000000000, 0.0000000000000000000 ) ) ;
#2330 = VERTEX_POINT ( 'NONE', #863 ) ;
#2331 = AXIS2_PLACEMENT_3D ( 'NONE', #660, #2103, #268 ) ;
#2332 = CARTESIAN_POINT ( 'NONE',  ( -0.1000000000000000100, -0.1393079757070512800, -0.2000000000000000400 ) ) ;
#2333 = EDGE_CURVE ( 'NONE', #1635, #2626, #1998, .T. ) ;
#2334 = ORIENTED_EDGE ( 'NONE', *, *, #1632, .T. ) ;
#2335 = CARTESIAN_POINT ( 'NONE',  ( 0.0000000000000000000, 0.1299999999999999800, 0.02549999999999996400 ) ) ;
#2336 = LINE ( 'NONE', #1165, #1467 ) ;
#2337 = PLANE ( 'NONE',  #659 ) ;
#2338 = DIRECTION ( 'NONE',  ( 0.0000000000000000000, 1.000000000000000000, -0.0000000000000000000 ) ) ;
#2339 = DIRECTION ( 'NONE',  ( 0.0000000000000000000, -2.140946703498639900E-016, 1.000000000000000000 ) ) ;
#2340 = EDGE_CURVE ( 'NONE', #2475, #2025, #1065, .T. ) ;
#2341 = EDGE_LOOP ( 'NONE', ( #2213, #442, #359, #1760 ) ) ;
#2342 = VERTEX_POINT ( 'NONE', #2104 ) ;
#2343 = EDGE_LOOP ( 'NONE', ( #1102, #1045, #2654, #384, #2026 ) ) ;
#2344 = SURFACE_STYLE_USAGE ( .BOTH. , #313 ) ;
#2345 = CARTESIAN_POINT ( 'NONE',  ( -0.1574999999999999500, 0.0000000000000000000, -0.1575000000000000300 ) ) ;
#2346 = CARTESIAN_POINT ( 'NONE',  ( 0.01499999999999999800, 0.1899999999999999700, 0.02152677931132569000 ) ) ;
#2347 = VECTOR ( 'NONE', #2634, 39.37007874015748100 ) ;
#2348 = CIRCLE ( 'NONE', #2523, 0.05799999999999996800 ) ;
#2349 = VERTEX_POINT ( 'NONE', #1308 ) ;
#2350 = CARTESIAN_POINT ( 'NONE',  ( -0.1000000000000000100, -0.1306255668237045800, -0.2400000000000000500 ) ) ;
#2351 = LINE ( 'NONE', #2005, #1813 ) ;
#2352 = COLOUR_RGB ( '',1.000000000000000000, 1.000000000000000000, 1.000000000000000000 ) ;
#2353 = CARTESIAN_POINT ( 'NONE',  ( -0.1574999999999999500, 0.0000000000000000000, 0.1575000000000000000 ) ) ;
#2354 = PLANE ( 'NONE',  #2146 ) ;
#2355 = CARTESIAN_POINT ( 'NONE',  ( 0.0000000000000000000, 0.1899999999999999700, -0.03450000000000003800 ) ) ;
#2356 = AXIS2_PLACEMENT_3D ( 'NONE', #2362, #1360, #104 ) ;
#2357 = CARTESIAN_POINT ( 'NONE',  ( -0.1574999999999999500, 0.0000000000000000000, -0.1875000000000000300 ) ) ;
#2358 = EDGE_CURVE ( 'NONE', #2038, #568, #127, .T. ) ;
#2359 = EDGE_LOOP ( 'NONE', ( #139, #170, #301, #1411 ) ) ;
#2360 = FACE_OUTER_BOUND ( 'NONE', #1629, .T. ) ;
#2361 = ORIENTED_EDGE ( 'NONE', *, *, #1365, .F. ) ;
#2362 = CARTESIAN_POINT ( 'NONE',  ( -0.1874999999999999400, 0.01500000000000000300, -0.1575000000000000600 ) ) ;
#2363 = LINE ( 'NONE', #647, #654 ) ;
#2364 = ORIENTED_EDGE ( 'NONE', *, *, #339, .F. ) ;
#2365 = LINE ( 'NONE', #1991, #1826 ) ;
#2366 = EDGE_LOOP ( 'NONE', ( #443, #1142, #804, #231 ) ) ;
#2367 = EDGE_LOOP ( 'NONE', ( #2228, #1282, #1284, #2086, #877, #2255, #1405, #77, #552, #2061, #1568, #2435 ) ) ;
#2368 = AXIS2_PLACEMENT_3D ( 'NONE', #310, #1322, #2132 ) ;
#2369 = AXIS2_PLACEMENT_3D ( 'NONE', #1315, #1926, #2538 ) ;
#2370 = DIRECTION ( 'NONE',  ( 0.0000000000000000000, -1.000000000000000000, 1.070473351749320300E-016 ) ) ;
#2371 = FACE_OUTER_BOUND ( 'NONE', #251, .T. ) ;
#2372 = CARTESIAN_POINT ( 'NONE',  ( 0.0000000000000000000, 0.03999999999999996600, 0.1795000000000000200 ) ) ;
#2373 = DIRECTION ( 'NONE',  ( 0.0000000000000000000, -0.0000000000000000000, -1.000000000000000000 ) ) ;
#2374 = EDGE_CURVE ( 'NONE', #1131, #2205, #2459, .T. ) ;
#2375 =( LENGTH_UNIT ( ) NAMED_UNIT ( * ) SI_UNIT ( $, .METRE. ) );
#2376 = EDGE_LOOP ( 'NONE', ( #37, #2589, #2637, #540 ) ) ;
#2377 = DIRECTION ( 'NONE',  ( -0.0000000000000000000, -1.000000000000000000, -2.140946703498640200E-016 ) ) ;
#2378 = AXIS2_PLACEMENT_3D ( 'NONE', #974, #2394, #774 ) ;
#2379 = DIRECTION ( 'NONE',  ( 0.0000000000000000000, 0.0000000000000000000, -1.000000000000000000 ) ) ;
#2380 = ORIENTED_EDGE ( 'NONE', *, *, #2294, .F. ) ;
#2381 = CARTESIAN_POINT ( 'NONE',  ( -0.1574999999999999500, 0.01499999999999996300, -0.1875000000000000300 ) ) ;
#2382 = EDGE_LOOP ( 'NONE', ( #1468, #148, #372, #1545, #2503 ) ) ;
#2383 = EDGE_CURVE ( 'NONE', #1804, #636, #1565, .T. ) ;
#2384 = DIRECTION ( 'NONE',  ( 1.000000000000000000, -0.0000000000000000000, -0.0000000000000000000 ) ) ;
#2385 = DIRECTION ( 'NONE',  ( 0.0000000000000000000, 0.0000000000000000000, -1.000000000000000000 ) ) ;
#2386 = VERTEX_POINT ( 'NONE', #1678 ) ;
#2387 = CARTESIAN_POINT ( 'NONE',  ( 7.347880794884116800E-018, 0.1299999999999999800, -0.09450000000000004200 ) ) ;
#2388 = CIRCLE ( 'NONE', #34, 0.06000000000000001200 ) ;
#2389 = VECTOR ( 'NONE', #1914, 39.37007874015748100 ) ;
#2390 = AXIS2_PLACEMENT_3D ( 'NONE', #1061, #1461, #2486 ) ;
#2391 = EDGE_CURVE ( 'NONE', #1296, #730, #1530, .T. ) ;
#2392 = VECTOR ( 'NONE', #1708, 39.37007874015748900 ) ;
#2393 = ORIENTED_EDGE ( 'NONE', *, *, #453, .T. ) ;
#2394 = DIRECTION ( 'NONE',  ( 0.0000000000000000000, 1.000000000000000000, 0.0000000000000000000 ) ) ;
#2395 = DIRECTION ( 'NONE',  ( -0.0000000000000000000, -1.000000000000000000, -1.070473351749320300E-016 ) ) ;
#2396 = EDGE_CURVE ( 'NONE', #1215, #1771, #1618, .T. ) ;
#2397 = CARTESIAN_POINT ( 'NONE',  ( 0.0000000000000000000, 0.0000000000000000000, 0.0000000000000000000 ) ) ;
#2398 = DIRECTION ( 'NONE',  ( 0.0000000000000000000, -1.000000000000000000, -2.140946703498640200E-016 ) ) ;
#2399 = EDGE_CURVE ( 'NONE', #1856, #571, #791, .T. ) ;
#2400 = ORIENTED_EDGE ( 'NONE', *, *, #588, .F. ) ;
#2401 = AXIS2_PLACEMENT_3D ( 'NONE', #2206, #2597, #2402 ) ;
#2402 = DIRECTION ( 'NONE',  ( 0.0000000000000000000, -2.134256245050206700E-016, 1.000000000000000000 ) ) ;
#2403 = ORIENTED_EDGE ( 'NONE', *, *, #2383, .F. ) ;
#2404 = CARTESIAN_POINT ( 'NONE',  ( -0.1000000000000000100, -0.1499999999999999100, -0.2000000000000000400 ) ) ;
#2405 = TOROIDAL_SURFACE ( 'NONE', #1891, 0.006515995658195872900, 0.001000000000000000000 ) ;
#2406 = CARTESIAN_POINT ( 'NONE',  ( 0.0000000000000000000, 0.009499999999999959900, 0.1900000000000000300 ) ) ;
#2407 = DIRECTION ( 'NONE',  ( 0.0000000000000000000, 1.000000000000000000, -0.0000000000000000000 ) ) ;
#2408 = EDGE_LOOP ( 'NONE', ( #1001, #463, #799, #1429, #559 ) ) ;
#2409 = LINE ( 'NONE', #1130, #1859 ) ;
#2410 = AXIS2_PLACEMENT_3D ( 'NONE', #2355, #2533, #1927 ) ;
#2411 = DIRECTION ( 'NONE',  ( 0.0000000000000000000, 0.0000000000000000000, -1.000000000000000000 ) ) ;
#2412 = ORIENTED_EDGE ( 'NONE', *, *, #2229, .F. ) ;
#2413 = CARTESIAN_POINT ( 'NONE',  ( 0.0000000000000000000, 0.1899999999999999700, -0.03450000000000003800 ) ) ;
#2414 = ORIENTED_EDGE ( 'NONE', *, *, #823, .T. ) ;
#2415 = EDGE_CURVE ( 'NONE', #1515, #2488, #1122, .T. ) ;
#2416 = EDGE_LOOP ( 'NONE', ( #11, #807, #1737, #516 ) ) ;
#2417 = DIRECTION ( 'NONE',  ( 0.0000000000000000000, 0.0000000000000000000, 1.000000000000000000 ) ) ;
#2418 = CIRCLE ( 'NONE', #1191, 0.06000000000000001200 ) ;
#2419 = ORIENTED_EDGE ( 'NONE', *, *, #2199, .F. ) ;
#2420 = DIRECTION ( 'NONE',  ( 0.0000000000000000000, -2.276539994720219500E-015, -1.000000000000000000 ) ) ;
#2421 = LINE ( 'NONE', #1592, #2644 ) ;
#2422 = APPLICATION_PROTOCOL_DEFINITION ( 'draft international standard', 'automotive_design', 1998, #1620 ) ;
#2423 = CARTESIAN_POINT ( 'NONE',  ( 0.1055269849869148500, 0.03765178123224958300, -0.1875000000000000600 ) ) ;
#2424 = PRESENTATION_LAYER_ASSIGNMENT (  '', '', ( #808 ) ) ;
#2425 = DIRECTION ( 'NONE',  ( -0.0000000000000000000, -0.0000000000000000000, 1.000000000000000000 ) ) ;
#2426 = CARTESIAN_POINT ( 'NONE',  ( 0.05809475019311125700, 0.1519999999999999700, -0.01950000000000003800 ) ) ;
#2427 = CIRCLE ( 'NONE', #346, 0.005000000000000001800 ) ;
#2428 = APPLICATION_CONTEXT ( 'automotive_design' ) ;
#2429 = CARTESIAN_POINT ( 'NONE',  ( -0.1574999999999999500, 0.01499999999999996300, 0.1575000000000000000 ) ) ;
#2430 = DIRECTION ( 'NONE',  ( 0.0000000000000000000, 0.0000000000000000000, 1.000000000000000000 ) ) ;
#2431 = ORIENTED_EDGE ( 'NONE', *, *, #182, .F. ) ;
#2432 = VECTOR ( 'NONE', #1750, 39.37007874015748100 ) ;
#2433 = UNCERTAINTY_MEASURE_WITH_UNIT (LENGTH_MEASURE( 1.000000000000000100E-005 ), #2234, 'distance_accuracy_value', 'NONE');
#2434 = VERTEX_POINT ( 'NONE', #48 ) ;
#2435 = ORIENTED_EDGE ( 'NONE', *, *, #783, .T. ) ;
#2436 = CARTESIAN_POINT ( 'NONE',  ( -0.1574999999999999500, 0.1899999999999999700, 0.1874999999999999700 ) ) ;
#2437 = VERTEX_POINT ( 'NONE', #900 ) ;
#2438 = EDGE_CURVE ( 'NONE', #1603, #2273, #1501, .T. ) ;
#2439 = CIRCLE ( 'NONE', #2262, 0.005000000000000001800 ) ;
#2440 = ORIENTED_EDGE ( 'NONE', *, *, #2246, .F. ) ;
#2441 = EDGE_LOOP ( 'NONE', ( #2575, #2152, #635, #267, #1762, #212, #1, #2021, #2067, #1986, #1471, #700, #975, #671 ) ) ;
#2442 = ORIENTED_EDGE ( 'NONE', *, *, #2114, .F. ) ;
#2443 = CIRCLE ( 'NONE', #721, 0.007500803411208086100 ) ;
#2444 = AXIS2_PLACEMENT_3D ( 'NONE', #2065, #629, #1845 ) ;
#2445 = CARTESIAN_POINT ( 'NONE',  ( 0.0000000000000000000, 0.1299999999999999800, -0.03450000000000003800 ) ) ;
#2446 = CARTESIAN_POINT ( 'NONE',  ( -0.1874999999999999400, 0.1899999999999999700, 0.1874999999999999700 ) ) ;
#2447 = EDGE_LOOP ( 'NONE', ( #1479, #126, #1912, #580 ) ) ;
#2448 = EDGE_LOOP ( 'NONE', ( #2607, #141, #1835, #343 ) ) ;
#2449 = CARTESIAN_POINT ( 'NONE',  ( 0.02500000000000000100, 0.1899999999999999700, 0.0004999999999999630400 ) ) ;
#2450 = VERTEX_POINT ( 'NONE', #2321 ) ;
#2451 =( NAMED_UNIT ( * ) SI_UNIT ( $, .STERADIAN. ) SOLID_ANGLE_UNIT ( ) );
#2452 = DIRECTION ( 'NONE',  ( -0.0000000000000000000, -1.000000000000000000, -2.140946703498640700E-016 ) ) ;
#2453 = EDGE_LOOP ( 'NONE', ( #2248, #2431, #603, #1014 ) ) ;
#2454 = AXIS2_PLACEMENT_3D ( 'NONE', #2238, #1053, #1623 ) ;
#2455 = PLANE ( 'NONE',  #822 ) ;
#2456 = FACE_OUTER_BOUND ( 'NONE', #825, .T. ) ;
#2457 = DIRECTION ( 'NONE',  ( 0.0000000000000000000, 1.000000000000000000, 0.0000000000000000000 ) ) ;
#2458 = EDGE_CURVE ( 'NONE', #2349, #1736, #2555, .T. ) ;
#2459 = LINE ( 'NONE', #246, #2274 ) ;
#2460 = AXIS2_PLACEMENT_3D ( 'NONE', #1150, #1345, #1356 ) ;
#2461 = CARTESIAN_POINT ( 'NONE',  ( 0.0000000000000000000, 0.1879999999999996700, 0.02549999999999996400 ) ) ;
#2462 = VERTEX_POINT ( 'NONE', #2148 ) ;
#2463 = ADVANCED_FACE ( 'NONE', ( #2360 ), #535, .T. ) ;
#2464 = SURFACE_STYLE_FILL_AREA ( #2139 ) ;
#2465 = EDGE_LOOP ( 'NONE', ( #937, #1357, #2159, #185 ) ) ;
#2466 = EDGE_CURVE ( 'NONE', #1030, #2070, #1404, .T. ) ;
#2467 = CIRCLE ( 'NONE', #648, 0.009999999999999995000 ) ;
#2468 = DIRECTION ( 'NONE',  ( 0.0000000000000000000, 1.000000000000000000, -2.276539994720219200E-015 ) ) ;
#2469 = CONICAL_SURFACE ( 'NONE', #2378, 0.007355095289373152000, 0.1745329251994362800 ) ;
#2470 = DIRECTION ( 'NONE',  ( 0.0000000000000000000, 0.0000000000000000000, -1.000000000000000000 ) ) ;
#2471 = EDGE_CURVE ( 'NONE', #1212, #1721, #858, .T. ) ;
#2472 = PLANE ( 'NONE',  #2198 ) ;
#2473 = DIRECTION ( 'NONE',  ( 0.0000000000000000000, 0.0000000000000000000, -1.000000000000000000 ) ) ;
#2474 = ADVANCED_FACE ( 'NONE', ( #904 ), #2337, .T. ) ;
#2475 = VERTEX_POINT ( 'NONE', #119 ) ;
#2476 = CARTESIAN_POINT ( 'NONE',  ( -0.01500000000000001200, 0.1899999999999999700, -0.01950000000000003800 ) ) ;
#2477 = VERTEX_POINT ( 'NONE', #682 ) ;
#2478 = LINE ( 'NONE', #1480, #706 ) ;
#2479 = LINE ( 'NONE', #200, #2612 ) ;
#2480 = VERTEX_POINT ( 'NONE', #1145 ) ;
#2481 = FACE_OUTER_BOUND ( 'NONE', #775, .T. ) ;
#2482 = EDGE_CURVE ( 'NONE', #1301, #792, #1652, .T. ) ;
#2483 = DIRECTION ( 'NONE',  ( 0.0000000000000000000, -2.276539994720219500E-015, -1.000000000000000000 ) ) ;
#2484 = VECTOR ( 'NONE', #1666, 39.37007874015748100 ) ;
#2485 = ADVANCED_FACE ( 'NONE', ( #569 ), #517, .T. ) ;
#2486 = DIRECTION ( 'NONE',  ( 0.0000000000000000000, -0.0000000000000000000, 1.000000000000000000 ) ) ;
#2487 = CARTESIAN_POINT ( 'NONE',  ( -0.01499999999999999800, -0.03970562748477143200, 0.02359475019311120500 ) ) ;
#2488 = VERTEX_POINT ( 'NONE', #1729 ) ;
#2489 = DIRECTION ( 'NONE',  ( 0.0000000000000000000, -1.000000000000000000, 2.140946703498640700E-016 ) ) ;
#2490 = LINE ( 'NONE', #153, #242 ) ;
#2491 = CARTESIAN_POINT ( 'NONE',  ( 0.0000000000000000000, -0.1393079757070512800, 0.2000000000000000400 ) ) ;
#2492 = VERTEX_POINT ( 'NONE', #510 ) ;
#2493 = ORIENTED_EDGE ( 'NONE', *, *, #117, .F. ) ;
#2494 = VECTOR ( 'NONE', #2621, 39.37007874015748100 ) ;
#2495 = ORIENTED_EDGE ( 'NONE', *, *, #203, .F. ) ;
#2496 = VERTEX_POINT ( 'NONE', #1940 ) ;
#2497 = CARTESIAN_POINT ( 'NONE',  ( -0.01500000000000001200, 0.1520000000000000000, -0.01950000000000003800 ) ) ;
#2498 = FACE_OUTER_BOUND ( 'NONE', #1062, .T. ) ;
#2499 = ADVANCED_FACE ( 'NONE', ( #2068 ), #2354, .F. ) ;
#2500 = CARTESIAN_POINT ( 'NONE',  ( -0.05999999999999999800, 0.1899999999999999700, -0.04950000000000003700 ) ) ;
#2501 = EDGE_CURVE ( 'NONE', #792, #748, #2108, .T. ) ;
#2502 = CARTESIAN_POINT ( 'NONE',  ( 0.0000000000000000000, 0.1519999999999999700, -0.03450000000000003800 ) ) ;
#2503 = ORIENTED_EDGE ( 'NONE', *, *, #627, .F. ) ;
#2504 = ORIENTED_EDGE ( 'NONE', *, *, #63, .T. ) ;
#2505 = AXIS2_PLACEMENT_3D ( 'NONE', #756, #564, #2609 ) ;
#2506 = CARTESIAN_POINT ( 'NONE',  ( 0.02500000000000000100, 0.1799999999999999900, 0.0004999999999999630400 ) ) ;
#2507 = LINE ( 'NONE', #805, #2256 ) ;
#2508 = EDGE_CURVE ( 'NONE', #1212, #1603, #26, .T. ) ;
#2509 = CARTESIAN_POINT ( 'NONE',  ( 0.1000000000000000100, -0.1491736481776668200, -0.1924991965887919700 ) ) ;
#2510 = CARTESIAN_POINT ( 'NONE',  ( 0.02500000000000000100, 0.1899999999999999700, 0.005499999999999965000 ) ) ;
#2511 = CIRCLE ( 'NONE', #658, 0.001000000000000003100 ) ;
#2512 = MANIFOLD_SOLID_BREP ( 'Chamfer1', #1639 ) ;
#2513 = FACE_OUTER_BOUND ( 'NONE', #388, .T. ) ;
#2514 = ADVANCED_FACE ( 'NONE', ( #505 ), #929, .F. ) ;
#2515 = ORIENTED_EDGE ( 'NONE', *, *, #1424, .F. ) ;
#2516 = AXIS2_PLACEMENT_3D ( 'NONE', #1774, #2212, #1388 ) ;
#2517 = ORIENTED_EDGE ( 'NONE', *, *, #1550, .T. ) ;
#2518 = ADVANCED_FACE ( 'NONE', ( #2298 ), #1332, .F. ) ;
#2519 = DIRECTION ( 'NONE',  ( 1.000000000000000000, -0.0000000000000000000, -9.485583311334249800E-017 ) ) ;
#2520 = EDGE_CURVE ( 'NONE', #1043, #948, #344, .T. ) ;
#2521 = ADVANCED_FACE ( 'NONE', ( #382 ), #1085, .T. ) ;
#2522 = DIRECTION ( 'NONE',  ( 0.0000000000000000000, 1.000000000000000000, -2.276539994720219200E-015 ) ) ;
#2523 = AXIS2_PLACEMENT_3D ( 'NONE', #329, #1159, #1361 ) ;
#2524 = PLANE ( 'NONE',  #913 ) ;
#2525 = EDGE_CURVE ( 'NONE', #792, #1804, #2490, .T. ) ;
#2526 = EDGE_LOOP ( 'NONE', ( #1092, #996, #2193, #1406 ) ) ;
#2527 = LINE ( 'NONE', #2602, #723 ) ;
#2528 = VERTEX_POINT ( 'NONE', #742 ) ;
#2529 = DIRECTION ( 'NONE',  ( -0.0000000000000000000, -0.0000000000000000000, 1.000000000000000000 ) ) ;
#2530 = FACE_OUTER_BOUND ( 'NONE', #1596, .T. ) ;
#2531 = EDGE_CURVE ( 'NONE', #174, #2070, #1980, .T. ) ;
#2532 = ORIENTED_EDGE ( 'NONE', *, *, #2275, .T. ) ;
#2533 = DIRECTION ( 'NONE',  ( 0.0000000000000000000, 1.000000000000000000, 0.0000000000000000000 ) ) ;
#2534 = CARTESIAN_POINT ( 'NONE',  ( 0.09081394900212801100, 0.03349244376036032000, -0.1875000000000000600 ) ) ;
#2535 = FACE_OUTER_BOUND ( 'NONE', #2564, .T. ) ;
#2536 = EDGE_CURVE ( 'NONE', #948, #2273, #2527, .T. ) ;
#2537 = AXIS2_PLACEMENT_3D ( 'NONE', #252, #32, #2099 ) ;
#2538 = DIRECTION ( 'NONE',  ( 1.000000000000000000, 0.0000000000000000000, 0.0000000000000000000 ) ) ;
#2539 = DIRECTION ( 'NONE',  ( -1.000000000000000000, 0.0000000000000000000, 0.0000000000000000000 ) ) ;
#2540 = VERTEX_POINT ( 'NONE', #1586 ) ;
#2541 = ORIENTED_EDGE ( 'NONE', *, *, #1931, .F. ) ;
#2542 = PRESENTATION_LAYER_ASSIGNMENT (  '', '', ( #1446 ) ) ;
#2543 = CARTESIAN_POINT ( 'NONE',  ( -0.1000000000000000100, -0.1491736481776668200, -0.2000000000000000400 ) ) ;
#2544 = VECTOR ( 'NONE', #1402, 39.37007874015748100 ) ;
#2545 = CARTESIAN_POINT ( 'NONE',  ( 0.1575000000000000800, 0.0000000000000000000, 0.1874999999999999700 ) ) ;
#2546 = LINE ( 'NONE', #1605, #1396 ) ;
#2547 = CARTESIAN_POINT ( 'NONE',  ( 0.05809475019311124300, -0.03970562748477143200, -0.01950000000000003800 ) ) ;
#2548 = DIRECTION ( 'NONE',  ( -1.000000000000000000, -0.0000000000000000000, -0.0000000000000000000 ) ) ;
#2549 = EDGE_CURVE ( 'NONE', #2205, #194, #1278, .T. ) ;
#2550 = CARTESIAN_POINT ( 'NONE',  ( 1.220880024620789200E-018, -0.1489999999999999100, 0.2065159956581959200 ) ) ;
#2551 = B_SPLINE_CURVE_WITH_KNOTS ( 'NONE', 3,
 ( #1397, #803, #1600, #1425 ),
 .UNSPECIFIED., .F., .F.,
 ( 4, 4 ),
 ( 0.001031840414557696600, 0.001104902754149984100 ),
 .UNSPECIFIED. ) ;
#2552 = DIRECTION ( 'NONE',  ( -1.000000000000000000, -0.0000000000000000000, -0.0000000000000000000 ) ) ;
#2553 = CARTESIAN_POINT ( 'NONE',  ( 0.09446315462789138500, 0.03764418231440762300, -0.1875000000000000300 ) ) ;
#2554 = EDGE_LOOP ( 'NONE', ( #2018, #296, #2187, #521 ) ) ;
#2555 = LINE ( 'NONE', #2500, #2010 ) ;
#2556 = AXIS2_PLACEMENT_3D ( 'NONE', #1098, #1726, #707 ) ;
#2557 = STYLED_ITEM ( 'NONE', ( #90 ), #2034 ) ;
#2558 = DIRECTION ( 'NONE',  ( 1.000000000000000000, 0.0000000000000000000, -4.742791655667124900E-017 ) ) ;
#2559 = ORIENTED_EDGE ( 'NONE', *, *, #2482, .T. ) ;
#2560 = ORIENTED_EDGE ( 'NONE', *, *, #1081, .F. ) ;
#2561 = DIRECTION ( 'NONE',  ( -1.224646799147349800E-016, 0.0000000000000000000, -1.000000000000000000 ) ) ;
#2562 = TOROIDAL_SURFACE ( 'NONE', #983, 0.006515995658195872900, 0.001000000000000000000 ) ;
#2563 = ORIENTED_EDGE ( 'NONE', *, *, #2569, .T. ) ;
#2564 = EDGE_LOOP ( 'NONE', ( #1056, #980, #1447, #1418, #1232 ) ) ;
#2565 = CARTESIAN_POINT ( 'NONE',  ( 0.1575000000000000800, 0.0000000000000000000, 0.1874999999999999700 ) ) ;
#2566 = LINE ( 'NONE', #2381, #1414 ) ;
#2567 = CARTESIAN_POINT ( 'NONE',  ( 0.0000000000000000000, 0.02999999999999996100, 0.1795000000000000200 ) ) ;
#2568 = ORIENTED_EDGE ( 'NONE', *, *, #2155, .F. ) ;
#2569 = EDGE_CURVE ( 'NONE', #1463, #2214, #998, .T. ) ;
#2570 = DIRECTION ( 'NONE',  ( 0.0000000000000000000, 0.0000000000000000000, 1.000000000000000000 ) ) ;
#2571 = VERTEX_POINT ( 'NONE', #2387 ) ;
#2572 = ORIENTED_EDGE ( 'NONE', *, *, #1096, .F. ) ;
#2573 = DIRECTION ( 'NONE',  ( -0.0000000000000000000, 1.000000000000000000, -0.0000000000000000000 ) ) ;
#2574 = DIRECTION ( 'NONE',  ( 1.000000000000000000, -0.0000000000000000000, 0.0000000000000000000 ) ) ;
#2575 = ORIENTED_EDGE ( 'NONE', *, *, #749, .T. ) ;
#2576 = DIRECTION ( 'NONE',  ( 1.000000000000000000, 0.0000000000000000000, 0.0000000000000000000 ) ) ;
#2577 = AXIS2_PLACEMENT_3D ( 'NONE', #2309, #1516, #1070 ) ;
#2578 = VECTOR ( 'NONE', #1154, 39.37007874015748100 ) ;
#2579 = DIRECTION ( 'NONE',  ( -0.0000000000000000000, 1.000000000000000000, -0.0000000000000000000 ) ) ;
#2580 = DIRECTION ( 'NONE',  ( -0.0000000000000000000, 1.000000000000000000, -0.0000000000000000000 ) ) ;
#2581 = DIRECTION ( 'NONE',  ( 1.000000000000000000, 0.0000000000000000000, 0.0000000000000000000 ) ) ;
#2582 = CARTESIAN_POINT ( 'NONE',  ( 0.1000000000000000100, -0.1489999999999999100, -0.2000000000000000400 ) ) ;
#2583 = DIRECTION ( 'NONE',  ( -0.0000000000000000000, 1.000000000000000000, 1.070473351749320300E-016 ) ) ;
#2584 = AXIS2_PLACEMENT_3D ( 'NONE', #2049, #2037, #411 ) ;
#2585 = DIRECTION ( 'NONE',  ( -1.000000000000000000, -0.0000000000000000000, -0.0000000000000000000 ) ) ;
#2586 = EDGE_CURVE ( 'NONE', #381, #743, #124, .T. ) ;
#2587 = DIRECTION ( 'NONE',  ( 0.0000000000000000000, 1.000000000000000000, 0.0000000000000000000 ) ) ;
#2588 = CARTESIAN_POINT ( 'NONE',  ( 0.1000000000000000100, -0.1499999999999999100, -0.2000000000000000400 ) ) ;
#2589 = ORIENTED_EDGE ( 'NONE', *, *, #2415, .T. ) ;
#2590 = VECTOR ( 'NONE', #1080, 39.37007874015748900 ) ;
#2591 = FILL_AREA_STYLE_COLOUR ( '', #238 ) ;
#2592 = DIRECTION ( 'NONE',  ( 0.0000000000000000000, -1.000000000000000000, 0.0000000000000000000 ) ) ;
#2593 = VECTOR ( 'NONE', #2529, 39.37007874015748100 ) ;
#2594 = FACE_OUTER_BOUND ( 'NONE', #2448, .T. ) ;
#2595 = ORIENTED_EDGE ( 'NONE', *, *, #2615, .F. ) ;
#2596 = AXIS2_PLACEMENT_3D ( 'NONE', #2404, #2587, #1785 ) ;
#2597 = DIRECTION ( 'NONE',  ( 0.0000000000000000000, -1.000000000000000000, -2.140946703498640700E-016 ) ) ;
#2598 = ORIENTED_EDGE ( 'NONE', *, *, #2105, .T. ) ;
#2599 = CIRCLE ( 'NONE', #1419, 0.01000000000000000000 ) ;
#2600 = SURFACE_SIDE_STYLE ('',( #1426 ) ) ;
#2601 = DIRECTION ( 'NONE',  ( 0.0000000000000000000, 1.000000000000000000, 0.0000000000000000000 ) ) ;
#2602 = CARTESIAN_POINT ( 'NONE',  ( 0.1875000000000000800, 0.0000000000000000000, 0.1874999999999999700 ) ) ;
#2603 = VERTEX_POINT ( 'NONE', #2196 ) ;
#2604 = DIRECTION ( 'NONE',  ( 0.0000000000000000000, -2.140946703498639900E-016, 1.000000000000000000 ) ) ;
#2605 = CARTESIAN_POINT ( 'NONE',  ( -0.05999999999999999800, 0.1520000000000000000, -0.04950000000000003700 ) ) ;
#2606 = EDGE_CURVE ( 'NONE', #944, #1083, #1755, .T. ) ;
#2607 = ORIENTED_EDGE ( 'NONE', *, *, #40, .T. ) ;
#2608 = CARTESIAN_POINT ( 'NONE',  ( 0.01499999999999999400, -0.03970562748477143200, 0.02359475019311120900 ) ) ;
#2609 = DIRECTION ( 'NONE',  ( 0.0000000000000000000, -2.134256245050206700E-016, 1.000000000000000000 ) ) ;
#2610 = DIRECTION ( 'NONE',  ( -0.0000000000000000000, -1.000000000000000000, -2.140946703498640200E-016 ) ) ;
#2611 = CIRCLE ( 'NONE', #735, 0.05799999999999996800 ) ;
#2612 = VECTOR ( 'NONE', #427, 39.37007874015748900 ) ;
#2613 = CARTESIAN_POINT ( 'NONE',  ( 0.0000000000000000000, 0.1519999999999999700, 0.02549999999999996400 ) ) ;
#2614 = MECHANICAL_DESIGN_GEOMETRIC_PRESENTATION_REPRESENTATION (  '', ( #1025 ), #920 ) ;
#2615 = EDGE_CURVE ( 'NONE', #1005, #533, #1152, .T. ) ;
#2616 = VECTOR ( 'NONE', #2310, 39.37007874015748100 ) ;
#2617 = CARTESIAN_POINT ( 'NONE',  ( 0.0000000000000000000, 0.1519999999999999700, -0.03450000000000003800 ) ) ;
#2618 = DIRECTION ( 'NONE',  ( 1.000000000000000000, 0.0000000000000000000, 0.0000000000000000000 ) ) ;
#2619 = DIRECTION ( 'NONE',  ( 0.0000000000000000000, 1.000000000000000000, 0.0000000000000000000 ) ) ;
#2620 = DIRECTION ( 'NONE',  ( -0.0000000000000000000, 1.000000000000000000, -0.0000000000000000000 ) ) ;
#2621 = DIRECTION ( 'NONE',  ( -1.000000000000000000, -0.0000000000000000000, -0.0000000000000000000 ) ) ;
#2622 = EDGE_CURVE ( 'NONE', #220, #790, #826, .T. ) ;
#2623 = CARTESIAN_POINT ( 'NONE',  ( 0.0000000000000000000, 0.02999999999999996100, 0.1724999999999999600 ) ) ;
#2624 = ORIENTED_EDGE ( 'NONE', *, *, #1424, .T. ) ;
#2625 = CARTESIAN_POINT ( 'NONE',  ( -0.01500000000000000300, 0.1879999999999999700, 0.02359475019311122300 ) ) ;
#2626 = VERTEX_POINT ( 'NONE', #1756 ) ;
#2627 = CIRCLE ( 'NONE', #1078, 0.006515995658195864300 ) ;
#2628 = DIRECTION ( 'NONE',  ( -1.422837496700136500E-016, -0.0000000000000000000, -1.000000000000000000 ) ) ;
#2629 = ORIENTED_EDGE ( 'NONE', *, *, #1277, .T. ) ;
#2630 = LINE ( 'NONE', #1733, #1006 ) ;
#2631 = CARTESIAN_POINT ( 'NONE',  ( 1.224646799147353000E-018, 0.009499999999999961600, 0.2100000000000000200 ) ) ;
#2632 = ORIENTED_EDGE ( 'NONE', *, *, #1290, .F. ) ;
#2633 =( NAMED_UNIT ( * ) PLANE_ANGLE_UNIT ( ) SI_UNIT ( $, .RADIAN. ) );
#2634 = DIRECTION ( 'NONE',  ( -0.0000000000000000000, -1.000000000000000000, -0.0000000000000000000 ) ) ;
#2635 = DIRECTION ( 'NONE',  ( -0.0000000000000000000, -0.0000000000000000000, 1.000000000000000000 ) ) ;
#2636 = AXIS2_PLACEMENT_3D ( 'NONE', #335, #712, #933 ) ;
#2637 = ORIENTED_EDGE ( 'NONE', *, *, #665, .F. ) ;
#2638 = DIRECTION ( 'NONE',  ( 1.000000000000000000, 0.0000000000000000000, -0.0000000000000000000 ) ) ;
#2639 = DIRECTION ( 'NONE',  ( 0.0000000000000000000, -2.134256245050206700E-016, 1.000000000000000000 ) ) ;
#2640 = CIRCLE ( 'NONE', #308, 0.009999999999999995000 ) ;
#2641 = EDGE_CURVE ( 'NONE', #1736, #220, #1464, .T. ) ;
#2642 = ORIENTED_EDGE ( 'NONE', *, *, #526, .F. ) ;
#2643 = PRODUCT ( '3386G-1-100', '3386G-1-100', '', ( #1407 ) ) ;
#2644 = VECTOR ( 'NONE', #969, 39.37007874015748100 ) ;
#2645 = CARTESIAN_POINT ( 'NONE',  ( 0.01499999999999999800, 0.1879999999999999700, -0.09259475019311129400 ) ) ;
#2646 = LINE ( 'NONE', #2335, #495 ) ;
#2647 = CARTESIAN_POINT ( 'NONE',  ( 0.1000000000000000100, 0.009499999999999959900, -0.1795000000000000200 ) ) ;
#2648 = PRESENTATION_LAYER_ASSIGNMENT (  '', '', ( #2131 ) ) ;
#2649 = AXIS2_PLACEMENT_3D ( 'NONE', #1981, #410, #570 ) ;
#2650 = EDGE_CURVE ( 'NONE', #2214, #1463, #2427, .T. ) ;
#2651 = CARTESIAN_POINT ( 'NONE',  ( 0.0000000000000000000, -0.1499999999999999100, 0.2073550952893732100 ) ) ;
#2652 = AXIS2_PLACEMENT_3D ( 'NONE', #2088, #266, #1903 ) ;
#2653 = DIRECTION ( 'NONE',  ( 0.0000000000000000000, -1.000000000000000000, 2.140946703498640200E-016 ) ) ;
#2654 = ORIENTED_EDGE ( 'NONE', *, *, #762, .T. ) ;
#2655 = CARTESIAN_POINT ( 'NONE',  ( -0.02500000000000000100, 0.1899999999999999700, 0.0004999999999999630400 ) ) ;
ENDSEC;
END-ISO-10303-21;
