ISO-10303-21;
HEADER;
FILE_DESCRIPTION (( 'STEP AP214' ),
    '1' );
FILE_NAME ('Same_Sky_PJ-002B.step',
    '2025-01-29T15:44:05',
    ( '' ),
    ( '' ),
    'SwSTEP 2.0',
    'SolidWorks 2024',
    '' );
FILE_SCHEMA (( 'AUTOMOTIVE_DESIGN' ));
ENDSEC;

DATA;
#1 = VERTEX_POINT ( 'NONE', #946 ) ;
#2 = CARTESIAN_POINT ( 'NONE',  ( 0.01771653543307086937, -0.1440324721591732249, -0.5435504490303150193 ) ) ;
#3 = CARTESIAN_POINT ( 'NONE',  ( -0.06911810963283465670, -0.1119417212793700905, -0.3159518948652755843 ) ) ;
#4 = ORIENTED_EDGE ( 'NONE', *, *, #183, .T. ) ;
#5 = EDGE_CURVE ( 'NONE', #7259, #2940, #899, .T. ) ;
#6 = DIRECTION ( 'NONE',  ( 0.000000000000000000, 0.000000000000000000, 1.000000000000000000 ) ) ;
#7 = CARTESIAN_POINT ( 'NONE',  ( -0.1011195611933816546, 0.04284993243099485122, -0.5499179289028525153 ) ) ;
#8 = LINE ( 'NONE', #1679, #6014 ) ;
#9 = EDGE_CURVE ( 'NONE', #5552, #4396, #6771, .T. ) ;
#10 = LINE ( 'NONE', #3125, #307 ) ;
#11 = DIRECTION ( 'NONE',  ( -1.000000000000000000, -0.000000000000000000, -0.000000000000000000 ) ) ;
#12 = ORIENTED_EDGE ( 'NONE', *, *, #2129, .F. ) ;
#13 = VERTEX_POINT ( 'NONE', #6800 ) ;
#14 = CARTESIAN_POINT ( 'NONE',  ( -0.01771653543307086937, -0.1307086614172318917, -0.5429133858267763957 ) ) ;
#15 = LINE ( 'NONE', #5800, #7464 ) ;
#16 = CARTESIAN_POINT ( 'NONE',  ( 0.1787401574803149651, 0.1771653543307086798, -0.09842519685039370636 ) ) ;
#17 = VERTEX_POINT ( 'NONE', #5664 ) ;
#18 = ORIENTED_EDGE ( 'NONE', *, *, #7285, .T. ) ;
#19 = ORIENTED_EDGE ( 'NONE', *, *, #6314, .F. ) ;
#20 = CARTESIAN_POINT ( 'NONE',  ( 0.07383773678600032142, -0.08003820937788082290, -0.2482008369969824491 ) ) ;
#21 = DIRECTION ( 'NONE',  ( 0.000000000000000000, 1.000000000000000000, 0.000000000000000000 ) ) ;
#22 = DIRECTION ( 'NONE',  ( -1.000000000000000000, 0.000000000000000000, 3.614007241618350250E-16 ) ) ;
#23 = ORIENTED_EDGE ( 'NONE', *, *, #7432, .T. ) ;
#24 = DIMENSIONAL_EXPONENTS ( 1.000000000000000000, 0.000000000000000000, 0.000000000000000000, 0.000000000000000000, 0.000000000000000000, 0.000000000000000000, 0.000000000000000000 ) ;
#25 = ORIENTED_EDGE ( 'NONE', *, *, #2786, .T. ) ;
#26 = CARTESIAN_POINT ( 'NONE',  ( 0.01641316520703712048, -0.1106765348866199372, -0.3751494549966420955 ) ) ;
#27 = CARTESIAN_POINT ( 'NONE',  ( 0.06614173228346488520, -0.1156282512348506680, -0.3455341478811759237 ) ) ;
#28 = DIRECTION ( 'NONE',  ( 0.000000000000000000, 0.000000000000000000, 1.000000000000000000 ) ) ;
#29 = CARTESIAN_POINT ( 'NONE',  ( 0.08834645657788463280, -0.2126271961828885837, -0.1625619324691143786 ) ) ;
#30 = ORIENTED_EDGE ( 'NONE', *, *, #825, .F. ) ;
#31 = CARTESIAN_POINT ( 'NONE',  ( -4.097771990496395419E-15, -0.1194946924532857419, -0.3714566761163725084 ) ) ;
#32 = EDGE_CURVE ( 'NONE', #620, #3887, #1509, .T. ) ;
#33 = CYLINDRICAL_SURFACE ( 'NONE', #1901, 0.03937007874015747977 ) ;
#34 = VERTEX_POINT ( 'NONE', #7293 ) ;
#35 = LINE ( 'NONE', #6284, #6626 ) ;
#36 = CARTESIAN_POINT ( 'NONE',  ( 0.06614173228346488520, -0.1156282512348506680, -0.3455341478811759237 ) ) ;
#37 = EDGE_CURVE ( 'NONE', #2367, #4374, #1472, .T. ) ;
#38 = ADVANCED_FACE ( 'NONE', ( #2116 ), #3232, .T. ) ;
#39 = CARTESIAN_POINT ( 'NONE',  ( 0.1181102362204724532, -0.2075996453170078637, -0.1633858267716535584 ) ) ;
#40 = DIRECTION ( 'NONE',  ( 0.000000000000000000, 5.421010862427518472E-17, -1.000000000000000000 ) ) ;
#41 = AXIS2_PLACEMENT_3D ( 'NONE', #7520, #4458, #1588 ) ;
#42 = LINE ( 'NONE', #1216, #446 ) ;
#43 = ADVANCED_FACE ( 'NONE', ( #7408 ), #3798, .T. ) ;
#44 = ORIENTED_EDGE ( 'NONE', *, *, #2751, .F. ) ;
#45 = EDGE_LOOP ( 'NONE', ( #819, #3690, #2803, #3646 ) ) ;
#46 = CARTESIAN_POINT ( 'NONE',  ( 0.08424324859700786650, -0.1764361493252362134, -0.09233091674751968403 ) ) ;
#47 = DIRECTION ( 'NONE',  ( 0.000000000000000000, -1.000000000000000000, 0.000000000000000000 ) ) ;
#48 = AXIS2_PLACEMENT_3D ( 'NONE', #4041, #1452, #1944 ) ;
#49 = LINE ( 'NONE', #4736, #5897 ) ;
#50 = VERTEX_POINT ( 'NONE', #2053 ) ;
#51 = EDGE_CURVE ( 'NONE', #3811, #5121, #7324, .T. ) ;
#52 = AXIS2_PLACEMENT_3D ( 'NONE', #6221, #2624, #3938 ) ;
#53 = ORIENTED_EDGE ( 'NONE', *, *, #2138, .F. ) ;
#54 = VERTEX_POINT ( 'NONE', #378 ) ;
#55 = DIRECTION ( 'NONE',  ( 0.000000000000000000, -7.228014483236700500E-16, -1.000000000000000000 ) ) ;
#56 = FACE_OUTER_BOUND ( 'NONE', #5262, .T. ) ;
#57 = LINE ( 'NONE', #2374, #7217 ) ;
#58 = VECTOR ( 'NONE', #1041, 39.37007874015748143 ) ;
#59 = AXIS2_PLACEMENT_3D ( 'NONE', #2425, #6532, #7177 ) ;
#60 = VERTEX_POINT ( 'NONE', #7261 ) ;
#61 = ORIENTED_EDGE ( 'NONE', *, *, #7256, .F. ) ;
#62 = CARTESIAN_POINT ( 'NONE',  ( 3.414809992080330502E-16, -0.1112348003919740314, -0.3686475953159327745 ) ) ;
#63 = VECTOR ( 'NONE', #5291, 39.37007874015748143 ) ;
#64 = LINE ( 'NONE', #3068, #6842 ) ;
#65 = VECTOR ( 'NONE', #3208, 39.37007874015748143 ) ;
#66 = FACE_OUTER_BOUND ( 'NONE', #6845, .T. ) ;
#67 = CIRCLE ( 'NONE', #6269, 0.05511811023622047168 ) ;
#68 = CARTESIAN_POINT ( 'NONE',  ( 0.08842519712192915826, -0.2126080233388250307, -0.1628361169466810698 ) ) ;
#69 = VERTEX_POINT ( 'NONE', #7373 ) ;
#70 = CARTESIAN_POINT ( 'NONE',  ( 0.01178400943383602767, -0.1170224453983025464, -0.3788229916802465236 ) ) ;
#71 = LINE ( 'NONE', #4755, #6285 ) ;
#72 = ORIENTED_EDGE ( 'NONE', *, *, #193, .T. ) ;
#73 = CARTESIAN_POINT ( 'NONE',  ( 0.1377952755905511861, -0.1043307086614173318, -0.3720472440944881942 ) ) ;
#74 = VECTOR ( 'NONE', #3631, 39.37007874015748143 ) ;
#75 = CARTESIAN_POINT ( 'NONE',  ( -0.1099342068292386010, 0.04658518370623562083, -0.5478318230115746257 ) ) ;
#76 = VECTOR ( 'NONE', #4115, 39.37007874015748143 ) ;
#77 = VECTOR ( 'NONE', #3313, 39.37007874015748143 ) ;
#78 = PLANE ( 'NONE',  #3231 ) ;
#79 = AXIS2_PLACEMENT_3D ( 'NONE', #2696, #7218, #792 ) ;
#80 = PLANE ( 'NONE',  #574 ) ;
#81 = CARTESIAN_POINT ( 'NONE',  ( -0.08548340607730532670, -0.2238106365497814776, -0.1155099221821677125 ) ) ;
#82 = EDGE_CURVE ( 'NONE', #4899, #3257, #5561, .T. ) ;
#83 = VECTOR ( 'NONE', #5890, 39.37007874015748854 ) ;
#84 = DIRECTION ( 'NONE',  ( 1.000000000000000000, 0.000000000000000000, 0.000000000000000000 ) ) ;
#85 = VERTEX_POINT ( 'NONE', #4454 ) ;
#86 = ORIENTED_EDGE ( 'NONE', *, *, #3667, .F. ) ;
#87 = CARTESIAN_POINT ( 'NONE',  ( -0.03937007874015747977, 0.06819097667594488377, -0.5334645669291339098 ) ) ;
#88 = DIRECTION ( 'NONE',  ( -1.000000000000000000, -3.168552998024729948E-17, -6.496496384095099642E-17 ) ) ;
#89 = EDGE_CURVE ( 'NONE', #2846, #6559, #2160, .T. ) ;
#90 = DIRECTION ( 'NONE',  ( 1.000000000000000000, 3.168552998024729948E-17, 6.496496384095099642E-17 ) ) ;
#91 = ORIENTED_EDGE ( 'NONE', *, *, #5000, .F. ) ;
#92 = EDGE_CURVE ( 'NONE', #4110, #4205, #1585, .T. ) ;
#93 = AXIS2_PLACEMENT_3D ( 'NONE', #4526, #297, #2692 ) ;
#94 = ORIENTED_EDGE ( 'NONE', *, *, #4437, .T. ) ;
#95 = ORIENTED_EDGE ( 'NONE', *, *, #5542, .F. ) ;
#96 = CARTESIAN_POINT ( 'NONE',  ( 0.002510761108329664492, -0.1101118303125239312, -0.3802465267096205026 ) ) ;
#97 = DIRECTION ( 'NONE',  ( -0.05989229072762407985, 0.4375842028374047898, 0.8971805720915665416 ) ) ;
#98 = EDGE_CURVE ( 'NONE', #4190, #3270, #6408, .T. ) ;
#99 = CARTESIAN_POINT ( 'NONE',  ( 0.08523248504988188701, 0.02362204724409448786, -0.4692125984251968585 ) ) ;
#100 = EDGE_CURVE ( 'NONE', #6147, #3899, #3131, .T. ) ;
#101 = VERTEX_POINT ( 'NONE', #5595 ) ;
#102 = ORIENTED_EDGE ( 'NONE', *, *, #4319, .T. ) ;
#103 = CARTESIAN_POINT ( 'NONE',  ( 0.08752090550417324089, -0.2125984251968504046, -0.1633858267716535584 ) ) ;
#104 = CARTESIAN_POINT ( 'NONE',  ( 0.08842360559822834420, -0.2215365481376771473, -0.1632506824487795216 ) ) ;
#105 = CARTESIAN_POINT ( 'NONE',  ( -0.08858740922503938187, -0.2215342158695275954, -0.1633898374446850210 ) ) ;
#106 =( BOUNDED_CURVE ( )  B_SPLINE_CURVE ( 3, ( #3081, #1361, #5408, #2514 ),
 .UNSPECIFIED., .F., .F. ) 
 B_SPLINE_CURVE_WITH_KNOTS ( ( 4, 4 ),
 ( 0.000000000000000000, 1.000000000000000000 ),
 .UNSPECIFIED. ) 
 CURVE ( )  GEOMETRIC_REPRESENTATION_ITEM ( )  RATIONAL_B_SPLINE_CURVE ( ( 1.000000000000000000, 0.3333395540920172651, 0.3333395540920172651, 1.000000000000000000 ) ) 
 REPRESENTATION_ITEM ( '' )  );
#107 = CARTESIAN_POINT ( 'NONE',  ( -0.1842519685039370192, 0.1771653543307086798, 0.000000000000000000 ) ) ;
#108 = EDGE_LOOP ( 'NONE', ( #2218, #5096, #3557, #1838 ) ) ;
#109 = CARTESIAN_POINT ( 'NONE',  ( -0.09842519685039370636, 0.09842519685039370636, -0.09842519685039370636 ) ) ;
#110 = ORIENTED_EDGE ( 'NONE', *, *, #4010, .F. ) ;
#111 = CARTESIAN_POINT ( 'NONE',  ( -0.08858267716535433989, -0.2204724409448818867, -0.2656692913385826915 ) ) ;
#112 = DIRECTION ( 'NONE',  ( 1.000000000000000000, 0.000000000000000000, 0.000000000000000000 ) ) ;
#113 = CARTESIAN_POINT ( 'NONE',  ( 0.06200787401574803237, -0.2559055118110236671, -0.2937795275590551203 ) ) ;
#114 = CYLINDRICAL_SURFACE ( 'NONE', #5292, 0.01181102362181297993 ) ;
#115 = CARTESIAN_POINT ( 'NONE',  ( 0.000000000000000000, 0.000000000000000000, -0.4133858267716535861 ) ) ;
#116 = LINE ( 'NONE', #613, #330 ) ;
#117 = DIRECTION ( 'NONE',  ( 0.000000000000000000, 1.000000000000000000, 0.000000000000000000 ) ) ;
#118 = VERTEX_POINT ( 'NONE', #6764 ) ;
#119 = ORIENTED_EDGE ( 'NONE', *, *, #3335, .T. ) ;
#120 = CARTESIAN_POINT ( 'NONE',  ( 0.08442041395133859094, -0.1818743555745669371, -0.08188097360011810377 ) ) ;
#121 = LINE ( 'NONE', #650, #6252 ) ;
#122 = EDGE_CURVE ( 'NONE', #3327, #7206, #1553, .T. ) ;
#123 = CYLINDRICAL_SURFACE ( 'NONE', #316, 0.02755905511813609016 ) ;
#124 = ORIENTED_EDGE ( 'NONE', *, *, #1117, .F. ) ;
#125 = ORIENTED_EDGE ( 'NONE', *, *, #1675, .T. ) ;
#126 = CYLINDRICAL_SURFACE ( 'NONE', #1648, 0.06692913385827496675 ) ;
#127 = EDGE_CURVE ( 'NONE', #2658, #5637, #6654, .T. ) ;
#128 = EDGE_LOOP ( 'NONE', ( #6418, #2324, #6793, #1102, #4713 ) ) ;
#129 = DIRECTION ( 'NONE',  ( 0.9980267284277871687, 0.009822601333602300547, -0.06201746404658312756 ) ) ;
#130 = CARTESIAN_POINT ( 'NONE',  ( 0.1857480314960630041, -0.1043307086614173318, -0.3917322834645669549 ) ) ;
#131 = PLANE ( 'NONE',  #1506 ) ;
#132 = EDGE_CURVE ( 'NONE', #4983, #2187, #6833, .T. ) ;
#133 = EDGE_CURVE ( 'NONE', #5089, #3373, #2277, .T. ) ;
#134 = EDGE_CURVE ( 'NONE', #6091, #3103, #6222, .T. ) ;
#135 = ORIENTED_EDGE ( 'NONE', *, *, #5115, .F. ) ;
#136 = ORIENTED_EDGE ( 'NONE', *, *, #3820, .F. ) ;
#137 = EDGE_CURVE ( 'NONE', #4442, #845, #4221, .T. ) ;
#138 = CARTESIAN_POINT ( 'NONE',  ( -0.009975457349295526605, -0.1120939678542792889, -0.3678487349283769414 ) ) ;
#139 = CARTESIAN_POINT ( 'NONE',  ( 0.09842519685039370636, 0.1787401574803149651, -0.09842519685039370636 ) ) ;
#140 = CARTESIAN_POINT ( 'NONE',  ( 0.1574803149606299191, -0.2592125984251968385, -0.4704724409448819422 ) ) ;
#141 = DIRECTION ( 'NONE',  ( 0.000000000000000000, -1.000000000000000000, 0.000000000000000000 ) ) ;
#142 = ORIENTED_EDGE ( 'NONE', *, *, #4085, .T. ) ;
#143 = DIRECTION ( 'NONE',  ( 1.000000000000000000, 0.000000000000000000, 0.000000000000000000 ) ) ;
#144 = CARTESIAN_POINT ( 'NONE',  ( -0.08858267716535433989, -0.2215342129507086866, -0.2696850393700788162 ) ) ;
#145 = ORIENTED_EDGE ( 'NONE', *, *, #4852, .F. ) ;
#146 = LINE ( 'NONE', #6894, #922 ) ;
#147 = CARTESIAN_POINT ( 'NONE',  ( 0.08858267716535433989, -0.2125984251968504046, -0.4704724409448819422 ) ) ;
#148 = PLANE ( 'NONE',  #6605 ) ;
#149 = LINE ( 'NONE', #1323, #3832 ) ;
#150 = CARTESIAN_POINT ( 'NONE',  ( -0.07383773678600111245, -0.08003820937787663181, -0.2482008369969738448 ) ) ;
#151 = LINE ( 'NONE', #3618, #4421 ) ;
#152 = DIRECTION ( 'NONE',  ( 0.000000000000000000, -1.734723475976817507E-14, -1.000000000000000000 ) ) ;
#153 = ORIENTED_EDGE ( 'NONE', *, *, #3064, .T. ) ;
#154 = ORIENTED_EDGE ( 'NONE', *, *, #3264, .F. ) ;
#155 = CARTESIAN_POINT ( 'NONE',  ( 0.01737879355264962747, -0.09520747122903346071, -0.4618823092405543451 ) ) ;
#156 = CARTESIAN_POINT ( 'NONE',  ( 0.1842519685039370192, 0.1771653543307086798, -0.1377952755905511861 ) ) ;
#157 = VECTOR ( 'NONE', #3937, 39.37007874015748143 ) ;
#158 = CARTESIAN_POINT ( 'NONE',  ( -0.002802038464985111797, 0.04453712603610249232, -0.5515072208993557767 ) ) ;
#159 = CARTESIAN_POINT ( 'NONE',  ( 0.0007025063976948818945, -0.09251968503506143027, -0.4411016153922236449 ) ) ;
#160 = EDGE_LOOP ( 'NONE', ( #7316, #6208, #1113, #1188 ) ) ;
#161 = ORIENTED_EDGE ( 'NONE', *, *, #133, .F. ) ;
#162 = CARTESIAN_POINT ( 'NONE',  ( 0.05905511811023622659, -0.2569672838168504114, -0.3090551181102362266 ) ) ;
#163 = ORIENTED_EDGE ( 'NONE', *, *, #6086, .T. ) ;
#164 = CARTESIAN_POINT ( 'NONE',  ( 0.01203076634808857882, -0.1041445221585923508, -0.3838058866112524226 ) ) ;
#165 = CIRCLE ( 'NONE', #48, 0.02362204724409448092 ) ;
#166 = CARTESIAN_POINT ( 'NONE',  ( 0.08661417322834646937, -0.06692913385826770867, -0.5334645669291339098 ) ) ;
#167 = CARTESIAN_POINT ( 'NONE',  ( -0.1771653543307086798, 0.1858267716535433600, -0.4704724409448819422 ) ) ;
#168 = AXIS2_PLACEMENT_3D ( 'NONE', #6692, #6165, #2088 ) ;
#169 = VECTOR ( 'NONE', #4557, 39.37007874015748143 ) ;
#170 = ORIENTED_EDGE ( 'NONE', *, *, #1243, .F. ) ;
#171 = ORIENTED_EDGE ( 'NONE', *, *, #3770, .T. ) ;
#172 = ADVANCED_FACE ( 'NONE', ( #5216 ), #3456, .F. ) ;
#173 = CARTESIAN_POINT ( 'NONE',  ( 0.01585109265640449044, -0.1087079566349428289, -0.3846014589142575102 ) ) ;
#174 = FACE_OUTER_BOUND ( 'NONE', #1428, .T. ) ;
#175 = VECTOR ( 'NONE', #4356, 39.37007874015748143 ) ;
#176 = CARTESIAN_POINT ( 'NONE',  ( -0.08850554801685039941, -0.2115362309508661276, -0.1630922457989763819 ) ) ;
#177 = AXIS2_PLACEMENT_3D ( 'NONE', #3917, #2702, #353 ) ;
#178 = EDGE_CURVE ( 'NONE', #5533, #4152, #1129, .T. ) ;
#179 = LINE ( 'NONE', #107, #4812 ) ;
#180 = AXIS2_PLACEMENT_3D ( 'NONE', #2781, #383, #3387 ) ;
#181 = VERTEX_POINT ( 'NONE', #5065 ) ;
#182 = DIRECTION ( 'NONE',  ( 0.000000000000000000, -0.1564344650382749058, 0.9876883405954476336 ) ) ;
#183 = EDGE_CURVE ( 'NONE', #6043, #1762, #2847, .T. ) ;
#184 = VECTOR ( 'NONE', #515, 39.37007874015748143 ) ;
#185 = LINE ( 'NONE', #144, #6399 ) ;
#186 = CARTESIAN_POINT ( 'NONE',  ( -0.1150799602776378244, -0.09251968503937008093, -0.4704724409448819422 ) ) ;
#187 = CARTESIAN_POINT ( 'NONE',  ( 0.01771653543307086937, -0.1603674540681747918, -0.5460629921259511077 ) ) ;
#188 = CARTESIAN_POINT ( 'NONE',  ( 0.01631702154683464800, -0.1043307086614173318, -0.4633272880951598283 ) ) ;
#189 = VECTOR ( 'NONE', #4025, 39.37007874015748143 ) ;
#190 = CARTESIAN_POINT ( 'NONE',  ( 0.000000000000000000, 0.000000000000000000, -0.5334645669291339098 ) ) ;
#191 = VECTOR ( 'NONE', #6331, 39.37007874015748143 ) ;
#192 = AXIS2_PLACEMENT_3D ( 'NONE', #2057, #3766, #5027 ) ;
#193 = EDGE_CURVE ( 'NONE', #50, #236, #2231, .T. ) ;
#194 = FACE_OUTER_BOUND ( 'NONE', #6468, .T. ) ;
#195 = FACE_BOUND ( 'NONE', #2683, .T. ) ;
#196 = AXIS2_PLACEMENT_3D ( 'NONE', #7197, #5461, #2596 ) ;
#197 = DIRECTION ( 'NONE',  ( -1.000000000000000000, -0.000000000000000000, -0.000000000000000000 ) ) ;
#198 = ORIENTED_EDGE ( 'NONE', *, *, #4745, .T. ) ;
#199 = VECTOR ( 'NONE', #4067, 39.37007874015748143 ) ;
#200 = VERTEX_POINT ( 'NONE', #1623 ) ;
#201 = FACE_OUTER_BOUND ( 'NONE', #1875, .T. ) ;
#202 = DIRECTION ( 'NONE',  ( 0.000000000000000000, -1.000000000000000000, 0.000000000000000000 ) ) ;
#203 = AXIS2_PLACEMENT_3D ( 'NONE', #2774, #3985, #406 ) ;
#204 = CARTESIAN_POINT ( 'NONE',  ( -0.003352767883348204900, 0.05329071947294519024, -0.5478318230113047305 ) ) ;
#205 = CARTESIAN_POINT ( 'NONE',  ( 0.01771653543307086937, -0.1627296587926377880, -0.5334645669291339098 ) ) ;
#206 = EDGE_LOOP ( 'NONE', ( #5958, #4551, #7313, #1910 ) ) ;
#207 = ORIENTED_EDGE ( 'NONE', *, *, #6362, .F. ) ;
#208 = DIRECTION ( 'NONE',  ( -1.000000000000000000, 0.000000000000000000, 0.000000000000000000 ) ) ;
#209 = AXIS2_PLACEMENT_3D ( 'NONE', #7297, #2622, #3154 ) ;
#210 = ORIENTED_EDGE ( 'NONE', *, *, #3627, .T. ) ;
#211 = CARTESIAN_POINT ( 'NONE',  ( 0.03937007874015747977, 4.821444091131311524E-18, -0.4704724409448819422 ) ) ;
#212 = CARTESIAN_POINT ( 'NONE',  ( -0.08858267716535433989, -0.2215342129507086866, -0.4704724409448819422 ) ) ;
#213 = PLANE ( 'NONE',  #4565 ) ;
#214 = VECTOR ( 'NONE', #6272, 39.37007874015748143 ) ;
#215 = ORIENTED_EDGE ( 'NONE', *, *, #6356, .T. ) ;
#216 = EDGE_LOOP ( 'NONE', ( #6893, #2671, #2571, #4016, #1193 ) ) ;
#217 = LINE ( 'NONE', #6108, #5539 ) ;
#218 = CARTESIAN_POINT ( 'NONE',  ( 0.06604891939763779529, -0.1144271013262598419, -0.3462833839190944674 ) ) ;
#219 = DIRECTION ( 'NONE',  ( 0.000000000000000000, -1.000000000000000000, 0.000000000000000000 ) ) ;
#220 = EDGE_CURVE ( 'NONE', #6932, #479, #5669, .T. ) ;
#221 = CARTESIAN_POINT ( 'NONE',  ( 0.1429133858267716550, -0.08787401574803149762, -0.04527559055118110520 ) ) ;
#222 = ORIENTED_EDGE ( 'NONE', *, *, #2831, .F. ) ;
#223 = CARTESIAN_POINT ( 'NONE',  ( -0.1588582677165354395, -0.1259842519685039353, -0.4694106689389763720 ) ) ;
#224 = CARTESIAN_POINT ( 'NONE',  ( 0.01771653543307086937, -0.1128608923884645565, -0.5324027949232285062 ) ) ;
#225 = CARTESIAN_POINT ( 'NONE',  ( -0.1161417322834645688, -0.1043307086614173318, -0.4507874015748031815 ) ) ;
#226 = DIRECTION ( 'NONE',  ( 0.000000000000000000, -0.1564344650400289749, 0.9876883405951697448 ) ) ;
#227 = EDGE_CURVE ( 'NONE', #4629, #1340, #3385, .T. ) ;
#228 = DIRECTION ( 'NONE',  ( 0.000000000000000000, -0.9876883405954474116, -0.1564344650382761825 ) ) ;
#229 = CARTESIAN_POINT ( 'NONE',  ( 0.1377952755905511861, -0.2075996453170078637, -0.4704724409448819422 ) ) ;
#230 = EDGE_CURVE ( 'NONE', #6013, #6033, #6308, .T. ) ;
#231 = FACE_OUTER_BOUND ( 'NONE', #4302, .T. ) ;
#232 = DIRECTION ( 'NONE',  ( 1.000000000000000000, 0.000000000000000000, 0.000000000000000000 ) ) ;
#233 = EDGE_CURVE ( 'NONE', #3023, #2953, #489, .T. ) ;
#234 = FACE_OUTER_BOUND ( 'NONE', #7142, .T. ) ;
#235 = ORIENTED_EDGE ( 'NONE', *, *, #5692, .T. ) ;
#236 = VERTEX_POINT ( 'NONE', #5139 ) ;
#237 = EDGE_CURVE ( 'NONE', #2653, #5311, #6876, .T. ) ;
#238 = CARTESIAN_POINT ( 'NONE',  ( 0.1842519685039370192, 0.1771653543307086798, -0.09842519685039370636 ) ) ;
#239 = LINE ( 'NONE', #3778, #1146 ) ;
#240 = DIRECTION ( 'NONE',  ( -0.000000000000000000, 1.000000000000000000, 0.000000000000000000 ) ) ;
#241 = DIRECTION ( 'NONE',  ( 1.000000000000000000, 0.000000000000000000, -0.000000000000000000 ) ) ;
#242 = ORIENTED_EDGE ( 'NONE', *, *, #5955, .T. ) ;
#243 = VERTEX_POINT ( 'NONE', #2276 ) ;
#244 = DIRECTION ( 'NONE',  ( 1.000000000000000000, 0.000000000000000000, 0.000000000000000000 ) ) ;
#245 = ORIENTED_EDGE ( 'NONE', *, *, #882, .F. ) ;
#246 = CARTESIAN_POINT ( 'NONE',  ( 0.1771653543307086798, 0.09685039370078740717, -0.03937007874015747977 ) ) ;
#247 = CARTESIAN_POINT ( 'NONE',  ( 0.1377952755905511861, -0.09251968503937008093, -0.3720472440944881942 ) ) ;
#248 = DIRECTION ( 'NONE',  ( 0.000000000000000000, 0.000000000000000000, 1.000000000000000000 ) ) ;
#249 = ORIENTED_EDGE ( 'NONE', *, *, #921, .F. ) ;
#250 = ORIENTED_EDGE ( 'NONE', *, *, #6730, .F. ) ;
#251 = CARTESIAN_POINT ( 'NONE',  ( 0.1857480314960630041, -0.1043307086614173318, -0.5009448818897637157 ) ) ;
#252 = CARTESIAN_POINT ( 'NONE',  ( 0.06978882653307087736, -0.1119299564598818797, -0.3084303769246456439 ) ) ;
#253 = DIRECTION ( 'NONE',  ( -3.567039614430658428E-46, -1.000000000000000000, -5.757523350966282908E-31 ) ) ;
#254 = ORIENTED_EDGE ( 'NONE', *, *, #2274, .T. ) ;
#255 = ORIENTED_EDGE ( 'NONE', *, *, #2226, .F. ) ;
#256 = DIRECTION ( 'NONE',  ( -1.000000000000000000, 0.000000000000000000, 0.000000000000000000 ) ) ;
#257 = ORIENTED_EDGE ( 'NONE', *, *, #7163, .F. ) ;
#258 = CARTESIAN_POINT ( 'NONE',  ( -0.0006754837608417325499, -0.1088173499376716841, -0.4640379022630087835 ) ) ;
#259 = DIRECTION ( 'NONE',  ( 0.000000000000000000, 0.000000000000000000, -1.000000000000000000 ) ) ;
#260 = CARTESIAN_POINT ( 'NONE',  ( -0.06628346456692912891, -0.1248235548457480304, -0.3445988909937795497 ) ) ;
#261 = CARTESIAN_POINT ( 'NONE',  ( -0.1259842519685039353, -0.09251968503937008093, -0.3917322834645669549 ) ) ;
#262 = DIRECTION ( 'NONE',  ( 0.000000000000000000, -1.000000000000000000, 0.000000000000000000 ) ) ;
#263 = DIRECTION ( 'NONE',  ( -1.000000000000000000, 0.000000000000000000, 0.000000000000000000 ) ) ;
#264 = CARTESIAN_POINT ( 'NONE',  ( -0.1377952755905511861, -0.1062992125984252023, -0.4724409448818898127 ) ) ;
#265 = EDGE_CURVE ( 'NONE', #3000, #5410, #4837, .T. ) ;
#266 = CARTESIAN_POINT ( 'NONE',  ( -0.08548340607730611773, -0.2148966159257539588, -0.1148865931383405564 ) ) ;
#267 = CARTESIAN_POINT ( 'NONE',  ( 0.04921259842519685318, 6.026805113914140175E-18, -0.05905511811023620578 ) ) ;
#268 = EDGE_LOOP ( 'NONE', ( #3209, #3558, #7087, #5824 ) ) ;
#269 = ADVANCED_FACE ( 'NONE', ( #568 ), #2520, .F. ) ;
#270 = EDGE_CURVE ( 'NONE', #5751, #3811, #4103, .T. ) ;
#271 = ORIENTED_EDGE ( 'NONE', *, *, #6702, .F. ) ;
#272 = LINE ( 'NONE', #2587, #3080 ) ;
#273 = EDGE_CURVE ( 'NONE', #1537, #4366, #6528, .T. ) ;
#274 = DIRECTION ( 'NONE',  ( -0.05989229072787252695, -0.1561536410014025544, 0.9859152873920624671 ) ) ;
#275 = EDGE_CURVE ( 'NONE', #54, #5924, #2949, .T. ) ;
#276 = DIRECTION ( 'NONE',  ( 1.000000000000000000, 0.000000000000000000, 0.000000000000000000 ) ) ;
#277 = EDGE_LOOP ( 'NONE', ( #5187, #4291, #5503, #5959 ) ) ;
#278 = EDGE_LOOP ( 'NONE', ( #6861, #5572, #6895, #5205 ) ) ;
#279 = DIRECTION ( 'NONE',  ( 7.995991022072695548E-15, 0.9876883405951696338, 0.1564344650400293357 ) ) ;
#280 = EDGE_CURVE ( 'NONE', #853, #7251, #5816, .T. ) ;
#281 = ORIENTED_EDGE ( 'NONE', *, *, #2458, .T. ) ;
#282 = CARTESIAN_POINT ( 'NONE',  ( 0.03937007874015747977, 4.821444091131311524E-18, -0.5334645669291339098 ) ) ;
#283 = FACE_OUTER_BOUND ( 'NONE', #6586, .T. ) ;
#284 = CARTESIAN_POINT ( 'NONE',  ( -0.1412598425196850416, -0.2204724409448818867, -0.1633858267716535584 ) ) ;
#285 = VECTOR ( 'NONE', #3787, 39.37007874015748143 ) ;
#286 = EDGE_CURVE ( 'NONE', #5844, #7093, #64, .T. ) ;
#287 = VERTEX_POINT ( 'NONE', #5880 ) ;
#288 = VECTOR ( 'NONE', #3666, 39.37007874015748143 ) ;
#289 = ORIENTED_EDGE ( 'NONE', *, *, #3012, .T. ) ;
#290 = EDGE_LOOP ( 'NONE', ( #6064, #2804, #2910, #344 ) ) ;
#291 = LINE ( 'NONE', #1961, #7224 ) ;
#292 = CARTESIAN_POINT ( 'NONE',  ( 0.06791338582677165780, -0.1222510576593307113, -0.3265889213000000013 ) ) ;
#293 = LINE ( 'NONE', #4407, #5790 ) ;
#294 = AXIS2_PLACEMENT_3D ( 'NONE', #5338, #1794, #7038 ) ;
#295 = VERTEX_POINT ( 'NONE', #2420 ) ;
#296 = ORIENTED_EDGE ( 'NONE', *, *, #6326, .T. ) ;
#297 = DIRECTION ( 'NONE',  ( -1.258427415845802892E-13, 0.9876883405973838626, 0.1564344650260496572 ) ) ;
#298 = CARTESIAN_POINT ( 'NONE',  ( 0.05371611896436041811, -0.01435735930462509434, -0.3740157480314960647 ) ) ;
#299 = DIRECTION ( 'NONE',  ( 0.000000000000000000, 0.000000000000000000, 1.000000000000000000 ) ) ;
#300 = CIRCLE ( 'NONE', #4558, 0.02362204724409448092 ) ;
#301 = FACE_OUTER_BOUND ( 'NONE', #5803, .T. ) ;
#302 = CARTESIAN_POINT ( 'NONE',  ( 0.07501883914817839005, -0.08848848678465573436, -0.2251120080801248535 ) ) ;
#303 = AXIS2_PLACEMENT_3D ( 'NONE', #2007, #4789, #4836 ) ;
#304 = CARTESIAN_POINT ( 'NONE',  ( 0.1377952755905511861, -0.09055118110236221041, -0.3720472440944881942 ) ) ;
#305 = PLANE ( 'NONE',  #7229 ) ;
#306 = AXIS2_PLACEMENT_3D ( 'NONE', #2038, #6030, #4365 ) ;
#307 = VECTOR ( 'NONE', #4915, 39.37007874015748143 ) ;
#308 = CARTESIAN_POINT ( 'NONE',  ( -0.07482851638854330634, -0.08450465415397638569, -0.2268942226180708788 ) ) ;
#309 = AXIS2_PLACEMENT_3D ( 'NONE', #2609, #855, #6680 ) ;
#310 = DIRECTION ( 'NONE',  ( -0.000000000000000000, -1.000000000000000000, -0.000000000000000000 ) ) ;
#311 = CARTESIAN_POINT ( 'NONE',  ( 0.000000000000000000, 0.000000000000000000, -0.3740157480314960647 ) ) ;
#312 = ORIENTED_EDGE ( 'NONE', *, *, #3950, .F. ) ;
#313 = ORIENTED_EDGE ( 'NONE', *, *, #4940, .T. ) ;
#314 = CIRCLE ( 'NONE', #907, 0.07874015748030728512 ) ;
#315 = CARTESIAN_POINT ( 'NONE',  ( -0.1842519685039370192, -0.2645669291338583196, 0.000000000000000000 ) ) ;
#316 = AXIS2_PLACEMENT_3D ( 'NONE', #3517, #2440, #4200 ) ;
#317 = VECTOR ( 'NONE', #3315, 39.37007874015748143 ) ;
#318 = CARTESIAN_POINT ( 'NONE',  ( 0.000000000000000000, 0.000000000000000000, -0.1377952755905511861 ) ) ;
#319 = ADVANCED_FACE ( 'NONE', ( #3640 ), #5034, .F. ) ;
#320 = VECTOR ( 'NONE', #6110, 39.37007874015748143 ) ;
#321 = FACE_OUTER_BOUND ( 'NONE', #4453, .T. ) ;
#322 = LINE ( 'NONE', #3697, #65 ) ;
#323 = ORIENTED_EDGE ( 'NONE', *, *, #6214, .T. ) ;
#324 = CIRCLE ( 'NONE', #6636, 0.007874015748030560938 ) ;
#325 = ORIENTED_EDGE ( 'NONE', *, *, #6265, .F. ) ;
#326 = VERTEX_POINT ( 'NONE', #5846 ) ;
#327 = FACE_OUTER_BOUND ( 'NONE', #3031, .T. ) ;
#328 = EDGE_CURVE ( 'NONE', #4769, #6092, #6940, .T. ) ;
#329 = CARTESIAN_POINT ( 'NONE',  ( 0.1377952755905511861, -0.09145791303354332269, -0.3523622047244094335 ) ) ;
#330 = VECTOR ( 'NONE', #11, 39.37007874015748143 ) ;
#331 = VECTOR ( 'NONE', #7370, 39.37007874015748143 ) ;
#332 = EDGE_CURVE ( 'NONE', #2643, #2718, #5245, .T. ) ;
#333 = VERTEX_POINT ( 'NONE', #6978 ) ;
#334 = AXIS2_PLACEMENT_3D ( 'NONE', #5860, #7456, #2247 ) ;
#335 = ORIENTED_EDGE ( 'NONE', *, *, #6684, .F. ) ;
#336 = EDGE_CURVE ( 'NONE', #590, #101, #1203, .T. ) ;
#337 = EDGE_LOOP ( 'NONE', ( #1975, #2562, #2095, #5377, #1833, #5153, #3677 ) ) ;
#338 = LINE ( 'NONE', #2654, #2861 ) ;
#339 = CARTESIAN_POINT ( 'NONE',  ( 0.06791338582677165780, -0.1255989895095669384, -0.3260885695325197453 ) ) ;
#340 = EDGE_CURVE ( 'NONE', #5043, #1347, #2234, .T. ) ;
#341 = B_SPLINE_SURFACE_WITH_KNOTS ( 'NONE', 3, 3, ( 
 ( #5092, #3974, #437, #6249 ),
 ( #5122, #6295, #2764, #2828 ),
 ( #6708, #7425, #2211, #3823 ),
 ( #6141, #7395, #4544, #6853 ),
 ( #3258, #364, #616, #5908 ),
 ( #6402, #1189, #2906, #5264 ),
 ( #4592, #5831, #1147, #4119 ),
 ( #4695, #585, #6896, #2937 ),
 ( #3585, #3548, #1686, #120 ),
 ( #4080, #46, #5799, #2294 ),
 ( #5233, #2326, #3515, #2974 ),
 ( #1255, #1114, #695, #4011 ),
 ( #6436, #2359, #7002, #3016 ) ),
 .UNSPECIFIED., .F., .F., .F.,
 ( 4, 1, 1, 1, 1, 1, 1, 1, 1, 1, 4 ),
 ( 4, 4 ),
 ( -0.01999869468545000320, 0.000000000000000000, 0.1249999999998000072, 0.2499999999996999900, 0.3749999999996999622, 0.4999999999995999866, 0.6249999999995999866, 0.7499999999995000666, 0.8749999999995000666, 1.000000000000000000, 1.019998694686000018 ),
 ( -0.04077375506055000431, 1.040828168433000078 ),
 .UNSPECIFIED. ) ;
#342 = VECTOR ( 'NONE', #3858, 39.37007874015748143 ) ;
#343 = DIRECTION ( 'NONE',  ( 0.000000000000000000, 1.000000000000000000, 0.000000000000000000 ) ) ;
#344 = ORIENTED_EDGE ( 'NONE', *, *, #230, .F. ) ;
#345 = VERTEX_POINT ( 'NONE', #628 ) ;
#346 = DIRECTION ( 'NONE',  ( -0.000000000000000000, -0.000000000000000000, -1.000000000000000000 ) ) ;
#347 = DIRECTION ( 'NONE',  ( -8.876905287215246235E-16, 0.9876883405951698558, 0.1564344650400281422 ) ) ;
#348 = DIRECTION ( 'NONE',  ( 1.000000000000000000, 0.000000000000000000, 0.000000000000000000 ) ) ;
#349 = CARTESIAN_POINT ( 'NONE',  ( -2.367015563315074623E-12, -0.1094694140279077049, -0.3844195156259336832 ) ) ;
#350 = CYLINDRICAL_SURFACE ( 'NONE', #4693, 0.1279527559055118335 ) ;
#351 = DIRECTION ( 'NONE',  ( 0.000000000000000000, 0.000000000000000000, 1.000000000000000000 ) ) ;
#352 = CARTESIAN_POINT ( 'NONE',  ( -0.07382108702972441094, -0.08819149518047245118, -0.2445300936021653770 ) ) ;
#353 = DIRECTION ( 'NONE',  ( 1.000000000000000000, 0.000000000000000000, 0.000000000000000000 ) ) ;
#354 = LINE ( 'NONE', #4389, #1052 ) ;
#355 = ORIENTED_EDGE ( 'NONE', *, *, #5173, .T. ) ;
#356 = ORIENTED_EDGE ( 'NONE', *, *, #7436, .F. ) ;
#357 = DIRECTION ( 'NONE',  ( 0.000000000000000000, 1.000000000000000000, 0.000000000000000000 ) ) ;
#358 = DIRECTION ( 'NONE',  ( -1.000000000000000000, 0.000000000000000000, 0.000000000000000000 ) ) ;
#359 = LINE ( 'NONE', #5609, #3250 ) ;
#360 = LINE ( 'NONE', #5688, #6993 ) ;
#361 = ORIENTED_EDGE ( 'NONE', *, *, #1116, .T. ) ;
#362 = ORIENTED_EDGE ( 'NONE', *, *, #2961, .T. ) ;
#363 = ORIENTED_EDGE ( 'NONE', *, *, #6694, .F. ) ;
#364 = CARTESIAN_POINT ( 'NONE',  ( 0.08512907536866141933, -0.2143719086707873978, -0.09876419637366141979 ) ) ;
#365 = CYLINDRICAL_SURFACE ( 'NONE', #1031, 0.02362204724409448786 ) ;
#366 = ORIENTED_EDGE ( 'NONE', *, *, #2961, .F. ) ;
#367 = EDGE_CURVE ( 'NONE', #5637, #2658, #3562, .T. ) ;
#368 = ORIENTED_EDGE ( 'NONE', *, *, #1081, .F. ) ;
#369 = ORIENTED_EDGE ( 'NONE', *, *, #779, .F. ) ;
#370 = CARTESIAN_POINT ( 'NONE',  ( 0.0006754837608417325499, -0.1016923644720206799, -0.3831875967035074937 ) ) ;
#371 = CARTESIAN_POINT ( 'NONE',  ( 0.08661417322834646937, 0.02362204724409448786, -0.5334645669291339098 ) ) ;
#372 = ADVANCED_FACE ( 'NONE', ( #3033 ), #1482, .T. ) ;
#373 = EDGE_CURVE ( 'NONE', #4851, #60, #4783, .T. ) ;
#374 = CARTESIAN_POINT ( 'NONE',  ( 0.0006754837608417325499, -0.09251968503721574866, -0.4411016153786221361 ) ) ;
#375 = VERTEX_POINT ( 'NONE', #2308 ) ;
#376 = ORIENTED_EDGE ( 'NONE', *, *, #7195, .T. ) ;
#377 = EDGE_CURVE ( 'NONE', #5175, #5411, #710, .T. ) ;
#378 = CARTESIAN_POINT ( 'NONE',  ( 0.000000000000000000, 0.1574803149606299191, -0.1377952755905511861 ) ) ;
#379 = DIRECTION ( 'NONE',  ( -1.000000000000000000, 0.000000000000000000, 0.000000000000000000 ) ) ;
#380 = CARTESIAN_POINT ( 'NONE',  ( 0.000000000000000000, 0.000000000000000000, -0.4704724409448819422 ) ) ;
#381 = CARTESIAN_POINT ( 'NONE',  ( -0.1170484642146456811, -0.1062992125984252023, -0.4724409448818898127 ) ) ;
#382 = CARTESIAN_POINT ( 'NONE',  ( 0.01771653543307086937, -0.1152230971129102471, -0.5460629921259747555 ) ) ;
#383 = DIRECTION ( 'NONE',  ( -0.000000000000000000, -0.000000000000000000, -1.000000000000000000 ) ) ;
#384 = FACE_OUTER_BOUND ( 'NONE', #1584, .T. ) ;
#385 = EDGE_CURVE ( 'NONE', #4090, #1851, #4136, .T. ) ;
#386 = CARTESIAN_POINT ( 'NONE',  ( -0.06984251968503936425, -0.1043307086614173318, -0.4704724409448819422 ) ) ;
#387 = DIRECTION ( 'NONE',  ( 0.000000000000000000, 0.000000000000000000, 1.000000000000000000 ) ) ;
#388 = ORIENTED_EDGE ( 'NONE', *, *, #687, .F. ) ;
#389 = ORIENTED_EDGE ( 'NONE', *, *, #82, .F. ) ;
#390 = CARTESIAN_POINT ( 'NONE',  ( 39.37007874008125441, 4.821444091121976908E-15, -39.82283464566929609 ) ) ;
#391 = CARTESIAN_POINT ( 'NONE',  ( 0.01771653543307086937, -0.1627296587926377880, -0.5334645669291339098 ) ) ;
#392 = CARTESIAN_POINT ( 'NONE',  ( 0.1909448818897638289, -0.1043307086614173318, -0.4704724409448819422 ) ) ;
#393 = DIRECTION ( 'NONE',  ( 0.000000000000000000, 0.000000000000000000, 1.000000000000000000 ) ) ;
#394 = ORIENTED_EDGE ( 'NONE', *, *, #7152, .T. ) ;
#395 = ORIENTED_EDGE ( 'NONE', *, *, #6502, .T. ) ;
#396 = ORIENTED_EDGE ( 'NONE', *, *, #4987, .F. ) ;
#397 = LINE ( 'NONE', #1646, #3568 ) ;
#398 = DIRECTION ( 'NONE',  ( 1.000000000000000000, 0.000000000000000000, 0.000000000000000000 ) ) ;
#399 = ORIENTED_EDGE ( 'NONE', *, *, #842, .F. ) ;
#400 = ORIENTED_EDGE ( 'NONE', *, *, #5029, .T. ) ;
#401 = ORIENTED_EDGE ( 'NONE', *, *, #2320, .F. ) ;
#402 = CARTESIAN_POINT ( 'NONE',  ( 0.1791338582677165503, -0.09251968503937008093, -0.3720472440944881942 ) ) ;
#403 = LINE ( 'NONE', #5657, #761 ) ;
#404 = ORIENTED_EDGE ( 'NONE', *, *, #5119, .F. ) ;
#405 = VECTOR ( 'NONE', #6302, 39.37007874015748143 ) ;
#406 = DIRECTION ( 'NONE',  ( 0.000000000000000000, 1.000000000000000000, -6.938893903907227392E-16 ) ) ;
#407 = ADVANCED_FACE ( 'NONE', ( #1885 ), #4405, .F. ) ;
#408 = VERTEX_POINT ( 'NONE', #2493 ) ;
#409 = CARTESIAN_POINT ( 'NONE',  ( -0.1771653543307086798, 0.1771653543307086798, -0.1405511811023621993 ) ) ;
#410 = CARTESIAN_POINT ( 'NONE',  ( 0.05511811023622046474, 1.379050006854594430E-15, -0.3740157480314961203 ) ) ;
#411 = DIRECTION ( 'NONE',  ( 1.000000000000000000, 0.000000000000000000, 0.000000000000000000 ) ) ;
#412 = CARTESIAN_POINT ( 'NONE',  ( -0.06984251968503936425, -0.09251968503937008093, -0.4704724409448819422 ) ) ;
#413 = VECTOR ( 'NONE', #6287, 39.37007874015748143 ) ;
#414 = CARTESIAN_POINT ( 'NONE',  ( 0.0008791436264359729549, -0.04461652296615238600, -0.5515072208990252633 ) ) ;
#415 = ADVANCED_FACE ( 'NONE', ( #6596 ), #3673, .T. ) ;
#416 = ADVANCED_FACE ( 'NONE', ( #7208 ), #894, .T. ) ;
#417 = CARTESIAN_POINT ( 'NONE',  ( -0.08551175068393701562, -0.2247064242995669425, -0.1172806225713779738 ) ) ;
#418 = VECTOR ( 'NONE', #1053, 39.37007874015748143 ) ;
#419 = CARTESIAN_POINT ( 'NONE',  ( 0.000000000000000000, -0.3346456692913385988, -0.5452755905511811330 ) ) ;
#420 = CARTESIAN_POINT ( 'NONE',  ( -0.01771653543307086937, -0.1128608923884645565, -0.5492125984251968740 ) ) ;
#421 = ORIENTED_EDGE ( 'NONE', *, *, #2737, .T. ) ;
#422 = ORIENTED_EDGE ( 'NONE', *, *, #6784, .T. ) ;
#423 = CARTESIAN_POINT ( 'NONE',  ( 0.0005811606241209964739, -0.1017443554949804263, -0.3828609837085748535 ) ) ;
#424 = ORIENTED_EDGE ( 'NONE', *, *, #2183, .T. ) ;
#425 = FACE_OUTER_BOUND ( 'NONE', #4663, .T. ) ;
#426 = CARTESIAN_POINT ( 'NONE',  ( -0.1574803149606299191, -0.1259842519685039353, -0.4704724409448819422 ) ) ;
#427 = EDGE_CURVE ( 'NONE', #5885, #935, #1927, .T. ) ;
#428 = VECTOR ( 'NONE', #5083, 39.37007874015748143 ) ;
#429 = VECTOR ( 'NONE', #4141, 39.37007874015748143 ) ;
#430 = CARTESIAN_POINT ( 'NONE',  ( -0.05905511811023622659, -0.3346456692913385988, -0.5334645669291339098 ) ) ;
#431 = CARTESIAN_POINT ( 'NONE',  ( -0.1358267716535433156, -0.2115366531910236603, -0.4704724409448819422 ) ) ;
#432 = VECTOR ( 'NONE', #6736, 39.37007874015748143 ) ;
#433 = ORIENTED_EDGE ( 'NONE', *, *, #1845, .F. ) ;
#434 = CIRCLE ( 'NONE', #4568, 0.04462518364225637885 ) ;
#435 = AXIS2_PLACEMENT_3D ( 'NONE', #1610, #1692, #1548 ) ;
#436 = ORIENTED_EDGE ( 'NONE', *, *, #3012, .F. ) ;
#437 = CARTESIAN_POINT ( 'NONE',  ( 0.08551175068393701562, -0.2213986318210629800, -0.1168744812396063232 ) ) ;
#438 = CARTESIAN_POINT ( 'NONE',  ( 0.07442828796708662875, -0.08188139511582677443, -0.2345165493385039379 ) ) ;
#439 = AXIS2_PLACEMENT_3D ( 'NONE', #471, #5008, #1682 ) ;
#440 = CARTESIAN_POINT ( 'NONE',  ( 0.1791338582677165503, -0.3444881889763780070, -0.4448818897637795144 ) ) ;
#441 = ORIENTED_EDGE ( 'NONE', *, *, #227, .T. ) ;
#442 = ORIENTED_EDGE ( 'NONE', *, *, #3622, .T. ) ;
#443 = CIRCLE ( 'NONE', #682, 0.003937007874015997777 ) ;
#444 = ORIENTED_EDGE ( 'NONE', *, *, #7250, .F. ) ;
#445 = CARTESIAN_POINT ( 'NONE',  ( -0.04921259842519685318, -0.2125984251968504046, -0.1572440943595275753 ) ) ;
#446 = VECTOR ( 'NONE', #5828, 39.37007874015748143 ) ;
#447 = DIRECTION ( 'NONE',  ( 1.000000000000000000, 0.000000000000000000, 0.000000000000000000 ) ) ;
#448 = CARTESIAN_POINT ( 'NONE',  ( 0.06448818897637795255, -0.2559055118110236671, -0.2972440944881890035 ) ) ;
#449 = ORIENTED_EDGE ( 'NONE', *, *, #3711, .F. ) ;
#450 = AXIS2_PLACEMENT_3D ( 'NONE', #4524, #2270, #1659 ) ;
#451 = DIRECTION ( 'NONE',  ( 1.000000000000000000, 0.000000000000000000, 0.000000000000000000 ) ) ;
#452 = CARTESIAN_POINT ( 'NONE',  ( 0.05891338582677094204, -0.09678220938352756486, -0.4645233731656425169 ) ) ;
#453 = DIRECTION ( 'NONE',  ( -1.000000000000000000, -7.046004176653944864E-47, -8.260587980854568443E-16 ) ) ;
#454 = CARTESIAN_POINT ( 'NONE',  ( 0.05909448818897637679, -0.1299212598425196763, -0.5334645669291339098 ) ) ;
#455 = DIRECTION ( 'NONE',  ( 0.000000000000000000, -0.7999999999928942840, -0.6000000000094742880 ) ) ;
#456 = AXIS2_PLACEMENT_3D ( 'NONE', #5515, #7179, #1441 ) ;
#457 = ADVANCED_FACE ( 'NONE', ( #6151 ), #4253, .F. ) ;
#458 = CARTESIAN_POINT ( 'NONE',  ( 0.1791338582677165503, -0.1043307086614173318, -0.3720472440944881942 ) ) ;
#459 = CARTESIAN_POINT ( 'NONE',  ( -0.07503548712811024257, -0.08952368506767716116, -0.2254786765362991885 ) ) ;
#460 = FACE_OUTER_BOUND ( 'NONE', #1259, .T. ) ;
#461 = EDGE_CURVE ( 'NONE', #5312, #3102, #1431, .T. ) ;
#462 = CARTESIAN_POINT ( 'NONE',  ( -0.01877830743888582801, -0.1440324721591732249, -0.5435504490303150193 ) ) ;
#463 = ORIENTED_EDGE ( 'NONE', *, *, #3875, .T. ) ;
#464 = CARTESIAN_POINT ( 'NONE',  ( 0.1842519685039370192, 0.000000000000000000, -0.1377952755905511861 ) ) ;
#465 = EDGE_LOOP ( 'NONE', ( #2491, #6424, #6822, #6534, #396, #7061, #255, #1133, #2031, #3228 ) ) ;
#466 = FACE_OUTER_BOUND ( 'NONE', #6851, .T. ) ;
#467 = ADVANCED_FACE ( 'NONE', ( #174 ), #3794, .T. ) ;
#468 = DIRECTION ( 'NONE',  ( 0.000000000000000000, 0.9876883405950215300, 0.1564344650409648929 ) ) ;
#469 = EDGE_CURVE ( 'NONE', #478, #6203, #2687, .T. ) ;
#470 = LINE ( 'NONE', #1076, #6519 ) ;
#471 = CARTESIAN_POINT ( 'NONE',  ( 0.000000000000000000, 0.000000000000000000, -0.04527559055118110520 ) ) ;
#472 = EDGE_CURVE ( 'NONE', #181, #408, #1582, .T. ) ;
#473 = ORIENTED_EDGE ( 'NONE', *, *, #1573, .T. ) ;
#474 = ORIENTED_EDGE ( 'NONE', *, *, #3658, .T. ) ;
#475 = CARTESIAN_POINT ( 'NONE',  ( -0.06102362204724410405, -0.2559055118110236671, -0.5334645669291339098 ) ) ;
#476 = LINE ( 'NONE', #3975, #3699 ) ;
#477 = FACE_OUTER_BOUND ( 'NONE', #5588, .T. ) ;
#478 = VERTEX_POINT ( 'NONE', #7435 ) ;
#479 = VERTEX_POINT ( 'NONE', #5018 ) ;
#480 = ORIENTED_EDGE ( 'NONE', *, *, #5809, .T. ) ;
#481 = DIRECTION ( 'NONE',  ( -0.000000000000000000, -0.000000000000000000, -1.000000000000000000 ) ) ;
#482 = CARTESIAN_POINT ( 'NONE',  ( -0.1771653543307086798, -0.2559055118110236671, 0.009409448818897639746 ) ) ;
#483 = FACE_OUTER_BOUND ( 'NONE', #4637, .T. ) ;
#484 = CARTESIAN_POINT ( 'NONE',  ( 0.04094488188976377896, 0.06819097667594488377, -0.5452755905511811330 ) ) ;
#485 = VERTEX_POINT ( 'NONE', #4018 ) ;
#486 = ORIENTED_EDGE ( 'NONE', *, *, #5587, .F. ) ;
#487 = DIRECTION ( 'NONE',  ( 0.05989229072792317393, 0.1561536410010974651, -0.9859152873921075422 ) ) ;
#488 = CARTESIAN_POINT ( 'NONE',  ( -0.1574803149606299191, -0.1299212598425196763, -0.5669291338582678197 ) ) ;
#489 = LINE ( 'NONE', #2812, #2891 ) ;
#490 = CARTESIAN_POINT ( 'NONE',  ( 0.01771653543307086937, -0.1128608923884645565, -0.5334645669291339098 ) ) ;
#491 = CARTESIAN_POINT ( 'NONE',  ( -0.08459757930566930151, -0.1924915035705118127, -0.09034653872055117829 ) ) ;
#492 = DIRECTION ( 'NONE',  ( 1.000000000000000000, 0.000000000000000000, 0.000000000000000000 ) ) ;
#493 = CARTESIAN_POINT ( 'NONE',  ( -0.06670866202070865891, -0.1155021558002362198, -0.3397753185207480486 ) ) ;
#494 = ORIENTED_EDGE ( 'NONE', *, *, #7472, .F. ) ;
#495 = VERTEX_POINT ( 'NONE', #7365 ) ;
#496 = FACE_OUTER_BOUND ( 'NONE', #4177, .T. ) ;
#497 = ORIENTED_EDGE ( 'NONE', *, *, #4408, .T. ) ;
#498 = CARTESIAN_POINT ( 'NONE',  ( 0.1429133858267716550, -0.1062992125984252023, -0.04527559055118110520 ) ) ;
#499 = FACE_OUTER_BOUND ( 'NONE', #465, .T. ) ;
#500 = CARTESIAN_POINT ( 'NONE',  ( 0.000000000000000000, 0.000000000000000000, -0.4704724409448819422 ) ) ;
#501 = CARTESIAN_POINT ( 'NONE',  ( 0.08858267716535433989, -0.09251968503937008093, -0.4704724409448819422 ) ) ;
#502 = ADVANCED_FACE ( 'NONE', ( #6796 ), #3873, .F. ) ;
#503 = ADVANCED_FACE ( 'NONE', ( #3297 ), #1549, .F. ) ;
#504 = ORIENTED_EDGE ( 'NONE', *, *, #5545, .F. ) ;
#505 = DIRECTION ( 'NONE',  ( -0.000000000000000000, 0.9876883405951363271, 0.1564344650402395287 ) ) ;
#506 = EDGE_LOOP ( 'NONE', ( #3670, #4284, #4436, #6364, #4991, #1192, #3186, #2021, #6617, #3822, #4631, #7369, #2972, #5237 ) ) ;
#507 = CARTESIAN_POINT ( 'NONE',  ( 0.04921259842519685318, -0.2204724409448818867, -0.2952755905511810774 ) ) ;
#508 = CARTESIAN_POINT ( 'NONE',  ( 0.07504560747409450006, -0.08146363436062992180, -0.2195542626190157554 ) ) ;
#509 = ADVANCED_FACE ( 'NONE', ( #3332 ), #2112, .T. ) ;
#510 = DIRECTION ( 'NONE',  ( 0.05989229072793463698, -0.5581890657945443035, 0.8275493219976524095 ) ) ;
#511 = ORIENTED_EDGE ( 'NONE', *, *, #127, .T. ) ;
#512 = EDGE_CURVE ( 'NONE', #3829, #5533, #974, .T. ) ;
#513 = ORIENTED_EDGE ( 'NONE', *, *, #3123, .T. ) ;
#514 = VERTEX_POINT ( 'NONE', #371 ) ;
#515 = DIRECTION ( 'NONE',  ( -1.000000000000000000, -0.000000000000000000, -0.000000000000000000 ) ) ;
#516 = FACE_OUTER_BOUND ( 'NONE', #7468, .T. ) ;
#517 = DIRECTION ( 'NONE',  ( -0.000000000000000000, -1.000000000000000000, -0.000000000000000000 ) ) ;
#518 = EDGE_CURVE ( 'NONE', #4021, #604, #403, .T. ) ;
#519 = CARTESIAN_POINT ( 'NONE',  ( 0.000000000000000000, 0.000000000000000000, -0.5426097466751969023 ) ) ;
#520 = ORIENTED_EDGE ( 'NONE', *, *, #89, .F. ) ;
#521 = ORIENTED_EDGE ( 'NONE', *, *, #6783, .F. ) ;
#522 = LINE ( 'NONE', #3384, #7220 ) ;
#523 = CARTESIAN_POINT ( 'NONE',  ( -0.08501096513243498742, -0.2148628507573816515, -0.09019908363679134122 ) ) ;
#524 = CARTESIAN_POINT ( 'NONE',  ( -0.08858267716535433989, -0.2204724409448818867, -0.4704724409448819422 ) ) ;
#525 = AXIS2_PLACEMENT_3D ( 'NONE', #6421, #1842, #2453 ) ;
#526 = CARTESIAN_POINT ( 'NONE',  ( -0.08411569015858268161, -0.1669897459522047545, -0.09258065810708662746 ) ) ;
#527 = EDGE_LOOP ( 'NONE', ( #6508, #1864 ) ) ;
#528 = CARTESIAN_POINT ( 'NONE',  ( 0.09212598425196850960, -0.2086614173228346636, -0.4704724409448819422 ) ) ;
#529 = CARTESIAN_POINT ( 'NONE',  ( 0.000000000000000000, -0.3444881889763780070, -0.2992125984251968740 ) ) ;
#530 = VECTOR ( 'NONE', #4684, 39.37007874015748143 ) ;
#531 = EDGE_LOOP ( 'NONE', ( #6553, #2490, #6368, #6914 ) ) ;
#532 = CARTESIAN_POINT ( 'NONE',  ( 0.009786367278692420513, -0.1137114428380232301, -0.3850913615043712879 ) ) ;
#533 = DIRECTION ( 'NONE',  ( 0.000000000000000000, -1.445602896647356074E-15, -1.000000000000000000 ) ) ;
#534 = DIRECTION ( 'NONE',  ( 1.000000000000000000, 0.000000000000000000, 0.000000000000000000 ) ) ;
#535 = VECTOR ( 'NONE', #3007, 39.37007874015748143 ) ;
#536 = DIRECTION ( 'NONE',  ( 0.000000000000000000, 0.000000000000000000, -1.000000000000000000 ) ) ;
#537 = DIRECTION ( 'NONE',  ( 0.000000000000000000, 1.000000000000000000, 0.000000000000000000 ) ) ;
#538 = ORIENTED_EDGE ( 'NONE', *, *, #4518, .T. ) ;
#539 = CYLINDRICAL_SURFACE ( 'NONE', #3485, 0.07874015748031909512 ) ;
#540 = VERTEX_POINT ( 'NONE', #3413 ) ;
#541 = CIRCLE ( 'NONE', #4800, 0.003937007874015715884 ) ;
#542 = CARTESIAN_POINT ( 'NONE',  ( 0.000000000000000000, -0.3444881889763780070, -0.2992125984251968740 ) ) ;
#543 = VECTOR ( 'NONE', #6653, 39.37007874015748143 ) ;
#544 = FACE_OUTER_BOUND ( 'NONE', #4943, .T. ) ;
#545 = EDGE_CURVE ( 'NONE', #6640, #287, #6863, .T. ) ;
#546 = VECTOR ( 'NONE', #2736, 39.37007874015748143 ) ;
#547 = PLANE ( 'NONE',  #1394 ) ;
#548 = PRODUCT_DEFINITION ( 'UNKNOWN', '', #5681, #3684 ) ;
#549 = VERTEX_POINT ( 'NONE', #2721 ) ;
#550 = AXIS2_PLACEMENT_3D ( 'NONE', #2778, #4023, #6342 ) ;
#551 = ORIENTED_EDGE ( 'NONE', *, *, #2458, .F. ) ;
#552 = ADVANCED_FACE ( 'NONE', ( #516 ), #5054, .F. ) ;
#553 = VERTEX_POINT ( 'NONE', #5700 ) ;
#554 = PLANE ( 'NONE',  #1157 ) ;
#555 = DIRECTION ( 'NONE',  ( -0.000000000000000000, -0.000000000000000000, -1.000000000000000000 ) ) ;
#556 = FACE_OUTER_BOUND ( 'NONE', #4014, .T. ) ;
#557 = VECTOR ( 'NONE', #5651, 39.37007874015748143 ) ;
#558 = EDGE_CURVE ( 'NONE', #200, #7292, #4489, .T. ) ;
#559 = VECTOR ( 'NONE', #5985, 39.37007874015748143 ) ;
#560 = LINE ( 'NONE', #5702, #1415 ) ;
#561 = EDGE_CURVE ( 'NONE', #2263, #3424, #2772, .T. ) ;
#562 = EDGE_LOOP ( 'NONE', ( #1731, #486 ) ) ;
#563 = AXIS2_PLACEMENT_3D ( 'NONE', #1173, #28, #6344 ) ;
#564 = ORIENTED_EDGE ( 'NONE', *, *, #3669, .T. ) ;
#565 = VECTOR ( 'NONE', #3689, 39.37007874015748143 ) ;
#566 = EDGE_CURVE ( 'NONE', #3030, #6209, #2189, .T. ) ;
#567 = LINE ( 'NONE', #1128, #4932 ) ;
#568 = FACE_OUTER_BOUND ( 'NONE', #2180, .T. ) ;
#569 = CARTESIAN_POINT ( 'NONE',  ( -0.02362204724409448786, 0.000000000000000000, -0.4763779527559054983 ) ) ;
#570 = VECTOR ( 'NONE', #6868, 39.37007874015748143 ) ;
#571 = CARTESIAN_POINT ( 'NONE',  ( -0.08459757930566930151, -0.1925063065479527546, -0.08695386734559057418 ) ) ;
#572 = ORIENTED_EDGE ( 'NONE', *, *, #3724, .T. ) ;
#573 = CARTESIAN_POINT ( 'NONE',  ( 0.009862013584342223249, -0.1145513644288752853, -0.3795395314414990451 ) ) ;
#574 = AXIS2_PLACEMENT_3D ( 'NONE', #4586, #6353, #5899 ) ;
#575 = CARTESIAN_POINT ( 'NONE',  ( -0.06974325653492126353, -0.1121480143290551346, -0.3088600083091732618 ) ) ;
#576 = ORIENTED_EDGE ( 'NONE', *, *, #2098, .T. ) ;
#577 = CARTESIAN_POINT ( 'NONE',  ( 0.03937007874015747977, 4.821444091131311524E-18, -0.4133858267716535861 ) ) ;
#578 = DIRECTION ( 'NONE',  ( 0.000000000000000000, 0.1564344650400289749, -0.9876883405951698558 ) ) ;
#579 = CARTESIAN_POINT ( 'NONE',  ( -0.03382073918106440896, -0.04413289933872262261, -0.3740157480314961758 ) ) ;
#580 = AXIS2_PLACEMENT_3D ( 'NONE', #4411, #6114, #4492 ) ;
#581 = CARTESIAN_POINT ( 'NONE',  ( 0.000000000000000000, 0.000000000000000000, 0.000000000000000000 ) ) ;
#582 = LINE ( 'NONE', #7034, #6758 ) ;
#583 = ORIENTED_EDGE ( 'NONE', *, *, #1907, .F. ) ;
#584 = ORIENTED_EDGE ( 'NONE', *, *, #4887, .F. ) ;
#585 = CARTESIAN_POINT ( 'NONE',  ( 0.08459757930566930151, -0.1925063065479527546, -0.08695386734555120289 ) ) ;
#586 = DIRECTION ( 'NONE',  ( 0.000000000000000000, 0.000000000000000000, -1.000000000000000000 ) ) ;
#587 = CARTESIAN_POINT ( 'NONE',  ( -0.06968503937008878324, -0.1184100210180181051, -0.3064906406968487818 ) ) ;
#588 = EDGE_LOOP ( 'NONE', ( #6859, #6098, #4905, #4124 ) ) ;
#589 = ORIENTED_EDGE ( 'NONE', *, *, #3251, .T. ) ;
#590 = VERTEX_POINT ( 'NONE', #1050 ) ;
#591 = DIRECTION ( 'NONE',  ( 1.000000000000000000, 0.000000000000000000, 0.000000000000000000 ) ) ;
#592 = DIRECTION ( 'NONE',  ( 1.000000000000000000, 0.000000000000000000, 0.000000000000000000 ) ) ;
#593 = DIRECTION ( 'NONE',  ( -1.000000000000000000, -0.000000000000000000, -0.000000000000000000 ) ) ;
#594 = EDGE_CURVE ( 'NONE', #7254, #2504, #2840, .T. ) ;
#595 = ORIENTED_EDGE ( 'NONE', *, *, #6132, .F. ) ;
#596 = ORIENTED_EDGE ( 'NONE', *, *, #5304, .T. ) ;
#597 = EDGE_CURVE ( 'NONE', #6552, #707, #1655, .T. ) ;
#598 = ADVANCED_FACE ( 'NONE', ( #2265, #1089 ), #5732, .F. ) ;
#599 = DIRECTION ( 'NONE',  ( 0.05989229072792318781, 0.1561536410010144482, -0.9859152873921207538 ) ) ;
#600 = DIRECTION ( 'NONE',  ( 0.000000000000000000, 0.000000000000000000, 1.000000000000000000 ) ) ;
#601 = DIRECTION ( 'NONE',  ( -1.000000000000000000, 0.000000000000000000, 0.000000000000000000 ) ) ;
#602 = EDGE_CURVE ( 'NONE', #4276, #7086, #4207, .T. ) ;
#603 = CARTESIAN_POINT ( 'NONE',  ( -0.06968503937008622973, -0.1174557066606844863, -0.3069560909086848088 ) ) ;
#604 = VERTEX_POINT ( 'NONE', #1803 ) ;
#605 = CARTESIAN_POINT ( 'NONE',  ( -0.06614173228346423294, -0.1234053247828630212, -0.3467659153224508795 ) ) ;
#606 = FACE_OUTER_BOUND ( 'NONE', #614, .T. ) ;
#607 = VERTEX_POINT ( 'NONE', #2333 ) ;
#608 = DIRECTION ( 'NONE',  ( 0.000000000000000000, 0.000000000000000000, -1.000000000000000000 ) ) ;
#609 = CARTESIAN_POINT ( 'NONE',  ( 0.05511811023622015943, 6.750021727583791760E-18, -0.3779527559055118613 ) ) ;
#610 = DIRECTION ( 'NONE',  ( 1.734723475976799206E-15, -1.755404897227933697E-30, -1.000000000000000000 ) ) ;
#611 = ADVANCED_FACE ( 'NONE', ( #6969 ), #5766, .T. ) ;
#612 = LINE ( 'NONE', #4148, #2612 ) ;
#613 = CARTESIAN_POINT ( 'NONE',  ( -0.06141732283464567538, -0.2086614173228346636, -0.3090551181102362266 ) ) ;
#614 = EDGE_LOOP ( 'NONE', ( #5174, #4000, #3553, #625 ) ) ;
#615 = ORIENTED_EDGE ( 'NONE', *, *, #5484, .F. ) ;
#616 = CARTESIAN_POINT ( 'NONE',  ( 0.08512907536866141933, -0.2172010369596456547, -0.09689163442594488085 ) ) ;
#617 = CARTESIAN_POINT ( 'NONE',  ( 0.1909448818897638289, -0.3444881889763780070, -0.3976377952755905665 ) ) ;
#618 = CARTESIAN_POINT ( 'NONE',  ( -0.08742872657240158274, -0.1679662616739370229, -0.09320032455106298797 ) ) ;
#619 = VERTEX_POINT ( 'NONE', #4051 ) ;
#620 = VERTEX_POINT ( 'NONE', #5808 ) ;
#621 = ORIENTED_EDGE ( 'NONE', *, *, #1998, .T. ) ;
#622 = LINE ( 'NONE', #5270, #6139 ) ;
#623 = CARTESIAN_POINT ( 'NONE',  ( -0.08858268132850904975, -0.2125984251968504046, -0.1633858267716535584 ) ) ;
#624 = CARTESIAN_POINT ( 'NONE',  ( 0.0006754887989035413248, -0.1094694142397411446, -0.3844195142878894522 ) ) ;
#625 = ORIENTED_EDGE ( 'NONE', *, *, #2042, .F. ) ;
#626 = VERTEX_POINT ( 'NONE', #1161 ) ;
#627 = DIRECTION ( 'NONE',  ( 0.000000000000000000, 0.8987940462990940960, -0.4383711467892270064 ) ) ;
#628 = CARTESIAN_POINT ( 'NONE',  ( -0.05905511811023622659, -0.05208171872174512107, -0.5334645669291339098 ) ) ;
#629 = DIRECTION ( 'NONE',  ( -0.000000000000000000, -1.000000000000000000, -0.000000000000000000 ) ) ;
#630 = ADVANCED_FACE ( 'NONE', ( #1764 ), #7045, .T. ) ;
#631 =( BOUNDED_CURVE ( )  B_SPLINE_CURVE ( 3, ( #4599, #5131, #7364, #7434 ),
 .UNSPECIFIED., .F., .F. ) 
 B_SPLINE_CURVE_WITH_KNOTS ( ( 4, 4 ),
 ( 5.402163532660916978, 5.930576922941448892 ),
 .UNSPECIFIED. ) 
 CURVE ( )  GEOMETRIC_REPRESENTATION_ITEM ( )  RATIONAL_B_SPLINE_CURVE ( ( 1.000000000000000000, 0.9768666473817991802, 0.9768666473817991802, 1.000000000000000000 ) ) 
 REPRESENTATION_ITEM ( '' )  );
#632 = CARTESIAN_POINT ( 'NONE',  ( -0.08442041395133859094, -0.1829508748381496186, -0.08509835784787402047 ) ) ;
#633 = EDGE_LOOP ( 'NONE', ( #2006, #136, #1137, #7439 ) ) ;
#634 = CARTESIAN_POINT ( 'NONE',  ( -0.1181102362204724532, -0.2086614173228346636, -0.1633858267716535584 ) ) ;
#635 = LINE ( 'NONE', #2426, #3723 ) ;
#636 = ORIENTED_EDGE ( 'NONE', *, *, #6784, .F. ) ;
#637 = CARTESIAN_POINT ( 'NONE',  ( -0.08964567083019371607, -0.2126271962497775503, -0.1625619315125206854 ) ) ;
#638 = EDGE_CURVE ( 'NONE', #5751, #549, #3596, .T. ) ;
#639 = CARTESIAN_POINT ( 'NONE',  ( -0.0006754837608417325499, -0.1088173499377344672, -0.4640379022626118233 ) ) ;
#640 = LINE ( 'NONE', #2931, #5659 ) ;
#641 = ADVANCED_FACE ( 'NONE', ( #56 ), #2373, .F. ) ;
#642 = CARTESIAN_POINT ( 'NONE',  ( 0.000000000000000000, 0.000000000000000000, -0.4133858267716535861 ) ) ;
#643 = VECTOR ( 'NONE', #555, 39.37007874015748143 ) ;
#644 = DIRECTION ( 'NONE',  ( -1.000000000000000000, 0.000000000000000000, 0.000000000000000000 ) ) ;
#645 = DIRECTION ( 'NONE',  ( 0.000000000000000000, 0.000000000000000000, 1.000000000000000000 ) ) ;
#646 = ORIENTED_EDGE ( 'NONE', *, *, #4661, .T. ) ;
#647 = ORIENTED_EDGE ( 'NONE', *, *, #4661, .F. ) ;
#648 = EDGE_CURVE ( 'NONE', #4818, #2145, #6370, .T. ) ;
#649 = FACE_OUTER_BOUND ( 'NONE', #6475, .T. ) ;
#650 = CARTESIAN_POINT ( 'NONE',  ( 0.08858267716535433989, -0.2204724409448818867, -0.4744881889763779559 ) ) ;
#651 = AXIS2_PLACEMENT_3D ( 'NONE', #639, #6889, #2821 ) ;
#652 = CIRCLE ( 'NONE', #2602, 0.1574803149606299191 ) ;
#653 = LINE ( 'NONE', #2979, #5062 ) ;
#654 = EDGE_LOOP ( 'NONE', ( #61, #3738, #153, #2635, #222 ) ) ;
#655 = CIRCLE ( 'NONE', #6481, 0.003937007874016014257 ) ;
#656 = ORIENTED_EDGE ( 'NONE', *, *, #5435, .F. ) ;
#657 = CIRCLE ( 'NONE', #2360, 0.05905511811023622659 ) ;
#658 = ORIENTED_EDGE ( 'NONE', *, *, #6921, .T. ) ;
#659 = DIRECTION ( 'NONE',  ( -0.000000000000000000, -1.000000000000000000, -0.000000000000000000 ) ) ;
#660 = CARTESIAN_POINT ( 'NONE',  ( 0.1771653543307086798, -0.1043307086614173318, -0.3720472440944881942 ) ) ;
#661 = DIRECTION ( 'NONE',  ( 0.000000000000000000, 0.000000000000000000, -1.000000000000000000 ) ) ;
#662 = VECTOR ( 'NONE', #5832, 39.37007874015748143 ) ;
#663 = CIRCLE ( 'NONE', #1038, 0.01968503937007875723 ) ;
#664 = ORIENTED_EDGE ( 'NONE', *, *, #5992, .T. ) ;
#665 = VERTEX_POINT ( 'NONE', #5920 ) ;
#666 = FACE_OUTER_BOUND ( 'NONE', #3443, .T. ) ;
#667 = CARTESIAN_POINT ( 'NONE',  ( 0.01757046851007385349, -0.1110343330805474982, -0.3745390055860535194 ) ) ;
#668 = CARTESIAN_POINT ( 'NONE',  ( 0.000000000000000000, 0.1574803149606299191, -0.1377952755905511861 ) ) ;
#669 = CIRCLE ( 'NONE', #2978, 0.05511811023622047168 ) ;
#670 = AXIS2_PLACEMENT_3D ( 'NONE', #6886, #4535, #608 ) ;
#671 = DIRECTION ( 'NONE',  ( 0.000000000000000000, 5.757523350966313561E-31, -1.000000000000000000 ) ) ;
#672 = VECTOR ( 'NONE', #6120, 39.37007874015748143 ) ;
#673 = AXIS2_PLACEMENT_3D ( 'NONE', #7500, #3011, #2934 ) ;
#674 = CARTESIAN_POINT ( 'NONE',  ( 0.1771653543307086798, 0.000000000000000000, -0.4704724409448819422 ) ) ;
#675 = CIRCLE ( 'NONE', #5419, 0.02362204724409448092 ) ;
#676 = ORIENTED_EDGE ( 'NONE', *, *, #5955, .F. ) ;
#677 = LINE ( 'NONE', #2, #2606 ) ;
#678 = DIRECTION ( 'NONE',  ( 1.000000000000000000, 0.000000000000000000, 0.000000000000000000 ) ) ;
#679 = ORIENTED_EDGE ( 'NONE', *, *, #1444, .F. ) ;
#680 = EDGE_CURVE ( 'NONE', #1036, #6974, #2412, .T. ) ;
#681 = CARTESIAN_POINT ( 'NONE',  ( 0.1909448818897638289, -0.09854330708661417082, -0.3720472440944881942 ) ) ;
#682 = AXIS2_PLACEMENT_3D ( 'NONE', #5358, #253, #671 ) ;
#683 = AXIS2_PLACEMENT_3D ( 'NONE', #3162, #4803, #232 ) ;
#684 = AXIS2_PLACEMENT_3D ( 'NONE', #4729, #4849, #1791 ) ;
#685 = CARTESIAN_POINT ( 'NONE',  ( 0.1801956302735433224, -0.3444881889763780070, -0.3720472440944881942 ) ) ;
#686 = LINE ( 'NONE', #3010, #7101 ) ;
#687 = EDGE_CURVE ( 'NONE', #3887, #3829, #6668, .T. ) ;
#688 = DIRECTION ( 'NONE',  ( 0.05989229072795541203, 0.5581890657944880152, -0.8275493219976890469 ) ) ;
#689 = VECTOR ( 'NONE', #6766, 39.37007874015748143 ) ;
#690 = FACE_OUTER_BOUND ( 'NONE', #5835, .T. ) ;
#691 = EDGE_LOOP ( 'NONE', ( #2291, #2644, #1435, #5917 ) ) ;
#692 = ADVANCED_FACE ( 'NONE', ( #3522 ), #704, .F. ) ;
#693 = EDGE_CURVE ( 'NONE', #4616, #2370, #6443, .T. ) ;
#694 = VERTEX_POINT ( 'NONE', #1227 ) ;
#695 = CARTESIAN_POINT ( 'NONE',  ( 0.08404718683826770120, -0.1676028643694488229, -0.09782333459921259411 ) ) ;
#696 = AXIS2_PLACEMENT_3D ( 'NONE', #1868, #4888, #2477 ) ;
#697 = LINE ( 'NONE', #3017, #1387 ) ;
#698 = EDGE_CURVE ( 'NONE', #4401, #7305, #5873, .T. ) ;
#699 = DIRECTION ( 'NONE',  ( -1.000000000000000000, 0.000000000000000000, 0.000000000000000000 ) ) ;
#700 = ORIENTED_EDGE ( 'NONE', *, *, #472, .F. ) ;
#701 = EDGE_LOOP ( 'NONE', ( #6476, #4485, #1798, #5120, #6146, #1080, #1995, #2153 ) ) ;
#702 = ORIENTED_EDGE ( 'NONE', *, *, #512, .F. ) ;
#703 = CARTESIAN_POINT ( 'NONE',  ( -0.004268799953939827509, -0.1098315654484879333, -0.3820160494193949319 ) ) ;
#704 = PLANE ( 'NONE',  #7073 ) ;
#705 = CARTESIAN_POINT ( 'NONE',  ( 0.000000000000000000, -0.3208661417322835052, -0.3070866141732283561 ) ) ;
#706 =( NAMED_UNIT ( * ) PLANE_ANGLE_UNIT ( ) SI_UNIT ( $, .RADIAN. ) );
#707 = VERTEX_POINT ( 'NONE', #660 ) ;
#708 = VERTEX_POINT ( 'NONE', #5838 ) ;
#709 = DIRECTION ( 'NONE',  ( -1.000000000000000000, 0.000000000000000000, 0.000000000000000000 ) ) ;
#710 = LINE ( 'NONE', #139, #6237 ) ;
#711 = PLANE ( 'NONE',  #2498 ) ;
#712 = LINE ( 'NONE', #6601, #5782 ) ;
#713 = ORIENTED_EDGE ( 'NONE', *, *, #4703, .T. ) ;
#714 = DIRECTION ( 'NONE',  ( -1.734723475981839435E-15, 0.9876883405952688877, 0.1564344650394025593 ) ) ;
#715 = DIRECTION ( 'NONE',  ( 0.000000000000000000, 1.000000000000000000, 0.000000000000000000 ) ) ;
#716 = VERTEX_POINT ( 'NONE', #623 ) ;
#717 = DIRECTION ( 'NONE',  ( 1.000000000000000000, 0.000000000000000000, 0.000000000000000000 ) ) ;
#718 = CARTESIAN_POINT ( 'NONE',  ( -0.1377952755905511861, -0.1073609846042519744, -0.4704724409448819422 ) ) ;
#719 = LINE ( 'NONE', #3731, #6002 ) ;
#720 = CARTESIAN_POINT ( 'NONE',  ( -0.1515748031496063075, -0.09251968503937008093, -0.4980314960629921295 ) ) ;
#721 = CARTESIAN_POINT ( 'NONE',  ( 0.000000000000000000, 0.000000000000000000, -0.5515072208990252633 ) ) ;
#722 = LINE ( 'NONE', #7225, #5306 ) ;
#723 = DIRECTION ( 'NONE',  ( 1.000000000000000000, 0.000000000000000000, 0.000000000000000000 ) ) ;
#724 = ORIENTED_EDGE ( 'NONE', *, *, #4603, .F. ) ;
#725 = ORIENTED_EDGE ( 'NONE', *, *, #3444, .T. ) ;
#726 = DIRECTION ( 'NONE',  ( 0.000000000000000000, 0.7999999999928869565, 0.6000000000094839470 ) ) ;
#727 = CARTESIAN_POINT ( 'NONE',  ( 0.1574803149606299191, -0.09055118110236221041, -0.4704724409448819422 ) ) ;
#728 = ADVANCED_FACE ( 'NONE', ( #1835 ), #2944, .F. ) ;
#729 = LINE ( 'NONE', #3052, #5433 ) ;
#730 = EDGE_CURVE ( 'NONE', #4642, #1851, #1955, .T. ) ;
#731 = LINE ( 'NONE', #7008, #1643 ) ;
#732 = ORIENTED_EDGE ( 'NONE', *, *, #3057, .T. ) ;
#733 = ORIENTED_EDGE ( 'NONE', *, *, #7203, .T. ) ;
#734 = DIRECTION ( 'NONE',  ( -1.000000000000000000, 0.000000000000000000, 0.000000000000000000 ) ) ;
#735 = ORIENTED_EDGE ( 'NONE', *, *, #3073, .F. ) ;
#736 = CARTESIAN_POINT ( 'NONE',  ( -0.009430465363314122565, -0.1112434800370366295, -0.3686425753734672850 ) ) ;
#737 = LINE ( 'NONE', #7244, #285 ) ;
#738 = EDGE_CURVE ( 'NONE', #804, #3373, #2600, .T. ) ;
#739 = DIRECTION ( 'NONE',  ( -0.000000000000000000, 1.000000000000000000, 0.000000000000000000 ) ) ;
#740 = EDGE_CURVE ( 'NONE', #2940, #4851, #6068, .T. ) ;
#741 = ORIENTED_EDGE ( 'NONE', *, *, #4483, .T. ) ;
#742 = ORIENTED_EDGE ( 'NONE', *, *, #1477, .T. ) ;
#743 = CARTESIAN_POINT ( 'NONE',  ( -0.1574803149606299191, 0.000000000000000000, -0.1377952755905511861 ) ) ;
#744 = CARTESIAN_POINT ( 'NONE',  ( 0.06732283464567120901, -0.1175093610134126387, -0.3336572881677324909 ) ) ;
#745 = EDGE_CURVE ( 'NONE', #5466, #2711, #3214, .T. ) ;
#746 = CARTESIAN_POINT ( 'NONE',  ( 0.0008791436264359729549, -0.04461652296615238600, -0.5515072208990252633 ) ) ;
#747 = LINE ( 'NONE', #1814, #7100 ) ;
#748 = ORIENTED_EDGE ( 'NONE', *, *, #1333, .T. ) ;
#749 = CARTESIAN_POINT ( 'NONE',  ( -0.1259842519685039353, -0.1043307086614173318, -0.3917322834645669549 ) ) ;
#750 = CARTESIAN_POINT ( 'NONE',  ( 0.000000000000000000, 0.000000000000000000, -0.5334645669291339098 ) ) ;
#751 = DIRECTION ( 'NONE',  ( 0.000000000000000000, -1.000000000000000000, 0.000000000000000000 ) ) ;
#752 = DIRECTION ( 'NONE',  ( -1.000000000000000000, -0.000000000000000000, -0.000000000000000000 ) ) ;
#753 = PLANE ( 'NONE',  #6135 ) ;
#754 = CARTESIAN_POINT ( 'NONE',  ( -0.07403662067774824385, -0.07790787893077763537, -0.2438330122974763925 ) ) ;
#755 = LINE ( 'NONE', #2470, #1874 ) ;
#756 = LINE ( 'NONE', #6999, #6153 ) ;
#757 = ORIENTED_EDGE ( 'NONE', *, *, #5308, .F. ) ;
#758 = ORIENTED_EDGE ( 'NONE', *, *, #3200, .T. ) ;
#759 = CARTESIAN_POINT ( 'NONE',  ( 0.09040127955279547711, -0.09055118110236221041, -0.3740157480314960647 ) ) ;
#760 = DIRECTION ( 'NONE',  ( 2.868529319312520260E-16, 3.252606517457149814E-16, -1.000000000000000000 ) ) ;
#761 = VECTOR ( 'NONE', #1123, 39.37007874015748854 ) ;
#762 = CARTESIAN_POINT ( 'NONE',  ( -0.05905511811023622659, -0.2559055118110236671, -0.4704724409448819422 ) ) ;
#763 = DIRECTION ( 'NONE',  ( -1.000000000000000000, -0.000000000000000000, -0.000000000000000000 ) ) ;
#764 = VERTEX_POINT ( 'NONE', #5954 ) ;
#765 = ORIENTED_EDGE ( 'NONE', *, *, #1396, .F. ) ;
#766 = DIRECTION ( 'NONE',  ( 1.000000000000000000, 0.000000000000000000, 0.000000000000000000 ) ) ;
#767 = VERTEX_POINT ( 'NONE', #850 ) ;
#768 = PLANE ( 'NONE',  #2989 ) ;
#769 = VECTOR ( 'NONE', #4392, 39.37007874015748143 ) ;
#770 = DIRECTION ( 'NONE',  ( 0.000000000000000000, 0.000000000000000000, 1.000000000000000000 ) ) ;
#771 = ADVANCED_FACE ( 'NONE', ( #5541 ), #5464, .T. ) ;
#772 = DIRECTION ( 'NONE',  ( -0.000000000000000000, -0.000000000000000000, -1.000000000000000000 ) ) ;
#773 = AXIS2_PLACEMENT_3D ( 'NONE', #5715, #1106, #5791 ) ;
#774 = ORIENTED_EDGE ( 'NONE', *, *, #4644, .F. ) ;
#775 = EDGE_CURVE ( 'NONE', #1717, #5735, #4978, .T. ) ;
#776 = VERTEX_POINT ( 'NONE', #247 ) ;
#777 = CARTESIAN_POINT ( 'NONE',  ( 0.08661417322834646937, -0.06874015748031496453, -0.4704724409448819422 ) ) ;
#778 = CARTESIAN_POINT ( 'NONE',  ( 0.06911810963283465670, -0.1182222502806299230, -0.3136135437251574287 ) ) ;
#779 = EDGE_CURVE ( 'NONE', #3212, #4753, #1854, .T. ) ;
#780 = AXIS2_PLACEMENT_3D ( 'NONE', #5149, #4471, #5006 ) ;
#781 = LINE ( 'NONE', #140, #6754 ) ;
#782 = AXIS2_PLACEMENT_3D ( 'NONE', #6227, #3189, #2117 ) ;
#783 = ADVANCED_FACE ( 'NONE', ( #327 ), #7281, .F. ) ;
#784 = CARTESIAN_POINT ( 'NONE',  ( 0.08536529584109350810, -0.2163152936760816270, -0.1098196810965987175 ) ) ;
#785 = ADVANCED_FACE ( 'NONE', ( #2036, #4364 ), #1309, .F. ) ;
#786 = VECTOR ( 'NONE', #5936, 39.37007874015748143 ) ;
#787 = ORIENTED_EDGE ( 'NONE', *, *, #1343, .F. ) ;
#788 = DIRECTION ( 'NONE',  ( 1.000000000000000000, 0.000000000000000000, 0.000000000000000000 ) ) ;
#789 = AXIS2_PLACEMENT_3D ( 'NONE', #3161, #2017, #3651 ) ;
#790 = CIRCLE ( 'NONE', #5057, 0.1574803149606299191 ) ;
#791 = CARTESIAN_POINT ( 'NONE',  ( 0.000000000000000000, 0.000000000000000000, -0.4133858267716535861 ) ) ;
#792 = DIRECTION ( 'NONE',  ( 0.000000000000000000, 0.9876883405952688877, 0.1564344650394025593 ) ) ;
#793 = LINE ( 'NONE', #681, #5784 ) ;
#794 = DIRECTION ( 'NONE',  ( 0.000000000000000000, -0.1564344650382753776, 0.9876883405954474116 ) ) ;
#795 = DIRECTION ( 'NONE',  ( 0.000000000000000000, 0.000000000000000000, 1.000000000000000000 ) ) ;
#796 = AXIS2_PLACEMENT_3D ( 'NONE', #4308, #241, #3134 ) ;
#797 = VECTOR ( 'NONE', #2241, 39.37007874015748143 ) ;
#798 = CARTESIAN_POINT ( 'NONE',  ( -0.01486815216520473958, -0.1043307086614173318, -0.4046001156572804347 ) ) ;
#799 = VECTOR ( 'NONE', #4217, 39.37007874015748143 ) ;
#800 = DIRECTION ( 'NONE',  ( 1.000000000000000000, 0.000000000000000000, 0.000000000000000000 ) ) ;
#801 = ORIENTED_EDGE ( 'NONE', *, *, #5118, .F. ) ;
#802 = AXIS2_PLACEMENT_3D ( 'NONE', #5577, #1600, #2825 ) ;
#803 = AXIS2_PLACEMENT_3D ( 'NONE', #1522, #4918, #2631 ) ;
#804 = VERTEX_POINT ( 'NONE', #1461 ) ;
#805 = LINE ( 'NONE', #3168, #6243 ) ;
#806 = CARTESIAN_POINT ( 'NONE',  ( -0.0004653688922492123063, 0.02361746277220140577, -0.5486002864806925894 ) ) ;
#807 = CARTESIAN_POINT ( 'NONE',  ( 0.1109972924461587185, 0.06451135929548167114, -0.5452755905509000245 ) ) ;
#808 = CARTESIAN_POINT ( 'NONE',  ( 0.1782271263365354241, -0.09251968503937008093, -0.3720472440944881942 ) ) ;
#809 = ORIENTED_EDGE ( 'NONE', *, *, #92, .F. ) ;
#810 = VERTEX_POINT ( 'NONE', #1989 ) ;
#811 = CARTESIAN_POINT ( 'NONE',  ( 0.1857480314960630041, -0.09251968503937008093, -0.3720472440944881942 ) ) ;
#812 = CIRCLE ( 'NONE', #5686, 0.02362204724409448786 ) ;
#813 = EDGE_LOOP ( 'NONE', ( #848, #2608, #3637, #6843 ) ) ;
#814 = CARTESIAN_POINT ( 'NONE',  ( -0.01203076274256905179, -0.1041444922680799523, -0.3838060753325205354 ) ) ;
#815 = DIRECTION ( 'NONE',  ( 0.05989229072863562486, -0.06963125009422772849, 0.9957732686317661841 ) ) ;
#816 = DIRECTION ( 'NONE',  ( 0.000000000000000000, 0.000000000000000000, -1.000000000000000000 ) ) ;
#817 = B_SPLINE_CURVE_WITH_KNOTS ( 'NONE', 3,
 ( #2259, #4659, #6515, #2366, #3550, #1191, #1222, #6963, #5235, #1302 ),
 .UNSPECIFIED., .F., .F.,
 ( 4, 2, 2, 2, 4 ),
 ( 0.000000000000000000, 0.1250000000000020817, 0.2500000000000041633, 0.3750000000000062172, 0.5000000000000081046 ),
 .UNSPECIFIED. ) ;
#818 = ORIENTED_EDGE ( 'NONE', *, *, #4786, .F. ) ;
#819 = ORIENTED_EDGE ( 'NONE', *, *, #5159, .F. ) ;
#820 = CARTESIAN_POINT ( 'NONE',  ( -0.08964567121025530938, -0.2244094488188976555, -0.1633858267716535584 ) ) ;
#821 = CARTESIAN_POINT ( 'NONE',  ( 0.06978882653307087736, -0.1089609951750393768, -0.3099447830001574866 ) ) ;
#822 = CARTESIAN_POINT ( 'NONE',  ( 0.1377952755905511861, -0.2075996453170078637, -0.1572440944881889902 ) ) ;
#823 = ADVANCED_FACE ( 'NONE', ( #283 ), #3177, .T. ) ;
#824 = VERTEX_POINT ( 'NONE', #3634 ) ;
#825 = EDGE_CURVE ( 'NONE', #5224, #1494, #737, .T. ) ;
#826 = FACE_OUTER_BOUND ( 'NONE', #2024, .T. ) ;
#827 = ADVANCED_FACE ( 'NONE', ( #6103 ), #3060, .F. ) ;
#828 = VERTEX_POINT ( 'NONE', #166 ) ;
#829 = LINE ( 'NONE', #1397, #6641 ) ;
#830 = DIRECTION ( 'NONE',  ( 1.000000000000000000, 0.000000000000000000, 0.000000000000000000 ) ) ;
#831 = CARTESIAN_POINT ( 'NONE',  ( 0.07383773678600090429, -0.08711532785266659640, -0.2447490956836690379 ) ) ;
#832 = CARTESIAN_POINT ( 'NONE',  ( -0.01737879355264960665, -0.1043307086614317092, -0.4168640244162913344 ) ) ;
#833 = CARTESIAN_POINT ( 'NONE',  ( -0.08858267716535433989, -0.2215342129507086866, -0.2656692913385826915 ) ) ;
#834 = EDGE_CURVE ( 'NONE', #1673, #4928, #4249, .T. ) ;
#835 = FACE_OUTER_BOUND ( 'NONE', #1793, .T. ) ;
#836 = FACE_OUTER_BOUND ( 'NONE', #277, .T. ) ;
#837 = DIRECTION ( 'NONE',  ( 0.000000000000000000, 1.000000000000000000, 0.000000000000000000 ) ) ;
#838 = ORIENTED_EDGE ( 'NONE', *, *, #6323, .F. ) ;
#839 = ORIENTED_EDGE ( 'NONE', *, *, #5219, .T. ) ;
#840 = CARTESIAN_POINT ( 'NONE',  ( -0.04921259842519685318, -0.2244094488188976555, -0.2992125984251968740 ) ) ;
#841 = CARTESIAN_POINT ( 'NONE',  ( -0.0004653688922492151795, 0.02361746277220155843, -0.5366618725208658347 ) ) ;
#842 = EDGE_CURVE ( 'NONE', #6559, #6033, #1342, .T. ) ;
#843 = DIRECTION ( 'NONE',  ( 0.000000000000000000, 1.000000000000000000, 0.000000000000000000 ) ) ;
#844 = LINE ( 'NONE', #6133, #2627 ) ;
#845 = VERTEX_POINT ( 'NONE', #6749 ) ;
#846 = ORIENTED_EDGE ( 'NONE', *, *, #5893, .T. ) ;
#847 = CARTESIAN_POINT ( 'NONE',  ( 0.1170484642146456811, -0.2086614173228346636, -0.4704724409448819422 ) ) ;
#848 = ORIENTED_EDGE ( 'NONE', *, *, #3063, .T. ) ;
#849 = CARTESIAN_POINT ( 'NONE',  ( 0.01585747933808198326, -0.1087156044811415645, -0.3846029534939580108 ) ) ;
#850 = CARTESIAN_POINT ( 'NONE',  ( 0.1377952755905511861, -0.2086614173228346636, -0.4704724409448819422 ) ) ;
#851 = CARTESIAN_POINT ( 'NONE',  ( 0.01737879355264960665, -0.1075251456415503987, -0.3841115737608303271 ) ) ;
#852 = ORIENTED_EDGE ( 'NONE', *, *, #2982, .T. ) ;
#853 = VERTEX_POINT ( 'NONE', #507 ) ;
#854 = VERTEX_POINT ( 'NONE', #7461 ) ;
#855 = DIRECTION ( 'NONE',  ( 0.000000000000000000, 0.000000000000000000, 1.000000000000000000 ) ) ;
#856 = CARTESIAN_POINT ( 'NONE',  ( 0.06974325653492126353, -0.1121480143290551346, -0.3088600083091732618 ) ) ;
#857 = LINE ( 'NONE', #2078, #6029 ) ;
#858 = ORIENTED_EDGE ( 'NONE', *, *, #6647, .F. ) ;
#859 = ORIENTED_EDGE ( 'NONE', *, *, #5945, .F. ) ;
#860 = DIRECTION ( 'NONE',  ( -0.05989229072824939215, -0.06963125009422399536, 0.9957732686317897208 ) ) ;
#861 = CARTESIAN_POINT ( 'NONE',  ( -0.1388570475963779582, -0.2086614173228346636, -0.4704724409448819422 ) ) ;
#862 = FACE_OUTER_BOUND ( 'NONE', #5830, .T. ) ;
#863 = CARTESIAN_POINT ( 'NONE',  ( 0.1771653543307086798, -0.2559055118110236671, -0.4798818897637795455 ) ) ;
#864 = LINE ( 'NONE', #4960, #2258 ) ;
#865 = CARTESIAN_POINT ( 'NONE',  ( 0.1771653543307086798, -0.08948940909653543829, -0.3720472440944881942 ) ) ;
#866 = EDGE_CURVE ( 'NONE', #810, #5605, #6179, .T. ) ;
#867 = LINE ( 'NONE', #7149, #2977 ) ;
#868 = DIRECTION ( 'NONE',  ( 0.000000000000000000, -2.457524924300477559E-14, -1.000000000000000000 ) ) ;
#869 = DIRECTION ( 'NONE',  ( -1.000000000000000000, -0.000000000000000000, -0.000000000000000000 ) ) ;
#870 = EDGE_CURVE ( 'NONE', #236, #3039, #2181, .T. ) ;
#871 = CARTESIAN_POINT ( 'NONE',  ( 0.02362204724409448786, -0.3444881889763780070, -0.5452755905511811330 ) ) ;
#872 = DIRECTION ( 'NONE',  ( 0.000000000000000000, 0.1564344650400279757, -0.9876883405951698558 ) ) ;
#873 = ORIENTED_EDGE ( 'NONE', *, *, #1152, .F. ) ;
#874 = EDGE_LOOP ( 'NONE', ( #4390, #1809, #2719, #7283 ) ) ;
#875 = DIRECTION ( 'NONE',  ( 1.000000000000000000, 0.000000000000000000, 0.000000000000000000 ) ) ;
#876 = EDGE_CURVE ( 'NONE', #2386, #4850, #6818, .T. ) ;
#877 = FACE_OUTER_BOUND ( 'NONE', #4613, .T. ) ;
#878 = EDGE_CURVE ( 'NONE', #34, #4851, #397, .T. ) ;
#879 = DIRECTION ( 'NONE',  ( 1.000000000000000000, 0.000000000000000000, 0.000000000000000000 ) ) ;
#880 = CARTESIAN_POINT ( 'NONE',  ( 0.000000000000000000, 0.000000000000000000, -0.5366618725208661678 ) ) ;
#881 = ORIENTED_EDGE ( 'NONE', *, *, #7490, .F. ) ;
#882 = EDGE_CURVE ( 'NONE', #5466, #6698, #3895, .T. ) ;
#883 = ORIENTED_EDGE ( 'NONE', *, *, #4549, .F. ) ;
#884 = DIRECTION ( 'NONE',  ( 1.734723475976799206E-15, -1.755404897227933697E-30, -1.000000000000000000 ) ) ;
#885 = ORIENTED_EDGE ( 'NONE', *, *, #4271, .T. ) ;
#886 = CARTESIAN_POINT ( 'NONE',  ( -0.01771653543307086937, -0.1128608923884645565, -0.5492125984251968740 ) ) ;
#887 = CARTESIAN_POINT ( 'NONE',  ( 0.000000000000000000, -0.3444881889763780070, -0.5452755905511811330 ) ) ;
#888 = VECTOR ( 'NONE', #5156, 39.37007874015748143 ) ;
#889 = ORIENTED_EDGE ( 'NONE', *, *, #6454, .T. ) ;
#890 = CIRCLE ( 'NONE', #1257, 0.04462518364225637885 ) ;
#891 = EDGE_LOOP ( 'NONE', ( #6341, #7252, #3220, #6938, #4517 ) ) ;
#892 = EDGE_LOOP ( 'NONE', ( #6224, #664, #6748, #873 ) ) ;
#893 = CARTESIAN_POINT ( 'NONE',  ( -0.01771653543307086937, -0.1627296587926377880, -0.5492125984251968740 ) ) ;
#894 = PLANE ( 'NONE',  #3929 ) ;
#895 = CARTESIAN_POINT ( 'NONE',  ( -0.08548340607731036433, -0.2159558015083546667, -0.1149606586093796096 ) ) ;
#896 = VECTOR ( 'NONE', #6571, 39.37007874015748143 ) ;
#897 = ORIENTED_EDGE ( 'NONE', *, *, #6797, .F. ) ;
#898 = ORIENTED_EDGE ( 'NONE', *, *, #1800, .T. ) ;
#899 = LINE ( 'NONE', #3909, #2157 ) ;
#900 = CARTESIAN_POINT ( 'NONE',  ( -0.04921259842519685318, -0.3444881889763780070, -0.2992125984251968740 ) ) ;
#901 = FACE_BOUND ( 'NONE', #5761, .T. ) ;
#902 = CIRCLE ( 'NONE', #4310, 0.001968503936990740125 ) ;
#903 = CARTESIAN_POINT ( 'NONE',  ( 0.01586029351175336638, -0.1087623865904958770, -0.3843075334760748252 ) ) ;
#904 = DIRECTION ( 'NONE',  ( -0.000000000000000000, -0.000000000000000000, -1.000000000000000000 ) ) ;
#905 = VECTOR ( 'NONE', #4957, 39.37007874015748143 ) ;
#906 = CARTESIAN_POINT ( 'NONE',  ( -0.06984251968503936425, -0.1053924806672440900, -0.4704724409448819422 ) ) ;
#907 = AXIS2_PLACEMENT_3D ( 'NONE', #1598, #3855, #2244 ) ;
#908 = AXIS2_PLACEMENT_3D ( 'NONE', #2629, #2059, #2166 ) ;
#909 = CARTESIAN_POINT ( 'NONE',  ( -0.01771653543307086937, -0.1377952755905511861, -0.5334645669291339098 ) ) ;
#910 = VECTOR ( 'NONE', #2264, 39.37007874015748143 ) ;
#911 = CARTESIAN_POINT ( 'NONE',  ( 0.1771653543307086798, -0.1062992125984252023, -0.4704724409448819422 ) ) ;
#912 = EDGE_CURVE ( 'NONE', #5044, #5885, #1603, .T. ) ;
#913 = CARTESIAN_POINT ( 'NONE',  ( 0.000000000000000000, 0.000000000000000000, -0.4704724409448819422 ) ) ;
#914 = ORIENTED_EDGE ( 'NONE', *, *, #5534, .F. ) ;
#915 = VERTEX_POINT ( 'NONE', #3927 ) ;
#916 = VECTOR ( 'NONE', #6232, 39.37007874015748143 ) ;
#917 = CARTESIAN_POINT ( 'NONE',  ( -0.03937007874015747977, 0.000000000000000000, -0.5374015748031496509 ) ) ;
#918 = AXIS2_PLACEMENT_3D ( 'NONE', #6791, #6821, #1436 ) ;
#919 = AXIS2_PLACEMENT_3D ( 'NONE', #1322, #2959, #5289 ) ;
#920 = DIRECTION ( 'NONE',  ( -0.05989229072759440220, -0.4375842028374059556, -0.8971805720915679849 ) ) ;
#921 = EDGE_CURVE ( 'NONE', #5312, #1677, #3323, .T. ) ;
#922 = VECTOR ( 'NONE', #717, 39.37007874015748143 ) ;
#923 = CARTESIAN_POINT ( 'NONE',  ( -0.009054923925660936235, -0.1017167852859492683, -0.3917322834645671215 ) ) ;
#924 = FACE_OUTER_BOUND ( 'NONE', #1546, .T. ) ;
#925 = ORIENTED_EDGE ( 'NONE', *, *, #2191, .T. ) ;
#926 = EDGE_CURVE ( 'NONE', #5009, #6147, #6848, .T. ) ;
#927 = CIRCLE ( 'NONE', #3599, 0.01574803149606296415 ) ;
#928 = EDGE_CURVE ( 'NONE', #5276, #1, #2679, .T. ) ;
#929 = ORIENTED_EDGE ( 'NONE', *, *, #3669, .F. ) ;
#930 = ORIENTED_EDGE ( 'NONE', *, *, #6632, .F. ) ;
#931 = CARTESIAN_POINT ( 'NONE',  ( -0.1181102362204724532, -0.2215342129643700642, -0.1633858267716535584 ) ) ;
#932 = DIRECTION ( 'NONE',  ( -6.784263473961650283E-16, -0.1564344650393885150, 0.9876883405952712192 ) ) ;
#933 = AXIS2_PLACEMENT_3D ( 'NONE', #6223, #1729, #3381 ) ;
#934 = ADVANCED_FACE ( 'NONE', ( #1540 ), #1572, .T. ) ;
#935 = VERTEX_POINT ( 'NONE', #1040 ) ;
#936 = VECTOR ( 'NONE', #3543, 39.37007874015748143 ) ;
#937 = ORIENTED_EDGE ( 'NONE', *, *, #6225, .T. ) ;
#938 = ORIENTED_EDGE ( 'NONE', *, *, #2786, .F. ) ;
#939 = DIRECTION ( 'NONE',  ( -1.000000000000000000, 0.000000000000000000, 0.000000000000000000 ) ) ;
#940 = CARTESIAN_POINT ( 'NONE',  ( 0.08661417322834646937, -0.06874015748031496453, -0.5347244094488189381 ) ) ;
#941 = AXIS2_PLACEMENT_3D ( 'NONE', #982, #1556, #2197 ) ;
#942 = CARTESIAN_POINT ( 'NONE',  ( 0.1909448818897638289, -0.3444881889763780070, -0.4448818897637795144 ) ) ;
#943 = ADVANCED_FACE ( 'NONE', ( #5614 ), #965, .F. ) ;
#944 = ORIENTED_EDGE ( 'NONE', *, *, #178, .T. ) ;
#945 = VERTEX_POINT ( 'NONE', #475 ) ;
#946 = CARTESIAN_POINT ( 'NONE',  ( -0.1181102362204724532, -0.2204724409448818867, -0.1633858267716535584 ) ) ;
#947 = CARTESIAN_POINT ( 'NONE',  ( 0.1377952755905511861, -0.2244094488188976555, -0.4704724409448819422 ) ) ;
#948 = CYLINDRICAL_SURFACE ( 'NONE', #4827, 0.04921259842519682542 ) ;
#949 = DIRECTION ( 'NONE',  ( 0.000000000000000000, 0.000000000000000000, 1.000000000000000000 ) ) ;
#950 = CARTESIAN_POINT ( 'NONE',  ( -0.04921259842519685318, -0.2125984251968504046, -0.2696850393700788162 ) ) ;
#951 = APPLICATION_CONTEXT ( 'automotive_design' ) ;
#952 = PLANE ( 'NONE',  #5775 ) ;
#953 = FACE_BOUND ( 'NONE', #1696, .T. ) ;
#954 = CARTESIAN_POINT ( 'NONE',  ( 0.1564185429548031470, -0.2588976377952755814, -0.4704724409448819422 ) ) ;
#955 = CARTESIAN_POINT ( 'NONE',  ( -0.05905511811023622659, -0.2075996453170078637, -0.3058267716535433278 ) ) ;
#956 = ORIENTED_EDGE ( 'NONE', *, *, #2135, .F. ) ;
#957 = ORIENTED_EDGE ( 'NONE', *, *, #1151, .F. ) ;
#958 = LINE ( 'NONE', #390, #6478 ) ;
#959 = CARTESIAN_POINT ( 'NONE',  ( -0.05909448818897637679, -0.1274015748031496198, -0.5669291338582678197 ) ) ;
#960 = CARTESIAN_POINT ( 'NONE',  ( -0.009786370402772283372, -0.1043307086614173318, -0.4443190103295024396 ) ) ;
#961 = DIRECTION ( 'NONE',  ( 0.000000000000000000, 0.000000000000000000, -1.000000000000000000 ) ) ;
#962 = VERTEX_POINT ( 'NONE', #2797 ) ;
#963 = ORIENTED_EDGE ( 'NONE', *, *, #5435, .T. ) ;
#964 = ORIENTED_EDGE ( 'NONE', *, *, #6783, .T. ) ;
#965 = CYLINDRICAL_SURFACE ( 'NONE', #1376, 0.003937007874015724558 ) ;
#966 = CARTESIAN_POINT ( 'NONE',  ( 0.07382108702972441094, -0.08819149518047245118, -0.2445300936021653770 ) ) ;
#967 = ADVANCED_FACE ( 'NONE', ( #5648 ), #341, .T. ) ;
#968 = DIRECTION ( 'NONE',  ( 1.000000000000000000, 0.000000000000000000, 0.000000000000000000 ) ) ;
#969 = ORIENTED_EDGE ( 'NONE', *, *, #5949, .T. ) ;
#970 = ORIENTED_EDGE ( 'NONE', *, *, #3026, .F. ) ;
#971 = ADVANCED_FACE ( 'NONE', ( #649 ), #4626, .T. ) ;
#972 = ORIENTED_EDGE ( 'NONE', *, *, #6511, .T. ) ;
#973 = LINE ( 'NONE', #7319, #5293 ) ;
#974 = LINE ( 'NONE', #5622, #4050 ) ;
#975 = ADVANCED_FACE ( 'NONE', ( #6927 ), #5302, .F. ) ;
#976 = VERTEX_POINT ( 'NONE', #87 ) ;
#977 = VERTEX_POINT ( 'NONE', #14 ) ;
#978 = CARTESIAN_POINT ( 'NONE',  ( 0.000000000000000000, 0.000000000000000000, -0.3740157480314960647 ) ) ;
#979 = DIRECTION ( 'NONE',  ( 0.000000000000000000, 0.000000000000000000, -1.000000000000000000 ) ) ;
#980 = EDGE_CURVE ( 'NONE', #1036, #4769, #5875, .T. ) ;
#981 = DIRECTION ( 'NONE',  ( 0.000000000000000000, 0.000000000000000000, 1.000000000000000000 ) ) ;
#982 = CARTESIAN_POINT ( 'NONE',  ( 0.1791338582677165503, -0.3444881889763780070, -0.4212598425196850127 ) ) ;
#983 = LINE ( 'NONE', #412, #1891 ) ;
#984 = CARTESIAN_POINT ( 'NONE',  ( 0.1181102362204724532, -0.2215342129507086866, -0.1633858267716535584 ) ) ;
#985 = CARTESIAN_POINT ( 'NONE',  ( -0.08551175068393701562, -0.2147830468640945234, -0.1160621985760629943 ) ) ;
#986 = CARTESIAN_POINT ( 'NONE',  ( 0.01033307062351831659, -0.1199651298489654849, -0.3684864512968301642 ) ) ;
#987 = LINE ( 'NONE', #5635, #6994 ) ;
#988 = EDGE_LOOP ( 'NONE', ( #3860, #521, #6825, #366 ) ) ;
#989 = CARTESIAN_POINT ( 'NONE',  ( -4.564655057043594194E-09, -0.1017825159630645071, -0.3826200479954000033 ) ) ;
#990 = ORIENTED_EDGE ( 'NONE', *, *, #2656, .T. ) ;
#991 = CARTESIAN_POINT ( 'NONE',  ( -0.1161417322834645688, -0.1043307086614173318, -0.4606299212598425896 ) ) ;
#992 = PLANE ( 'NONE',  #2005 ) ;
#993 = CARTESIAN_POINT ( 'NONE',  ( 0.000000000000000000, -0.3444881889763780070, -0.5334645669291339098 ) ) ;
#994 = DIRECTION ( 'NONE',  ( 1.000000000000000000, 0.000000000000000000, 0.000000000000000000 ) ) ;
#995 = VERTEX_POINT ( 'NONE', #3478 ) ;
#996 = ORIENTED_EDGE ( 'NONE', *, *, #7393, .T. ) ;
#997 = DIRECTION ( 'NONE',  ( 1.000000000000000000, 0.000000000000000000, 0.000000000000000000 ) ) ;
#998 = CARTESIAN_POINT ( 'NONE',  ( 0.07504560747409450006, -0.08418251011173227827, -0.2214836036285039444 ) ) ;
#999 = B_SPLINE_CURVE_WITH_KNOTS ( 'NONE', 3,
 ( #150, #754, #4845, #6660, #6539, #7150, #5449, #3616 ),
 .UNSPECIFIED., .F., .F.,
 ( 4, 2, 2, 4 ),
 ( 2.586401039633577650E-16, 0.0003653550300613598559, 0.0005480325450919118751, 0.0007307100601224637317 ),
 .UNSPECIFIED. ) ;
#1000 = FACE_OUTER_BOUND ( 'NONE', #7176, .T. ) ;
#1001 = ORIENTED_EDGE ( 'NONE', *, *, #6041, .T. ) ;
#1002 = VERTEX_POINT ( 'NONE', #4732 ) ;
#1003 = ADVANCED_FACE ( 'NONE', ( #6958 ), #1828, .F. ) ;
#1004 = ORIENTED_EDGE ( 'NONE', *, *, #3770, .F. ) ;
#1005 = CARTESIAN_POINT ( 'NONE',  ( 0.1791338582677165503, -0.1043307086614173318, -0.4724409448818898127 ) ) ;
#1006 = DIRECTION ( 'NONE',  ( 0.000000000000000000, 0.000000000000000000, 1.000000000000000000 ) ) ;
#1007 = CARTESIAN_POINT ( 'NONE',  ( 0.08858267716535433989, -0.1053924806672440900, -0.4704724409448819422 ) ) ;
#1008 = EDGE_CURVE ( 'NONE', #5249, #3055, #890, .T. ) ;
#1009 = AXIS2_PLACEMENT_3D ( 'NONE', #2156, #5590, #4554 ) ;
#1010 = LINE ( 'NONE', #448, #570 ) ;
#1011 = VERTEX_POINT ( 'NONE', #7504 ) ;
#1012 = CARTESIAN_POINT ( 'NONE',  ( 0.06889763779527559306, -0.2204724409448818867, -0.2696850393700788162 ) ) ;
#1013 = LINE ( 'NONE', #452, #4187 ) ;
#1014 = EDGE_CURVE ( 'NONE', #5605, #4616, #2599, .T. ) ;
#1015 = CARTESIAN_POINT ( 'NONE',  ( -0.04921259842519685318, 0.000000000000000000, -0.3740157480314960647 ) ) ;
#1016 = DIRECTION ( 'NONE',  ( 1.000000000000000000, 0.000000000000000000, 0.000000000000000000 ) ) ;
#1017 = AXIS2_PLACEMENT_3D ( 'NONE', #155, #4921, #1365 ) ;
#1018 = EDGE_CURVE ( 'NONE', #7318, #6043, #165, .T. ) ;
#1019 = VECTOR ( 'NONE', #1325, 39.37007874015748854 ) ;
#1020 = FACE_OUTER_BOUND ( 'NONE', #2044, .T. ) ;
#1021 = EDGE_CURVE ( 'NONE', #3129, #828, #5977, .T. ) ;
#1022 = CARTESIAN_POINT ( 'NONE',  ( -0.08530624072299212990, -0.2146010026120866165, -0.1074656124142519681 ) ) ;
#1023 = AXIS2_PLACEMENT_3D ( 'NONE', #1934, #794, #228 ) ;
#1024 = FACE_OUTER_BOUND ( 'NONE', #3181, .T. ) ;
#1025 = DIRECTION ( 'NONE',  ( 0.9982048454657980185, 0.02625505217010114245, 0.05383083432520358036 ) ) ;
#1026 = EDGE_LOOP ( 'NONE', ( #7042, #3143, #4660, #2725 ) ) ;
#1027 = DIRECTION ( 'NONE',  ( 0.000000000000000000, 0.000000000000000000, 1.000000000000000000 ) ) ;
#1028 = EDGE_LOOP ( 'NONE', ( #4140, #5991, #583, #1330 ) ) ;
#1029 = CARTESIAN_POINT ( 'NONE',  ( 0.06102362204724410405, 0.000000000000000000, -0.3740157480314960647 ) ) ;
#1030 = DIRECTION ( 'NONE',  ( 1.000000000000000000, 0.000000000000000000, 0.000000000000000000 ) ) ;
#1031 = AXIS2_PLACEMENT_3D ( 'NONE', #887, #1344, #4822 ) ;
#1032 = VECTOR ( 'NONE', #3644, 39.37007874015748143 ) ;
#1033 = CARTESIAN_POINT ( 'NONE',  ( -0.05905511811023622659, -0.2075996453170078637, -0.4704724409448819422 ) ) ;
#1034 = DIRECTION ( 'NONE',  ( 0.000000000000000000, 0.000000000000000000, 1.000000000000000000 ) ) ;
#1035 = AXIS2_PLACEMENT_3D ( 'NONE', #3923, #358, #7308 ) ;
#1036 = VERTEX_POINT ( 'NONE', #759 ) ;
#1037 = VECTOR ( 'NONE', #6297, 39.37007874015748143 ) ;
#1038 = AXIS2_PLACEMENT_3D ( 'NONE', #6259, #2805, #6795 ) ;
#1039 = ORIENTED_EDGE ( 'NONE', *, *, #3816, .F. ) ;
#1040 = CARTESIAN_POINT ( 'NONE',  ( 0.1574803149606299191, -0.09251968503937008093, -0.4704724409448819422 ) ) ;
#1041 = DIRECTION ( 'NONE',  ( -1.000000000000000000, 0.000000000000000000, 0.000000000000000000 ) ) ;
#1042 = CIRCLE ( 'NONE', #673, 0.1574803149606299191 ) ;
#1043 = AXIS2_PLACEMENT_3D ( 'NONE', #1514, #6118, #2665 ) ;
#1044 = DIRECTION ( 'NONE',  ( 0.9982048454657374004, 0.004177875005693335725, -0.05974639611859616783 ) ) ;
#1045 = ORIENTED_EDGE ( 'NONE', *, *, #775, .T. ) ;
#1046 = ORIENTED_EDGE ( 'NONE', *, *, #3104, .F. ) ;
#1047 = AXIS2_PLACEMENT_3D ( 'NONE', #7128, #1306, #4259 ) ;
#1048 = ORIENTED_EDGE ( 'NONE', *, *, #5255, .T. ) ;
#1049 = CARTESIAN_POINT ( 'NONE',  ( 0.08858267716535433989, -0.2125984251968504046, -0.2696850393700788162 ) ) ;
#1050 = CARTESIAN_POINT ( 'NONE',  ( 0.04921259842519685318, -0.2244094488188976555, -0.3070866141732283561 ) ) ;
#1051 = AXIS2_PLACEMENT_3D ( 'NONE', #3196, #3688, #4300 ) ;
#1052 = VECTOR ( 'NONE', #6090, 39.37007874015748143 ) ;
#1053 = DIRECTION ( 'NONE',  ( 0.000000000000000000, -1.000000000000000000, 0.000000000000000000 ) ) ;
#1054 = DIRECTION ( 'NONE',  ( 6.784263472649886024E-16, -0.1564344650383068802, 0.9876883405954424155 ) ) ;
#1055 = VERTEX_POINT ( 'NONE', #6665 ) ;
#1056 = VECTOR ( 'NONE', #6568, 39.37007874015748143 ) ;
#1057 = ORIENTED_EDGE ( 'NONE', *, *, #558, .T. ) ;
#1058 = CARTESIAN_POINT ( 'NONE',  ( -0.06102362204724410405, 7.473238341253534249E-18, -0.4133858267716535861 ) ) ;
#1059 = DIRECTION ( 'NONE',  ( 1.000000000000000000, 0.000000000000000000, 0.000000000000000000 ) ) ;
#1060 = AXIS2_PLACEMENT_3D ( 'NONE', #5576, #2674, #4507 ) ;
#1061 = EDGE_CURVE ( 'NONE', #5663, #6712, #7397, .T. ) ;
#1062 = LINE ( 'NONE', #6198, #916 ) ;
#1063 = EDGE_CURVE ( 'NONE', #2958, #4765, #1865, .T. ) ;
#1064 = EDGE_CURVE ( 'NONE', #976, #3611, #7230, .T. ) ;
#1065 = CARTESIAN_POINT ( 'NONE',  ( -0.08404718683826770120, -0.1647761659589764005, -0.09605701718515748111 ) ) ;
#1066 = CYLINDRICAL_SURFACE ( 'NONE', #5882, 0.01181102362204724046 ) ;
#1067 = EDGE_CURVE ( 'NONE', #7041, #4543, #3740, .T. ) ;
#1068 = CYLINDRICAL_SURFACE ( 'NONE', #2502, 0.001968503937356538228 ) ;
#1069 = ORIENTED_EDGE ( 'NONE', *, *, #332, .T. ) ;
#1070 = DIRECTION ( 'NONE',  ( 0.000000000000000000, 1.000000000000000000, 0.000000000000000000 ) ) ;
#1071 = ORIENTED_EDGE ( 'NONE', *, *, #2229, .F. ) ;
#1072 = ADVANCED_FACE ( 'NONE', ( #201 ), #6060, .F. ) ;
#1073 = LINE ( 'NONE', #2133, #769 ) ;
#1074 = CARTESIAN_POINT ( 'NONE',  ( -0.1181102362204724532, -0.1062992125984252023, -0.3720472440944881942 ) ) ;
#1075 = EDGE_CURVE ( 'NONE', #4243, #2820, #2970, .T. ) ;
#1076 = CARTESIAN_POINT ( 'NONE',  ( 0.1771653543307086798, -0.09055118110236221041, -0.03614173228346456712 ) ) ;
#1077 = DIRECTION ( 'NONE',  ( 0.05989229072795530101, 0.5581890657946599887, -0.8275493219975729176 ) ) ;
#1078 = ORIENTED_EDGE ( 'NONE', *, *, #6743, .F. ) ;
#1079 = DIRECTION ( 'NONE',  ( 1.000000000000000000, 0.000000000000000000, -3.614007241618350250E-16 ) ) ;
#1080 = ORIENTED_EDGE ( 'NONE', *, *, #1747, .T. ) ;
#1081 = EDGE_CURVE ( 'NONE', #977, #1225, #3624, .T. ) ;
#1082 = DIRECTION ( 'NONE',  ( 0.000000000000000000, 0.000000000000000000, 1.000000000000000000 ) ) ;
#1083 = CARTESIAN_POINT ( 'NONE',  ( 0.07504920018594488096, -0.08694208905480314831, -0.2233560573739764021 ) ) ;
#1084 = DIRECTION ( 'NONE',  ( -1.000000000000000000, -0.000000000000000000, -0.000000000000000000 ) ) ;
#1085 = ORIENTED_EDGE ( 'NONE', *, *, #2594, .T. ) ;
#1086 = ORIENTED_EDGE ( 'NONE', *, *, #7046, .F. ) ;
#1087 = EDGE_LOOP ( 'NONE', ( #3962, #1547, #1495, #494 ) ) ;
#1088 = DIRECTION ( 'NONE',  ( 1.000000000000000000, 0.000000000000000000, 0.000000000000000000 ) ) ;
#1089 = FACE_OUTER_BOUND ( 'NONE', #4064, .T. ) ;
#1090 = DIRECTION ( 'NONE',  ( 0.000000000000000000, 0.000000000000000000, 1.000000000000000000 ) ) ;
#1091 = DIRECTION ( 'NONE',  ( -3.045142085065937248E-45, -1.000000000000000000, 1.755404897227933697E-30 ) ) ;
#1092 = EDGE_LOOP ( 'NONE', ( #6566, #3643, #53, #969, #6930 ) ) ;
#1093 = EDGE_LOOP ( 'NONE', ( #3366, #4027, #3565, #1145 ) ) ;
#1094 = CARTESIAN_POINT ( 'NONE',  ( -0.1641732283464567010, -0.09055118110236221041, -0.4704724409448819422 ) ) ;
#1095 = CARTESIAN_POINT ( 'NONE',  ( -0.04676955665215389024, -0.02454820055669998738, -0.5366618725208659457 ) ) ;
#1096 = DIRECTION ( 'NONE',  ( 1.000000000000000000, 0.000000000000000000, 0.000000000000000000 ) ) ;
#1097 = LINE ( 'NONE', #5140, #1771 ) ;
#1098 = FACE_OUTER_BOUND ( 'NONE', #2449, .T. ) ;
#1099 = VERTEX_POINT ( 'NONE', #840 ) ;
#1100 = CARTESIAN_POINT ( 'NONE',  ( 0.005799781764424345384, -0.1151989302047034119, -0.3754509620435068640 ) ) ;
#1101 = FACE_OUTER_BOUND ( 'NONE', #7407, .T. ) ;
#1102 = ORIENTED_EDGE ( 'NONE', *, *, #1758, .T. ) ;
#1103 = ADVANCED_FACE ( 'NONE', ( #5943 ), #6578, .T. ) ;
#1104 = CARTESIAN_POINT ( 'NONE',  ( 0.000000000000000000, 0.000000000000000000, -0.5334645669291339098 ) ) ;
#1105 = ORIENTED_EDGE ( 'NONE', *, *, #6416, .F. ) ;
#1106 = DIRECTION ( 'NONE',  ( 1.000000000000000000, 0.000000000000000000, 0.000000000000000000 ) ) ;
#1107 = CARTESIAN_POINT ( 'NONE',  ( 0.000000000000000000, -0.1087623684139332747, -0.3843075305972039613 ) ) ;
#1108 = CARTESIAN_POINT ( 'NONE',  ( 0.1358267716535433156, -0.2215342129507086866, -0.1633858267716535584 ) ) ;
#1109 = EDGE_CURVE ( 'NONE', #3495, #6447, #3205, .T. ) ;
#1110 = LINE ( 'NONE', #81, #3969 ) ;
#1111 = ORIENTED_EDGE ( 'NONE', *, *, #3667, .T. ) ;
#1112 = ADVANCED_FACE ( 'NONE', ( #4766 ), #2474, .F. ) ;
#1113 = ORIENTED_EDGE ( 'NONE', *, *, #3757, .T. ) ;
#1114 = CARTESIAN_POINT ( 'NONE',  ( 0.08404718683826770120, -0.1704295627799212454, -0.09958965201326773486 ) ) ;
#1115 = CARTESIAN_POINT ( 'NONE',  ( 0.07442828796708662875, -0.07840030734279528069, -0.2342731279684251988 ) ) ;
#1116 = EDGE_CURVE ( 'NONE', #5136, #5238, #805, .T. ) ;
#1117 = EDGE_CURVE ( 'NONE', #6679, #5324, #7119, .T. ) ;
#1118 = DIRECTION ( 'NONE',  ( -0.000000000000000000, 1.000000000000000000, 0.000000000000000000 ) ) ;
#1119 = ORIENTED_EDGE ( 'NONE', *, *, #1384, .T. ) ;
#1120 = ORIENTED_EDGE ( 'NONE', *, *, #870, .F. ) ;
#1121 = VERTEX_POINT ( 'NONE', #2553 ) ;
#1122 = CARTESIAN_POINT ( 'NONE',  ( 0.1181102362204724532, -0.08787401574803149762, -0.04527559055118110520 ) ) ;
#1123 = DIRECTION ( 'NONE',  ( 0.000000000000000000, -0.1564344650409648652, 0.9876883405950214190 ) ) ;
#1124 = DIRECTION ( 'NONE',  ( 1.000000000000000000, 0.000000000000000000, 0.000000000000000000 ) ) ;
#1125 = CARTESIAN_POINT ( 'NONE',  ( 0.1181102362204724532, -0.1062992125984252023, -0.04527559055118110520 ) ) ;
#1126 = ORIENTED_EDGE ( 'NONE', *, *, #4889, .T. ) ;
#1127 = ORIENTED_EDGE ( 'NONE', *, *, #6956, .T. ) ;
#1128 = CARTESIAN_POINT ( 'NONE',  ( -0.08858267716535433989, -0.1259842519685039353, -0.4694106689389763720 ) ) ;
#1129 = LINE ( 'NONE', #3881, #3501 ) ;
#1130 = DIRECTION ( 'NONE',  ( 0.000000000000000000, 1.000000000000000000, 0.000000000000000000 ) ) ;
#1131 = VECTOR ( 'NONE', #6522, 39.37007874015748143 ) ;
#1132 = DIRECTION ( 'NONE',  ( -1.000000000000000000, 0.000000000000000000, 0.000000000000000000 ) ) ;
#1133 = ORIENTED_EDGE ( 'NONE', *, *, #5067, .F. ) ;
#1134 = LINE ( 'NONE', #528, #2238 ) ;
#1135 = CARTESIAN_POINT ( 'NONE',  ( -0.06978882653307087736, -0.1119299564598425084, -0.3084303769246850568 ) ) ;
#1136 = VECTOR ( 'NONE', #7355, 39.37007874015748143 ) ;
#1137 = ORIENTED_EDGE ( 'NONE', *, *, #7490, .T. ) ;
#1138 = CYLINDRICAL_SURFACE ( 'NONE', #670, 0.01181102362204724046 ) ;
#1139 = CARTESIAN_POINT ( 'NONE',  ( 0.002802038465016876752, -0.04453712603610246457, -0.5515072208993418990 ) ) ;
#1140 = DIRECTION ( 'NONE',  ( 0.000000000000000000, -0.9876883405950479533, -0.1564344650407979154 ) ) ;
#1141 = VECTOR ( 'NONE', #2286, 39.37007874015748143 ) ;
#1142 = CARTESIAN_POINT ( 'NONE',  ( 0.08834645657788463280, -0.2126271961828885837, -0.1625619324691143786 ) ) ;
#1143 = LINE ( 'NONE', #5750, #7247 ) ;
#1144 = VERTEX_POINT ( 'NONE', #4236 ) ;
#1145 = ORIENTED_EDGE ( 'NONE', *, *, #3862, .F. ) ;
#1146 = VECTOR ( 'NONE', #6095, 39.37007874015748143 ) ;
#1147 = CARTESIAN_POINT ( 'NONE',  ( 0.08477474465999999820, -0.2020775886752362027, -0.08518183245472440990 ) ) ;
#1148 = AXIS2_PLACEMENT_3D ( 'NONE', #5570, #6773, #5001 ) ;
#1149 = EDGE_CURVE ( 'NONE', #7093, #333, #5454, .T. ) ;
#1150 = LINE ( 'NONE', #5200, #4929 ) ;
#1151 = EDGE_CURVE ( 'NONE', #5276, #607, #6547, .T. ) ;
#1152 = EDGE_CURVE ( 'NONE', #3710, #1121, #272, .T. ) ;
#1153 = VECTOR ( 'NONE', #5567, 39.37007874015748143 ) ;
#1154 = DIRECTION ( 'NONE',  ( 1.000000000000000000, 0.000000000000000000, 0.000000000000000000 ) ) ;
#1155 = ORIENTED_EDGE ( 'NONE', *, *, #1439, .F. ) ;
#1156 = CIRCLE ( 'NONE', #5887, 0.1574803149606299191 ) ;
#1157 = AXIS2_PLACEMENT_3D ( 'NONE', #6756, #3903, #3296 ) ;
#1158 = ORIENTED_EDGE ( 'NONE', *, *, #3110, .F. ) ;
#1159 = ORIENTED_EDGE ( 'NONE', *, *, #7487, .F. ) ;
#1160 = CARTESIAN_POINT ( 'NONE',  ( -0.007572534301511535046, -0.1116364985077291649, -0.3803974265442280900 ) ) ;
#1161 = CARTESIAN_POINT ( 'NONE',  ( -0.1574803149606299191, -1.083846976339797383E-17, -0.4704724409448819422 ) ) ;
#1162 = ADVANCED_FACE ( 'NONE', ( #466 ), #3395, .T. ) ;
#1163 = PLANE ( 'NONE',  #6248 ) ;
#1164 = AXIS2_PLACEMENT_3D ( 'NONE', #3898, #1118, #398 ) ;
#1165 = AXIS2_PLACEMENT_3D ( 'NONE', #6052, #2121, #4415 ) ;
#1166 = DIRECTION ( 'NONE',  ( 1.000000000000000000, 0.000000000000000000, 0.000000000000000000 ) ) ;
#1167 = ORIENTED_EDGE ( 'NONE', *, *, #100, .T. ) ;
#1168 = VECTOR ( 'NONE', #3147, 39.37007874015748143 ) ;
#1169 = VERTEX_POINT ( 'NONE', #917 ) ;
#1170 = CARTESIAN_POINT ( 'NONE',  ( -0.1771653543307086798, 0.000000000000000000, 0.009409448818897639746 ) ) ;
#1171 = CARTESIAN_POINT ( 'NONE',  ( 0.06850393700787539564, -0.1234299282027477990, -0.3192050602867898546 ) ) ;
#1172 = ADVANCED_FACE ( 'NONE', ( #2172 ), #3356, .F. ) ;
#1173 = CARTESIAN_POINT ( 'NONE',  ( -0.1787401574803149651, 0.09685039370078740717, -0.03937007874015747977 ) ) ;
#1174 = AXIS2_PLACEMENT_3D ( 'NONE', #791, #4995, #348 ) ;
#1175 = CARTESIAN_POINT ( 'NONE',  ( -0.08442041395133859094, -0.1818743555745669371, -0.08188097360011810377 ) ) ;
#1176 = ORIENTED_EDGE ( 'NONE', *, *, #4878, .T. ) ;
#1177 = CARTESIAN_POINT ( 'NONE',  ( 0.05905511811023622659, -0.2569672838168504114, -0.4704724409448819422 ) ) ;
#1178 = VECTOR ( 'NONE', #6465, 39.37007874015748143 ) ;
#1179 = CARTESIAN_POINT ( 'NONE',  ( -0.06604891939759842401, -0.1144271013262598419, -0.3462833839190944674 ) ) ;
#1180 = ORIENTED_EDGE ( 'NONE', *, *, #687, .T. ) ;
#1181 = PLANE ( 'NONE',  #4078 ) ;
#1182 = CARTESIAN_POINT ( 'NONE',  ( -0.1182074629040803931, 0.05009101837963781528, -0.5452755905514801160 ) ) ;
#1183 = DIRECTION ( 'NONE',  ( 0.000000000000000000, 0.9876883405959676621, 0.1564344650349919208 ) ) ;
#1184 = VECTOR ( 'NONE', #4566, 39.37007874015748143 ) ;
#1185 = CARTESIAN_POINT ( 'NONE',  ( -0.01771653543307086937, -0.1627296587926377880, -0.5492125984251968740 ) ) ;
#1186 = CARTESIAN_POINT ( 'NONE',  ( -0.0006754837608417325499, -0.1211350253003828786, -0.3862671607834204379 ) ) ;
#1187 = VERTEX_POINT ( 'NONE', #2636 ) ;
#1188 = ORIENTED_EDGE ( 'NONE', *, *, #4878, .F. ) ;
#1189 = CARTESIAN_POINT ( 'NONE',  ( 0.08495191001433072264, -0.2085288883021259587, -0.09247088467968503367 ) ) ;
#1190 = CARTESIAN_POINT ( 'NONE',  ( 0.07380737226952756302, -0.08238362429937008680, -0.2478143937566142374 ) ) ;
#1191 = CARTESIAN_POINT ( 'NONE',  ( -0.04413289933872274057, 0.03382073918106311833, -0.3740157480314960647 ) ) ;
#1192 = ORIENTED_EDGE ( 'NONE', *, *, #3444, .F. ) ;
#1193 = ORIENTED_EDGE ( 'NONE', *, *, #5128, .F. ) ;
#1194 = ORIENTED_EDGE ( 'NONE', *, *, #7291, .F. ) ;
#1195 = CARTESIAN_POINT ( 'NONE',  ( -0.002510336761565411592, -0.1101118697836626914, -0.3802462774986580807 ) ) ;
#1196 = CARTESIAN_POINT ( 'NONE',  ( 0.08524718560486665986, -0.2224479827709444912, -0.1016589680310920757 ) ) ;
#1197 = EDGE_CURVE ( 'NONE', #5735, #2852, #2205, .T. ) ;
#1198 = FACE_OUTER_BOUND ( 'NONE', #2379, .T. ) ;
#1199 = EDGE_LOOP ( 'NONE', ( #1261, #6411, #2533, #5573 ) ) ;
#1200 = ADVANCED_FACE ( 'NONE', ( #6812 ), #2752, .F. ) ;
#1201 = ORIENTED_EDGE ( 'NONE', *, *, #2982, .F. ) ;
#1202 = CARTESIAN_POINT ( 'NONE',  ( 0.01737570625135107308, -0.1094181718635414413, -0.3847430459178985962 ) ) ;
#1203 = LINE ( 'NONE', #5321, #4296 ) ;
#1204 = ADVANCED_FACE ( 'NONE', ( #4971 ), #3317, .T. ) ;
#1205 = DIRECTION ( 'NONE',  ( 0.000000000000000000, 0.000000000000000000, -1.000000000000000000 ) ) ;
#1206 = CARTESIAN_POINT ( 'NONE',  ( -0.06732283464567093145, -0.1255372491985340677, -0.3333054743138753051 ) ) ;
#1207 = EDGE_CURVE ( 'NONE', #3257, #514, #1073, .T. ) ;
#1208 = EDGE_LOOP ( 'NONE', ( #3245, #5346, #5891, #3114 ) ) ;
#1209 = PLANE ( 'NONE',  #3578 ) ;
#1210 = CARTESIAN_POINT ( 'NONE',  ( 0.06448818897637795255, -0.2244094488188976555, -0.2972440944881890035 ) ) ;
#1211 = VERTEX_POINT ( 'NONE', #1597 ) ;
#1212 = LINE ( 'NONE', #4758, #4202 ) ;
#1213 = CARTESIAN_POINT ( 'NONE',  ( -0.002802038464985108328, 0.04453712603610246457, -0.5515072208993557767 ) ) ;
#1214 = CARTESIAN_POINT ( 'NONE',  ( 0.05512154641550490869, 0.007291798376154241812, -0.3740157480314960647 ) ) ;
#1215 = DIRECTION ( 'NONE',  ( 0.000000000000000000, -1.000000000000000000, 0.000000000000000000 ) ) ;
#1216 = CARTESIAN_POINT ( 'NONE',  ( -0.1377952755905511861, -0.2075996453170078637, -0.1633858267716535584 ) ) ;
#1217 = LINE ( 'NONE', #4266, #4337 ) ;
#1218 = ORIENTED_EDGE ( 'NONE', *, *, #3779, .F. ) ;
#1219 = VERTEX_POINT ( 'NONE', #1029 ) ;
#1220 = DIRECTION ( 'NONE',  ( -0.000000000000000000, 1.000000000000000000, 0.000000000000000000 ) ) ;
#1221 = CARTESIAN_POINT ( 'NONE',  ( 0.1377952755905511861, -0.2244094488188976555, -0.1633858267716535584 ) ) ;
#1222 = CARTESIAN_POINT ( 'NONE',  ( -0.04812886887153076942, 0.02782821591672526851, -0.3740157480314961203 ) ) ;
#1223 = VERTEX_POINT ( 'NONE', #1635 ) ;
#1224 = ORIENTED_EDGE ( 'NONE', *, *, #1343, .T. ) ;
#1225 = VERTEX_POINT ( 'NONE', #3812 ) ;
#1226 = CARTESIAN_POINT ( 'NONE',  ( -0.005818501162956346562, -0.1152424097733229930, -0.3754252166980995842 ) ) ;
#1227 = CARTESIAN_POINT ( 'NONE',  ( 0.009786377201745296434, -0.1043307086614173318, -0.4443190630128417418 ) ) ;
#1228 = CARTESIAN_POINT ( 'NONE',  ( -0.01771653543307086937, -0.1377952755905511861, -0.5334645669291339098 ) ) ;
#1229 = EDGE_CURVE ( 'NONE', #5552, #5016, #3963, .T. ) ;
#1230 = ORIENTED_EDGE ( 'NONE', *, *, #1627, .F. ) ;
#1231 = VERTEX_POINT ( 'NONE', #2672 ) ;
#1232 = LINE ( 'NONE', #4165, #3227 ) ;
#1233 = CARTESIAN_POINT ( 'NONE',  ( 0.08842359470303150226, -0.2148769222981496418, -0.1629373619914566695 ) ) ;
#1234 = CARTESIAN_POINT ( 'NONE',  ( -0.1574803149606299191, -0.1299212598425196763, -0.5334645669291339098 ) ) ;
#1235 = ADVANCED_FACE ( 'NONE', ( #3248, #5640 ), #6171, .T. ) ;
#1236 = EDGE_CURVE ( 'NONE', #4021, #3933, #6241, .T. ) ;
#1237 = PLANE ( 'NONE',  #2494 ) ;
#1238 = ORIENTED_EDGE ( 'NONE', *, *, #7263, .T. ) ;
#1239 = CARTESIAN_POINT ( 'NONE',  ( 0.009752696747394356408, -0.1136442398483630684, -0.3852668906357143430 ) ) ;
#1240 = DIRECTION ( 'NONE',  ( 0.000000000000000000, -3.469446951953615175E-16, -1.000000000000000000 ) ) ;
#1241 = ORIENTED_EDGE ( 'NONE', *, *, #2829, .T. ) ;
#1242 = CARTESIAN_POINT ( 'NONE',  ( 0.04921259842519685318, -0.2244094488188976555, -0.2952755905511810774 ) ) ;
#1243 = EDGE_CURVE ( 'NONE', #5127, #4015, #5005, .T. ) ;
#1244 = DIRECTION ( 'NONE',  ( 1.000000000000000000, 0.000000000000000000, 0.000000000000000000 ) ) ;
#1245 = AXIS2_PLACEMENT_3D ( 'NONE', #6337, #7320, #6189 ) ;
#1246 = PLANE ( 'NONE',  #773 ) ;
#1247 = DIRECTION ( 'NONE',  ( 0.000000000000000000, 0.000000000000000000, 1.000000000000000000 ) ) ;
#1248 = ADVANCED_FACE ( 'NONE', ( #425 ), #4428, .F. ) ;
#1249 = CARTESIAN_POINT ( 'NONE',  ( 0.1771653543307086798, -0.1062992125984252023, -0.4789763779527559939 ) ) ;
#1250 = VECTOR ( 'NONE', #2438, 39.37007874015748854 ) ;
#1251 = DIRECTION ( 'NONE',  ( 0.9982048454657781456, -0.03349134394780311358, 0.04965295931978158661 ) ) ;
#1252 = DIRECTION ( 'NONE',  ( 0.000000000000000000, 0.000000000000000000, 1.000000000000000000 ) ) ;
#1253 = VERTEX_POINT ( 'NONE', #6777 ) ;
#1254 = ORIENTED_EDGE ( 'NONE', *, *, #2273, .T. ) ;
#1255 = CARTESIAN_POINT ( 'NONE',  ( 0.08404718683826770120, -0.1732562611903543381, -0.1013559694273228340 ) ) ;
#1256 = CARTESIAN_POINT ( 'NONE',  ( -0.02362204724409448786, -0.3444881889763780070, -0.5452755905511811330 ) ) ;
#1257 = AXIS2_PLACEMENT_3D ( 'NONE', #6470, #3439, #1751 ) ;
#1258 = CARTESIAN_POINT ( 'NONE',  ( 0.1791338582677165503, -0.3444881889763780070, -0.4704724409448819422 ) ) ;
#1259 = EDGE_LOOP ( 'NONE', ( #1536, #2416, #1119, #5773 ) ) ;
#1260 = STYLED_ITEM ( 'NONE', ( #6608 ), #1530 ) ;
#1261 = ORIENTED_EDGE ( 'NONE', *, *, #4982, .F. ) ;
#1262 = AXIS2_PLACEMENT_3D ( 'NONE', #1704, #2282, #6883 ) ;
#1263 = ORIENTED_EDGE ( 'NONE', *, *, #3345, .F. ) ;
#1264 = CARTESIAN_POINT ( 'NONE',  ( 0.000000000000000000, -0.1137114097051559192, -0.3850913817322464960 ) ) ;
#1265 = DIRECTION ( 'NONE',  ( 7.228014483236698528E-16, 0.000000000000000000, 1.000000000000000000 ) ) ;
#1266 = CARTESIAN_POINT ( 'NONE',  ( -0.04921259842519685318, -0.2244094488188976555, -0.2952755905511810774 ) ) ;
#1267 = VECTOR ( 'NONE', #3706, 39.37007874015748143 ) ;
#1268 = AXIS2_PLACEMENT_3D ( 'NONE', #820, #1430, #4946 ) ;
#1269 = ORIENTED_EDGE ( 'NONE', *, *, #3674, .T. ) ;
#1270 = ORIENTED_EDGE ( 'NONE', *, *, #1018, .T. ) ;
#1271 = CARTESIAN_POINT ( 'NONE',  ( 0.01877830743888582801, -0.1223097112861374208, -0.5366141732283000731 ) ) ;
#1272 = VECTOR ( 'NONE', #3814, 39.37007874015748143 ) ;
#1273 = CARTESIAN_POINT ( 'NONE',  ( 0.08850553753421261383, -0.2182014895677559241, -0.1632442380179133790 ) ) ;
#1274 = AXIS2_PLACEMENT_3D ( 'NONE', #3590, #6406, #6473 ) ;
#1275 = AXIS2_PLACEMENT_3D ( 'NONE', #1820, #1933, #4874 ) ;
#1276 = DIRECTION ( 'NONE',  ( -1.000000000000000000, 0.000000000000000000, 0.000000000000000000 ) ) ;
#1277 = CARTESIAN_POINT ( 'NONE',  ( 0.08406608324267660082, -0.1728077316780830264, -0.1001035867066611129 ) ) ;
#1278 = AXIS2_PLACEMENT_3D ( 'NONE', #6467, #197, #152 ) ;
#1279 = EDGE_LOOP ( 'NONE', ( #6924, #4597, #5990, #5163 ) ) ;
#1280 = DIRECTION ( 'NONE',  ( 1.000000000000000000, 0.000000000000000000, 0.000000000000000000 ) ) ;
#1281 = CARTESIAN_POINT ( 'NONE',  ( 0.007419218405824940486, -0.09055118110236221041, -0.4611448253350125537 ) ) ;
#1282 = ORIENTED_EDGE ( 'NONE', *, *, #3816, .T. ) ;
#1283 = LINE ( 'NONE', #3570, #6280 ) ;
#1284 = DIRECTION ( 'NONE',  ( 0.000000000000000000, -1.000000000000000000, 0.000000000000000000 ) ) ;
#1285 = CARTESIAN_POINT ( 'NONE',  ( 0.1791338582677165503, -0.09251968503937008093, -0.4704724409448819422 ) ) ;
#1286 = EDGE_CURVE ( 'NONE', #7001, #1211, #958, .T. ) ;
#1287 = CIRCLE ( 'NONE', #2509, 0.05741448320507432784 ) ;
#1288 = EDGE_CURVE ( 'NONE', #7136, #2481, #3888, .T. ) ;
#1289 = CARTESIAN_POINT ( 'NONE',  ( -0.1842519685039370192, -0.1259842519685039353, -0.4704724409448819422 ) ) ;
#1290 = VECTOR ( 'NONE', #40, 39.37007874015748143 ) ;
#1291 = CARTESIAN_POINT ( 'NONE',  ( -0.07504920018594488096, -0.08694208905476377702, -0.2233560573739764021 ) ) ;
#1292 = CARTESIAN_POINT ( 'NONE',  ( -0.01771653543307086937, -0.1377952755905511861, -0.5570866141732283561 ) ) ;
#1293 = EDGE_CURVE ( 'NONE', #5558, #3519, #1988, .T. ) ;
#1294 = DIRECTION ( 'NONE',  ( 0.000000000000000000, 0.000000000000000000, -1.000000000000000000 ) ) ;
#1295 = ORIENTED_EDGE ( 'NONE', *, *, #3911, .T. ) ;
#1296 = EDGE_LOOP ( 'NONE', ( #3376, #6782, #742, #2518, #4092, #6592, #5467, #6946 ) ) ;
#1297 = CARTESIAN_POINT ( 'NONE',  ( -0.01090262832441080132, -0.1043307086614173318, -0.4529687229358090317 ) ) ;
#1298 = EDGE_CURVE ( 'NONE', #1673, #4243, #4668, .T. ) ;
#1299 = VECTOR ( 'NONE', #2727, 39.37007874015748143 ) ;
#1300 = CARTESIAN_POINT ( 'NONE',  ( -0.01771653543307086937, -0.1152230971128740122, -0.5460629921259843034 ) ) ;
#1301 = PLANE ( 'NONE',  #7257 ) ;
#1302 = CARTESIAN_POINT ( 'NONE',  ( -0.05511811023622047861, -1.392536406833328718E-15, -0.3740157480314961203 ) ) ;
#1303 = ORIENTED_EDGE ( 'NONE', *, *, #1345, .T. ) ;
#1304 = EDGE_CURVE ( 'NONE', #5238, #4090, #6919, .T. ) ;
#1305 = ORIENTED_EDGE ( 'NONE', *, *, #5021, .T. ) ;
#1306 = DIRECTION ( 'NONE',  ( 1.000000000000000000, 0.000000000000000000, 0.000000000000000000 ) ) ;
#1307 = ORIENTED_EDGE ( 'NONE', *, *, #5817, .F. ) ;
#1308 = CARTESIAN_POINT ( 'NONE',  ( -0.004453151105786559878, -0.1121337375950312021, -0.3772579825036951884 ) ) ;
#1309 = PLANE ( 'NONE',  #4546 ) ;
#1310 = LINE ( 'NONE', #5316, #6486 ) ;
#1311 = ORIENTED_EDGE ( 'NONE', *, *, #3259, .F. ) ;
#1312 = ORIENTED_EDGE ( 'NONE', *, *, #3110, .T. ) ;
#1313 = CARTESIAN_POINT ( 'NONE',  ( 0.009652468580596975864, -0.1117542665253155459, -0.3683449252304052401 ) ) ;
#1314 = CARTESIAN_POINT ( 'NONE',  ( 0.08858740751783462930, -0.2182016988380708900, -0.1633944916325197061 ) ) ;
#1315 = DIRECTION ( 'NONE',  ( 0.000000000000000000, 0.000000000000000000, -1.000000000000000000 ) ) ;
#1316 = CARTESIAN_POINT ( 'NONE',  ( -0.06968503937008621585, -0.1103785881858967144, -0.3104078322219632202 ) ) ;
#1317 = VERTEX_POINT ( 'NONE', #4112 ) ;
#1318 = CARTESIAN_POINT ( 'NONE',  ( 0.000000000000000000, -0.05511811023622047168, -0.3740157480314960647 ) ) ;
#1319 = CARTESIAN_POINT ( 'NONE',  ( -0.07679124625744095101, -0.1174557066606822936, -0.3069560909087137857 ) ) ;
#1320 = ORIENTED_EDGE ( 'NONE', *, *, #1469, .F. ) ;
#1321 = FACE_OUTER_BOUND ( 'NONE', #278, .T. ) ;
#1322 = CARTESIAN_POINT ( 'NONE',  ( 0.000000000000000000, -0.3444881889763780070, -0.2992125984251968740 ) ) ;
#1323 = CARTESIAN_POINT ( 'NONE',  ( -0.1842519685039370192, -0.2559055118110236671, 0.000000000000000000 ) ) ;
#1324 = CYLINDRICAL_SURFACE ( 'NONE', #789, 0.07874015748030728512 ) ;
#1325 = DIRECTION ( 'NONE',  ( 0.000000000000000000, 0.7999999999928912864, -0.6000000000094781738 ) ) ;
#1326 = EDGE_CURVE ( 'NONE', #243, #7385, #2243, .T. ) ;
#1327 = DIRECTION ( 'NONE',  ( 0.000000000000000000, 0.000000000000000000, -1.000000000000000000 ) ) ;
#1328 = LINE ( 'NONE', #7154, #5923 ) ;
#1329 = ORIENTED_EDGE ( 'NONE', *, *, #220, .F. ) ;
#1330 = ORIENTED_EDGE ( 'NONE', *, *, #5848, .F. ) ;
#1331 = DIRECTION ( 'NONE',  ( -0.000000000000000000, -0.000000000000000000, -1.000000000000000000 ) ) ;
#1332 = CARTESIAN_POINT ( 'NONE',  ( 0.06738659083517332948, -0.03204971944495497299, -0.5554910693024455171 ) ) ;
#1333 = EDGE_CURVE ( 'NONE', #1231, #5439, #6992, .T. ) ;
#1334 = CARTESIAN_POINT ( 'NONE',  ( 0.03937007874013378345, 0.06819097667594488377, -0.5334645669291339098 ) ) ;
#1335 = LINE ( 'NONE', #808, #6152 ) ;
#1336 = ORIENTED_EDGE ( 'NONE', *, *, #2123, .T. ) ;
#1337 = EDGE_CURVE ( 'NONE', #2785, #375, #7453, .T. ) ;
#1338 = EDGE_LOOP ( 'NONE', ( #5204, #1577 ) ) ;
#1339 = CARTESIAN_POINT ( 'NONE',  ( 0.008192684716243526719, -0.09251968503937008093, -0.4480786773680593971 ) ) ;
#1340 = VERTEX_POINT ( 'NONE', #3540 ) ;
#1341 = CARTESIAN_POINT ( 'NONE',  ( 0.06102362204724410405, -0.1274015748031496198, -0.5669291338582678197 ) ) ;
#1342 = LINE ( 'NONE', #2486, #888 ) ;
#1343 = EDGE_CURVE ( 'NONE', #3129, #6327, #5148, .T. ) ;
#1344 = DIRECTION ( 'NONE',  ( 0.000000000000000000, 0.000000000000000000, 1.000000000000000000 ) ) ;
#1345 = EDGE_CURVE ( 'NONE', #3217, #3797, #4583, .T. ) ;
#1346 = CARTESIAN_POINT ( 'NONE',  ( 0.000000000000000000, 0.000000000000000000, 0.000000000000000000 ) ) ;
#1347 = VERTEX_POINT ( 'NONE', #36 ) ;
#1348 = ORIENTED_EDGE ( 'NONE', *, *, #3857, .T. ) ;
#1349 = DIRECTION ( 'NONE',  ( 0.000000000000000000, -0.1564344650403595438, 0.9876883405951172312 ) ) ;
#1350 = CARTESIAN_POINT ( 'NONE',  ( 0.06977785225594487772, -0.1119826948543700962, -0.3085337271785826840 ) ) ;
#1351 = CARTESIAN_POINT ( 'NONE',  ( 0.1574803149606299191, -0.2559055118110236671, -0.5688582677165354706 ) ) ;
#1352 = CARTESIAN_POINT ( 'NONE',  ( -0.01737879355264960665, -0.09520747122822047215, -0.4618823092434716782 ) ) ;
#1353 = VERTEX_POINT ( 'NONE', #5290 ) ;
#1354 = CARTESIAN_POINT ( 'NONE',  ( 0.1574803149606299191, -0.2592125984251968385, -0.4704724409448819422 ) ) ;
#1355 = LINE ( 'NONE', #1319, #5921 ) ;
#1356 = PLANE ( 'NONE',  #6638 ) ;
#1357 = LINE ( 'NONE', #3681, #4574 ) ;
#1358 = DIRECTION ( 'NONE',  ( 0.000000000000000000, 0.000000000000000000, -1.000000000000000000 ) ) ;
#1359 = FACE_OUTER_BOUND ( 'NONE', #1563, .T. ) ;
#1360 = LINE ( 'NONE', #5972, #6746 ) ;
#1361 = CARTESIAN_POINT ( 'NONE',  ( 0.0006754861760764952795, -0.1019036802826205068, -0.3818534011843590092 ) ) ;
#1362 = CARTESIAN_POINT ( 'NONE',  ( -0.01771653543307086937, -0.1519685039370078927, -0.5523622047244094446 ) ) ;
#1363 = EDGE_LOOP ( 'NONE', ( #5420, #3703, #5864, #3744 ) ) ;
#1364 = ORIENTED_EDGE ( 'NONE', *, *, #2450, .T. ) ;
#1365 = DIRECTION ( 'NONE',  ( 0.000000000000000000, 0.9876883405952688877, 0.1564344650394028369 ) ) ;
#1366 = CARTESIAN_POINT ( 'NONE',  ( 0.002802038465009833342, -0.04453712603599060266, -0.5515072208990252633 ) ) ;
#1367 = AXIS2_PLACEMENT_3D ( 'NONE', #4639, #4716, #1776 ) ;
#1368 = FACE_OUTER_BOUND ( 'NONE', #7077, .T. ) ;
#1369 = CARTESIAN_POINT ( 'NONE',  ( 0.09842519685039370636, 0.09842519685039370636, -0.03937007874015747977 ) ) ;
#1370 = ORIENTED_EDGE ( 'NONE', *, *, #7092, .T. ) ;
#1371 = ORIENTED_EDGE ( 'NONE', *, *, #3897, .T. ) ;
#1372 = CYLINDRICAL_SURFACE ( 'NONE', #5911, 0.02362204724409448092 ) ;
#1373 = ADVANCED_FACE ( 'NONE', ( #2350 ), #2435, .F. ) ;
#1374 = ORIENTED_EDGE ( 'NONE', *, *, #286, .T. ) ;
#1375 = CARTESIAN_POINT ( 'NONE',  ( 0.1771653543307086798, -0.2645669291338583196, -0.4704724409448819422 ) ) ;
#1376 = AXIS2_PLACEMENT_3D ( 'NONE', #7314, #3866, #3406 ) ;
#1377 = DIRECTION ( 'NONE',  ( 0.000000000000000000, 1.000000000000000000, 0.000000000000000000 ) ) ;
#1378 = CARTESIAN_POINT ( 'NONE',  ( -0.0008791436264359788096, 0.04461652296615238600, -0.5515072208990252633 ) ) ;
#1379 = EDGE_CURVE ( 'NONE', #854, #3629, #4146, .T. ) ;
#1380 = ADVANCED_FACE ( 'NONE', ( #7497 ), #1246, .F. ) ;
#1381 = VECTOR ( 'NONE', #661, 39.37007874015748143 ) ;
#1382 = ORIENTED_EDGE ( 'NONE', *, *, #680, .F. ) ;
#1383 = VERTEX_POINT ( 'NONE', #2857 ) ;
#1384 = EDGE_CURVE ( 'NONE', #3474, #1002, #5745, .T. ) ;
#1385 = DIRECTION ( 'NONE',  ( 0.000000000000000000, 0.000000000000000000, 1.000000000000000000 ) ) ;
#1386 = CARTESIAN_POINT ( 'NONE',  ( 0.06911810963283465670, -0.1119417212793700905, -0.3159518948652755843 ) ) ;
#1387 = VECTOR ( 'NONE', #6360, 39.37007874015748143 ) ;
#1388 = CARTESIAN_POINT ( 'NONE',  ( -0.08858740588846457376, -0.2148691824247244142, -0.1633991459622834708 ) ) ;
#1389 = AXIS2_PLACEMENT_3D ( 'NONE', #6801, #3233, #347 ) ;
#1390 = VERTEX_POINT ( 'NONE', #6351 ) ;
#1391 = PLANE ( 'NONE',  #4199 ) ;
#1392 = EDGE_LOOP ( 'NONE', ( #1105, #4970, #7394, #3095 ) ) ;
#1393 = CARTESIAN_POINT ( 'NONE',  ( 0.04133858267716536417, 0.000000000000000000, -0.4704724409448819422 ) ) ;
#1394 = AXIS2_PLACEMENT_3D ( 'NONE', #3326, #1044, #6212 ) ;
#1395 = VECTOR ( 'NONE', #6150, 39.37007874015748143 ) ;
#1396 = EDGE_CURVE ( 'NONE', #1707, #6377, #2848, .T. ) ;
#1397 = CARTESIAN_POINT ( 'NONE',  ( 0.04921259842519685318, -0.3444881889763780070, -0.2992125984251968740 ) ) ;
#1398 = FACE_OUTER_BOUND ( 'NONE', #1924, .T. ) ;
#1399 = DIRECTION ( 'NONE',  ( 1.000000000000000000, 0.000000000000000000, 0.000000000000000000 ) ) ;
#1400 = FILL_AREA_STYLE ('',( #1970 ) ) ;
#1401 = DIRECTION ( 'NONE',  ( 0.9982048454657833636, 0.009369218459361368725, -0.05915491724355977782 ) ) ;
#1402 = VECTOR ( 'NONE', #2759, 39.37007874015748143 ) ;
#1403 = VECTOR ( 'NONE', #904, 39.37007874015748143 ) ;
#1404 = LINE ( 'NONE', #264, #2741 ) ;
#1405 = DIRECTION ( 'NONE',  ( 0.000000000000000000, 1.000000000000000000, 0.000000000000000000 ) ) ;
#1406 = VECTOR ( 'NONE', #766, 39.37007874015748143 ) ;
#1407 = CARTESIAN_POINT ( 'NONE',  ( -0.01844056555846456877, -0.1043307086614173318, -0.4633272880955464634 ) ) ;
#1408 = VERTEX_POINT ( 'NONE', #6949 ) ;
#1409 = CIRCLE ( 'NONE', #3602, 0.02362204724409448786 ) ;
#1410 = AXIS2_PLACEMENT_3D ( 'NONE', #5335, #723, #1294 ) ;
#1411 = ORIENTED_EDGE ( 'NONE', *, *, #2052, .F. ) ;
#1412 = CARTESIAN_POINT ( 'NONE',  ( -0.005252621388944316710, -0.09055118110236221041, -0.4560945084137177918 ) ) ;
#1413 = CARTESIAN_POINT ( 'NONE',  ( 0.08835390230586868954, 0.04637481021902429418, -0.5515072208990250413 ) ) ;
#1414 = VECTOR ( 'NONE', #1513, 39.37007874015748143 ) ;
#1415 = VECTOR ( 'NONE', #7438, 39.37007874015748143 ) ;
#1416 = CARTESIAN_POINT ( 'NONE',  ( -0.01771653543307086937, -0.1128608923884645565, -0.5452755905511811330 ) ) ;
#1417 = DIRECTION ( 'NONE',  ( 0.000000000000000000, 0.000000000000000000, -1.000000000000000000 ) ) ;
#1418 = ORIENTED_EDGE ( 'NONE', *, *, #2288, .T. ) ;
#1419 = ORIENTED_EDGE ( 'NONE', *, *, #4242, .F. ) ;
#1420 = DIRECTION ( 'NONE',  ( 0.000000000000000000, 0.000000000000000000, -1.000000000000000000 ) ) ;
#1421 = VECTOR ( 'NONE', #3362, 39.37007874015748854 ) ;
#1422 = ORIENTED_EDGE ( 'NONE', *, *, #4734, .T. ) ;
#1423 = CARTESIAN_POINT ( 'NONE',  ( -5.230561684509914656E-08, -0.1026926221156814339, -0.3766773312163472220 ) ) ;
#1424 = CARTESIAN_POINT ( 'NONE',  ( -0.09188031495539369931, -0.2238847020208268312, -0.1144507365996062925 ) ) ;
#1425 = FACE_OUTER_BOUND ( 'NONE', #45, .T. ) ;
#1426 = B_SPLINE_SURFACE_WITH_KNOTS ( 'NONE', 3, 3, ( 
 ( #417, #6121, #1626, #985 ),
 ( #7269, #2127, #6087, #4420 ),
 ( #4999, #4966, #6695, #1483 ),
 ( #6233, #3310, #2742, #1022 ),
 ( #3423, #3459, #4573, #2814 ),
 ( #3994, #5281, #1702, #6278 ),
 ( #1670, #5783, #4719, #7489 ),
 ( #2850, #5182, #571, #491 ),
 ( #1175, #632, #2280, #3956 ),
 ( #5739, #5141, #7524, #4641 ),
 ( #526, #2893, #5708, #2342 ),
 ( #1065, #5220, #5850, #4676 ),
 ( #5248, #2311, #3534, #1736 ) ),
 .UNSPECIFIED., .F., .F., .F.,
 ( 4, 1, 1, 1, 1, 1, 1, 1, 1, 1, 4 ),
 ( 4, 4 ),
 ( -0.01999869468556000202, 0.000000000000000000, 0.1249999999997000039, 0.2499999999996000144, 0.3749999999994999555, 0.4999999999993999800, 0.6249999999993000044, 0.7499999999991000532, 0.8749999999991000532, 1.000000000000000000, 1.019998694685000151 ),
 ( -0.04082816843436000431, 1.040773755061999983 ),
 .UNSPECIFIED. ) ;
#1427 = ORIENTED_EDGE ( 'NONE', *, *, #7420, .F. ) ;
#1428 = EDGE_LOOP ( 'NONE', ( #4702, #3926, #5704, #3552 ) ) ;
#1429 = EDGE_CURVE ( 'NONE', #828, #514, #4070, .T. ) ;
#1430 = DIRECTION ( 'NONE',  ( 1.000000000000000000, 0.000000000000000000, 0.000000000000000000 ) ) ;
#1431 = LINE ( 'NONE', #5469, #7205 ) ;
#1432 = CARTESIAN_POINT ( 'NONE',  ( -0.05118110236220473064, -0.2244094488188976555, -0.2992125984251968740 ) ) ;
#1433 = ORIENTED_EDGE ( 'NONE', *, *, #1747, .F. ) ;
#1434 = EDGE_CURVE ( 'NONE', #5511, #4396, #655, .T. ) ;
#1435 = ORIENTED_EDGE ( 'NONE', *, *, #1903, .T. ) ;
#1436 = DIRECTION ( 'NONE',  ( 1.000000000000000000, 0.000000000000000000, 0.000000000000000000 ) ) ;
#1437 = VERTEX_POINT ( 'NONE', #1285 ) ;
#1438 = FACE_OUTER_BOUND ( 'NONE', #3821, .T. ) ;
#1439 = EDGE_CURVE ( 'NONE', #7305, #4984, #4297, .T. ) ;
#1440 = DIRECTION ( 'NONE',  ( 0.000000000000000000, 3.469446951953615175E-16, 1.000000000000000000 ) ) ;
#1441 = DIRECTION ( 'NONE',  ( 0.000000000000000000, 0.000000000000000000, -1.000000000000000000 ) ) ;
#1442 = CARTESIAN_POINT ( 'NONE',  ( -0.05909448818897637679, -0.2559055118110236671, -0.5669291338582678197 ) ) ;
#1443 = CARTESIAN_POINT ( 'NONE',  ( 0.000000000000000000, 0.000000000000000000, -0.3740157480314960647 ) ) ;
#1444 = EDGE_CURVE ( 'NONE', #5175, #708, #3157, .T. ) ;
#1445 = LINE ( 'NONE', #6500, #1641 ) ;
#1446 = EDGE_CURVE ( 'NONE', #3495, #2293, #6005, .T. ) ;
#1447 = DIRECTION ( 'NONE',  ( 0.000000000000000000, 0.000000000000000000, 1.000000000000000000 ) ) ;
#1448 = DIRECTION ( 'NONE',  ( 0.000000000000000000, -2.891205793294679411E-15, -1.000000000000000000 ) ) ;
#1449 = DIRECTION ( 'NONE',  ( 0.000000000000000000, -1.000000000000000000, 0.000000000000000000 ) ) ;
#1450 = EDGE_LOOP ( 'NONE', ( #170, #6733, #589, #3255 ) ) ;
#1451 = ORIENTED_EDGE ( 'NONE', *, *, #6725, .T. ) ;
#1452 = DIRECTION ( 'NONE',  ( 0.000000000000000000, -7.228014483236700500E-16, -1.000000000000000000 ) ) ;
#1453 = DIRECTION ( 'NONE',  ( 0.000000000000000000, 0.000000000000000000, 1.000000000000000000 ) ) ;
#1454 = CARTESIAN_POINT ( 'NONE',  ( 0.08627221360721989973, 0.05014120296610446309, -0.5515072208991305125 ) ) ;
#1455 = FACE_OUTER_BOUND ( 'NONE', #6975, .T. ) ;
#1456 = ORIENTED_EDGE ( 'NONE', *, *, #3261, .T. ) ;
#1457 = ORIENTED_EDGE ( 'NONE', *, *, #5747, .T. ) ;
#1458 = CARTESIAN_POINT ( 'NONE',  ( -0.01771653543307086937, -0.1627296587926377880, -0.5452755905511811330 ) ) ;
#1459 = ORIENTED_EDGE ( 'NONE', *, *, #4883, .T. ) ;
#1460 = CARTESIAN_POINT ( 'NONE',  ( -0.1330708661417323024, -0.09055118110236221041, -0.3740157480314960647 ) ) ;
#1461 = CARTESIAN_POINT ( 'NONE',  ( 0.04921259842519685318, -0.2125984251968504046, -0.2696850393700788162 ) ) ;
#1462 = LINE ( 'NONE', #6142, #2476 ) ;
#1463 = VERTEX_POINT ( 'NONE', #832 ) ;
#1464 = ORIENTED_EDGE ( 'NONE', *, *, #648, .T. ) ;
#1465 = ORIENTED_EDGE ( 'NONE', *, *, #5456, .F. ) ;
#1466 = LINE ( 'NONE', #4286, #6981 ) ;
#1467 = DIRECTION ( 'NONE',  ( 0.000000000000000000, 1.000000000000000000, 0.000000000000000000 ) ) ;
#1468 = CARTESIAN_POINT ( 'NONE',  ( -0.08524718560487508368, -0.2149338111742330193, -0.1045724429960788321 ) ) ;
#1469 = EDGE_CURVE ( 'NONE', #4818, #5212, #4345, .T. ) ;
#1470 = ORIENTED_EDGE ( 'NONE', *, *, #7482, .F. ) ;
#1471 = ORIENTED_EDGE ( 'NONE', *, *, #1573, .F. ) ;
#1472 = LINE ( 'NONE', #5103, #4479 ) ;
#1473 = CARTESIAN_POINT ( 'NONE',  ( -0.1161417322834645688, -0.1043307086614173318, -0.4704724409448819422 ) ) ;
#1474 = FACE_OUTER_BOUND ( 'NONE', #1028, .T. ) ;
#1475 = DIRECTION ( 'NONE',  ( -1.000000000000000000, 0.000000000000000000, 0.000000000000000000 ) ) ;
#1476 = CARTESIAN_POINT ( 'NONE',  ( -0.1771653543307086798, 0.09685039370078740717, -0.03937007874015747977 ) ) ;
#1477 = EDGE_CURVE ( 'NONE', #2971, #1651, #5403, .T. ) ;
#1478 = CARTESIAN_POINT ( 'NONE',  ( 0.009786377201745296434, -0.1043307086614173318, -0.4443190630128417418 ) ) ;
#1479 = CARTESIAN_POINT ( 'NONE',  ( -0.1771653543307086798, 0.1858267716535433600, -0.1377952755905511861 ) ) ;
#1480 = EDGE_CURVE ( 'NONE', #620, #6698, #7064, .T. ) ;
#1481 = EDGE_CURVE ( 'NONE', #2992, #4234, #2508, .T. ) ;
#1482 = B_SPLINE_SURFACE_WITH_KNOTS ( 'NONE', 3, 3, ( 
 ( #4750, #2339, #1314, #7022 ),
 ( #4673, #5961, #1273, #4059 ),
 ( #1812, #1233, #5390, #104 ),
 ( #7052, #6380, #4166, #3604 ) ),
 .UNSPECIFIED., .F., .F., .F.,
 ( 4, 4 ),
 ( 4, 4 ),
 ( 0.2997635889828000333, 0.7002364275599000099 ),
 ( -0.04077386121478999981, 1.040773726350000095 ),
 .UNSPECIFIED. ) ;
#1483 = CARTESIAN_POINT ( 'NONE',  ( -0.08543379916141731478, -0.2151056626888976364, -0.1128289001721259899 ) ) ;
#1484 = CARTESIAN_POINT ( 'NONE',  ( -0.1259842519685039353, -0.1053924806672440900, -0.3917322834645669549 ) ) ;
#1485 = EDGE_CURVE ( 'NONE', #1, #1231, #719, .T. ) ;
#1486 = LINE ( 'NONE', #7226, #5556 ) ;
#1487 = ORIENTED_EDGE ( 'NONE', *, *, #2922, .T. ) ;
#1488 = VERTEX_POINT ( 'NONE', #6658 ) ;
#1489 = EDGE_CURVE ( 'NONE', #2131, #2003, #4842, .T. ) ;
#1490 = CARTESIAN_POINT ( 'NONE',  ( -0.08858267716535433989, -0.1243307086614173357, -0.4694106689389763720 ) ) ;
#1491 = CARTESIAN_POINT ( 'NONE',  ( 0.04770029443665202429, -0.02268672498770298376, -0.5486002864806925894 ) ) ;
#1492 = CARTESIAN_POINT ( 'NONE',  ( -0.1377952755905511861, -0.2244094488188976555, -0.4704724409448819422 ) ) ;
#1493 = CARTESIAN_POINT ( 'NONE',  ( 8.537024980200825639E-18, 0.000000000000000000, -0.4133858267716535861 ) ) ;
#1494 = VERTEX_POINT ( 'NONE', #2579 ) ;
#1495 = ORIENTED_EDGE ( 'NONE', *, *, #5159, .T. ) ;
#1496 = VERTEX_POINT ( 'NONE', #3683 ) ;
#1497 = DIRECTION ( 'NONE',  ( 0.000000000000000000, 0.000000000000000000, 1.000000000000000000 ) ) ;
#1498 = PLANE ( 'NONE',  #7222 ) ;
#1499 = EDGE_LOOP ( 'NONE', ( #389, #3321, #1645, #7433, #5360, #6816, #787, #1780 ) ) ;
#1500 = AXIS2_PLACEMENT_3D ( 'NONE', #315, #7274, #7307 ) ;
#1501 = ORIENTED_EDGE ( 'NONE', *, *, #6093, .F. ) ;
#1502 = ORIENTED_EDGE ( 'NONE', *, *, #5308, .T. ) ;
#1503 = CARTESIAN_POINT ( 'NONE',  ( 0.1574803149606299191, -0.1043307086614173318, -0.4704724409448819422 ) ) ;
#1504 = CARTESIAN_POINT ( 'NONE',  ( 0.06604891939763779529, -0.1242764014195275601, -0.3480053362998425381 ) ) ;
#1505 = LINE ( 'NONE', #3185, #5068 ) ;
#1506 = AXIS2_PLACEMENT_3D ( 'NONE', #4052, #3490, #7047 ) ;
#1507 = VERTEX_POINT ( 'NONE', #3573 ) ;
#1508 = ORIENTED_EDGE ( 'NONE', *, *, #4091, .T. ) ;
#1509 = LINE ( 'NONE', #2776, #3256 ) ;
#1510 = DIRECTION ( 'NONE',  ( 1.000000000000000000, 0.000000000000000000, 0.000000000000000000 ) ) ;
#1511 = CARTESIAN_POINT ( 'NONE',  ( 0.1791338582677165503, -0.3444881889763780070, -0.4212598425196850127 ) ) ;
#1512 = AXIS2_PLACEMENT_3D ( 'NONE', #318, #4922, #1945 ) ;
#1513 = DIRECTION ( 'NONE',  ( 0.000000000000000000, 0.000000000000000000, -1.000000000000000000 ) ) ;
#1514 = CARTESIAN_POINT ( 'NONE',  ( 0.01771653543307086937, -0.1128608923884645565, -0.5492125984251968740 ) ) ;
#1515 = CIRCLE ( 'NONE', #4066, 0.1574803149606299191 ) ;
#1516 = LINE ( 'NONE', #1479, #672 ) ;
#1517 = VECTOR ( 'NONE', #2666, 39.37007874015748143 ) ;
#1518 = AXIS2_PLACEMENT_3D ( 'NONE', #4026, #6345, #1132 ) ;
#1519 = CARTESIAN_POINT ( 'NONE',  ( -0.07503548712811024257, -0.08405135600322834188, -0.2216688269166141867 ) ) ;
#1520 = AXIS2_PLACEMENT_3D ( 'NONE', #4404, #7172, #939 ) ;
#1521 = DIRECTION ( 'NONE',  ( 1.552855066755400153E-13, 0.8290375725550969133, 0.5591929034706649704 ) ) ;
#1522 = CARTESIAN_POINT ( 'NONE',  ( 0.06889763779527559306, -0.2125984251968504046, -0.2696850393700788162 ) ) ;
#1523 = ORIENTED_EDGE ( 'NONE', *, *, #6835, .T. ) ;
#1524 = ADVANCED_FACE ( 'NONE', ( #7147 ), #3077, .T. ) ;
#1525 = ADVANCED_FACE ( 'NONE', ( #1900 ), #4875, .F. ) ;
#1526 = ORIENTED_EDGE ( 'NONE', *, *, #3386, .F. ) ;
#1527 = DIRECTION ( 'NONE',  ( 1.000000000000000000, 0.000000000000000000, -0.000000000000000000 ) ) ;
#1528 = VECTOR ( 'NONE', #1676, 39.37007874015748143 ) ;
#1529 = CARTESIAN_POINT ( 'NONE',  ( 0.05905511811025767471, -0.1043307086614173318, -0.4633272880951598283 ) ) ;
#1530 = BREP_WITH_VOIDS ( 'NONE', #5203, ( #3300, #5989 ) );
#1531 = CIRCLE ( 'NONE', #4697, 0.02362204724409448786 ) ;
#1532 = DIRECTION ( 'NONE',  ( 0.000000000000000000, 0.000000000000000000, 1.000000000000000000 ) ) ;
#1533 = ADVANCED_FACE ( 'NONE', ( #556 ), #148, .F. ) ;
#1534 = CIRCLE ( 'NONE', #802, 0.007874015748030586959 ) ;
#1535 = FACE_BOUND ( 'NONE', #1748, .T. ) ;
#1536 = ORIENTED_EDGE ( 'NONE', *, *, #825, .T. ) ;
#1537 = VERTEX_POINT ( 'NONE', #7513 ) ;
#1538 = ADVANCED_FACE ( 'NONE', ( #7267 ), #3984, .F. ) ;
#1539 = ORIENTED_EDGE ( 'NONE', *, *, #5209, .T. ) ;
#1540 = FACE_OUTER_BOUND ( 'NONE', #2323, .T. ) ;
#1541 = CARTESIAN_POINT ( 'NONE',  ( -0.01771653543307086937, -0.1637914307984645601, -0.5334645669291339098 ) ) ;
#1542 = VECTOR ( 'NONE', #2540, 39.37007874015748143 ) ;
#1543 = EDGE_CURVE ( 'NONE', #5410, #5637, #3767, .T. ) ;
#1544 = EDGE_LOOP ( 'NONE', ( #4920, #4772, #3751, #2462, #538, #1526, #363, #3416, #584, #5267, #2552, #700, #4706, #4598, #6755, #5585, #6040, #6937 ) ) ;
#1545 = AXIS2_PLACEMENT_3D ( 'NONE', #500, #1599, #4973 ) ;
#1546 = EDGE_LOOP ( 'NONE', ( #376, #7415, #7000, #6282 ) ) ;
#1547 = ORIENTED_EDGE ( 'NONE', *, *, #745, .T. ) ;
#1548 = DIRECTION ( 'NONE',  ( 1.000000000000000000, -1.620084173242838649E-12, -7.859717032105948978E-14 ) ) ;
#1549 = PLANE ( 'NONE',  #4540 ) ;
#1550 = CARTESIAN_POINT ( 'NONE',  ( -0.08834173306173230544, -0.2115692769232677406, -0.1624699366892913277 ) ) ;
#1551 = ORIENTED_EDGE ( 'NONE', *, *, #5721, .F. ) ;
#1552 = ORIENTED_EDGE ( 'NONE', *, *, #1660, .F. ) ;
#1553 = LINE ( 'NONE', #3878, #6524 ) ;
#1554 = LINE ( 'NONE', #2728, #6250 ) ;
#1555 = PLANE ( 'NONE',  #5315 ) ;
#1556 = DIRECTION ( 'NONE',  ( -1.000000000000000000, 0.000000000000000000, 0.000000000000000000 ) ) ;
#1557 = LINE ( 'NONE', #2733, #6276 ) ;
#1558 = DIRECTION ( 'NONE',  ( 0.000000000000000000, -1.000000000000000000, -5.782411586589358822E-15 ) ) ;
#1559 = CARTESIAN_POINT ( 'NONE',  ( -0.07482851638854330634, -0.08758743848850394920, -0.2282949825878346772 ) ) ;
#1560 = FACE_OUTER_BOUND ( 'NONE', #4501, .T. ) ;
#1561 = CARTESIAN_POINT ( 'NONE',  ( -0.08964567083019371607, -0.2125984251968504046, -0.1633858267716535584 ) ) ;
#1562 = ORIENTED_EDGE ( 'NONE', *, *, #4698, .F. ) ;
#1563 = EDGE_LOOP ( 'NONE', ( #394, #4452, #5022, #3229 ) ) ;
#1564 = DIRECTION ( 'NONE',  ( 0.000000000000000000, -1.000000000000000000, 0.000000000000000000 ) ) ;
#1565 = LINE ( 'NONE', #2755, #428 ) ;
#1566 = EDGE_CURVE ( 'NONE', #2653, #7450, #5768, .T. ) ;
#1567 = CYLINDRICAL_SURFACE ( 'NONE', #6164, 0.06102362204724410405 ) ;
#1568 = LINE ( 'NONE', #4587, #1402 ) ;
#1569 = ORIENTED_EDGE ( 'NONE', *, *, #2269, .T. ) ;
#1570 = ORIENTED_EDGE ( 'NONE', *, *, #2138, .T. ) ;
#1571 = VERTEX_POINT ( 'NONE', #6828 ) ;
#1572 = PLANE ( 'NONE',  #3328 ) ;
#1573 = EDGE_CURVE ( 'NONE', #7164, #1762, #300, .T. ) ;
#1574 = CARTESIAN_POINT ( 'NONE',  ( 0.07504560747409450006, -0.08690138586279526345, -0.2234129446379527484 ) ) ;
#1575 = EDGE_CURVE ( 'NONE', #4765, #6335, #4601, .T. ) ;
#1576 = CARTESIAN_POINT ( 'NONE',  ( -0.06141732283464567538, -0.3964565863468504925, -0.5334645669291339098 ) ) ;
#1577 = ORIENTED_EDGE ( 'NONE', *, *, #3757, .F. ) ;
#1578 = ORIENTED_EDGE ( 'NONE', *, *, #4940, .F. ) ;
#1579 = EDGE_CURVE ( 'NONE', #4769, #7340, #1867, .T. ) ;
#1580 = EDGE_LOOP ( 'NONE', ( #3136, #5474, #5931, #5145, #2770, #1650, #6266, #5654, #7361, #5462, #1329, #4445, #497, #4510, #1071, #3182, #4191, #2748 ) ) ;
#1581 = LINE ( 'NONE', #3331, #184 ) ;
#1582 = LINE ( 'NONE', #5132, #6112 ) ;
#1583 = ADVANCED_FACE ( 'NONE', ( #3449 ), #7405, .T. ) ;
#1584 = EDGE_LOOP ( 'NONE', ( #4444, #3295, #7480, #1046 ) ) ;
#1585 = LINE ( 'NONE', #6159, #5090 ) ;
#1586 = PLANE ( 'NONE',  #2975 ) ;
#1587 = FACE_OUTER_BOUND ( 'NONE', #701, .T. ) ;
#1588 = DIRECTION ( 'NONE',  ( 1.000000000000000000, 0.000000000000000000, 0.000000000000000000 ) ) ;
#1589 = CARTESIAN_POINT ( 'NONE',  ( 0.000000000000000000, 0.000000000000000000, -0.4704724409448819422 ) ) ;
#1590 = CYLINDRICAL_SURFACE ( 'NONE', #180, 0.04921259842519685318 ) ;
#1591 = CARTESIAN_POINT ( 'NONE',  ( -0.07380737226952756302, -0.08238362429937008680, -0.2478143937566142374 ) ) ;
#1592 = PLANE ( 'NONE',  #4559 ) ;
#1593 = FACE_OUTER_BOUND ( 'NONE', #7273, .T. ) ;
#1594 = ORIENTED_EDGE ( 'NONE', *, *, #5988, .F. ) ;
#1595 = CARTESIAN_POINT ( 'NONE',  ( -0.003916447831610141844, -0.1026926172505262802, -0.3766773619337284718 ) ) ;
#1596 = ORIENTED_EDGE ( 'NONE', *, *, #5169, .F. ) ;
#1597 = CARTESIAN_POINT ( 'NONE',  ( 0.02362204724407003173, 2.892866454675966274E-18, -0.4763779527559283133 ) ) ;
#1598 = CARTESIAN_POINT ( 'NONE',  ( 9.601903929394785871E-33, 1.088753567567923201E-32, -0.5452755905511811330 ) ) ;
#1599 = DIRECTION ( 'NONE',  ( 0.000000000000000000, 0.000000000000000000, 1.000000000000000000 ) ) ;
#1600 = DIRECTION ( 'NONE',  ( -1.224646799147353207E-16, 1.000000000000000000, 6.943025817531092438E-32 ) ) ;
#1601 = ORIENTED_EDGE ( 'NONE', *, *, #3527, .F. ) ;
#1602 = ORIENTED_EDGE ( 'NONE', *, *, #3563, .T. ) ;
#1603 = LINE ( 'NONE', #5046, #4169 ) ;
#1604 = CARTESIAN_POINT ( 'NONE',  ( -0.1624015748031496231, -0.2110236220472441193, -0.5019685039370078705 ) ) ;
#1605 = CARTESIAN_POINT ( 'NONE',  ( 0.1181102362204724532, -0.2086614173228346636, -0.4704724409448819422 ) ) ;
#1606 = VERTEX_POINT ( 'NONE', #5168 ) ;
#1607 = ADVANCED_FACE ( 'NONE', ( #7475 ), #5208, .F. ) ;
#1608 = ORIENTED_EDGE ( 'NONE', *, *, #4227, .T. ) ;
#1609 = EDGE_LOOP ( 'NONE', ( #6157, #2101, #4864, #1761 ) ) ;
#1610 = CARTESIAN_POINT ( 'NONE',  ( 0.000000000000000000, -0.1172464875765017872, -0.3856512830623947119 ) ) ;
#1611 =( BOUNDED_CURVE ( )  B_SPLINE_CURVE ( 3, ( #374, #2688, #1339, #3663 ),
 .UNSPECIFIED., .F., .F. ) 
 B_SPLINE_CURVE_WITH_KNOTS ( ( 4, 4 ),
 ( 3.141592653589793116, 3.718338593553010440 ),
 .UNSPECIFIED. ) 
 CURVE ( )  GEOMETRIC_REPRESENTATION_ITEM ( )  RATIONAL_B_SPLINE_CURVE ( ( 1.000000000000000000, 0.9724719065449332067, 0.9724719065449332067, 1.000000000000000000 ) ) 
 REPRESENTATION_ITEM ( '' )  );
#1612 = DIRECTION ( 'NONE',  ( -0.000000000000000000, -0.000000000000000000, -1.000000000000000000 ) ) ;
#1613 = ADVANCED_FACE ( 'NONE', ( #483 ), #2190, .T. ) ;
#1614 = EDGE_CURVE ( 'NONE', #2115, #2315, #4523, .T. ) ;
#1615 = LINE ( 'NONE', #865, #418 ) ;
#1616 = VECTOR ( 'NONE', #3378, 39.37007874015748143 ) ;
#1617 = DIRECTION ( 'NONE',  ( -1.000000000000000000, -0.000000000000000000, -0.000000000000000000 ) ) ;
#1618 = VERTEX_POINT ( 'NONE', #6084 ) ;
#1619 = EDGE_CURVE ( 'NONE', #2329, #3810, #1615, .T. ) ;
#1620 = EDGE_LOOP ( 'NONE', ( #2261, #3600, #4747, #3853 ) ) ;
#1621 = DIRECTION ( 'NONE',  ( 0.000000000000000000, 0.000000000000000000, 1.000000000000000000 ) ) ;
#1622 = CARTESIAN_POINT ( 'NONE',  ( -0.1259842519685039353, -0.1043307086614173318, -0.3905511811023621993 ) ) ;
#1623 = CARTESIAN_POINT ( 'NONE',  ( -0.04921259842519685318, -0.2125984251968504046, -0.2952755905511810774 ) ) ;
#1624 = VECTOR ( 'NONE', #4511, 39.37007874015748143 ) ;
#1625 = CARTESIAN_POINT ( 'NONE',  ( 0.1181102362204724532, -0.2086614173228346636, -0.03677165354330708819 ) ) ;
#1626 = CARTESIAN_POINT ( 'NONE',  ( -0.08551175068393701562, -0.2180908393425984304, -0.1164683399078346726 ) ) ;
#1627 = EDGE_CURVE ( 'NONE', #4396, #5552, #3457, .T. ) ;
#1628 = VECTOR ( 'NONE', #4226, 39.37007874015748143 ) ;
#1629 = CARTESIAN_POINT ( 'NONE',  ( -0.07501883914818818777, -0.08936873567097146365, -0.2257057434508877858 ) ) ;
#1630 = VECTOR ( 'NONE', #6574, 39.37007874015748143 ) ;
#1631 = CARTESIAN_POINT ( 'NONE',  ( -0.06670866202070865891, -0.1221919232631889923, -0.3401752458664961121 ) ) ;
#1632 = EDGE_LOOP ( 'NONE', ( #2030, #3785, #6670, #3417, #735, #621, #289 ) ) ;
#1633 = LINE ( 'NONE', #5146, #3592 ) ;
#1634 = VERTEX_POINT ( 'NONE', #5518 ) ;
#1635 = CARTESIAN_POINT ( 'NONE',  ( 0.06102362204724410405, -0.2559055118110236671, -0.5334645669291339098 ) ) ;
#1636 = PLANE ( 'NONE',  #4571 ) ;
#1637 = CIRCLE ( 'NONE', #5282, 0.02362204724409448092 ) ;
#1638 = VECTOR ( 'NONE', #2188, 39.37007874015748143 ) ;
#1639 = CARTESIAN_POINT ( 'NONE',  ( -0.004975699685019746750, -0.1003390190416004746, -0.3917322834645671215 ) ) ;
#1640 = CARTESIAN_POINT ( 'NONE',  ( 0.01737879355264960665, -0.1094694140285321082, -0.3844195156211413500 ) ) ;
#1641 = VECTOR ( 'NONE', #4262, 39.37007874015748143 ) ;
#1642 = EDGE_LOOP ( 'NONE', ( #2691, #6124, #2331, #3671, #1691 ) ) ;
#1643 = VECTOR ( 'NONE', #1154, 39.37007874015748143 ) ;
#1644 = AXIS2_PLACEMENT_3D ( 'NONE', #3139, #4279, #7131 ) ;
#1645 = ORIENTED_EDGE ( 'NONE', *, *, #4384, .F. ) ;
#1646 = CARTESIAN_POINT ( 'NONE',  ( -0.1393700787401574992, -0.2125984251968504046, -0.4704724409448819422 ) ) ;
#1647 = CARTESIAN_POINT ( 'NONE',  ( 0.1782271263365354241, 0.000000000000000000, -0.1377952755905511861 ) ) ;
#1648 = AXIS2_PLACEMENT_3D ( 'NONE', #4859, #3056, #2561 ) ;
#1649 = CARTESIAN_POINT ( 'NONE',  ( 0.07483789426629920694, -0.07939399809846457712, -0.2226153474087401718 ) ) ;
#1650 = ORIENTED_EDGE ( 'NONE', *, *, #5535, .F. ) ;
#1651 = VERTEX_POINT ( 'NONE', #304 ) ;
#1652 = VECTOR ( 'NONE', #6154, 39.37007874015748143 ) ;
#1653 = ORIENTED_EDGE ( 'NONE', *, *, #2836, .T. ) ;
#1654 = CARTESIAN_POINT ( 'NONE',  ( -0.08858268397103405412, -0.2215342129643700642, -0.1633858267716535584 ) ) ;
#1655 = LINE ( 'NONE', #3983, #405 ) ;
#1656 = AXIS2_PLACEMENT_3D ( 'NONE', #2548, #6661, #3652 ) ;
#1657 = CIRCLE ( 'NONE', #5913, 0.03937007874015747977 ) ;
#1658 = CARTESIAN_POINT ( 'NONE',  ( 0.000000000000000000, -0.3444881889763780070, -0.3070866141732283561 ) ) ;
#1659 = DIRECTION ( 'NONE',  ( 0.000000000000000000, 1.000000000000000000, 0.000000000000000000 ) ) ;
#1660 = EDGE_CURVE ( 'NONE', #4129, #694, #2647, .T. ) ;
#1661 = VERTEX_POINT ( 'NONE', #6904 ) ;
#1662 = VECTOR ( 'NONE', #1817, 39.37007874015748143 ) ;
#1663 = ORIENTED_EDGE ( 'NONE', *, *, #3658, .F. ) ;
#1664 = CARTESIAN_POINT ( 'NONE',  ( 0.07393717873189928347, -0.07897304415420072776, -0.2460169246469763038 ) ) ;
#1665 = CARTESIAN_POINT ( 'NONE',  ( -0.1533070866141732214, -0.09251968503937008093, -0.4980314960629921295 ) ) ;
#1666 = CIRCLE ( 'NONE', #6403, 0.02362204724409448786 ) ;
#1667 = CARTESIAN_POINT ( 'NONE',  ( -0.01737879355264946787, -0.1237748550152362181, -0.3444327932580314444 ) ) ;
#1668 = EDGE_CURVE ( 'NONE', #1851, #1347, #1310, .T. ) ;
#1669 = EDGE_CURVE ( 'NONE', #1507, #200, #4775, .T. ) ;
#1670 = CARTESIAN_POINT ( 'NONE',  ( -0.08477474465999999820, -0.2031821453090157381, -0.08197396706389764587 ) ) ;
#1671 = CARTESIAN_POINT ( 'NONE',  ( -0.008545022639882294060, -0.1194946924532853672, -0.3714566761163748954 ) ) ;
#1672 = CARTESIAN_POINT ( 'NONE',  ( -0.06603794512047245213, -0.1176899840698425181, -0.3469716215996457298 ) ) ;
#1673 = VERTEX_POINT ( 'NONE', #6444 ) ;
#1674 = ORIENTED_EDGE ( 'NONE', *, *, #6000, .T. ) ;
#1675 = EDGE_CURVE ( 'NONE', #6169, #5238, #1728, .T. ) ;
#1676 = DIRECTION ( 'NONE',  ( -1.000000000000000000, 0.000000000000000000, 0.000000000000000000 ) ) ;
#1677 = VERTEX_POINT ( 'NONE', #2987 ) ;
#1678 = CARTESIAN_POINT ( 'NONE',  ( -0.01771653543307086937, -0.1377952755905511861, -0.5452755905511811330 ) ) ;
#1679 = CARTESIAN_POINT ( 'NONE',  ( 0.1429133858267716550, -0.2244094488188976555, -0.04527559055118110520 ) ) ;
#1680 = EDGE_CURVE ( 'NONE', #1353, #7254, #2448, .T. ) ;
#1681 = DIRECTION ( 'NONE',  ( 0.000000000000000000, 0.000000000000000000, -1.000000000000000000 ) ) ;
#1682 = DIRECTION ( 'NONE',  ( 1.000000000000000000, 0.000000000000000000, 0.000000000000000000 ) ) ;
#1683 = ORIENTED_EDGE ( 'NONE', *, *, #2129, .T. ) ;
#1684 = FACE_OUTER_BOUND ( 'NONE', #7162, .T. ) ;
#1685 = EDGE_LOOP ( 'NONE', ( #6140, #7317, #163, #2717 ) ) ;
#1686 = CARTESIAN_POINT ( 'NONE',  ( 0.08442041395133859094, -0.1829508748381496186, -0.08509835784787402047 ) ) ;
#1687 = CARTESIAN_POINT ( 'NONE',  ( 0.07503548712811024257, -0.08405135600322834188, -0.2216688269166141867 ) ) ;
#1688 = CARTESIAN_POINT ( 'NONE',  ( -0.1377952755905511861, -0.09055118110236221041, -0.4704724409448819422 ) ) ;
#1689 = EDGE_LOOP ( 'NONE', ( #5537, #2817, #4311, #646 ) ) ;
#1690 = ORIENTED_EDGE ( 'NONE', *, *, #5039, .F. ) ;
#1691 = ORIENTED_EDGE ( 'NONE', *, *, #6309, .F. ) ;
#1692 = DIRECTION ( 'NONE',  ( -7.243332413294310320E-17, -0.9876883405952360251, -0.1564344650396101710 ) ) ;
#1693 = CARTESIAN_POINT ( 'NONE',  ( 0.1594094488188976255, -0.1274015748031496198, -0.5669291338582678197 ) ) ;
#1694 = CARTESIAN_POINT ( 'NONE',  ( 0.0006754837608417325499, -0.1043307086474822842, -0.4168640245043346293 ) ) ;
#1695 = DIRECTION ( 'NONE',  ( 0.000000000000000000, 0.000000000000000000, -1.000000000000000000 ) ) ;
#1696 = EDGE_LOOP ( 'NONE', ( #2260, #7137, #4398, #3507 ) ) ;
#1697 = EDGE_LOOP ( 'NONE', ( #2312, #3219, #6683, #7423 ) ) ;
#1698 = LINE ( 'NONE', #1622, #6494 ) ;
#1699 = CARTESIAN_POINT ( 'NONE',  ( -0.08453852418755559983, -0.1889137364020027632, -0.08126408702382444116 ) ) ;
#1700 = ADVANCED_FACE ( 'NONE', ( #3635 ), #1163, .F. ) ;
#1701 = DIRECTION ( 'NONE',  ( 1.000000000000000000, 0.000000000000000000, 0.000000000000000000 ) ) ;
#1702 = CARTESIAN_POINT ( 'NONE',  ( -0.08495191001433072264, -0.2085288883021259587, -0.09247088467972440495 ) ) ;
#1703 = ORIENTED_EDGE ( 'NONE', *, *, #7291, .T. ) ;
#1704 = CARTESIAN_POINT ( 'NONE',  ( 0.000000000000000000, 0.000000000000000000, -0.5334645669291339098 ) ) ;
#1705 = ADVANCED_FACE ( 'NONE', ( #3598 ), #6523, .T. ) ;
#1706 = PLANE ( 'NONE',  #6395 ) ;
#1707 = VERTEX_POINT ( 'NONE', #624 ) ;
#1708 = CARTESIAN_POINT ( 'NONE',  ( 0.01586030217804025588, -0.1043307086614173318, -0.4122881138679117541 ) ) ;
#1709 = DIRECTION ( 'NONE',  ( -0.05989229072759469363, -0.4375842028371904613, -0.8971805720916729010 ) ) ;
#1710 = ADVANCED_FACE ( 'NONE', ( #4096 ), #131, .T. ) ;
#1711 = EDGE_CURVE ( 'NONE', #408, #1488, #2945, .T. ) ;
#1712 = LINE ( 'NONE', #685, #63 ) ;
#1713 = ADVANCED_FACE ( 'NONE', ( #2914 ), #7083, .F. ) ;
#1714 = DIRECTION ( 'NONE',  ( 1.000000000000000000, 0.000000000000000000, 0.000000000000000000 ) ) ;
#1715 = LINE ( 'NONE', #1790, #6275 ) ;
#1716 = EDGE_CURVE ( 'NONE', #977, #2785, #4060, .T. ) ;
#1717 = VERTEX_POINT ( 'NONE', #5273 ) ;
#1718 = EDGE_LOOP ( 'NONE', ( #7188, #1470, #3403, #5003 ) ) ;
#1719 = DIRECTION ( 'NONE',  ( 0.000000000000000000, 0.000000000000000000, 1.000000000000000000 ) ) ;
#1720 = DIRECTION ( 'NONE',  ( -0.000000000000000000, -0.000000000000000000, -1.000000000000000000 ) ) ;
#1721 = PLANE ( 'NONE',  #2134 ) ;
#1722 = ORIENTED_EDGE ( 'NONE', *, *, #5916, .F. ) ;
#1723 = ADVANCED_FACE ( 'NONE', ( #6480 ), #1804, .F. ) ;
#1724 = VERTEX_POINT ( 'NONE', #2487 ) ;
#1725 = VERTEX_POINT ( 'NONE', #6935 ) ;
#1726 = CARTESIAN_POINT ( 'NONE',  ( 0.08858268202214014675, -0.2215342129507086866, -0.1633858267716535584 ) ) ;
#1727 = DIRECTION ( 'NONE',  ( 1.000000000000000000, 0.000000000000000000, 0.000000000000000000 ) ) ;
#1728 = LINE ( 'NONE', #3556, #5279 ) ;
#1729 = DIRECTION ( 'NONE',  ( 0.000000000000000000, 0.000000000000000000, 1.000000000000000000 ) ) ;
#1730 = ORIENTED_EDGE ( 'NONE', *, *, #5725, .T. ) ;
#1731 = ORIENTED_EDGE ( 'NONE', *, *, #4483, .F. ) ;
#1732 = CARTESIAN_POINT ( 'NONE',  ( -0.01677435710442888930, -0.1094199452839543785, -0.3847318489820641951 ) ) ;
#1733 = CARTESIAN_POINT ( 'NONE',  ( -0.1377952755905511861, -0.1073609846042519744, -0.4704724409448819422 ) ) ;
#1734 = DIRECTION ( 'NONE',  ( 0.000000000000000000, -0.1564344650402395287, 0.9876883405951363271 ) ) ;
#1735 = VECTOR ( 'NONE', #3530, 39.37007874015748143 ) ;
#1736 = CARTESIAN_POINT ( 'NONE',  ( -0.08403773863606298078, -0.1730536992280708730, -0.1016936319004330680 ) ) ;
#1737 = ORIENTED_EDGE ( 'NONE', *, *, #1286, .F. ) ;
#1738 = DIRECTION ( 'NONE',  ( 1.000000000000000000, 0.000000000000000000, 0.000000000000000000 ) ) ;
#1739 = CARTESIAN_POINT ( 'NONE',  ( -0.08858267716535433989, -0.2110236220472441193, -0.5019685039370078705 ) ) ;
#1740 = ORIENTED_EDGE ( 'NONE', *, *, #7436, .T. ) ;
#1741 = DIRECTION ( 'NONE',  ( 0.000000000000000000, 7.228014483236700500E-16, 1.000000000000000000 ) ) ;
#1742 = CARTESIAN_POINT ( 'NONE',  ( -0.1109972924461584687, -0.06451135929548171277, -0.5452755905514617973 ) ) ;
#1743 = LINE ( 'NONE', #5858, #6261 ) ;
#1744 = CIRCLE ( 'NONE', #2964, 0.01181102362204724046 ) ;
#1745 = DIRECTION ( 'NONE',  ( 0.000000000000000000, 0.000000000000000000, -1.000000000000000000 ) ) ;
#1746 = DIRECTION ( 'NONE',  ( 0.000000000000000000, 0.000000000000000000, -1.000000000000000000 ) ) ;
#1747 = EDGE_CURVE ( 'NONE', #200, #101, #1744, .T. ) ;
#1748 = EDGE_LOOP ( 'NONE', ( #3036, #4976 ) ) ;
#1749 = VERTEX_POINT ( 'NONE', #4709 ) ;
#1750 = VECTOR ( 'NONE', #1453, 39.37007874015748143 ) ;
#1751 = DIRECTION ( 'NONE',  ( 0.01970061643855055417, -0.9998059240232282097, 0.000000000000000000 ) ) ;
#1752 = AXIS2_PLACEMENT_3D ( 'NONE', #954, #3279, #2783 ) ;
#1753 = DIRECTION ( 'NONE',  ( 0.000000000000000000, 1.000000000000000000, 0.000000000000000000 ) ) ;
#1754 = EDGE_CURVE ( 'NONE', #6334, #6552, #57, .T. ) ;
#1755 = TOROIDAL_SURFACE ( 'NONE', #2249, 0.05511811023622072148, 0.003937007874015715884 ) ;
#1756 = FACE_OUTER_BOUND ( 'NONE', #2102, .T. ) ;
#1757 = ORIENTED_EDGE ( 'NONE', *, *, #1236, .T. ) ;
#1758 = EDGE_CURVE ( 'NONE', #4362, #345, #4128, .T. ) ;
#1759 = AXIS2_PLACEMENT_3D ( 'NONE', #7413, #7302, #3242 ) ;
#1760 = VECTOR ( 'NONE', #4058, 39.37007874015748143 ) ;
#1761 = ORIENTED_EDGE ( 'NONE', *, *, #1566, .F. ) ;
#1762 = VERTEX_POINT ( 'NONE', #705 ) ;
#1763 = CARTESIAN_POINT ( 'NONE',  ( -0.06200787401574803237, -0.2244094488188976555, -0.4704724409448819422 ) ) ;
#1764 = FACE_OUTER_BOUND ( 'NONE', #6555, .T. ) ;
#1765 = CARTESIAN_POINT ( 'NONE',  ( -0.05905511811023622659, -0.04643043971035433481, -0.5334645669291339098 ) ) ;
#1766 = VECTOR ( 'NONE', #6856, 39.37007874015748143 ) ;
#1767 = VECTOR ( 'NONE', #3192, 39.37007874015748143 ) ;
#1768 = ADVANCED_FACE ( 'NONE', ( #1198 ), #3027, .F. ) ;
#1769 = APPLICATION_PROTOCOL_DEFINITION ( 'draft international standard', 'automotive_design', 1998, #3141 ) ;
#1770 = ORIENTED_EDGE ( 'NONE', *, *, #912, .T. ) ;
#1771 = VECTOR ( 'NONE', #4609, 39.37007874015748143 ) ;
#1772 = VERTEX_POINT ( 'NONE', #2646 ) ;
#1773 = VECTOR ( 'NONE', #5644, 39.37007874015748143 ) ;
#1774 = VECTOR ( 'NONE', #6057, 39.37007874015748143 ) ;
#1775 = CARTESIAN_POINT ( 'NONE',  ( -0.01757046851007361757, -0.1110343330805475676, -0.3745390055860530754 ) ) ;
#1776 = DIRECTION ( 'NONE',  ( 1.000000000000000000, 0.000000000000000000, 0.000000000000000000 ) ) ;
#1777 = AXIS2_PLACEMENT_3D ( 'NONE', #349, #3118, #3728 ) ;
#1778 = LINE ( 'NONE', #2384, #3844 ) ;
#1779 = CARTESIAN_POINT ( 'NONE',  ( -0.06850393700787731077, -0.1234299282027467998, -0.3192050602867862463 ) ) ;
#1780 = ORIENTED_EDGE ( 'NONE', *, *, #5939, .F. ) ;
#1781 = CARTESIAN_POINT ( 'NONE',  ( -0.08834645652674429084, -0.2126271962423704476, -0.1625619316184856444 ) ) ;
#1782 = CIRCLE ( 'NONE', #1060, 0.01574803149606296415 ) ;
#1783 = CARTESIAN_POINT ( 'NONE',  ( 0.0006754913179273035846, -0.1096807523066058998, -0.3830851782478572609 ) ) ;
#1784 = EDGE_LOOP ( 'NONE', ( #4022, #3739, #4770, #2827 ) ) ;
#1785 = DIRECTION ( 'NONE',  ( 2.531439931190895084E-12, 0.000000000000000000, -1.000000000000000000 ) ) ;
#1786 = CARTESIAN_POINT ( 'NONE',  ( 0.06960198542176969372, -0.1180625142368165459, -0.3082002308131992496 ) ) ;
#1787 = CARTESIAN_POINT ( 'NONE',  ( -0.1515748031496063075, -0.1043307086614173318, -0.4704724409448819422 ) ) ;
#1788 = AXIS2_PLACEMENT_3D ( 'NONE', #1012, #3337, #3990 ) ;
#1789 = LINE ( 'NONE', #1249, #4711 ) ;
#1790 = CARTESIAN_POINT ( 'NONE',  ( -0.08650920695025079987, -0.1728077316780779749, -0.1001035867066582818 ) ) ;
#1791 = DIRECTION ( 'NONE',  ( 0.000000000000000000, 0.000000000000000000, -1.000000000000000000 ) ) ;
#1792 = ORIENTED_EDGE ( 'NONE', *, *, #4005, .T. ) ;
#1793 = EDGE_LOOP ( 'NONE', ( #2538, #7401, #2110, #4250 ) ) ;
#1794 = DIRECTION ( 'NONE',  ( 0.000000000000000000, 1.000000000000000000, 0.000000000000000000 ) ) ;
#1795 = LINE ( 'NONE', #5339, #2973 ) ;
#1796 = EDGE_CURVE ( 'NONE', #4366, #118, #1462, .T. ) ;
#1797 = DIRECTION ( 'NONE',  ( -0.000000000000000000, 0.8290375725550639396, 0.5591929034707139312 ) ) ;
#1798 = ORIENTED_EDGE ( 'NONE', *, *, #5583, .F. ) ;
#1799 = ORIENTED_EDGE ( 'NONE', *, *, #1937, .T. ) ;
#1800 = EDGE_CURVE ( 'NONE', #1, #6177, #6104, .T. ) ;
#1801 = ORIENTED_EDGE ( 'NONE', *, *, #4265, .T. ) ;
#1802 = CARTESIAN_POINT ( 'NONE',  ( 0.009894863138082285459, -0.1145925600629069535, -0.3795282062914508980 ) ) ;
#1803 = CARTESIAN_POINT ( 'NONE',  ( -0.0006754837608417325499, -0.1016923414307303319, -0.3831877421803582817 ) ) ;
#1804 = CYLINDRICAL_SURFACE ( 'NONE', #3213, 0.04133858267716536417 ) ;
#1805 = ADVANCED_FACE ( 'NONE', ( #1425 ), #6676, .F. ) ;
#1806 = SHAPE_DEFINITION_REPRESENTATION ( #6048, #1958 ) ;
#1807 = EDGE_CURVE ( 'NONE', #1677, #1231, #4937, .T. ) ;
#1808 = EDGE_LOOP ( 'NONE', ( #3623, #3066, #3630, #2272 ) ) ;
#1809 = ORIENTED_EDGE ( 'NONE', *, *, #3857, .F. ) ;
#1810 = EDGE_CURVE ( 'NONE', #5077, #6032, #902, .T. ) ;
#1811 = CARTESIAN_POINT ( 'NONE',  ( -0.01696237891091062835, -0.1109801733978637572, -0.3748809563646170462 ) ) ;
#1812 = CARTESIAN_POINT ( 'NONE',  ( 0.08842358925543306047, -0.2115471093783858059, -0.1627807017627952713 ) ) ;
#1813 = CARTESIAN_POINT ( 'NONE',  ( -1.770998049051489212E-18, 0.000000000000000000, -0.5374015748031499839 ) ) ;
#1814 = CARTESIAN_POINT ( 'NONE',  ( 0.1377952755905511861, -0.08948940909653543829, -0.3720472440944881942 ) ) ;
#1815 = ORIENTED_EDGE ( 'NONE', *, *, #3018, .F. ) ;
#1816 = LINE ( 'NONE', #6347, #429 ) ;
#1817 = DIRECTION ( 'NONE',  ( 0.000000000000000000, -1.000000000000000000, 0.000000000000000000 ) ) ;
#1818 = ORIENTED_EDGE ( 'NONE', *, *, #3636, .T. ) ;
#1819 = CARTESIAN_POINT ( 'NONE',  ( -0.1412598425196850416, -0.2204724409448818867, -0.4704724409448819422 ) ) ;
#1820 = CARTESIAN_POINT ( 'NONE',  ( 0.000000000000000000, 0.000000000000000000, -0.5334645669291339098 ) ) ;
#1821 = CARTESIAN_POINT ( 'NONE',  ( -0.003083939266268902277, 0.04901781096355634776, -0.5499179289026041584 ) ) ;
#1822 = DIRECTION ( 'NONE',  ( 0.000000000000000000, 0.000000000000000000, 1.000000000000000000 ) ) ;
#1823 = CARTESIAN_POINT ( 'NONE',  ( -0.1574803149606299191, 0.000000000000000000, -0.4771259842519685046 ) ) ;
#1824 = PLANE ( 'NONE',  #2993 ) ;
#1825 = DIRECTION ( 'NONE',  ( -0.7071067811858630092, 0.000000000000000000, -0.7071067811872320252 ) ) ;
#1826 = ORIENTED_EDGE ( 'NONE', *, *, #4988, .T. ) ;
#1827 = ORIENTED_EDGE ( 'NONE', *, *, #2836, .F. ) ;
#1828 = CYLINDRICAL_SURFACE ( 'NONE', #4299, 0.009842519685039378616 ) ;
#1829 = CARTESIAN_POINT ( 'NONE',  ( 0.07381096552417322487, -0.08826815905263779571, -0.2446786148330314936 ) ) ;
#1830 = CARTESIAN_POINT ( 'NONE',  ( -0.07052125984251968183, -0.05730019962492125668, -0.3362958920717323275 ) ) ;
#1831 = EDGE_LOOP ( 'NONE', ( #6427, #86, #4, #1471 ) ) ;
#1832 = EDGE_LOOP ( 'NONE', ( #1111, #1270 ) ) ;
#1833 = ORIENTED_EDGE ( 'NONE', *, *, #6415, .T. ) ;
#1834 = CARTESIAN_POINT ( 'NONE',  ( 0.004221476767338566000, -0.1094388324524198652, -0.3844956679681228451 ) ) ;
#1835 = FACE_OUTER_BOUND ( 'NONE', #7214, .T. ) ;
#1836 = CARTESIAN_POINT ( 'NONE',  ( 0.01877830743888582801, -0.1244714648487007802, -0.5529992679279527312 ) ) ;
#1837 = ORIENTED_EDGE ( 'NONE', *, *, #1680, .F. ) ;
#1838 = ORIENTED_EDGE ( 'NONE', *, *, #2037, .T. ) ;
#1839 = ADVANCED_FACE ( 'NONE', ( #4897 ), #213, .F. ) ;
#1840 = ADVANCED_FACE ( 'NONE', ( #3142 ), #7202, .T. ) ;
#1841 = DIRECTION ( 'NONE',  ( 0.000000000000000000, 1.000000000000000000, 0.000000000000000000 ) ) ;
#1842 = DIRECTION ( 'NONE',  ( 0.000000000000000000, 0.000000000000000000, -1.000000000000000000 ) ) ;
#1843 = ADVANCED_FACE ( 'NONE', ( #2072 ), #6590, .F. ) ;
#1844 = CARTESIAN_POINT ( 'NONE',  ( -0.05905511811023622659, -0.2086614173228346636, -0.3090551181102362266 ) ) ;
#1845 = EDGE_CURVE ( 'NONE', #4865, #3336, #1948, .T. ) ;
#1846 = DIRECTION ( 'NONE',  ( 0.000000000000000000, 0.1564344647519660680, -0.9876883406407944710 ) ) ;
#1847 = ORIENTED_EDGE ( 'NONE', *, *, #3527, .T. ) ;
#1848 = LINE ( 'NONE', #4871, #543 ) ;
#1849 = ADVANCED_FACE ( 'NONE', ( #1991, #2565 ), #1498, .F. ) ;
#1850 = FACE_OUTER_BOUND ( 'NONE', #1872, .T. ) ;
#1851 = VERTEX_POINT ( 'NONE', #2603 ) ;
#1852 = DIRECTION ( 'NONE',  ( 0.000000000000000000, 0.000000000000000000, -1.000000000000000000 ) ) ;
#1853 = PLANE ( 'NONE',  #3107 ) ;
#1854 =( BOUNDED_CURVE ( )  B_SPLINE_CURVE ( 3, ( #6631, #6028, #4896, #7200 ),
 .UNSPECIFIED., .F., .F. ) 
 B_SPLINE_CURVE_WITH_KNOTS ( ( 4, 4 ),
 ( 0.06496702746304962306, 0.9350259221197182447 ),
 .UNSPECIFIED. ) 
 CURVE ( )  GEOMETRIC_REPRESENTATION_ITEM ( )  RATIONAL_B_SPLINE_CURVE ( ( 0.9989744782359201158, 0.9947145279944553664, 0.9947144934747425005, 0.9989743746767815180 ) ) 
 REPRESENTATION_ITEM ( '' )  );
#1855 = AXIS2_PLACEMENT_3D ( 'NONE', #3267, #4371, #7288 ) ;
#1856 = DIRECTION ( 'NONE',  ( 1.000000000000000000, 0.000000000000000000, 0.000000000000000000 ) ) ;
#1857 = LINE ( 'NONE', #1289, #6864 ) ;
#1858 = ADVANCED_FACE ( 'NONE', ( #7246 ), #365, .F. ) ;
#1859 = CARTESIAN_POINT ( 'NONE',  ( -0.07504920018594488096, -0.08422939348685039296, -0.2214180788672047429 ) ) ;
#1860 = AXIS2_PLACEMENT_3D ( 'NONE', #3049, #4269, #875 ) ;
#1861 = LINE ( 'NONE', #5861, #76 ) ;
#1862 = LINE ( 'NONE', #5451, #2628 ) ;
#1863 = VERTEX_POINT ( 'NONE', #4863 ) ;
#1864 = ORIENTED_EDGE ( 'NONE', *, *, #265, .F. ) ;
#1865 = LINE ( 'NONE', #7189, #5521 ) ;
#1866 = DIRECTION ( 'NONE',  ( 0.000000000000000000, 0.000000000000000000, 1.000000000000000000 ) ) ;
#1867 = CIRCLE ( 'NONE', #4674, 0.1279527559055118335 ) ;
#1868 = CARTESIAN_POINT ( 'NONE',  ( 0.000000000000000000, 0.000000000000000000, -0.5515072208990252633 ) ) ;
#1869 = FACE_OUTER_BOUND ( 'NONE', #3047, .T. ) ;
#1870 = VERTEX_POINT ( 'NONE', #4248 ) ;
#1871 = AXIS2_PLACEMENT_3D ( 'NONE', #5866, #5265, #47 ) ;
#1872 = EDGE_LOOP ( 'NONE', ( #1740, #3175, #2677, #7431 ) ) ;
#1873 = LINE ( 'NONE', #811, #4951 ) ;
#1874 = VECTOR ( 'NONE', #7270, 39.37007874015748143 ) ;
#1875 = EDGE_LOOP ( 'NONE', ( #1837, #135, #1086, #5967, #5336, #3427, #956, #5696, #5253, #1218, #6809, #5806, #7384, #4099 ) ) ;
#1876 = LINE ( 'NONE', #1726, #3101 ) ;
#1877 = DIRECTION ( 'NONE',  ( 0.000000000000000000, 0.000000000000000000, 1.000000000000000000 ) ) ;
#1878 = DIRECTION ( 'NONE',  ( 0.000000000000000000, -0.6000000000094759534, 0.7999999999928930627 ) ) ;
#1879 = AXIS2_PLACEMENT_3D ( 'NONE', #4798, #4298, #3768 ) ;
#1880 = CIRCLE ( 'NONE', #6138, 0.01181102362204724046 ) ;
#1881 = VECTOR ( 'NONE', #481, 39.37007874015748143 ) ;
#1882 = ORIENTED_EDGE ( 'NONE', *, *, #2648, .T. ) ;
#1883 = ORIENTED_EDGE ( 'NONE', *, *, #2831, .T. ) ;
#1884 = DIRECTION ( 'NONE',  ( 0.000000000000000000, -1.000000000000000000, 0.000000000000000000 ) ) ;
#1885 = FACE_OUTER_BOUND ( 'NONE', #4788, .T. ) ;
#1886 = CIRCLE ( 'NONE', #7110, 0.04133858267716536417 ) ;
#1887 = LINE ( 'NONE', #4784, #6633 ) ;
#1888 = EDGE_CURVE ( 'NONE', #3210, #4015, #1637, .T. ) ;
#1889 = VECTOR ( 'NONE', #1130, 39.37007874015748143 ) ;
#1890 = DIRECTION ( 'NONE',  ( -2.244975039200625386E-13, -0.8987940462991931279, 0.4383711467890235580 ) ) ;
#1891 = VECTOR ( 'NONE', #1399, 39.37007874015748143 ) ;
#1892 = ORIENTED_EDGE ( 'NONE', *, *, #4744, .F. ) ;
#1893 = PLANE ( 'NONE',  #2483 ) ;
#1894 = CARTESIAN_POINT ( 'NONE',  ( 0.0006754837608417325499, -0.09032622188566928612, -0.4549505966740157170 ) ) ;
#1895 = EDGE_LOOP ( 'NONE', ( #6400, #4046, #4900, #881 ) ) ;
#1896 = CARTESIAN_POINT ( 'NONE',  ( -0.0004653688922492297620, 0.02361746277220224191, -0.5366618725208661678 ) ) ;
#1897 = CARTESIAN_POINT ( 'NONE',  ( 0.05511811023622047861, 6.991093932140408027E-18, -0.4133858267716536972 ) ) ;
#1898 = VECTOR ( 'NONE', #2463, 39.37007874015748143 ) ;
#1899 = ADVANCED_FACE ( 'NONE', ( #7169 ), #4441, .T. ) ;
#1900 = FACE_OUTER_BOUND ( 'NONE', #5155, .T. ) ;
#1901 = AXIS2_PLACEMENT_3D ( 'NONE', #750, #2345, #6988 ) ;
#1902 = DIRECTION ( 'NONE',  ( 0.000000000000000000, 0.000000000000000000, -1.000000000000000000 ) ) ;
#1903 = EDGE_CURVE ( 'NONE', #6334, #181, #5543, .T. ) ;
#1904 = AXIS2_PLACEMENT_3D ( 'NONE', #2099, #3284, #6814 ) ;
#1905 = DIRECTION ( 'NONE',  ( 0.000000000000000000, 0.000000000000000000, 1.000000000000000000 ) ) ;
#1906 = DIRECTION ( 'NONE',  ( 0.000000000000000000, -5.421010862427519089E-17, 1.000000000000000000 ) ) ;
#1907 = EDGE_CURVE ( 'NONE', #854, #3797, #3324, .T. ) ;
#1908 = DIRECTION ( 'NONE',  ( 0.000000000000000000, 0.000000000000000000, -1.000000000000000000 ) ) ;
#1909 = ORIENTED_EDGE ( 'NONE', *, *, #5085, .F. ) ;
#1910 = ORIENTED_EDGE ( 'NONE', *, *, #740, .F. ) ;
#1911 = EDGE_CURVE ( 'NONE', #665, #4110, #5093, .T. ) ;
#1912 = DIRECTION ( 'NONE',  ( 0.000000000000000000, 0.000000000000000000, 1.000000000000000000 ) ) ;
#1913 = CLOSED_SHELL ( 'NONE', ( #1723, #5295, #5683, #2881, #7249, #2549, #7295 ) ) ;
#1914 = LINE ( 'NONE', #7159, #1750 ) ;
#1915 = DIRECTION ( 'NONE',  ( 0.000000000000000000, -1.000000000000000000, 0.000000000000000000 ) ) ;
#1916 = FACE_OUTER_BOUND ( 'NONE', #6955, .T. ) ;
#1917 = ORIENTED_EDGE ( 'NONE', *, *, #512, .T. ) ;
#1918 = ORIENTED_EDGE ( 'NONE', *, *, #6265, .T. ) ;
#1919 = CARTESIAN_POINT ( 'NONE',  ( -0.09188031495539369931, -0.2238106365497814776, -0.1155099221821665328 ) ) ;
#1920 = ORIENTED_EDGE ( 'NONE', *, *, #7386, .F. ) ;
#1921 = CARTESIAN_POINT ( 'NONE',  ( 0.006585570083316839331, -0.1016427970817392612, -0.3833056656147709185 ) ) ;
#1922 = CARTESIAN_POINT ( 'NONE',  ( -0.0006754837608417303815, -0.09251968503721574866, -0.4411016153786221361 ) ) ;
#1923 = CARTESIAN_POINT ( 'NONE',  ( -0.1842519685039370192, -0.2559055118110236671, 0.01133858267716535660 ) ) ;
#1924 = EDGE_LOOP ( 'NONE', ( #504, #615, #6439, #4157, #5984 ) ) ;
#1925 = ORIENTED_EDGE ( 'NONE', *, *, #220, .T. ) ;
#1926 = CARTESIAN_POINT ( 'NONE',  ( 0.05905511811023622659, -0.3402969483027165620, -0.5452755905511811330 ) ) ;
#1927 = LINE ( 'NONE', #3223, #3682 ) ;
#1928 = DIRECTION ( 'NONE',  ( -0.000000000000000000, -0.000000000000000000, -1.000000000000000000 ) ) ;
#1929 = CARTESIAN_POINT ( 'NONE',  ( -0.06614173228346385824, -0.1156282512348751623, -0.3455341478812011813 ) ) ;
#1930 = EDGE_LOOP ( 'NONE', ( #1959, #6671, #2835, #6776 ) ) ;
#1931 = FACE_OUTER_BOUND ( 'NONE', #2712, .T. ) ;
#1932 = CARTESIAN_POINT ( 'NONE',  ( -0.0006754837608417325499, -0.1094694282835267790, -0.3844194256184787495 ) ) ;
#1933 = DIRECTION ( 'NONE',  ( -0.000000000000000000, -0.000000000000000000, -1.000000000000000000 ) ) ;
#1934 = CARTESIAN_POINT ( 'NONE',  ( -0.0006754837608417325499, -0.1166767300680375957, -0.4144157290598692867 ) ) ;
#1935 = FACE_BOUND ( 'NONE', #562, .T. ) ;
#1936 = FACE_OUTER_BOUND ( 'NONE', #5147, .T. ) ;
#1937 = EDGE_CURVE ( 'NONE', #6409, #1749, #3370, .T. ) ;
#1938 = CARTESIAN_POINT ( 'NONE',  ( 0.01586029978059234208, -0.1087623970035261761, -0.3843074574872178406 ) ) ;
#1939 = DIRECTION ( 'NONE',  ( -1.000000000000000000, 0.000000000000000000, 0.000000000000000000 ) ) ;
#1940 = ORIENTED_EDGE ( 'NONE', *, *, #5820, .T. ) ;
#1941 = EDGE_CURVE ( 'NONE', #1488, #6732, #2765, .T. ) ;
#1942 = ADVANCED_FACE ( 'NONE', ( #4545 ), #5013, .T. ) ;
#1943 = ORIENTED_EDGE ( 'NONE', *, *, #6419, .F. ) ;
#1944 = DIRECTION ( 'NONE',  ( 0.000000000000000000, 1.000000000000000000, -1.445602896647339706E-15 ) ) ;
#1945 = DIRECTION ( 'NONE',  ( 0.000000000000000000, 1.000000000000000000, 0.000000000000000000 ) ) ;
#1946 = DIRECTION ( 'NONE',  ( 0.000000000000000000, 0.000000000000000000, -1.000000000000000000 ) ) ;
#1947 = EDGE_CURVE ( 'NONE', #1717, #4625, #7463, .T. ) ;
#1948 =( BOUNDED_CURVE ( )  B_SPLINE_CURVE ( 3, ( #1378, #4318, #2531, #6709 ),
 .UNSPECIFIED., .F., .F. ) 
 B_SPLINE_CURVE_WITH_KNOTS ( ( 4, 4 ),
 ( 0.03877785518529244801, 0.9612278540064845833 ),
 .UNSPECIFIED. ) 
 CURVE ( )  GEOMETRIC_REPRESENTATION_ITEM ( )  RATIONAL_B_SPLINE_CURVE ( ( 0.9642809449701263969, 0.6924780141204094353, 0.6924796963629853419, 0.9642859916978535617 ) ) 
 REPRESENTATION_ITEM ( '' )  );
#1949 = FACE_OUTER_BOUND ( 'NONE', #5051, .T. ) ;
#1950 = ORIENTED_EDGE ( 'NONE', *, *, #5436, .T. ) ;
#1951 = ORIENTED_EDGE ( 'NONE', *, *, #2123, .F. ) ;
#1952 = DIRECTION ( 'NONE',  ( 0.000000000000000000, 1.000000000000000000, 0.000000000000000000 ) ) ;
#1953 = ORIENTED_EDGE ( 'NONE', *, *, #4992, .F. ) ;
#1954 = DIRECTION ( 'NONE',  ( -0.000000000000000000, -1.000000000000000000, -0.000000000000000000 ) ) ;
#1955 = LINE ( 'NONE', #4280, #3809 ) ;
#1956 = CARTESIAN_POINT ( 'NONE',  ( -0.1181102362204724532, -0.2244094488188976555, -0.4789763779527559939 ) ) ;
#1957 = EDGE_CURVE ( 'NONE', #6711, #2400, #5124, .T. ) ;
#1958 = ADVANCED_BREP_SHAPE_REPRESENTATION ( 'Same_Sky_PJ-002B', ( #1530, #6035 ), #5079 ) ;
#1959 = ORIENTED_EDGE ( 'NONE', *, *, #7201, .F. ) ;
#1960 = VERTEX_POINT ( 'NONE', #2148 ) ;
#1961 = CARTESIAN_POINT ( 'NONE',  ( 0.05905511811023622659, -0.3402969483027165620, -0.5334645669291339098 ) ) ;
#1962 = DIRECTION ( 'NONE',  ( -0.000000000000000000, 0.8290375725549856689, 0.5591929034708299495 ) ) ;
#1963 = LINE ( 'NONE', #3034, #1168 ) ;
#1964 = CARTESIAN_POINT ( 'NONE',  ( 0.08489285489621471725, -0.2049546422422223180, -0.09265560908795843209 ) ) ;
#1965 = ORIENTED_EDGE ( 'NONE', *, *, #4556, .F. ) ;
#1966 = DIRECTION ( 'NONE',  ( 0.000000000000000000, 0.000000000000000000, 1.000000000000000000 ) ) ;
#1967 = CARTESIAN_POINT ( 'NONE',  ( -0.1377952755905511861, -0.2086614173228346636, -0.4766141732283464827 ) ) ;
#1968 = DIRECTION ( 'NONE',  ( 0.000000000000000000, 0.000000000000000000, -1.000000000000000000 ) ) ;
#1969 = CARTESIAN_POINT ( 'NONE',  ( -0.06496062992125983815, -0.1043307086614173318, -0.4704724409448819422 ) ) ;
#1970 = FILL_AREA_STYLE_COLOUR ( '', #3334 ) ;
#1971 = PLANE ( 'NONE',  #6501 ) ;
#1972 = DIRECTION ( 'NONE',  ( 0.000000000000000000, 0.000000000000000000, -1.000000000000000000 ) ) ;
#1973 = CARTESIAN_POINT ( 'NONE',  ( -0.01771653543307086937, -0.1637914307984645601, -0.5452755905511811330 ) ) ;
#1974 = DIRECTION ( 'NONE',  ( -1.000000000000000000, -0.000000000000000000, -0.000000000000000000 ) ) ;
#1975 = ORIENTED_EDGE ( 'NONE', *, *, #4734, .F. ) ;
#1976 = ORIENTED_EDGE ( 'NONE', *, *, #4690, .F. ) ;
#1977 = CARTESIAN_POINT ( 'NONE',  ( -0.01771653543307086937, -0.1307086614172878192, -0.5429133858268189172 ) ) ;
#1978 = CARTESIAN_POINT ( 'NONE',  ( 0.09011218955874066017, -0.04285823571328038067, -0.5515072208990250413 ) ) ;
#1979 = AXIS2_PLACEMENT_3D ( 'NONE', #6714, #3793, #6643 ) ;
#1980 = EDGE_CURVE ( 'NONE', #6906, #69, #476, .T. ) ;
#1981 = CARTESIAN_POINT ( 'NONE',  ( -0.1181102362204724532, -0.2270866141732283405, -0.4704724409448819422 ) ) ;
#1982 = DIRECTION ( 'NONE',  ( -0.000000000000000000, -1.000000000000000000, -0.000000000000000000 ) ) ;
#1983 = VERTEX_POINT ( 'NONE', #6897 ) ;
#1984 = ORIENTED_EDGE ( 'NONE', *, *, #5587, .T. ) ;
#1985 = CARTESIAN_POINT ( 'NONE',  ( -0.01771653543307086937, -0.1236220472440944934, -0.5523622047244094446 ) ) ;
#1986 = VERTEX_POINT ( 'NONE', #7396 ) ;
#1987 = CARTESIAN_POINT ( 'NONE',  ( 0.000000000000000000, 0.000000000000000000, -0.1082677165354330728 ) ) ;
#1988 = CIRCLE ( 'NONE', #2957, 0.009842519685039378616 ) ;
#1989 = CARTESIAN_POINT ( 'NONE',  ( -0.04921259842519685318, -0.3444881889763780070, -0.3070866141732283561 ) ) ;
#1990 = ADVANCED_FACE ( 'NONE', ( #2255 ), #4513, .T. ) ;
#1991 = FACE_BOUND ( 'NONE', #2947, .T. ) ;
#1992 = ADVANCED_FACE ( 'NONE', ( #6296 ), #4406, .T. ) ;
#1993 = AXIS2_PLACEMENT_3D ( 'NONE', #2014, #7181, #1856 ) ;
#1994 = ORIENTED_EDGE ( 'NONE', *, *, #37, .T. ) ;
#1995 = ORIENTED_EDGE ( 'NONE', *, *, #7106, .T. ) ;
#1996 = DIRECTION ( 'NONE',  ( -0.000000000000000000, -1.000000000000000000, -0.000000000000000000 ) ) ;
#1997 = CARTESIAN_POINT ( 'NONE',  ( 0.06974325653492126353, -0.1151288263965354330, -0.3073689513938976936 ) ) ;
#1998 = EDGE_CURVE ( 'NONE', #1002, #2367, #1795, .T. ) ;
#1999 = AXIS2_PLACEMENT_3D ( 'NONE', #1604, #5694, #2798 ) ;
#2000 = DIRECTION ( 'NONE',  ( -1.000000000000000000, 0.000000000000000000, 0.000000000000000000 ) ) ;
#2001 = AXIS2_PLACEMENT_3D ( 'NONE', #5361, #5932, #714 ) ;
#2002 = ORIENTED_EDGE ( 'NONE', *, *, #5067, .T. ) ;
#2003 = VERTEX_POINT ( 'NONE', #4120 ) ;
#2004 = DIRECTION ( 'NONE',  ( 2.168404344971003346E-15, 0.000000000000000000, 1.000000000000000000 ) ) ;
#2005 = AXIS2_PLACEMENT_3D ( 'NONE', #959, #5641, #4585 ) ;
#2006 = ORIENTED_EDGE ( 'NONE', *, *, #2144, .F. ) ;
#2007 = CARTESIAN_POINT ( 'NONE',  ( 0.1791338582677165503, -0.09854330708661417082, -0.4724409448818898127 ) ) ;
#2008 = AXIS2_PLACEMENT_3D ( 'NONE', #1576, #2150, #968 ) ;
#2009 = AXIS2_PLACEMENT_3D ( 'NONE', #6882, #6311, #5819 ) ;
#2010 = AXIS2_PLACEMENT_3D ( 'NONE', #3672, #1385, #6713 ) ;
#2011 = CARTESIAN_POINT ( 'NONE',  ( 0.000000000000000000, 0.000000000000000000, -0.4763779527559283133 ) ) ;
#2012 = FACE_OUTER_BOUND ( 'NONE', #1092, .T. ) ;
#2013 = LINE ( 'NONE', #4997, #5667 ) ;
#2014 = CARTESIAN_POINT ( 'NONE',  ( -0.07679124625744095101, -0.08650852027649605369, -0.2435049557791732489 ) ) ;
#2015 = FACE_OUTER_BOUND ( 'NONE', #3691, .T. ) ;
#2016 = AXIS2_PLACEMENT_3D ( 'NONE', #7298, #4295, #6163 ) ;
#2017 = DIRECTION ( 'NONE',  ( -2.868529319312520260E-16, -3.252606517457149814E-16, 1.000000000000000000 ) ) ;
#2018 = DIRECTION ( 'NONE',  ( -1.000000000000000000, 0.000000000000000000, 0.000000000000000000 ) ) ;
#2019 = CIRCLE ( 'NONE', #6991, 0.04133858267716536417 ) ;
#2020 = FACE_OUTER_BOUND ( 'NONE', #1026, .T. ) ;
#2021 = ORIENTED_EDGE ( 'NONE', *, *, #594, .F. ) ;
#2022 = AXIS2_PLACEMENT_3D ( 'NONE', #4149, #1746, #644 ) ;
#2023 = VECTOR ( 'NONE', #837, 39.37007874015748143 ) ;
#2024 = EDGE_LOOP ( 'NONE', ( #5110, #1254, #6520, #421 ) ) ;
#2025 = CARTESIAN_POINT ( 'NONE',  ( -0.002981630235712533997, -0.09055118110236221041, -0.4535302600791844552 ) ) ;
#2026 = CARTESIAN_POINT ( 'NONE',  ( 0.1377952755905511861, -0.08948940909653543829, -0.3720472440944881942 ) ) ;
#2027 = AXIS2_PLACEMENT_3D ( 'NONE', #5210, #1091, #6905 ) ;
#2028 = CARTESIAN_POINT ( 'NONE',  ( 0.000000000000000000, 0.000000000000000000, -0.3779527559055118058 ) ) ;
#2029 = LINE ( 'NONE', #159, #3357 ) ;
#2030 = ORIENTED_EDGE ( 'NONE', *, *, #1326, .F. ) ;
#2031 = ORIENTED_EDGE ( 'NONE', *, *, #5134, .F. ) ;
#2032 = CARTESIAN_POINT ( 'NONE',  ( -0.1161417322834645688, -0.09251968503937008093, -0.4507874015748031815 ) ) ;
#2033 = AXIS2_PLACEMENT_3D ( 'NONE', #581, #2933, #6996 ) ;
#2034 = VERTEX_POINT ( 'NONE', #6437 ) ;
#2035 = CARTESIAN_POINT ( 'NONE',  ( 0.01216569161417920854, -0.1052635519871105430, -0.3767406103362365699 ) ) ;
#2036 = FACE_BOUND ( 'NONE', #6510, .T. ) ;
#2037 = EDGE_CURVE ( 'NONE', #4636, #5089, #121, .T. ) ;
#2038 = CARTESIAN_POINT ( 'NONE',  ( 5.537923419994442072E-17, 0.000000000000000000, -0.3779527559055118613 ) ) ;
#2039 = PRODUCT ( 'Same_Sky_PJ-002B', 'Same_Sky_PJ-002B', '', ( #7135 ) ) ;
#2040 = AXIS2_PLACEMENT_3D ( 'NONE', #978, #3304, #5626 ) ;
#2041 = ORIENTED_EDGE ( 'NONE', *, *, #1888, .F. ) ;
#2042 = EDGE_CURVE ( 'NONE', #6105, #1169, #5170, .T. ) ;
#2043 = ORIENTED_EDGE ( 'NONE', *, *, #6289, .T. ) ;
#2044 = EDGE_LOOP ( 'NONE', ( #572, #4251, #3199, #6474, #1382, #5343, #335, #4509, #838, #6376, #5645, #1602, #564, #1120, #2079, #4738, #4646 ) ) ;
#2045 = LINE ( 'NONE', #7138, #6017 ) ;
#2046 = CARTESIAN_POINT ( 'NONE',  ( 0.06603794512047245213, -0.1176899840698031469, -0.3469716215996457298 ) ) ;
#2047 = ADVANCED_FACE ( 'NONE', ( #7072 ), #4767, .F. ) ;
#2048 = EDGE_CURVE ( 'NONE', #1496, #845, #3625, .T. ) ;
#2049 = EDGE_CURVE ( 'NONE', #962, #3620, #2869, .T. ) ;
#2050 = EDGE_LOOP ( 'NONE', ( #6401, #3405, #732, #2132 ) ) ;
#2051 = ORIENTED_EDGE ( 'NONE', *, *, #3719, .F. ) ;
#2052 = EDGE_CURVE ( 'NONE', #6718, #3725, #2938, .T. ) ;
#2053 = CARTESIAN_POINT ( 'NONE',  ( 0.08858267716535433989, -0.09055118110236221041, -0.4704724409448819422 ) ) ;
#2054 = CARTESIAN_POINT ( 'NONE',  ( 0.01140971880867840474, -0.09251968503937008093, -0.4614566057293426615 ) ) ;
#2055 = DIRECTION ( 'NONE',  ( -1.000000000000000000, 0.000000000000000000, 0.000000000000000000 ) ) ;
#2056 = CARTESIAN_POINT ( 'NONE',  ( 0.01771653543307086937, -0.1223097112861502023, -0.5366141732283095100 ) ) ;
#2057 = CARTESIAN_POINT ( 'NONE',  ( 0.1909448818897638289, -0.3444881889763780070, -0.4212598425196850127 ) ) ;
#2058 = LINE ( 'NONE', #1625, #2739 ) ;
#2059 = DIRECTION ( 'NONE',  ( 1.000000000000000000, 0.000000000000000000, 0.000000000000000000 ) ) ;
#2060 = PLANE ( 'NONE',  #177 ) ;
#2061 = DIRECTION ( 'NONE',  ( 1.000000000000000000, 0.000000000000000000, 0.000000000000000000 ) ) ;
#2062 = ORIENTED_EDGE ( 'NONE', *, *, #7420, .T. ) ;
#2063 = VERTEX_POINT ( 'NONE', #1221 ) ;
#2064 = DIRECTION ( 'NONE',  ( 1.000000000000000000, 0.000000000000000000, 0.000000000000000000 ) ) ;
#2065 = CARTESIAN_POINT ( 'NONE',  ( -3.388026755093547405E-18, -3.841661241091142064E-18, -0.5334645669291339098 ) ) ;
#2066 = LINE ( 'NONE', #4394, #4216 ) ;
#2067 = CARTESIAN_POINT ( 'NONE',  ( 0.08858267716535433989, -0.2204724409448818867, -0.4704724409448819422 ) ) ;
#2068 = ORIENTED_EDGE ( 'NONE', *, *, #6289, .F. ) ;
#2069 = EDGE_LOOP ( 'NONE', ( #6792, #6543, #1847, #400 ) ) ;
#2070 = ORIENTED_EDGE ( 'NONE', *, *, #7337, .T. ) ;
#2071 = CARTESIAN_POINT ( 'NONE',  ( -0.04299212598425197068, 0.04299212598425197068, -0.4133858267716535861 ) ) ;
#2072 = FACE_OUTER_BOUND ( 'NONE', #4285, .T. ) ;
#2073 = ORIENTED_EDGE ( 'NONE', *, *, #5534, .T. ) ;
#2074 = ORIENTED_EDGE ( 'NONE', *, *, #6219, .T. ) ;
#2075 = EDGE_LOOP ( 'NONE', ( #4289, #859, #7322, #4267, #3287, #356 ) ) ;
#2076 = DIRECTION ( 'NONE',  ( 0.000000000000000000, 0.000000000000000000, -1.000000000000000000 ) ) ;
#2077 = CARTESIAN_POINT ( 'NONE',  ( 0.06670866202070865891, -0.1255368069946850573, -0.3403752095393701160 ) ) ;
#2078 = CARTESIAN_POINT ( 'NONE',  ( -0.1161417322834645688, -0.1043307086614173318, -0.4704724409448819422 ) ) ;
#2079 = ORIENTED_EDGE ( 'NONE', *, *, #193, .F. ) ;
#2080 = ADVANCED_FACE ( 'NONE', ( #544 ), #2976, .F. ) ;
#2081 = ORIENTED_EDGE ( 'NONE', *, *, #3156, .T. ) ;
#2082 = EDGE_CURVE ( 'NONE', #1347, #2179, #5303, .T. ) ;
#2083 = CARTESIAN_POINT ( 'NONE',  ( -0.09685039370078740717, 0.1787401574803149651, -0.09842519685039370636 ) ) ;
#2084 = FACE_OUTER_BOUND ( 'NONE', #1199, .T. ) ;
#2085 = CARTESIAN_POINT ( 'NONE',  ( -0.04299212598425197068, -0.04299212598425197068, -0.5334645669291339098 ) ) ;
#2086 = DIRECTION ( 'NONE',  ( 0.9982048454657801440, -0.009369218460061052092, 0.05915491724350330216 ) ) ;
#2087 = CARTESIAN_POINT ( 'NONE',  ( -0.1377952755905511861, -0.1062992125984252023, -0.3720472440944881942 ) ) ;
#2088 = DIRECTION ( 'NONE',  ( 0.000000000000000000, -2.891205793294679411E-15, -1.000000000000000000 ) ) ;
#2089 = EDGE_CURVE ( 'NONE', #7340, #5197, #15, .T. ) ;
#2090 = EDGE_CURVE ( 'NONE', #1011, #1571, #1150, .T. ) ;
#2091 = CARTESIAN_POINT ( 'NONE',  ( -0.07402805892885826189, -0.08017057366114173356, -0.2433878844552362364 ) ) ;
#2092 = LINE ( 'NONE', #1484, #4443 ) ;
#2093 = DIRECTION ( 'NONE',  ( 1.000000000000000000, 0.000000000000000000, 0.000000000000000000 ) ) ;
#2094 = ORIENTED_EDGE ( 'NONE', *, *, #4549, .T. ) ;
#2095 = ORIENTED_EDGE ( 'NONE', *, *, #5125, .T. ) ;
#2096 = CARTESIAN_POINT ( 'NONE',  ( -0.01771653543307086937, -0.1377952755905511861, -0.5570866141732283561 ) ) ;
#2097 = DIRECTION ( 'NONE',  ( 0.000000000000000000, -0.1564344650409648652, 0.9876883405950214190 ) ) ;
#2098 = EDGE_CURVE ( 'NONE', #6327, #5942, #2907, .T. ) ;
#2099 = CARTESIAN_POINT ( 'NONE',  ( 0.000000000000000000, 0.000000000000000000, -0.4094488188976378451 ) ) ;
#2100 = CARTESIAN_POINT ( 'NONE',  ( -0.1270460239743307074, -0.1043307086614173318, -0.4507874015748031815 ) ) ;
#2101 = ORIENTED_EDGE ( 'NONE', *, *, #3160, .T. ) ;
#2102 = EDGE_LOOP ( 'NONE', ( #6077, #1457, #4746, #6312 ) ) ;
#2103 = ORIENTED_EDGE ( 'NONE', *, *, #3335, .F. ) ;
#2104 = DIRECTION ( 'NONE',  ( -1.000000000000000000, 2.844235100992461643E-12, 1.041412506753716577E-12 ) ) ;
#2105 = CARTESIAN_POINT ( 'NONE',  ( 0.07402805892885826189, -0.08341830429956692550, -0.2424297953890157953 ) ) ;
#2106 = AXIS2_PLACEMENT_3D ( 'NONE', #2530, #7168, #3140 ) ;
#2107 = ORIENTED_EDGE ( 'NONE', *, *, #1379, .F. ) ;
#2108 = VECTOR ( 'NONE', #1331, 39.37007874015748143 ) ;
#2109 = EDGE_LOOP ( 'NONE', ( #1158, #3065, #846, #5878 ) ) ;
#2110 = ORIENTED_EDGE ( 'NONE', *, *, #7163, .T. ) ;
#2111 = DIRECTION ( 'NONE',  ( -1.000000000000000000, -0.000000000000000000, -0.000000000000000000 ) ) ;
#2112 = PLANE ( 'NONE',  #1245 ) ;
#2113 = CARTESIAN_POINT ( 'NONE',  ( -0.08501096513243557029, -0.2092449621640580237, -0.09597752970034878484 ) ) ;
#2114 = EDGE_LOOP ( 'NONE', ( #2941, #3583, #6070, #1943, #161, #3998, #6811, #6625, #6063, #5496, #1263, #2305, #898, #19, #4076, #2834 ) ) ;
#2115 = VERTEX_POINT ( 'NONE', #1256 ) ;
#2116 = FACE_OUTER_BOUND ( 'NONE', #1689, .T. ) ;
#2117 = DIRECTION ( 'NONE',  ( 1.000000000000000000, 0.000000000000000000, 0.000000000000000000 ) ) ;
#2118 = DIRECTION ( 'NONE',  ( 1.000000000000000000, 0.000000000000000000, 0.000000000000000000 ) ) ;
#2119 = VECTOR ( 'NONE', #4972, 39.37007874015748143 ) ;
#2120 = FACE_OUTER_BOUND ( 'NONE', #5165, .T. ) ;
#2121 = DIRECTION ( 'NONE',  ( 0.9982048454657997949, -0.02625505217027872262, -0.05383083432508425220 ) ) ;
#2122 = CIRCLE ( 'NONE', #59, 0.02362204724409448092 ) ;
#2123 = EDGE_CURVE ( 'NONE', #2293, #4642, #3587, .T. ) ;
#2124 = DIRECTION ( 'NONE',  ( 2.168404344971003346E-15, 0.000000000000000000, 1.000000000000000000 ) ) ;
#2125 = VECTOR ( 'NONE', #4651, 39.37007874015748143 ) ;
#2126 = AXIS2_PLACEMENT_3D ( 'NONE', #3079, #3735, #4761 ) ;
#2127 = CARTESIAN_POINT ( 'NONE',  ( -0.08550230248173228131, -0.2214611562952362167, -0.1163682317138582806 ) ) ;
#2128 = CARTESIAN_POINT ( 'NONE',  ( 0.1771653543307086798, 0.1771653543307086798, 0.000000000000000000 ) ) ;
#2129 = EDGE_CURVE ( 'NONE', #540, #4984, #697, .T. ) ;
#2130 = CARTESIAN_POINT ( 'NONE',  ( 0.01877830743888582801, -0.1307086614172878192, -0.5429133858268189172 ) ) ;
#2131 = VERTEX_POINT ( 'NONE', #3479 ) ;
#2132 = ORIENTED_EDGE ( 'NONE', *, *, #4275, .T. ) ;
#2133 = CARTESIAN_POINT ( 'NONE',  ( 0.08661417322834646937, 0.02362204724409448786, -0.4692125984251968585 ) ) ;
#2134 = AXIS2_PLACEMENT_3D ( 'NONE', #5342, #2406, #4768 ) ;
#2135 = EDGE_CURVE ( 'NONE', #2481, #7011, #5234, .T. ) ;
#2136 = CIRCLE ( 'NONE', #1644, 0.06102362204724410405 ) ;
#2137 = FACE_OUTER_BOUND ( 'NONE', #5797, .T. ) ;
#2138 = EDGE_CURVE ( 'NONE', #1986, #6187, #4658, .T. ) ;
#2139 = AXIS2_PLACEMENT_3D ( 'NONE', #1813, #2950, #4135 ) ;
#2140 = DIRECTION ( 'NONE',  ( 1.000000000000000000, 0.000000000000000000, 0.000000000000000000 ) ) ;
#2141 = CARTESIAN_POINT ( 'NONE',  ( 0.000000000000000000, 0.000000000000000000, -0.5334645669291339098 ) ) ;
#2142 = ORIENTED_EDGE ( 'NONE', *, *, #5448, .T. ) ;
#2143 = AXIS2_PLACEMENT_3D ( 'NONE', #529, #1240, #3610 ) ;
#2144 = EDGE_CURVE ( 'NONE', #7350, #6525, #541, .T. ) ;
#2145 = VERTEX_POINT ( 'NONE', #7233 ) ;
#2146 = ORIENTED_EDGE ( 'NONE', *, *, #2915, .T. ) ;
#2147 = CARTESIAN_POINT ( 'NONE',  ( 4.451524963113466062E-15, -0.1094694140285513984, -0.3844195156211535069 ) ) ;
#2148 = CARTESIAN_POINT ( 'NONE',  ( -0.05511811023622047861, -1.392536406833328718E-15, -0.3740157480314961203 ) ) ;
#2149 = CIRCLE ( 'NONE', #3121, 0.04133858267716536417 ) ;
#2150 = DIRECTION ( 'NONE',  ( 0.000000000000000000, 0.000000000000000000, 1.000000000000000000 ) ) ;
#2151 = ORIENTED_EDGE ( 'NONE', *, *, #980, .T. ) ;
#2152 = ORIENTED_EDGE ( 'NONE', *, *, #2738, .T. ) ;
#2153 = ORIENTED_EDGE ( 'NONE', *, *, #866, .T. ) ;
#2154 = LINE ( 'NONE', #1122, #1638 ) ;
#2155 =( BOUNDED_CURVE ( )  B_SPLINE_CURVE ( 3, ( #2432, #798, #2547, #5333 ),
 .UNSPECIFIED., .F., .F. ) 
 B_SPLINE_CURVE_WITH_KNOTS ( ( 4, 4 ),
 ( 5.402163795225161991, 5.639215509683279670 ),
 .UNSPECIFIED. ) 
 CURVE ( )  GEOMETRIC_REPRESENTATION_ITEM ( )  RATIONAL_B_SPLINE_CURVE ( ( 1.000000000000000000, 0.9953226866269503370, 0.9953226866269503370, 1.000000000000000000 ) ) 
 REPRESENTATION_ITEM ( '' )  );
#2156 = CARTESIAN_POINT ( 'NONE',  ( 0.000000000000000000, -0.3444881889763780070, -0.5452755905511811330 ) ) ;
#2157 = VECTOR ( 'NONE', #451, 39.37007874015748143 ) ;
#2158 = PLANE ( 'NONE',  #450 ) ;
#2159 = ORIENTED_EDGE ( 'NONE', *, *, #2409, .F. ) ;
#2160 = LINE ( 'NONE', #3188, #5804 ) ;
#2161 = LINE ( 'NONE', #6834, #2966 ) ;
#2162 = CARTESIAN_POINT ( 'NONE',  ( -0.0006574303890526812105, 0.03336458022306031806, -0.5554910693024455171 ) ) ;
#2163 = DIRECTION ( 'NONE',  ( 0.000000000000000000, 1.000000000000000000, 0.000000000000000000 ) ) ;
#2164 = DIRECTION ( 'NONE',  ( 0.000000000000000000, 1.705932844735979727E-31, -1.000000000000000000 ) ) ;
#2165 = LINE ( 'NONE', #4385, #2364 ) ;
#2166 = DIRECTION ( 'NONE',  ( 0.000000000000000000, 0.000000000000000000, -1.000000000000000000 ) ) ;
#2167 = CARTESIAN_POINT ( 'NONE',  ( 0.1857480314960630041, -0.09251968503937008093, -0.5009448818897637157 ) ) ;
#2168 = CARTESIAN_POINT ( 'NONE',  ( -0.06978882653307087736, -0.1178678790297243983, -0.3054015647736220695 ) ) ;
#2169 = ORIENTED_EDGE ( 'NONE', *, *, #1434, .F. ) ;
#2170 = CARTESIAN_POINT ( 'NONE',  ( 0.006659427373046169357, -0.1022553473672162816, -0.3794381753218933340 ) ) ;
#2171 = VERTEX_POINT ( 'NONE', #4305 ) ;
#2172 = FACE_OUTER_BOUND ( 'NONE', #108, .T. ) ;
#2173 = CARTESIAN_POINT ( 'NONE',  ( 0.07383773678597244094, -0.08003820937789508927, -0.2482008369969858352 ) ) ;
#2174 = ADVANCED_FACE ( 'NONE', ( #877 ), #3657, .T. ) ;
#2175 = CARTESIAN_POINT ( 'NONE',  ( -0.1574803149606299191, -0.2641732280977165392, -0.5334645669291339098 ) ) ;
#2176 = DIRECTION ( 'NONE',  ( 1.000000000000000000, 0.000000000000000000, 0.000000000000000000 ) ) ;
#2177 = EDGE_CURVE ( 'NONE', #6552, #4089, #6622, .T. ) ;
#2178 = ADVANCED_FACE ( 'NONE', ( #3169 ), #6548, .T. ) ;
#2179 = VERTEX_POINT ( 'NONE', #5415 ) ;
#2180 = EDGE_LOOP ( 'NONE', ( #5981, #7402, #7501 ) ) ;
#2181 = LINE ( 'NONE', #6210, #5996 ) ;
#2182 = DIRECTION ( 'NONE',  ( 0.000000000000000000, 1.000000000000000000, 0.000000000000000000 ) ) ;
#2183 = EDGE_CURVE ( 'NONE', #2643, #5844, #4270, .T. ) ;
#2184 = CARTESIAN_POINT ( 'NONE',  ( -0.05905511811024428959, -0.1049288131639447008, -0.4634220185422465166 ) ) ;
#2185 = ORIENTED_EDGE ( 'NONE', *, *, #4179, .F. ) ;
#2186 = VERTEX_POINT ( 'NONE', #7190 ) ;
#2187 = VERTEX_POINT ( 'NONE', #4238 ) ;
#2188 = DIRECTION ( 'NONE',  ( 0.000000000000000000, -1.000000000000000000, 0.000000000000000000 ) ) ;
#2189 = LINE ( 'NONE', #6827, #2715 ) ;
#2190 = PLANE ( 'NONE',  #4176 ) ;
#2191 = EDGE_CURVE ( 'NONE', #6107, #5249, #4002, .T. ) ;
#2192 = CARTESIAN_POINT ( 'NONE',  ( 0.1388570475963779582, -0.2125984251968504046, -0.1633858267716535584 ) ) ;
#2193 = ORIENTED_EDGE ( 'NONE', *, *, #6320, .F. ) ;
#2194 = CARTESIAN_POINT ( 'NONE',  ( -0.01737879355264988074, -0.1075251456411950857, -0.3841115737607803671 ) ) ;
#2195 = CARTESIAN_POINT ( 'NONE',  ( 0.04812886887152953430, -0.02782821591672289888, -0.3740157480314961203 ) ) ;
#2196 = CARTESIAN_POINT ( 'NONE',  ( -0.0004653688922492159384, 0.02361746277220155843, -0.5366618725208658347 ) ) ;
#2197 = DIRECTION ( 'NONE',  ( 0.000000000000000000, 0.000000000000000000, 1.000000000000000000 ) ) ;
#2198 = CARTESIAN_POINT ( 'NONE',  ( 0.1771653543307086798, 0.1771653543307086798, -0.09842519685039370636 ) ) ;
#2199 = CARTESIAN_POINT ( 'NONE',  ( -0.07482851638854330634, -0.08142186981940945090, -0.2254934626482677229 ) ) ;
#2200 = CARTESIAN_POINT ( 'NONE',  ( 0.01737570625135460151, -0.1171952454115354897, -0.3859748133591521801 ) ) ;
#2201 = CARTESIAN_POINT ( 'NONE',  ( -0.06911810963283465670, -0.1182222502806692943, -0.3136135437251574287 ) ) ;
#2202 = ORIENTED_EDGE ( 'NONE', *, *, #5480, .F. ) ;
#2203 = DIRECTION ( 'NONE',  ( 0.000000000000000000, 0.000000000000000000, -1.000000000000000000 ) ) ;
#2204 = ORIENTED_EDGE ( 'NONE', *, *, #6831, .F. ) ;
#2205 = LINE ( 'NONE', #7418, #2346 ) ;
#2206 = FACE_OUTER_BOUND ( 'NONE', #5014, .T. ) ;
#2207 = CARTESIAN_POINT ( 'NONE',  ( -0.01249388700962330775, -0.1043307086614173318, -0.3917322834645669549 ) ) ;
#2208 = DIRECTION ( 'NONE',  ( 0.000000000000000000, 1.000000000000000000, 0.000000000000000000 ) ) ;
#2209 = ORIENTED_EDGE ( 'NONE', *, *, #4987, .T. ) ;
#2210 = VERTEX_POINT ( 'NONE', #727 ) ;
#2211 = CARTESIAN_POINT ( 'NONE',  ( 0.08543379916141731478, -0.2218165636596456658, -0.1126859131572047340 ) ) ;
#2212 = DIRECTION ( 'NONE',  ( 1.000000000000000000, 0.000000000000000000, 0.000000000000000000 ) ) ;
#2213 = ADVANCED_FACE ( 'NONE', ( #5455 ), #5801, .F. ) ;
#2214 = DIRECTION ( 'NONE',  ( 1.000000000000000000, 0.000000000000000000, 0.000000000000000000 ) ) ;
#2215 = ORIENTED_EDGE ( 'NONE', *, *, #5718, .T. ) ;
#2216 = ORIENTED_EDGE ( 'NONE', *, *, #5214, .F. ) ;
#2217 = EDGE_CURVE ( 'NONE', #13, #2992, #1914, .T. ) ;
#2218 = ORIENTED_EDGE ( 'NONE', *, *, #6083, .F. ) ;
#2219 = CARTESIAN_POINT ( 'NONE',  ( 0.1358267716535433156, -0.2125984251968504046, -0.4704724409448819422 ) ) ;
#2220 = VECTOR ( 'NONE', #1612, 39.37007874015748143 ) ;
#2221 = DIRECTION ( 'NONE',  ( -0.05989229072793600395, 0.5581890657945449696, -0.8275493219976519654 ) ) ;
#2222 = DIRECTION ( 'NONE',  ( -0.000000000000000000, 0.9876883405950749317, 0.1564344650406279957 ) ) ;
#2223 = EDGE_CURVE ( 'NONE', #5411, #4629, #239, .T. ) ;
#2224 = AXIS2_PLACEMENT_3D ( 'NONE', #1490, #7342, #1564 ) ;
#2225 = CARTESIAN_POINT ( 'NONE',  ( -0.01771653543307086937, -0.1517943590868503778, -0.5364018188271653109 ) ) ;
#2226 = EDGE_CURVE ( 'NONE', #3760, #4578, #5374, .T. ) ;
#2227 = EDGE_LOOP ( 'NONE', ( #5925, #3591, #6785, #7242 ) ) ;
#2228 = VERTEX_POINT ( 'NONE', #5944 ) ;
#2229 = EDGE_CURVE ( 'NONE', #3611, #1986, #6373, .T. ) ;
#2230 = CARTESIAN_POINT ( 'NONE',  ( 0.07432984369147646597, -0.07714922734702837903, -0.2365954744147471533 ) ) ;
#2231 = LINE ( 'NONE', #5179, #4717 ) ;
#2232 = VECTOR ( 'NONE', #6371, 39.37007874015748143 ) ;
#2233 = CARTESIAN_POINT ( 'NONE',  ( -0.09842519685039370636, 0.1771653543307086798, -0.03937007874015747977 ) ) ;
#2234 = B_SPLINE_CURVE_WITH_KNOTS ( 'NONE', 3,
 ( #6452, #2996, #744, #27 ),
 .UNSPECIFIED., .F., .F.,
 ( 4, 4 ),
 ( 0.000000000000000000, 1.000000000000000000 ),
 .UNSPECIFIED. ) ;
#2235 = CARTESIAN_POINT ( 'NONE',  ( 0.08850393790208663236, -0.2125984251968504046, -0.1631109718047708268 ) ) ;
#2236 = VECTOR ( 'NONE', #3120, 39.37007874015748143 ) ;
#2237 = DIRECTION ( 'NONE',  ( 1.000000000000000000, 0.000000000000000000, 0.000000000000000000 ) ) ;
#2238 = VECTOR ( 'NONE', #1738, 39.37007874015748143 ) ;
#2239 = CARTESIAN_POINT ( 'NONE',  ( -0.06604891939759842401, -0.1209933013885039349, -0.3474313521729133769 ) ) ;
#2240 = ORIENTED_EDGE ( 'NONE', *, *, #1911, .T. ) ;
#2241 = DIRECTION ( 'NONE',  ( 0.000000000000000000, -1.000000000000000000, 0.000000000000000000 ) ) ;
#2242 = ORIENTED_EDGE ( 'NONE', *, *, #1957, .T. ) ;
#2243 = LINE ( 'NONE', #498, #2843 ) ;
#2244 = DIRECTION ( 'NONE',  ( 9.330197159512824639E-32, -1.000000000000000000, 0.000000000000000000 ) ) ;
#2245 = VECTOR ( 'NONE', #3928, 39.37007874015748143 ) ;
#2246 = AXIS2_PLACEMENT_3D ( 'NONE', #893, #4866, #4985 ) ;
#2247 = DIRECTION ( 'NONE',  ( 0.000000000000000000, -1.000000000000000000, -5.782411586589358822E-15 ) ) ;
#2248 = DIRECTION ( 'NONE',  ( 0.000000000000000000, 1.000000000000000000, 0.000000000000000000 ) ) ;
#2249 = AXIS2_PLACEMENT_3D ( 'NONE', #2394, #610, #6396 ) ;
#2250 = ORIENTED_EDGE ( 'NONE', *, *, #2456, .T. ) ;
#2251 = VECTOR ( 'NONE', #4834, 39.37007874015748143 ) ;
#2252 = VECTOR ( 'NONE', #4246, 39.37007874015748143 ) ;
#2253 = VERTEX_POINT ( 'NONE', #4810 ) ;
#2254 = DIRECTION ( 'NONE',  ( -0.000000000000000000, -1.000000000000000000, -0.000000000000000000 ) ) ;
#2255 = FACE_OUTER_BOUND ( 'NONE', #5788, .T. ) ;
#2256 = CIRCLE ( 'NONE', #6506, 0.04462518364225637885 ) ;
#2257 = AXIS2_PLACEMENT_3D ( 'NONE', #4037, #6325, #2967 ) ;
#2258 = VECTOR ( 'NONE', #455, 39.37007874015748143 ) ;
#2259 = CARTESIAN_POINT ( 'NONE',  ( -6.750021727583838753E-18, 0.05511811023622047168, -0.3740157480314960647 ) ) ;
#2260 = ORIENTED_EDGE ( 'NONE', *, *, #122, .F. ) ;
#2261 = ORIENTED_EDGE ( 'NONE', *, *, #2792, .T. ) ;
#2262 = EDGE_CURVE ( 'NONE', #4047, #5751, #7120, .T. ) ;
#2263 = VERTEX_POINT ( 'NONE', #426 ) ;
#2264 = DIRECTION ( 'NONE',  ( -0.000000000000000000, -1.000000000000000000, -0.000000000000000000 ) ) ;
#2265 = FACE_BOUND ( 'NONE', #6127, .T. ) ;
#2266 = VECTOR ( 'NONE', #1054, 39.37007874015748143 ) ;
#2267 = CARTESIAN_POINT ( 'NONE',  ( -0.06878740157480314754, -0.1158542020863385785, -0.3441075503504724686 ) ) ;
#2268 = VECTOR ( 'NONE', #3418, 39.37007874015748143 ) ;
#2269 = EDGE_CURVE ( 'NONE', #2820, #4928, #7389, .T. ) ;
#2270 = DIRECTION ( 'NONE',  ( 1.000000000000000000, 0.000000000000000000, 0.000000000000000000 ) ) ;
#2271 = ORIENTED_EDGE ( 'NONE', *, *, #5118, .T. ) ;
#2272 = ORIENTED_EDGE ( 'NONE', *, *, #2511, .T. ) ;
#2273 = EDGE_CURVE ( 'NONE', #7251, #1099, #4063, .T. ) ;
#2274 = EDGE_CURVE ( 'NONE', #3327, #6718, #6007, .T. ) ;
#2275 = CARTESIAN_POINT ( 'NONE',  ( 0.0004653688922492103548, -0.02361746277220140577, -0.5486002864806925894 ) ) ;
#2276 = CARTESIAN_POINT ( 'NONE',  ( 0.1377952755905511861, -0.1062992125984252023, -0.04527559055118110520 ) ) ;
#2277 = CIRCLE ( 'NONE', #1788, 0.01968503937007875723 ) ;
#2278 = DIRECTION ( 'NONE',  ( -1.000000000000000000, 0.000000000000000000, 0.000000000000000000 ) ) ;
#2279 = EDGE_CURVE ( 'NONE', #6469, #7069, #1565, .T. ) ;
#2280 = CARTESIAN_POINT ( 'NONE',  ( -0.08442041395133859094, -0.1840273941017323278, -0.08831574209566929456 ) ) ;
#2281 = VERTEX_POINT ( 'NONE', #6242 ) ;
#2282 = DIRECTION ( 'NONE',  ( 0.000000000000000000, 0.000000000000000000, -1.000000000000000000 ) ) ;
#2283 = CARTESIAN_POINT ( 'NONE',  ( -0.06200787401574803237, -0.2559055118110236671, -0.2972440944881890035 ) ) ;
#2284 = ORIENTED_EDGE ( 'NONE', *, *, #4281, .F. ) ;
#2285 = LINE ( 'NONE', #3354, #797 ) ;
#2286 = DIRECTION ( 'NONE',  ( 0.000000000000000000, 1.000000000000000000, 0.000000000000000000 ) ) ;
#2287 = CARTESIAN_POINT ( 'NONE',  ( -0.05511811023622047861, -1.392536406833328718E-15, -0.3740157480314961203 ) ) ;
#2288 = EDGE_CURVE ( 'NONE', #845, #4442, #6977, .T. ) ;
#2289 = DIRECTION ( 'NONE',  ( -1.000000000000000000, 0.000000000000000000, 0.000000000000000000 ) ) ;
#2290 = CARTESIAN_POINT ( 'NONE',  ( 0.1556985821518519775, 0.02362204724409448786, -0.4704724409448819422 ) ) ;
#2291 = ORIENTED_EDGE ( 'NONE', *, *, #3116, .F. ) ;
#2292 = CARTESIAN_POINT ( 'NONE',  ( -0.1574803149606299191, -0.1259842519685039353, -0.5019685039370078705 ) ) ;
#2293 = VERTEX_POINT ( 'NONE', #1529 ) ;
#2294 = CARTESIAN_POINT ( 'NONE',  ( 0.08424324859700786650, -0.1723289700248818723, -0.08692973585582676466 ) ) ;
#2295 = CARTESIAN_POINT ( 'NONE',  ( 0.07380737226952756302, -0.07942761878177165280, -0.2493559868505118293 ) ) ;
#2296 = DIRECTION ( 'NONE',  ( 0.000000000000000000, 0.000000000000000000, -1.000000000000000000 ) ) ;
#2297 = ORIENTED_EDGE ( 'NONE', *, *, #6086, .F. ) ;
#2298 = ORIENTED_EDGE ( 'NONE', *, *, #132, .T. ) ;
#2299 = ORIENTED_EDGE ( 'NONE', *, *, #4617, .T. ) ;
#2300 = LINE ( 'NONE', #4632, #6621 ) ;
#2301 = CARTESIAN_POINT ( 'NONE',  ( 0.08548340607730380014, -0.2238106365497740391, -0.1155099221821475619 ) ) ;
#2302 = DIRECTION ( 'NONE',  ( 0.000000000000000000, 0.000000000000000000, 1.000000000000000000 ) ) ;
#2303 = CARTESIAN_POINT ( 'NONE',  ( 0.08406608324267660082, -0.1728077316780830264, -0.1001035867066611129 ) ) ;
#2304 = EDGE_LOOP ( 'NONE', ( #3782, #5559, #748, #5703, #4402, #4325, #6267, #5326 ) ) ;
#2305 = ORIENTED_EDGE ( 'NONE', *, *, #3807, .F. ) ;
#2306 = FACE_OUTER_BOUND ( 'NONE', #654, .T. ) ;
#2307 = CARTESIAN_POINT ( 'NONE',  ( -0.01737879355264954767, -0.1049288131639447008, -0.4634220185422465166 ) ) ;
#2308 = CARTESIAN_POINT ( 'NONE',  ( 0.01771653543307086937, -0.1377952755905511861, -0.5452755905511811330 ) ) ;
#2309 = LINE ( 'NONE', #4718, #3837 ) ;
#2310 = EDGE_CURVE ( 'NONE', #6187, #1317, #314, .T. ) ;
#2311 = CARTESIAN_POINT ( 'NONE',  ( -0.08403773863606298078, -0.1673404559975590900, -0.09826075857952756842 ) ) ;
#2312 = ORIENTED_EDGE ( 'NONE', *, *, #6415, .F. ) ;
#2313 = CARTESIAN_POINT ( 'NONE',  ( 0.06200787401574803237, -0.2233476768130709111, -0.2937795275590551203 ) ) ;
#2314 = DIRECTION ( 'NONE',  ( 0.05989229072762410067, -0.4375842028374055115, -0.8971805720915662086 ) ) ;
#2315 = VERTEX_POINT ( 'NONE', #2673 ) ;
#2316 = DIRECTION ( 'NONE',  ( 1.000000000000000000, 0.000000000000000000, 0.000000000000000000 ) ) ;
#2317 = EDGE_CURVE ( 'NONE', #6202, #7206, #3283, .T. ) ;
#2318 = CARTESIAN_POINT ( 'NONE',  ( -0.1170484642146456811, -0.2244094488188976555, -0.1633858267716535584 ) ) ;
#2319 = DIRECTION ( 'NONE',  ( 1.000000000000000000, 0.000000000000000000, 0.000000000000000000 ) ) ;
#2320 = EDGE_CURVE ( 'NONE', #4983, #2953, #7419, .T. ) ;
#2321 = DIRECTION ( 'NONE',  ( 0.000000000000000000, 0.000000000000000000, 1.000000000000000000 ) ) ;
#2322 = DIRECTION ( 'NONE',  ( 0.000000000000000000, -0.1564344650382753776, 0.9876883405954474116 ) ) ;
#2323 = EDGE_LOOP ( 'NONE', ( #7036, #7417, #4731, #3791 ) ) ;
#2324 = ORIENTED_EDGE ( 'NONE', *, *, #51, .F. ) ;
#2325 = EDGE_CURVE ( 'NONE', #6169, #5043, #5685, .T. ) ;
#2326 = CARTESIAN_POINT ( 'NONE',  ( 0.08411569015858268161, -0.1721899764869685157, -0.09682497660488190161 ) ) ;
#2327 = CARTESIAN_POINT ( 'NONE',  ( -0.1515748031496063075, -0.1053924806672440900, -0.4704724409448819422 ) ) ;
#2328 = FACE_OUTER_BOUND ( 'NONE', #5929, .T. ) ;
#2329 = VERTEX_POINT ( 'NONE', #3398 ) ;
#2330 = EDGE_LOOP ( 'NONE', ( #6170, #1180, #5353, #7170 ) ) ;
#2331 = ORIENTED_EDGE ( 'NONE', *, *, #3761, .F. ) ;
#2332 = LINE ( 'NONE', #4707, #3840 ) ;
#2333 = CARTESIAN_POINT ( 'NONE',  ( -0.1358267716535433156, -0.2125984251968504046, -0.1633858267716535584 ) ) ;
#2334 = DIRECTION ( 'NONE',  ( 7.228014483236698528E-16, 0.000000000000000000, 1.000000000000000000 ) ) ;
#2335 = DIRECTION ( 'NONE',  ( 0.000000000000000000, 0.000000000000000000, 1.000000000000000000 ) ) ;
#2336 = ORIENTED_EDGE ( 'NONE', *, *, #3347, .T. ) ;
#2337 = ORIENTED_EDGE ( 'NONE', *, *, #6693, .T. ) ;
#2338 = CARTESIAN_POINT ( 'NONE',  ( 0.01033307062352243309, -0.1121880563009713810, -0.3672546838555768578 ) ) ;
#2339 = CARTESIAN_POINT ( 'NONE',  ( 0.08858740584952755348, -0.2148691818066141845, -0.1633991458534251873 ) ) ;
#2340 = DIRECTION ( 'NONE',  ( 0.000000000000000000, 0.000000000000000000, 1.000000000000000000 ) ) ;
#2341 = VECTOR ( 'NONE', #5927, 39.37007874015748143 ) ;
#2342 = CARTESIAN_POINT ( 'NONE',  ( -0.08411569015858268161, -0.1747900917543701027, -0.09894713585381889609 ) ) ;
#2343 = ORIENTED_EDGE ( 'NONE', *, *, #1337, .F. ) ;
#2344 = DIRECTION ( 'NONE',  ( -1.124100812432970011E-15, 0.9876883405951232264, 0.1564344650403229897 ) ) ;
#2345 = DIRECTION ( 'NONE',  ( 0.000000000000000000, 0.000000000000000000, -1.000000000000000000 ) ) ;
#2346 = VECTOR ( 'NONE', #6128, 39.37007874015748143 ) ;
#2347 = ORIENTED_EDGE ( 'NONE', *, *, #5535, .T. ) ;
#2348 = ADVANCED_FACE ( 'NONE', ( #2206 ), #5608, .T. ) ;
#2349 = CARTESIAN_POINT ( 'NONE',  ( -0.1624015748031496231, -0.2086614173228346636, -0.5019685039370078705 ) ) ;
#2350 = FACE_OUTER_BOUND ( 'NONE', #2855, .T. ) ;
#2351 = DIRECTION ( 'NONE',  ( 4.179535469590380418E-30, -2.891205793294690455E-15, 1.000000000000000000 ) ) ;
#2352 =( GEOMETRIC_REPRESENTATION_CONTEXT ( 3 ) GLOBAL_UNCERTAINTY_ASSIGNED_CONTEXT ( ( #3008 ) ) GLOBAL_UNIT_ASSIGNED_CONTEXT ( ( #5331, #2466, #2842 ) ) REPRESENTATION_CONTEXT ( 'NONE', 'WORKASPACE' ) );
#2353 = CARTESIAN_POINT ( 'NONE',  ( 0.1358267716535433156, -0.2204724409448818867, -0.1572440944881889902 ) ) ;
#2354 = ADVANCED_FACE ( 'NONE', ( #5716, #499 ), #1636, .T. ) ;
#2355 = CARTESIAN_POINT ( 'NONE',  ( -0.0006754837608417303815, -0.09251968503721574866, -0.4411016153786221361 ) ) ;
#2356 = ORIENTED_EDGE ( 'NONE', *, *, #2404, .T. ) ;
#2357 = ADVANCED_FACE ( 'NONE', ( #2137 ), #992, .F. ) ;
#2358 = ORIENTED_EDGE ( 'NONE', *, *, #2229, .T. ) ;
#2359 = CARTESIAN_POINT ( 'NONE',  ( 0.08403773863606298078, -0.1701970776127952889, -0.09997719523996063951 ) ) ;
#2360 = AXIS2_PLACEMENT_3D ( 'NONE', #419, #2744, #492 ) ;
#2361 = CARTESIAN_POINT ( 'NONE',  ( 0.09685039370078740717, 0.09685039370078740717, -0.03937007874015747977 ) ) ;
#2362 = EDGE_CURVE ( 'NONE', #7011, #2653, #2790, .T. ) ;
#2363 = EDGE_CURVE ( 'NONE', #3514, #2186, #5114, .T. ) ;
#2364 = VECTOR ( 'NONE', #4497, 39.37007874015748143 ) ;
#2365 = VECTOR ( 'NONE', #4155, 39.37007874015748143 ) ;
#2366 = CARTESIAN_POINT ( 'NONE',  ( -0.02783084585449658796, 0.04813521810294778269, -0.3740157480314961203 ) ) ;
#2367 = VERTEX_POINT ( 'NONE', #4429 ) ;
#2368 = AXIS2_PLACEMENT_3D ( 'NONE', #6922, #1714, #3472 ) ;
#2369 = VECTOR ( 'NONE', #5206, 39.37007874015748143 ) ;
#2370 = VERTEX_POINT ( 'NONE', #6847 ) ;
#2371 = ORIENTED_EDGE ( 'NONE', *, *, #3769, .F. ) ;
#2372 = CARTESIAN_POINT ( 'NONE',  ( 0.01771653543307086937, -0.1627296587926377880, -0.5334645669291339098 ) ) ;
#2373 = PLANE ( 'NONE',  #4424 ) ;
#2374 = CARTESIAN_POINT ( 'NONE',  ( 0.1377952755905511861, -0.1043307086614173318, -0.03874015748031496564 ) ) ;
#2375 = TOROIDAL_SURFACE ( 'NONE', #2988, 0.05511811023622010391, 0.003937007874016018594 ) ;
#2376 = CIRCLE ( 'NONE', #2016, 0.009842519685039378616 ) ;
#2377 = ORIENTED_EDGE ( 'NONE', *, *, #7148, .T. ) ;
#2378 = VECTOR ( 'NONE', #6487, 39.37007874015748143 ) ;
#2379 = EDGE_LOOP ( 'NONE', ( #72, #4720, #171, #4360, #3836, #513 ) ) ;
#2380 = VECTOR ( 'NONE', #5973, 39.37007874015748143 ) ;
#2381 = CARTESIAN_POINT ( 'NONE',  ( 0.01623123123489057448, -0.1091668243720301940, -0.3846813920448669544 ) ) ;
#2382 = DIRECTION ( 'NONE',  ( -1.000000000000000000, 0.000000000000000000, 3.614007241618350250E-16 ) ) ;
#2383 = AXIS2_PLACEMENT_3D ( 'NONE', #1242, #1079, #4794 ) ;
#2384 = CARTESIAN_POINT ( 'NONE',  ( -0.08858267716535433989, -0.2086614173228346636, -0.4694106689389763720 ) ) ;
#2385 = CARTESIAN_POINT ( 'NONE',  ( 0.1771653543307086798, -0.1062992125984252023, -0.3720472440944881942 ) ) ;
#2386 = VERTEX_POINT ( 'NONE', #6288 ) ;
#2387 = DIRECTION ( 'NONE',  ( 0.000000000000000000, 0.7999999999928864014, -0.6000000000094846131 ) ) ;
#2388 = VECTOR ( 'NONE', #6206, 39.37007874015748143 ) ;
#2389 = CARTESIAN_POINT ( 'NONE',  ( 0.04921259842519685318, -0.3444881889763780070, -0.3070866141732283561 ) ) ;
#2390 = ORIENTED_EDGE ( 'NONE', *, *, #2737, .F. ) ;
#2391 = DIRECTION ( 'NONE',  ( 1.000000000000000000, 0.000000000000000000, 0.000000000000000000 ) ) ;
#2392 =( BOUNDED_CURVE ( )  B_SPLINE_CURVE ( 3, ( #2207, #923, #1639, #3890 ),
 .UNSPECIFIED., .F., .F. ) 
 B_SPLINE_CURVE_WITH_KNOTS ( ( 4, 4 ),
 ( 2.497622856093490551, 3.141592653589793116 ),
 .UNSPECIFIED. ) 
 CURVE ( )  GEOMETRIC_REPRESENTATION_ITEM ( )  RATIONAL_B_SPLINE_CURVE ( ( 1.000000000000000000, 0.9657394438739231868, 0.9657394438739231868, 1.000000000000000000 ) ) 
 REPRESENTATION_ITEM ( '' )  );
#2393 = CARTESIAN_POINT ( 'NONE',  ( 0.003083939266292625922, -0.04901781096355634776, -0.5499179289025885042 ) ) ;
#2394 = CARTESIAN_POINT ( 'NONE',  ( 6.194826877959397335E-17, 0.000000000000000000, -0.4094488188976375120 ) ) ;
#2395 = AXIS2_PLACEMENT_3D ( 'NONE', #2194, #4377, #2660 ) ;
#2396 = LINE ( 'NONE', #1108, #1178 ) ;
#2397 = DIRECTION ( 'NONE',  ( -0.05989229072863568037, 0.06963125009422238554, -0.9957732686317665172 ) ) ;
#2398 = FACE_OUTER_BOUND ( 'NONE', #268, .T. ) ;
#2399 = ORIENTED_EDGE ( 'NONE', *, *, #5396, .T. ) ;
#2400 = VERTEX_POINT ( 'NONE', #1074 ) ;
#2401 = CARTESIAN_POINT ( 'NONE',  ( 0.1170484642146456811, -0.2086614173228346636, -0.1572440944881889902 ) ) ;
#2402 = EDGE_CURVE ( 'NONE', #2210, #50, #2707, .T. ) ;
#2403 = CARTESIAN_POINT ( 'NONE',  ( 0.1574803149606299191, -0.06692913385826770867, -0.5347244094488189381 ) ) ;
#2404 = EDGE_CURVE ( 'NONE', #1772, #5691, #2859, .T. ) ;
#2405 = ADVANCED_FACE ( 'NONE', ( #5227 ), #1755, .T. ) ;
#2406 = DIRECTION ( 'NONE',  ( 0.000000000000000000, 1.000000000000000000, 0.000000000000000000 ) ) ;
#2407 = ORIENTED_EDGE ( 'NONE', *, *, #4848, .T. ) ;
#2408 = ORIENTED_EDGE ( 'NONE', *, *, #6739, .F. ) ;
#2409 = EDGE_CURVE ( 'NONE', #3601, #4234, #640, .T. ) ;
#2410 = VERTEX_POINT ( 'NONE', #3510 ) ;
#2411 = CARTESIAN_POINT ( 'NONE',  ( 0.007572967589220141321, -0.1116363794480653565, -0.3803981782573608861 ) ) ;
#2412 = LINE ( 'NONE', #4774, #1131 ) ;
#2413 = EDGE_CURVE ( 'NONE', #6943, #2115, #3954, .T. ) ;
#2414 = DIRECTION ( 'NONE',  ( -1.000000000000000000, -0.000000000000000000, -0.000000000000000000 ) ) ;
#2415 = EDGE_CURVE ( 'NONE', #6974, #2971, #4071, .T. ) ;
#2416 = ORIENTED_EDGE ( 'NONE', *, *, #4314, .T. ) ;
#2417 = ORIENTED_EDGE ( 'NONE', *, *, #122, .T. ) ;
#2418 = CYLINDRICAL_SURFACE ( 'NONE', #4348, 0.01968503937009820695 ) ;
#2419 = DIRECTION ( 'NONE',  ( -1.000000000000000000, -0.000000000000000000, -0.000000000000000000 ) ) ;
#2420 = CARTESIAN_POINT ( 'NONE',  ( 0.03937007874015747977, 4.821444091131311524E-18, -0.4133858267716535861 ) ) ;
#2421 = EDGE_CURVE ( 'NONE', #5511, #1618, #2681, .T. ) ;
#2422 = LINE ( 'NONE', #3641, #7362 ) ;
#2423 = CARTESIAN_POINT ( 'NONE',  ( 0.06968503937009055960, -0.1094242738285169381, -0.3108732824337897549 ) ) ;
#2424 = EDGE_LOOP ( 'NONE', ( #4241, #3262, #4945, #6678, #5102, #2271, #7043, #3504, #5015, #7348, #3925, #6185, #733, #595 ) ) ;
#2425 = CARTESIAN_POINT ( 'NONE',  ( 0.1909448818897638289, -0.3444881889763780070, -0.4212598425196850127 ) ) ;
#2426 = CARTESIAN_POINT ( 'NONE',  ( 0.1771653543307086798, 0.1787401574803149651, -0.09842519685039370636 ) ) ;
#2427 = ORIENTED_EDGE ( 'NONE', *, *, #7398, .F. ) ;
#2428 = CARTESIAN_POINT ( 'NONE',  ( 0.04921259842519685318, -0.2204724409448818867, -0.2696850393700788162 ) ) ;
#2429 = CARTESIAN_POINT ( 'NONE',  ( 0.01737879355264962747, -0.1043307086614309320, -0.4168640244162795105 ) ) ;
#2430 = CARTESIAN_POINT ( 'NONE',  ( 0.1102362204724409434, -0.1043307086614173318, -0.3513004327185827447 ) ) ;
#2431 = FACE_OUTER_BOUND ( 'NONE', #2517, .T. ) ;
#2432 = CARTESIAN_POINT ( 'NONE',  ( -0.01586031317334974516, -0.1043307086614173318, -0.4122881990708315292 ) ) ;
#2433 = DIRECTION ( 'NONE',  ( 0.000000000000000000, 0.000000000000000000, -1.000000000000000000 ) ) ;
#2434 = CARTESIAN_POINT ( 'NONE',  ( 0.1574803149606299191, -0.2559055118110236671, -0.5669291338582678197 ) ) ;
#2435 =( BOUNDED_SURFACE ( )  B_SPLINE_SURFACE ( 3, 3, ( 
 ( #4003, #1742, #1182, #4648 ),
 ( #5226, #3431, #75, #6429 ),
 ( #2393, #4033, #7, #1821 ),
 ( #1139, #6319, #4725, #1213 ) ),
 .UNSPECIFIED., .F., .F., .F. ) 
 B_SPLINE_SURFACE_WITH_KNOTS ( ( 4, 4 ),
 ( 4, 4 ),
 ( 0.06496702746304870713, 0.9350259221201221438 ),
 ( 0.000000000000000000, 1.000000000000000000 ),
 .UNSPECIFIED. ) 
 GEOMETRIC_REPRESENTATION_ITEM ( )  RATIONAL_B_SPLINE_SURFACE ( (
 ( 0.9989744782359200048, 0.3329914927453065387, 0.3329914927453065387, 0.9989744782359200048),
 ( 0.9947145279944532570, 0.3315715093314842710, 0.3315715093314842710, 0.9947145279944532570),
 ( 0.9947144934747423894, 0.3315714978249140188, 0.3315714978249140188, 0.9947144934747423894),
 ( 0.9989743746767875132, 0.3329914582255957267, 0.3329914582255957267, 0.9989743746767875132) ) ) 
 REPRESENTATION_ITEM ( '' )  SURFACE ( )  );
#2436 = ORIENTED_EDGE ( 'NONE', *, *, #6544, .T. ) ;
#2437 = ORIENTED_EDGE ( 'NONE', *, *, #602, .F. ) ;
#2438 = DIRECTION ( 'NONE',  ( 0.000000000000000000, 0.7999999999928869565, 0.6000000000094839470 ) ) ;
#2439 = CARTESIAN_POINT ( 'NONE',  ( 0.07381096552417322487, -0.08234631060992125828, -0.2477429711013385827 ) ) ;
#2440 = DIRECTION ( 'NONE',  ( 1.000000000000000000, 0.000000000000000000, 0.000000000000000000 ) ) ;
#2441 = ORIENTED_EDGE ( 'NONE', *, *, #5542, .T. ) ;
#2442 = ORIENTED_EDGE ( 'NONE', *, *, #6333, .T. ) ;
#2443 = DIRECTION ( 'NONE',  ( -0.000000000000000000, -1.000000000000000000, -0.000000000000000000 ) ) ;
#2444 = EDGE_LOOP ( 'NONE', ( #2250, #4008, #4469, #5059 ) ) ;
#2445 = CARTESIAN_POINT ( 'NONE',  ( 3.090884640315500553E-08, -0.1095657869034859372, -0.3838120284768720691 ) ) ;
#2446 = CARTESIAN_POINT ( 'NONE',  ( 0.06200787401574803237, -0.2233476768130709111, -0.4704724409448819422 ) ) ;
#2447 = EDGE_CURVE ( 'NONE', #1055, #3877, #6322, .T. ) ;
#2448 = LINE ( 'NONE', #167, #2232 ) ;
#2449 = EDGE_LOOP ( 'NONE', ( #636, #1722, #5508, #3165 ) ) ;
#2450 = EDGE_CURVE ( 'NONE', #2034, #7104, #1712, .T. ) ;
#2451 = ORIENTED_EDGE ( 'NONE', *, *, #2649, .T. ) ;
#2452 = CARTESIAN_POINT ( 'NONE',  ( 2.731847993664262725E-16, -0.1117542665253155737, -0.3683449252304051291 ) ) ;
#2453 = DIRECTION ( 'NONE',  ( -1.000000000000000000, 0.000000000000000000, 0.000000000000000000 ) ) ;
#2454 = ADVANCED_FACE ( 'NONE', ( #3009 ), #114, .F. ) ;
#2455 = CARTESIAN_POINT ( 'NONE',  ( 0.1181102362204724532, -0.2204724409448818867, -0.1633858267716535584 ) ) ;
#2456 = EDGE_CURVE ( 'NONE', #1437, #6111, #1743, .T. ) ;
#2457 = CARTESIAN_POINT ( 'NONE',  ( 0.08430230371511618359, -0.1800086952019269160, -0.09254676116946565501 ) ) ;
#2458 = EDGE_CURVE ( 'NONE', #3921, #5077, #7097, .T. ) ;
#2459 = EDGE_LOOP ( 'NONE', ( #6823, #4826 ) ) ;
#2460 = CARTESIAN_POINT ( 'NONE',  ( 0.02783084585449365281, -0.04813521810295302156, -0.3740157480314961203 ) ) ;
#2461 = DIRECTION ( 'NONE',  ( 0.000000000000000000, 0.000000000000000000, 1.000000000000000000 ) ) ;
#2462 = ORIENTED_EDGE ( 'NONE', *, *, #2362, .F. ) ;
#2463 = DIRECTION ( 'NONE',  ( -1.000000000000000000, 0.000000000000000000, 0.000000000000000000 ) ) ;
#2464 = LINE ( 'NONE', #4796, #4330 ) ;
#2465 = AXIS2_PLACEMENT_3D ( 'NONE', #886, #3097, #5986 ) ;
#2466 =( NAMED_UNIT ( * ) PLANE_ANGLE_UNIT ( ) SI_UNIT ( $, .RADIAN. ) );
#2467 = CARTESIAN_POINT ( 'NONE',  ( 0.05891338582677164981, -0.09573350955303149001, -0.4643572754299213345 ) ) ;
#2468 = CARTESIAN_POINT ( 'NONE',  ( -0.0006754837608417325499, -0.1003390190416513783, -0.3917322834645669549 ) ) ;
#2469 = VECTOR ( 'NONE', #7031, 39.37007874015748143 ) ;
#2470 = CARTESIAN_POINT ( 'NONE',  ( -0.09188031495114172553, -0.2159558015083641591, -0.1149606586093712829 ) ) ;
#2471 = CARTESIAN_POINT ( 'NONE',  ( -0.1771653543307086798, -0.2645669291338583196, 0.000000000000000000 ) ) ;
#2472 = ORIENTED_EDGE ( 'NONE', *, *, #7109, .F. ) ;
#2473 = ORIENTED_EDGE ( 'NONE', *, *, #5957, .T. ) ;
#2474 = PLANE ( 'NONE',  #5642 ) ;
#2475 = DIRECTION ( 'NONE',  ( 9.629649721937118573E-32, -1.000000000000000000, 0.000000000000000000 ) ) ;
#2476 = VECTOR ( 'NONE', #4980, 39.37007874015748143 ) ;
#2477 = DIRECTION ( 'NONE',  ( 0.01970061643855055417, -0.9998059240232282097, 0.000000000000000000 ) ) ;
#2478 = DIRECTION ( 'NONE',  ( 0.000000000000000000, -1.000000000000000000, 0.000000000000000000 ) ) ;
#2479 = ORIENTED_EDGE ( 'NONE', *, *, #3491, .T. ) ;
#2480 = VECTOR ( 'NONE', #4733, 39.37007874015748143 ) ;
#2481 = VERTEX_POINT ( 'NONE', #1787 ) ;
#2482 = LINE ( 'NONE', #6518, #5551 ) ;
#2483 = AXIS2_PLACEMENT_3D ( 'NONE', #6079, #143, #2505 ) ;
#2484 = ORIENTED_EDGE ( 'NONE', *, *, #2652, .F. ) ;
#2485 = CARTESIAN_POINT ( 'NONE',  ( -0.006659487588889243317, -0.1022553308217504647, -0.3794382797858534828 ) ) ;
#2486 = CARTESIAN_POINT ( 'NONE',  ( 0.05708661417322834220, -0.2125984251968504046, -0.4704724409448819422 ) ) ;
#2487 = CARTESIAN_POINT ( 'NONE',  ( 0.01737879355264960665, -0.1172464875765299452, -0.3856512830623960997 ) ) ;
#2488 = AXIS2_PLACEMENT_3D ( 'NONE', #2822, #468, #4505 ) ;
#2489 = CIRCLE ( 'NONE', #550, 0.1279527559055118335 ) ;
#2490 = ORIENTED_EDGE ( 'NONE', *, *, #6651, .F. ) ;
#2491 = ORIENTED_EDGE ( 'NONE', *, *, #3705, .F. ) ;
#2492 = PLANE ( 'NONE',  #5888 ) ;
#2493 = CARTESIAN_POINT ( 'NONE',  ( 0.1102362204724409434, -0.09251968503937008093, -0.3523622047244094335 ) ) ;
#2494 = AXIS2_PLACEMENT_3D ( 'NONE', #221, #2537, #256 ) ;
#2495 = VECTOR ( 'NONE', #2507, 39.37007874015748143 ) ;
#2496 = CARTESIAN_POINT ( 'NONE',  ( -0.08842360561070866654, -0.2215365481368897493, -0.1632506824593700778 ) ) ;
#2497 = ADVANCED_FACE ( 'NONE', ( #2431 ), #78, .F. ) ;
#2498 = AXIS2_PLACEMENT_3D ( 'NONE', #822, #4331, #219 ) ;
#2499 = CIRCLE ( 'NONE', #5905, 0.01968503936975560947 ) ;
#2500 = EDGE_CURVE ( 'NONE', #287, #1677, #8, .T. ) ;
#2501 = DIRECTION ( 'NONE',  ( -1.000000000000000000, -0.000000000000000000, -0.000000000000000000 ) ) ;
#2502 = AXIS2_PLACEMENT_3D ( 'NONE', #2746, #5823, #5076 ) ;
#2503 = EDGE_CURVE ( 'NONE', #3039, #3424, #6430, .T. ) ;
#2504 = VERTEX_POINT ( 'NONE', #5190 ) ;
#2505 = DIRECTION ( 'NONE',  ( 0.000000000000000000, 1.000000000000000000, 0.000000000000000000 ) ) ;
#2506 = CARTESIAN_POINT ( 'NONE',  ( -0.05905511811024054952, -0.1049407752539370103, -0.4634239131511811438 ) ) ;
#2507 = DIRECTION ( 'NONE',  ( 0.000000000000000000, 1.000000000000000000, 0.000000000000000000 ) ) ;
#2508 = LINE ( 'NONE', #5479, #1628 ) ;
#2509 = AXIS2_PLACEMENT_3D ( 'NONE', #6304, #2884, #4602 ) ;
#2510 = DIRECTION ( 'NONE',  ( 0.000000000000000000, 0.000000000000000000, 1.000000000000000000 ) ) ;
#2511 = EDGE_CURVE ( 'NONE', #1960, #4857, #4846, .T. ) ;
#2512 = AXIS2_PLACEMENT_3D ( 'NONE', #5814, #4100, #6908 ) ;
#2513 = LINE ( 'NONE', #5482, #5538 ) ;
#2514 = CARTESIAN_POINT ( 'NONE',  ( -0.0006754837608417325499, -0.1016923414307303319, -0.3831877421803582817 ) ) ;
#2515 = CARTESIAN_POINT ( 'NONE',  ( 0.000000000000000000, 0.000000000000000000, -0.05905511811023620578 ) ) ;
#2516 = FACE_OUTER_BOUND ( 'NONE', #5639, .T. ) ;
#2517 = EDGE_LOOP ( 'NONE', ( #2337, #4835, #3582, #154 ) ) ;
#2518 = ORIENTED_EDGE ( 'NONE', *, *, #4242, .T. ) ;
#2519 = CARTESIAN_POINT ( 'NONE',  ( -0.0006754837608417303815, -0.09055118109839016549, -0.4535302601039661319 ) ) ;
#2520 = CONICAL_SURFACE ( 'NONE', #6049, 39.37007874008125441, 0.7853981633964802755 ) ;
#2521 = CARTESIAN_POINT ( 'NONE',  ( 0.003605085228961063277, -0.05730118883755980913, -0.5452755905511719181 ) ) ;
#2522 = ADVANCED_FACE ( 'NONE', ( #1359 ), #753, .T. ) ;
#2523 = CARTESIAN_POINT ( 'NONE',  ( 0.1032286710625422294, 0.05999625523965475271, -0.5478318230110349463 ) ) ;
#2524 = DIRECTION ( 'NONE',  ( 1.000000000000000000, 0.000000000000000000, 0.000000000000000000 ) ) ;
#2525 = ORIENTED_EDGE ( 'NONE', *, *, #6824, .F. ) ;
#2526 = ORIENTED_EDGE ( 'NONE', *, *, #1008, .T. ) ;
#2527 = CARTESIAN_POINT ( 'NONE',  ( 0.01771653543307086937, -0.1519685039371374002, -0.5523622047243489375 ) ) ;
#2528 = EDGE_LOOP ( 'NONE', ( #5711, #2750, #809, #1422, #1069, #2472, #2525, #325, #5243, #5080, #725, #30, #6799, #1690, #757, #6136 ) ) ;
#2529 = LINE ( 'NONE', #1460, #3358 ) ;
#2530 = CARTESIAN_POINT ( 'NONE',  ( -0.1377952755905511861, -0.1073609846042519744, -0.4724409448818898127 ) ) ;
#2531 = CARTESIAN_POINT ( 'NONE',  ( -0.0004653688922492143663, 0.02361746277220150986, -0.5486002864806927004 ) ) ;
#2532 = ORIENTED_EDGE ( 'NONE', *, *, #4925, .F. ) ;
#2533 = ORIENTED_EDGE ( 'NONE', *, *, #2226, .T. ) ;
#2534 = CARTESIAN_POINT ( 'NONE',  ( 0.1574803149606299191, -0.06692913385826770867, -0.5334645669291339098 ) ) ;
#2535 = DIRECTION ( 'NONE',  ( 1.000000000000000000, 0.000000000000000000, 0.000000000000000000 ) ) ;
#2536 = LINE ( 'NONE', #5434, #799 ) ;
#2537 = DIRECTION ( 'NONE',  ( 0.000000000000000000, 0.000000000000000000, 1.000000000000000000 ) ) ;
#2538 = ORIENTED_EDGE ( 'NONE', *, *, #4281, .T. ) ;
#2539 = LINE ( 'NONE', #1354, #1032 ) ;
#2540 = DIRECTION ( 'NONE',  ( 0.000000000000000000, 0.000000000000000000, -1.000000000000000000 ) ) ;
#2541 = FACE_OUTER_BOUND ( 'NONE', #3863, .T. ) ;
#2542 = LINE ( 'NONE', #637, #5183 ) ;
#2543 = DIRECTION ( 'NONE',  ( -1.224646799147353207E-16, 1.000000000000000000, 6.516246048202269901E-31 ) ) ;
#2544 = EDGE_CURVE ( 'NONE', #915, #2400, #6609, .T. ) ;
#2545 = DIRECTION ( 'NONE',  ( -1.000000000000000000, -0.000000000000000000, -0.000000000000000000 ) ) ;
#2546 = PRODUCT_RELATED_PRODUCT_CATEGORY ( 'part', '', ( #2039 ) ) ;
#2547 = CARTESIAN_POINT ( 'NONE',  ( -0.01374073683582931367, -0.1043307086614173318, -0.3977159443620794654 ) ) ;
#2548 = CARTESIAN_POINT ( 'NONE',  ( -0.0006754837608417325499, -0.1211350386053303418, -0.3862670767803489391 ) ) ;
#2549 = ADVANCED_FACE ( 'NONE', ( #6085 ), #4843, .F. ) ;
#2550 = DIRECTION ( 'NONE',  ( 1.000000000000000000, 0.000000000000000000, 0.000000000000000000 ) ) ;
#2551 = ORIENTED_EDGE ( 'NONE', *, *, #4232, .T. ) ;
#2552 = ORIENTED_EDGE ( 'NONE', *, *, #1711, .F. ) ;
#2553 = CARTESIAN_POINT ( 'NONE',  ( -0.1259842519685039353, -0.1043307086614173318, -0.4507874015748031815 ) ) ;
#2554 = EDGE_CURVE ( 'NONE', #3851, #3093, #1445, .T. ) ;
#2555 = CARTESIAN_POINT ( 'NONE',  ( 0.04676955665215359187, 0.02454820055669983472, -0.5486002864806925894 ) ) ;
#2556 = CARTESIAN_POINT ( 'NONE',  ( 0.003083939266292596865, -0.04901781096355636164, -0.5499179289025883932 ) ) ;
#2557 = DIRECTION ( 'NONE',  ( -1.000000000000000000, 0.000000000000000000, 0.000000000000000000 ) ) ;
#2558 = ORIENTED_EDGE ( 'NONE', *, *, #4168, .F. ) ;
#2559 = ADVANCED_FACE ( 'NONE', ( #1935, #2015 ), #3615, .T. ) ;
#2560 = ORIENTED_EDGE ( 'NONE', *, *, #594, .T. ) ;
#2561 = DIRECTION ( 'NONE',  ( 0.000000000000000000, 0.000000000000000000, -1.000000000000000000 ) ) ;
#2562 = ORIENTED_EDGE ( 'NONE', *, *, #1911, .F. ) ;
#2563 = CARTESIAN_POINT ( 'NONE',  ( -0.0005811658790929453804, -0.1017443540510753752, -0.3828609928250324979 ) ) ;
#2564 = CARTESIAN_POINT ( 'NONE',  ( -0.08834645669767794696, -0.2126271962512555069, -0.1625619314914561464 ) ) ;
#2565 = FACE_OUTER_BOUND ( 'NONE', #506, .T. ) ;
#2566 = EDGE_LOOP ( 'NONE', ( #4164, #235, #6059, #4678 ) ) ;
#2567 = ORIENTED_EDGE ( 'NONE', *, *, #2042, .T. ) ;
#2568 = PLANE ( 'NONE',  #309 ) ;
#2569 = CARTESIAN_POINT ( 'NONE',  ( 0.06603794512047245213, -0.1209719853527165684, -0.3475518150600393485 ) ) ;
#2570 = CARTESIAN_POINT ( 'NONE',  ( 0.1857480314960630041, -0.1043307086614173318, -0.3917322834645669549 ) ) ;
#2571 = ORIENTED_EDGE ( 'NONE', *, *, #3480, .F. ) ;
#2572 = ORIENTED_EDGE ( 'NONE', *, *, #518, .T. ) ;
#2573 = LINE ( 'NONE', #4787, #3225 ) ;
#2574 = ORIENTED_EDGE ( 'NONE', *, *, #4379, .F. ) ;
#2575 = DIRECTION ( 'NONE',  ( -1.000000000000000000, 0.000000000000000000, 0.000000000000000000 ) ) ;
#2576 = DIRECTION ( 'NONE',  ( 0.000000000000000000, 0.000000000000000000, 1.000000000000000000 ) ) ;
#2577 = CARTESIAN_POINT ( 'NONE',  ( 0.1181102362204724532, -0.1039370078740157466, -0.03677165354330708819 ) ) ;
#2578 = FACE_OUTER_BOUND ( 'NONE', #4487, .T. ) ;
#2579 = CARTESIAN_POINT ( 'NONE',  ( 0.1771653543307086798, -0.2559055118110236671, -0.4704724409448819422 ) ) ;
#2580 = LINE ( 'NONE', #3078, #7476 ) ;
#2581 = DIRECTION ( 'NONE',  ( 1.000000000000000000, 0.000000000000000000, 0.000000000000000000 ) ) ;
#2582 = LINE ( 'NONE', #266, #2380 ) ;
#2583 = EDGE_CURVE ( 'NONE', #5044, #4486, #4183, .T. ) ;
#2584 = CARTESIAN_POINT ( 'NONE',  ( -1.941094747098944675E-30, -3.201384367575307689E-18, -0.4527559055118110520 ) ) ;
#2585 = ORIENTED_EDGE ( 'NONE', *, *, #1807, .T. ) ;
#2586 = ORIENTED_EDGE ( 'NONE', *, *, #7106, .F. ) ;
#2587 = CARTESIAN_POINT ( 'NONE',  ( -0.1259842519685039353, -0.1053924806672440900, -0.4507874015748031815 ) ) ;
#2588 = CARTESIAN_POINT ( 'NONE',  ( 0.0008791436264359833632, -0.04461652296615235824, -0.5515072208990251523 ) ) ;
#2589 = EDGE_CURVE ( 'NONE', #5439, #3760, #2580, .T. ) ;
#2590 = AXIS2_PLACEMENT_3D ( 'NONE', #1424, #5500, #3749 ) ;
#2591 = CARTESIAN_POINT ( 'NONE',  ( 0.000000000000000000, -0.3444881889763780070, -0.2992125984251968740 ) ) ;
#2592 = DIRECTION ( 'NONE',  ( -1.000000000000000000, 0.000000000000000000, 0.000000000000000000 ) ) ;
#2593 = ORIENTED_EDGE ( 'NONE', *, *, #7007, .T. ) ;
#2594 = EDGE_CURVE ( 'NONE', #6447, #4642, #867, .T. ) ;
#2595 = ORIENTED_EDGE ( 'NONE', *, *, #4522, .T. ) ;
#2596 = DIRECTION ( 'NONE',  ( -1.000000000000000000, 0.000000000000000000, 0.000000000000000000 ) ) ;
#2597 = ORIENTED_EDGE ( 'NONE', *, *, #4555, .T. ) ;
#2598 = DIRECTION ( 'NONE',  ( -0.000000000000000000, -0.000000000000000000, -1.000000000000000000 ) ) ;
#2599 = CIRCLE ( 'NONE', #6960, 0.04921259842519686012 ) ;
#2600 = LINE ( 'NONE', #4862, #288 ) ;
#2601 = EDGE_CURVE ( 'NONE', #824, #665, #3194, .T. ) ;
#2602 = AXIS2_PLACEMENT_3D ( 'NONE', #6614, #1906, #3736 ) ;
#2603 = CARTESIAN_POINT ( 'NONE',  ( 0.06614173228345841815, -0.1234053247828632988, -0.3467659153224493807 ) ) ;
#2604 = ADVANCED_FACE ( 'NONE', ( #5519 ), #305, .T. ) ;
#2605 = EDGE_LOOP ( 'NONE', ( #4952, #1818 ) ) ;
#2606 = VECTOR ( 'NONE', #2387, 39.37007874015748854 ) ;
#2607 = ORIENTED_EDGE ( 'NONE', *, *, #1337, .T. ) ;
#2608 = ORIENTED_EDGE ( 'NONE', *, *, #2177, .F. ) ;
#2609 = CARTESIAN_POINT ( 'NONE',  ( -0.1170484642146456811, -0.2075996453170078637, -0.1633858267716535584 ) ) ;
#2610 = CARTESIAN_POINT ( 'NONE',  ( 0.06608351511862206595, -0.1210594093958661382, -0.3470514088263386143 ) ) ;
#2611 = VECTOR ( 'NONE', #1753, 39.37007874015748143 ) ;
#2612 = VECTOR ( 'NONE', #2824, 39.37007874015748143 ) ;
#2613 = DIRECTION ( 'NONE',  ( 0.000000000000000000, 1.000000000000000000, 0.000000000000000000 ) ) ;
#2614 = AXIS2_PLACEMENT_3D ( 'NONE', #7021, #1841, #709 ) ;
#2615 = ORIENTED_EDGE ( 'NONE', *, *, #2404, .F. ) ;
#2616 = ORIENTED_EDGE ( 'NONE', *, *, #227, .F. ) ;
#2617 = VECTOR ( 'NONE', #6129, 39.37007874015748143 ) ;
#2618 = CARTESIAN_POINT ( 'NONE',  ( 0.05708661417322834220, -0.1043307086614173318, -0.4704724409448819422 ) ) ;
#2619 = VECTOR ( 'NONE', #1084, 39.37007874015748143 ) ;
#2620 = VECTOR ( 'NONE', #2316, 39.37007874015748143 ) ;
#2621 = CYLINDRICAL_SURFACE ( 'NONE', #5194, 0.04133858267716536417 ) ;
#2622 = DIRECTION ( 'NONE',  ( 0.000000000000000000, 0.000000000000000000, 1.000000000000000000 ) ) ;
#2623 = CARTESIAN_POINT ( 'NONE',  ( 0.000000000000000000, 0.000000000000000000, -0.3740157480314960647 ) ) ;
#2624 = DIRECTION ( 'NONE',  ( 0.000000000000000000, 0.6000000000094789510, 0.7999999999928908423 ) ) ;
#2625 = VECTOR ( 'NONE', #5968, 39.37007874015748143 ) ;
#2626 = LINE ( 'NONE', #229, #786 ) ;
#2627 = VECTOR ( 'NONE', #4273, 39.37007874015748143 ) ;
#2628 = VECTOR ( 'NONE', #2550, 39.37007874015748143 ) ;
#2629 = CARTESIAN_POINT ( 'NONE',  ( -0.01771653543307086937, -0.1377952755905511861, -0.5334645669291339098 ) ) ;
#2630 = CARTESIAN_POINT ( 'NONE',  ( 0.01249388700970553365, -0.1043307086614173318, -0.3917322834645669549 ) ) ;
#2631 = DIRECTION ( 'NONE',  ( 0.000000000000000000, 0.000000000000000000, -1.000000000000000000 ) ) ;
#2632 = EDGE_LOOP ( 'NONE', ( #3265, #1269, #18, #2990, #5385, #7483, #996, #5652 ) ) ;
#2633 = CIRCLE ( 'NONE', #3363, 0.01181102362204724046 ) ;
#2634 = VECTOR ( 'NONE', #3537, 39.37007874015748143 ) ;
#2635 = ORIENTED_EDGE ( 'NONE', *, *, #3201, .T. ) ;
#2636 = CARTESIAN_POINT ( 'NONE',  ( -0.05511811023622046474, -3.455521451236453776E-33, -0.4133858267716534196 ) ) ;
#2637 = CARTESIAN_POINT ( 'NONE',  ( -0.1377952755905511861, -0.2254712208247244276, -0.4704724409448819422 ) ) ;
#2638 = VECTOR ( 'NONE', #4413, 39.37007874015748143 ) ;
#2639 = PLANE ( 'NONE',  #3124 ) ;
#2640 = PLANE ( 'NONE',  #6016 ) ;
#2641 = ORIENTED_EDGE ( 'NONE', *, *, #4271, .F. ) ;
#2642 = B_SPLINE_SURFACE_WITH_KNOTS ( 'NONE', 3, 3, ( 
 ( #7066, #1859, #1291, #5937 ),
 ( #5368, #4463, #2782, #3349 ),
 ( #6806, #1519, #5676, #459 ),
 ( #5602, #2199, #308, #1559 ),
 ( #5520, #7381, #5031, #5107 ),
 ( #2667, #2091, #4531, #6727 ),
 ( #6772, #3883, #6839, #352 ),
 ( #3195, #3848, #4498, #3805 ),
 ( #5072, #1591, #5633, #5569 ) ),
 .UNSPECIFIED., .F., .F., .F.,
 ( 4, 1, 1, 1, 1, 1, 4 ),
 ( 4, 4 ),
 ( -0.008832582385428999761, 0.000000000000000000, 0.01604800733876999771, 0.4999992418336999811, 0.9839504763285999989, 1.000000000000000000, 1.008833916858999924 ),
 ( -0.04075589317816000201, 1.040755904717000080 ),
 .UNSPECIFIED. ) ;
#2643 = VERTEX_POINT ( 'NONE', #5447 ) ;
#2644 = ORIENTED_EDGE ( 'NONE', *, *, #7386, .T. ) ;
#2645 = DIRECTION ( 'NONE',  ( 0.9982048454657606040, -0.004177875005665995616, 0.05974639611821103841 ) ) ;
#2646 = CARTESIAN_POINT ( 'NONE',  ( 0.06102362204724410405, 0.000000000000000000, -0.4133858267716535861 ) ) ;
#2647 =( BOUNDED_CURVE ( )  B_SPLINE_CURVE ( 3, ( #1694, #4961, #4383, #1478 ),
 .UNSPECIFIED., .F., .F. ) 
 B_SPLINE_CURVE_WITH_KNOTS ( ( 4, 4 ),
 ( 3.141592653589793116, 4.022613605844789220 ),
 .UNSPECIFIED. ) 
 CURVE ( )  GEOMETRIC_REPRESENTATION_ITEM ( )  RATIONAL_B_SPLINE_CURVE ( ( 1.000000000000000000, 0.9363560756119874151, 0.9363560756119874151, 1.000000000000000000 ) ) 
 REPRESENTATION_ITEM ( '' )  );
#2648 = EDGE_CURVE ( 'NONE', #767, #5540, #2626, .T. ) ;
#2649 = EDGE_CURVE ( 'NONE', #2504, #2228, #149, .T. ) ;
#2650 = ORIENTED_EDGE ( 'NONE', *, *, #5893, .F. ) ;
#2651 = ORIENTED_EDGE ( 'NONE', *, *, #2554, .T. ) ;
#2652 = EDGE_CURVE ( 'NONE', #3538, #2263, #1857, .T. ) ;
#2653 = VERTEX_POINT ( 'NONE', #720 ) ;
#2654 = CARTESIAN_POINT ( 'NONE',  ( -0.01771653543307086937, -0.1128608923884645565, -0.5334645669291339098 ) ) ;
#2655 = CARTESIAN_POINT ( 'NONE',  ( 0.06670866202070865891, -0.1188470395317322709, -0.3399752821936614655 ) ) ;
#2656 = EDGE_CURVE ( 'NONE', #3747, #5129, #3043, .T. ) ;
#2657 = LINE ( 'NONE', #5019, #320 ) ;
#2658 = VERTEX_POINT ( 'NONE', #5367 ) ;
#2659 = ORIENTED_EDGE ( 'NONE', *, *, #1197, .F. ) ;
#2660 = DIRECTION ( 'NONE',  ( 0.000000000000000000, -0.9876883405952928685, -0.1564344650392517910 ) ) ;
#2661 = LINE ( 'NONE', #5024, #4313 ) ;
#2662 = ADVANCED_FACE ( 'NONE', ( #7182 ), #1971, .T. ) ;
#2663 = CARTESIAN_POINT ( 'NONE',  ( -0.08858267716535433989, -0.2086614173228346636, -0.5019685039370078705 ) ) ;
#2664 = DIRECTION ( 'NONE',  ( 0.000000000000000000, -1.000000000000000000, 0.000000000000000000 ) ) ;
#2665 = DIRECTION ( 'NONE',  ( 0.000000000000000000, 0.000000000000000000, -1.000000000000000000 ) ) ;
#2666 = DIRECTION ( 'NONE',  ( 0.000000000000000000, 0.000000000000000000, -1.000000000000000000 ) ) ;
#2667 = CARTESIAN_POINT ( 'NONE',  ( -0.07402805892885826189, -0.07692284302271654162, -0.2443459735214173201 ) ) ;
#2668 = LINE ( 'NONE', #1629, #6374 ) ;
#2669 = DIRECTION ( 'NONE',  ( 0.000000000000000000, 1.000000000000000000, 0.000000000000000000 ) ) ;
#2670 = ORIENTED_EDGE ( 'NONE', *, *, #4227, .F. ) ;
#2671 = ORIENTED_EDGE ( 'NONE', *, *, #5619, .F. ) ;
#2672 = CARTESIAN_POINT ( 'NONE',  ( -0.1181102362204724532, -0.2244094488188976555, -0.1633858267716535584 ) ) ;
#2673 = CARTESIAN_POINT ( 'NONE',  ( -0.02362204724409448786, -0.3444881889763780070, -0.5334645669291339098 ) ) ;
#2674 = DIRECTION ( 'NONE',  ( -1.000000000000000000, 0.000000000000000000, 0.000000000000000000 ) ) ;
#2675 = LINE ( 'NONE', #5719, #6983 ) ;
#2676 = ORIENTED_EDGE ( 'NONE', *, *, #4416, .T. ) ;
#2677 = ORIENTED_EDGE ( 'NONE', *, *, #1064, .T. ) ;
#2678 = EDGE_LOOP ( 'NONE', ( #1737, #4990, #5580 ) ) ;
#2679 = LINE ( 'NONE', #931, #7081 ) ;
#2680 = DIRECTION ( 'NONE',  ( 0.000000000000000000, -1.000000000000000000, 0.000000000000000000 ) ) ;
#2681 = B_SPLINE_CURVE_WITH_KNOTS ( 'NONE', 3,
 ( #6920, #1214, #3468, #6463, #4147, #5895, #2963, #3541, #3574, #4004 ),
 .UNSPECIFIED., .F., .F.,
 ( 4, 2, 2, 2, 4 ),
 ( 0.5000000000000079936, 0.6250000000000061062, 0.7500000000000039968, 0.8750000000000019984, 1.000000000000000000 ),
 .UNSPECIFIED. ) ;
#2682 = EDGE_LOOP ( 'NONE', ( #12, #1039, #6407, #5378 ) ) ;
#2683 = EDGE_LOOP ( 'NONE', ( #4079, #3661, #1892, #5268 ) ) ;
#2684 = EDGE_CURVE ( 'NONE', #5136, #1390, #3733, .T. ) ;
#2685 = EDGE_LOOP ( 'NONE', ( #6247, #5137, #422, #596 ) ) ;
#2686 = LINE ( 'NONE', #777, #4322 ) ;
#2687 = LINE ( 'NONE', #4600, #2220 ) ;
#2688 = CARTESIAN_POINT ( 'NONE',  ( 0.004513320484539049861, -0.09251968503937008093, -0.4411016153651302063 ) ) ;
#2689 = ORIENTED_EDGE ( 'NONE', *, *, #1675, .F. ) ;
#2690 = EDGE_CURVE ( 'NONE', #4396, #7350, #1062, .T. ) ;
#2691 = ORIENTED_EDGE ( 'NONE', *, *, #4898, .F. ) ;
#2692 = DIRECTION ( 'NONE',  ( -0.4244555993354378609, -0.1416433912740526768, 0.8943011762830124223 ) ) ;
#2693 = DIRECTION ( 'NONE',  ( 0.000000000000000000, 1.000000000000000000, 0.000000000000000000 ) ) ;
#2694 = EDGE_CURVE ( 'NONE', #1725, #85, #3240, .T. ) ;
#2695 = CARTESIAN_POINT ( 'NONE',  ( 0.1909448818897638289, -0.3444881889763780070, -0.4212598425196850127 ) ) ;
#2696 = CARTESIAN_POINT ( 'NONE',  ( 0.01737879355264960665, -0.1075251456415506068, -0.3841115737608291614 ) ) ;
#2697 = DIRECTION ( 'NONE',  ( -1.000000000000000000, 0.000000000000000000, 0.000000000000000000 ) ) ;
#2698 = EDGE_CURVE ( 'NONE', #6111, #3093, #4807, .T. ) ;
#2699 = CARTESIAN_POINT ( 'NONE',  ( 0.04921259842519685318, -0.2244094488188976555, -0.2952755905511810774 ) ) ;
#2700 = EDGE_CURVE ( 'NONE', #345, #326, #4461, .T. ) ;
#2701 = CARTESIAN_POINT ( 'NONE',  ( 0.1771653543307086798, 0.000000000000000000, -0.1377952755905511861 ) ) ;
#2702 = DIRECTION ( 'NONE',  ( 0.000000000000000000, 0.000000000000000000, 1.000000000000000000 ) ) ;
#2703 = DIRECTION ( 'NONE',  ( 1.000000000000000000, 0.000000000000000000, 0.000000000000000000 ) ) ;
#2704 = ORIENTED_EDGE ( 'NONE', *, *, #3491, .F. ) ;
#2705 = ORIENTED_EDGE ( 'NONE', *, *, #6182, .F. ) ;
#2706 = CARTESIAN_POINT ( 'NONE',  ( 0.1857480314960630041, -0.1043307086614173318, -0.4704724409448819422 ) ) ;
#2707 = LINE ( 'NONE', #3249, #432 ) ;
#2708 = CARTESIAN_POINT ( 'NONE',  ( 0.08858267716535433989, -0.2086614173228346636, -0.5030302759429134962 ) ) ;
#2709 = DIRECTION ( 'NONE',  ( -1.000000000000000000, 0.000000000000000000, 0.000000000000000000 ) ) ;
#2710 = ORIENTED_EDGE ( 'NONE', *, *, #1716, .F. ) ;
#2711 = VERTEX_POINT ( 'NONE', #6838 ) ;
#2712 = EDGE_LOOP ( 'NONE', ( #6648, #2983, #6215, #6600 ) ) ;
#2713 = DIRECTION ( 'NONE',  ( 1.000000000000000000, 0.000000000000000000, 0.000000000000000000 ) ) ;
#2714 = CARTESIAN_POINT ( 'NONE',  ( 0.07503548712811024257, -0.08952368506767716116, -0.2254786765362991885 ) ) ;
#2715 = VECTOR ( 'NONE', #6260, 39.37007874015748143 ) ;
#2716 = LINE ( 'NONE', #4336, #2619 ) ;
#2717 = ORIENTED_EDGE ( 'NONE', *, *, #98, .T. ) ;
#2718 = VERTEX_POINT ( 'NONE', #2198 ) ;
#2719 = ORIENTED_EDGE ( 'NONE', *, *, #82, .T. ) ;
#2720 = LINE ( 'NONE', #1005, #1881 ) ;
#2721 = CARTESIAN_POINT ( 'NONE',  ( 0.05905511811023622659, -0.3346456692913385988, -0.5452755905511811330 ) ) ;
#2722 = MECHANICAL_DESIGN_GEOMETRIC_PRESENTATION_REPRESENTATION (  '', ( #1260 ), #2352 ) ;
#2723 = ORIENTED_EDGE ( 'NONE', *, *, #3148, .F. ) ;
#2724 = CARTESIAN_POINT ( 'NONE',  ( -0.1641732283464567010, -0.09055118110236221041, -0.4704724409448819422 ) ) ;
#2725 = ORIENTED_EDGE ( 'NONE', *, *, #2409, .T. ) ;
#2726 =( BOUNDED_CURVE ( )  B_SPLINE_CURVE ( 3, ( #4174, #3152, #6567, #6493 ),
 .UNSPECIFIED., .F., .F. ) 
 B_SPLINE_CURVE_WITH_KNOTS ( ( 4, 4 ),
 ( 2.260573187031525322, 3.141592653589788675 ),
 .UNSPECIFIED. ) 
 CURVE ( )  GEOMETRIC_REPRESENTATION_ITEM ( )  RATIONAL_B_SPLINE_CURVE ( ( 1.000000000000000000, 0.9363562867794756883, 0.9363562867794756883, 1.000000000000000000 ) ) 
 REPRESENTATION_ITEM ( '' )  );
#2727 = DIRECTION ( 'NONE',  ( 0.000000000000000000, 0.000000000000000000, 1.000000000000000000 ) ) ;
#2728 = CARTESIAN_POINT ( 'NONE',  ( -0.06496062992125983815, -0.09251968503937008093, -0.4990932680688976442 ) ) ;
#2729 = CARTESIAN_POINT ( 'NONE',  ( 0.000000000000000000, 1.803446527067425653E-17, -0.4704724409448819422 ) ) ;
#2730 = AXIS2_PLACEMENT_3D ( 'NONE', #3440, #4482, #6750 ) ;
#2731 = B_SPLINE_CURVE_WITH_KNOTS ( 'NONE', 3,
 ( #6423, #2235, #68, #29 ),
 .UNSPECIFIED., .F., .F.,
 ( 4, 4 ),
 ( 0.000000000000000000, 1.000000000000000000 ),
 .UNSPECIFIED. ) ;
#2732 = CARTESIAN_POINT ( 'NONE',  ( 0.000000000000000000, -0.3208661417322835052, -0.2992125984251968740 ) ) ;
#2733 = CARTESIAN_POINT ( 'NONE',  ( 0.08834645681399705408, -0.2215412167400138133, -0.1631852624695374065 ) ) ;
#2734 = VECTOR ( 'NONE', #5596, 39.37007874015748143 ) ;
#2735 = ADVANCED_FACE ( 'NONE', ( #5601, #1020 ), #952, .F. ) ;
#2736 = DIRECTION ( 'NONE',  ( 0.05989229072762403128, -0.4375842028374052339, -0.8971805720915664306 ) ) ;
#2737 = EDGE_CURVE ( 'NONE', #2370, #853, #6744, .T. ) ;
#2738 = EDGE_CURVE ( 'NONE', #4374, #3877, #2058, .T. ) ;
#2739 = VECTOR ( 'NONE', #6273, 39.37007874015748143 ) ;
#2740 = VECTOR ( 'NONE', #763, 39.37007874015748143 ) ;
#2741 = VECTOR ( 'NONE', #1905, 39.37007874015748143 ) ;
#2742 = CARTESIAN_POINT ( 'NONE',  ( -0.08530624072299212990, -0.2178819028380708511, -0.1066018341355905591 ) ) ;
#2743 = AXIS2_PLACEMENT_3D ( 'NONE', #251, #5468, #5505 ) ;
#2744 = DIRECTION ( 'NONE',  ( 0.000000000000000000, 0.000000000000000000, 1.000000000000000000 ) ) ;
#2745 = ADVANCED_FACE ( 'NONE', ( #3309 ), #1590, .T. ) ;
#2746 = CARTESIAN_POINT ( 'NONE',  ( -0.01737879355264960665, -0.1023556080419169290, -0.4167507496085527952 ) ) ;
#2747 = ORIENTED_EDGE ( 'NONE', *, *, #3062, .T. ) ;
#2748 = ORIENTED_EDGE ( 'NONE', *, *, #1758, .F. ) ;
#2749 = FACE_OUTER_BOUND ( 'NONE', #1620, .T. ) ;
#2750 = ORIENTED_EDGE ( 'NONE', *, *, #6220, .T. ) ;
#2751 = EDGE_CURVE ( 'NONE', #3055, #6616, #3952, .T. ) ;
#2752 = PLANE ( 'NONE',  #6119 ) ;
#2753 = AXIS2_PLACEMENT_3D ( 'NONE', #7399, #2833, #2004 ) ;
#2754 = CIRCLE ( 'NONE', #1043, 0.01574803149606296415 ) ;
#2755 = CARTESIAN_POINT ( 'NONE',  ( -0.06200787401574803237, -0.2559055118110236671, 0.01133858267716535660 ) ) ;
#2756 = VECTOR ( 'NONE', #1952, 39.37007874015748143 ) ;
#2757 = DIRECTION ( 'NONE',  ( 0.000000000000000000, 0.000000000000000000, 1.000000000000000000 ) ) ;
#2758 = VECTOR ( 'NONE', #3320, 39.37007874015748143 ) ;
#2759 = DIRECTION ( 'NONE',  ( 1.000000000000000000, 0.000000000000000000, 0.000000000000000000 ) ) ;
#2760 = AXIS2_PLACEMENT_3D ( 'NONE', #913, #6201, #4351 ) ;
#2761 = ORIENTED_EDGE ( 'NONE', *, *, #2049, .F. ) ;
#2762 = VERTEX_POINT ( 'NONE', #490 ) ;
#2763 = EDGE_CURVE ( 'NONE', #3030, #1055, #4963, .T. ) ;
#2764 = CARTESIAN_POINT ( 'NONE',  ( 0.08550230248173228131, -0.2214611562952362167, -0.1163682317138582806 ) ) ;
#2765 = LINE ( 'NONE', #6855, #58 ) ;
#2766 = CARTESIAN_POINT ( 'NONE',  ( -0.09842519685039370636, 0.09685039370078740717, -0.09842519685039370636 ) ) ;
#2767 = ORIENTED_EDGE ( 'NONE', *, *, #5495, .F. ) ;
#2768 = AXIS2_PLACEMENT_3D ( 'NONE', #3206, #4357, #843 ) ;
#2769 = ORIENTED_EDGE ( 'NONE', *, *, #730, .T. ) ;
#2770 = ORIENTED_EDGE ( 'NONE', *, *, #4889, .F. ) ;
#2771 = CARTESIAN_POINT ( 'NONE',  ( 0.1358267716535433156, -0.2204724409448818867, -0.4704724409448819422 ) ) ;
#2772 = LINE ( 'NONE', #4521, #4778 ) ;
#2773 = DIRECTION ( 'NONE',  ( 1.000000000000000000, 0.000000000000000000, 0.000000000000000000 ) ) ;
#2774 = CARTESIAN_POINT ( 'NONE',  ( 0.000000000000000000, -0.3444881889763780070, -0.3070866141732283561 ) ) ;
#2775 = ORIENTED_EDGE ( 'NONE', *, *, #5349, .T. ) ;
#2776 = CARTESIAN_POINT ( 'NONE',  ( 0.08834645669764487619, -0.2204820312926902004, -0.1631111950640098396 ) ) ;
#2777 = CARTESIAN_POINT ( 'NONE',  ( 0.000000000000000000, 0.000000000000000000, -0.5366618725208661678 ) ) ;
#2778 = CARTESIAN_POINT ( 'NONE',  ( 0.000000000000000000, 0.000000000000000000, 0.000000000000000000 ) ) ;
#2779 = CARTESIAN_POINT ( 'NONE',  ( 0.09685039370078740717, 0.09842519685039370636, -0.03937007874015747977 ) ) ;
#2780 = CARTESIAN_POINT ( 'NONE',  ( -0.04724409448818793489, 0.000000000000000000, -0.5374015748031500950 ) ) ;
#2781 = CARTESIAN_POINT ( 'NONE',  ( 0.000000000000000000, 0.000000000000000000, -0.05905511811023620578 ) ) ;
#2782 = CARTESIAN_POINT ( 'NONE',  ( -0.07504560747409450006, -0.08690138586279526345, -0.2234129446379527484 ) ) ;
#2783 = DIRECTION ( 'NONE',  ( 1.000000000000000000, 0.000000000000000000, 0.000000000000000000 ) ) ;
#2784 = LINE ( 'NONE', #1739, #4462 ) ;
#2785 = VERTEX_POINT ( 'NONE', #5631 ) ;
#2786 = EDGE_CURVE ( 'NONE', #764, #5950, #5069, .T. ) ;
#2787 = DIRECTION ( 'NONE',  ( 0.000000000000000000, 1.000000000000000000, -1.445602896647339706E-15 ) ) ;
#2788 = ORIENTED_EDGE ( 'NONE', *, *, #270, .F. ) ;
#2789 = CARTESIAN_POINT ( 'NONE',  ( 0.08858267716535433989, -0.2115366531910236603, -0.4744881889763779559 ) ) ;
#2790 = LINE ( 'NONE', #3359, #5178 ) ;
#2791 = CARTESIAN_POINT ( 'NONE',  ( -0.01771653543307086937, -0.1152230971129102471, -0.5460629921259747555 ) ) ;
#2792 = EDGE_CURVE ( 'NONE', #5679, #6663, #2165, .T. ) ;
#2793 = CARTESIAN_POINT ( 'NONE',  ( 0.1574803149606299191, -0.2596850393700787518, -0.5688582677165354706 ) ) ;
#2794 = VERTEX_POINT ( 'NONE', #3915 ) ;
#2795 = EDGE_CURVE ( 'NONE', #2186, #375, #6618, .T. ) ;
#2796 = EDGE_LOOP ( 'NONE', ( #5184, #4954, #2650, #3128, #3477, #1241 ) ) ;
#2797 = CARTESIAN_POINT ( 'NONE',  ( 0.05905511811023622659, -0.2559055118110236671, -0.3090551181102362266 ) ) ;
#2798 = DIRECTION ( 'NONE',  ( 1.000000000000000000, 0.000000000000000000, 0.000000000000000000 ) ) ;
#2799 = EDGE_CURVE ( 'NONE', #4362, #945, #5028, .T. ) ;
#2800 = EDGE_CURVE ( 'NONE', #5844, #485, #1516, .T. ) ;
#2801 = FACE_OUTER_BOUND ( 'NONE', #2114, .T. ) ;
#2802 = ORIENTED_EDGE ( 'NONE', *, *, #3293, .F. ) ;
#2803 = ORIENTED_EDGE ( 'NONE', *, *, #4979, .T. ) ;
#2804 = ORIENTED_EDGE ( 'NONE', *, *, #6499, .F. ) ;
#2805 = DIRECTION ( 'NONE',  ( 0.000000000000000000, 1.000000000000000000, 0.000000000000000000 ) ) ;
#2806 = DIRECTION ( 'NONE',  ( 0.000000000000000000, 0.000000000000000000, 1.000000000000000000 ) ) ;
#2807 = DIRECTION ( 'NONE',  ( 0.000000000000000000, 0.000000000000000000, 1.000000000000000000 ) ) ;
#2808 = DIRECTION ( 'NONE',  ( -0.05989229072824941297, -0.06963125009324599990, 0.9957732686318581106 ) ) ;
#2809 = ORIENTED_EDGE ( 'NONE', *, *, #1619, .T. ) ;
#2810 = EDGE_LOOP ( 'NONE', ( #6931, #4274, #480, #4056 ) ) ;
#2811 = CARTESIAN_POINT ( 'NONE',  ( 0.07501883914817851495, -0.08196063188263856547, -0.2207089143520080121 ) ) ;
#2812 = CARTESIAN_POINT ( 'NONE',  ( -0.09842519685039370636, 0.09685039370078740717, -0.03937007874015747977 ) ) ;
#2813 = CARTESIAN_POINT ( 'NONE',  ( -0.05905511811023622659, -0.3964565863468504925, -0.5334645669291339098 ) ) ;
#2814 = CARTESIAN_POINT ( 'NONE',  ( -0.08512907536866141933, -0.2115427803819291408, -0.1006367583213385875 ) ) ;
#2815 = DIRECTION ( 'NONE',  ( 0.000000000000000000, -1.000000000000000000, -5.782411586589358822E-15 ) ) ;
#2816 = CARTESIAN_POINT ( 'NONE',  ( -0.06608351511862206595, -0.1144863941779527550, -0.3459426093986220918 ) ) ;
#2817 = ORIENTED_EDGE ( 'NONE', *, *, #377, .F. ) ;
#2818 = ORIENTED_EDGE ( 'NONE', *, *, #4384, .T. ) ;
#2819 = DIRECTION ( 'NONE',  ( 0.000000000000000000, 0.000000000000000000, 1.000000000000000000 ) ) ;
#2820 = VERTEX_POINT ( 'NONE', #6805 ) ;
#2821 = DIRECTION ( 'NONE',  ( 0.000000000000000000, -0.9876883405966299101, -0.1564344650308100160 ) ) ;
#2822 = CARTESIAN_POINT ( 'NONE',  ( 0.0007025063976948818945, -0.09032622188566928612, -0.4549505966740157170 ) ) ;
#2823 = ADVANCED_FACE ( 'NONE', ( #6726 ), #7331, .F. ) ;
#2824 = DIRECTION ( 'NONE',  ( 0.000000000000000000, 1.000000000000000000, 0.000000000000000000 ) ) ;
#2825 = DIRECTION ( 'NONE',  ( -1.000000000000000000, -1.224646799147353454E-16, 0.000000000000000000 ) ) ;
#2826 = ORIENTED_EDGE ( 'NONE', *, *, #5909, .F. ) ;
#2827 = ORIENTED_EDGE ( 'NONE', *, *, #183, .F. ) ;
#2828 = CARTESIAN_POINT ( 'NONE',  ( 0.08550230248173228131, -0.2247760786249212994, -0.1167166439109842552 ) ) ;
#2829 = EDGE_CURVE ( 'NONE', #118, #6711, #6310, .T. ) ;
#2830 = CARTESIAN_POINT ( 'NONE',  ( 0.07503548712811024257, -0.08678752053543307976, -0.2235737517264567709 ) ) ;
#2831 = EDGE_CURVE ( 'NONE', #3518, #3654, #6941, .T. ) ;
#2832 = EDGE_CURVE ( 'NONE', #1144, #976, #2309, .T. ) ;
#2833 = DIRECTION ( 'NONE',  ( -1.000000000000000000, 0.000000000000000000, 1.084202172485502067E-15 ) ) ;
#2834 = ORIENTED_EDGE ( 'NONE', *, *, #3303, .F. ) ;
#2835 = ORIENTED_EDGE ( 'NONE', *, *, #4283, .T. ) ;
#2836 = EDGE_CURVE ( 'NONE', #5682, #4190, #6383, .T. ) ;
#2837 = ORIENTED_EDGE ( 'NONE', *, *, #638, .F. ) ;
#2838 = CARTESIAN_POINT ( 'NONE',  ( 0.000000000000000000, -0.3208661417322835052, -0.2992125984251968740 ) ) ;
#2839 = AXIS2_PLACEMENT_3D ( 'NONE', #1693, #1006, #6757 ) ;
#2840 = LINE ( 'NONE', #482, #6953 ) ;
#2841 = EDGE_CURVE ( 'NONE', #4543, #6257, #4196, .T. ) ;
#2842 =( NAMED_UNIT ( * ) SI_UNIT ( $, .STERADIAN. ) SOLID_ANGLE_UNIT ( ) );
#2843 = VECTOR ( 'NONE', #2930, 39.37007874015748143 ) ;
#2844 = DIRECTION ( 'NONE',  ( -1.000000000000000000, 0.000000000000000000, 0.000000000000000000 ) ) ;
#2845 = EDGE_LOOP ( 'NONE', ( #658, #5868, #1940, #368 ) ) ;
#2846 = VERTEX_POINT ( 'NONE', #2920 ) ;
#2847 = LINE ( 'NONE', #2732, #7380 ) ;
#2848 = CIRCLE ( 'NONE', #7084, 0.01181102362205789687 ) ;
#2849 = CARTESIAN_POINT ( 'NONE',  ( -0.06496062992125983815, -0.09251968503937008093, -0.4704724409448819422 ) ) ;
#2850 = CARTESIAN_POINT ( 'NONE',  ( -0.08459757930566930151, -0.1925359125028740792, -0.08016852459566929656 ) ) ;
#2851 = VECTOR ( 'NONE', #772, 39.37007874015748143 ) ;
#2852 = VERTEX_POINT ( 'NONE', #1234 ) ;
#2853 = LINE ( 'NONE', #3462, #6854 ) ;
#2854 = CARTESIAN_POINT ( 'NONE',  ( -0.06977785225594487772, -0.1149545223107480280, -0.3070249378753542868 ) ) ;
#2855 = EDGE_LOOP ( 'NONE', ( #6685, #3775, #7491, #2103, #4352 ) ) ;
#2856 = DIRECTION ( 'NONE',  ( -1.000000000000000000, 0.000000000000000000, 0.000000000000000000 ) ) ;
#2857 = CARTESIAN_POINT ( 'NONE',  ( -0.1181102362204724532, -0.1062992125984252023, -0.4704724409448819422 ) ) ;
#2858 = DIRECTION ( 'NONE',  ( -0.000000000000000000, -1.000000000000000000, -0.000000000000000000 ) ) ;
#2859 = CIRCLE ( 'NONE', #3099, 0.06102362204724410405 ) ;
#2860 = VECTOR ( 'NONE', #6984, 39.37007874015748143 ) ;
#2861 = VECTOR ( 'NONE', #6072, 39.37007874015748143 ) ;
#2862 = DIRECTION ( 'NONE',  ( 0.000000000000000000, 0.000000000000000000, -1.000000000000000000 ) ) ;
#2863 = CARTESIAN_POINT ( 'NONE',  ( -0.01737879355264960665, -0.1094694140285019796, -0.3844195156211354103 ) ) ;
#2864 = ORIENTED_EDGE ( 'NONE', *, *, #332, .F. ) ;
#2865 = CIRCLE ( 'NONE', #6262, 0.1279527559055118335 ) ;
#2866 = CARTESIAN_POINT ( 'NONE',  ( 0.000000000000000000, 0.000000000000000000, -0.5452755905511811330 ) ) ;
#2867 = ORIENTED_EDGE ( 'NONE', *, *, #7515, .F. ) ;
#2868 = DIRECTION ( 'NONE',  ( 0.000000000000000000, 3.469446951953615175E-16, 1.000000000000000000 ) ) ;
#2869 = LINE ( 'NONE', #4154, #6130 ) ;
#2870 = AXIS2_PLACEMENT_3D ( 'NONE', #3561, #6453, #4640 ) ;
#2871 = VECTOR ( 'NONE', #4475, 39.37007874015748143 ) ;
#2872 = AXIS2_PLACEMENT_3D ( 'NONE', #2515, #7153, #5940 ) ;
#2873 = PLANE ( 'NONE',  #2008 ) ;
#2874 = ORIENTED_EDGE ( 'NONE', *, *, #6446, .T. ) ;
#2875 = ORIENTED_EDGE ( 'NONE', *, *, #3934, .T. ) ;
#2876 = ORIENTED_EDGE ( 'NONE', *, *, #4044, .F. ) ;
#2877 = CARTESIAN_POINT ( 'NONE',  ( 0.01771653543307086937, -0.1627296587926377880, -0.5492125984251968740 ) ) ;
#2878 = CARTESIAN_POINT ( 'NONE',  ( 0.08536529584108557001, -0.2242899594400813712, -0.1086552854984745159 ) ) ;
#2879 = EDGE_CURVE ( 'NONE', #1749, #7279, #1778, .T. ) ;
#2880 = AXIS2_PLACEMENT_3D ( 'NONE', #2225, #1166, #6798 ) ;
#2881 = ADVANCED_FACE ( 'NONE', ( #66 ), #6148, .F. ) ;
#2882 = CARTESIAN_POINT ( 'NONE',  ( -0.04921259842519685318, 0.000000000000000000, -0.05905511811023620578 ) ) ;
#2883 = CIRCLE ( 'NONE', #334, 0.01181102362204724046 ) ;
#2884 = DIRECTION ( 'NONE',  ( 2.531439931190895084E-12, 0.000000000000000000, -1.000000000000000000 ) ) ;
#2885 = ORIENTED_EDGE ( 'NONE', *, *, #7191, .T. ) ;
#2886 = EDGE_CURVE ( 'NONE', #3187, #2131, #2991, .T. ) ;
#2887 = ORIENTED_EDGE ( 'NONE', *, *, #1480, .F. ) ;
#2888 = CYLINDRICAL_SURFACE ( 'NONE', #4809, 0.01968503937010052107 ) ;
#2889 = DIRECTION ( 'NONE',  ( -1.000000000000000000, 0.000000000000000000, 0.000000000000000000 ) ) ;
#2890 = EDGE_CURVE ( 'NONE', #945, #4278, #4061, .T. ) ;
#2891 = VECTOR ( 'NONE', #2163, 39.37007874015748143 ) ;
#2892 = PLANE ( 'NONE',  #563 ) ;
#2893 = CARTESIAN_POINT ( 'NONE',  ( -0.08411569015858268161, -0.1695898612195669009, -0.09470281735598425066 ) ) ;
#2894 = ADVANCED_FACE ( 'NONE', ( #5818 ), #2892, .F. ) ;
#2895 = ORIENTED_EDGE ( 'NONE', *, *, #7250, .T. ) ;
#2896 = CARTESIAN_POINT ( 'NONE',  ( -2.185478394931409786E-15, -0.1151989302047032177, -0.3754509620435081407 ) ) ;
#2897 = CARTESIAN_POINT ( 'NONE',  ( -0.06608351511862206595, -0.1210594093958661382, -0.3470514088262992569 ) ) ;
#2898 = ORIENTED_EDGE ( 'NONE', *, *, #5624, .T. ) ;
#2899 = LINE ( 'NONE', #464, #1528 ) ;
#2900 = DIRECTION ( 'NONE',  ( 0.000000000000000000, 0.9876883405951696338, 0.1564344650400289194 ) ) ;
#2901 = CARTESIAN_POINT ( 'NONE',  ( -0.02783653988998620668, -0.04812541637242781500, -0.3740157480314960647 ) ) ;
#2902 = DIRECTION ( 'NONE',  ( -0.000000000000000000, -0.000000000000000000, -1.000000000000000000 ) ) ;
#2903 = LINE ( 'NONE', #3544, #5912 ) ;
#2904 = ORIENTED_EDGE ( 'NONE', *, *, #275, .T. ) ;
#2905 = ORIENTED_EDGE ( 'NONE', *, *, #2879, .T. ) ;
#2906 = CARTESIAN_POINT ( 'NONE',  ( 0.08495191001433072264, -0.2106059604607086744, -0.08978830952984252767 ) ) ;
#2907 = LINE ( 'NONE', #2403, #7090 ) ;
#2908 = LINE ( 'NONE', #16, #6979 ) ;
#2909 = ORIENTED_EDGE ( 'NONE', *, *, #2049, .T. ) ;
#2910 = ORIENTED_EDGE ( 'NONE', *, *, #842, .T. ) ;
#2911 = ORIENTED_EDGE ( 'NONE', *, *, #7012, .F. ) ;
#2912 = CARTESIAN_POINT ( 'NONE',  ( 0.1358267716535433156, -0.2204724409448818867, -0.1633858267716535584 ) ) ;
#2913 = DIRECTION ( 'NONE',  ( 0.000000000000000000, 0.9876883405951173422, 0.1564344650403595438 ) ) ;
#2914 = FACE_OUTER_BOUND ( 'NONE', #4519, .T. ) ;
#2915 = EDGE_CURVE ( 'NONE', #4362, #3811, #3458, .T. ) ;
#2916 = ORIENTED_EDGE ( 'NONE', *, *, #3064, .F. ) ;
#2917 = EDGE_LOOP ( 'NONE', ( #1909, #2802, #7048, #25 ) ) ;
#2918 = CARTESIAN_POINT ( 'NONE',  ( 2.048885995248197414E-16, -0.1121880563009713810, -0.3672546838555768023 ) ) ;
#2919 = CARTESIAN_POINT ( 'NONE',  ( 0.04921259842519685318, -0.2204724409448818867, -0.2952755905511810774 ) ) ;
#2920 = CARTESIAN_POINT ( 'NONE',  ( 0.08858267716535433989, -0.2125984251968504046, -0.2696850393700788162 ) ) ;
#2921 = EDGE_CURVE ( 'NONE', #69, #1863, #1097, .T. ) ;
#2922 = EDGE_CURVE ( 'NONE', #3538, #6409, #5246, .T. ) ;
#2923 = CARTESIAN_POINT ( 'NONE',  ( 0.08858267716535433989, -0.2110236220472441193, -0.4704724409448819422 ) ) ;
#2924 = ORIENTED_EDGE ( 'NONE', *, *, #1489, .T. ) ;
#2925 = CARTESIAN_POINT ( 'NONE',  ( -0.08858268132850904975, -0.2125984251968504046, -0.1633858267716535584 ) ) ;
#2926 = LINE ( 'NONE', #3645, #5560 ) ;
#2927 = ORIENTED_EDGE ( 'NONE', *, *, #5217, .T. ) ;
#2928 = ADVANCED_FACE ( 'NONE', ( #6982 ), #3502, .T. ) ;
#2929 = DIRECTION ( 'NONE',  ( -1.000000000000000000, 0.000000000000000000, 0.000000000000000000 ) ) ;
#2930 = DIRECTION ( 'NONE',  ( -1.000000000000000000, 0.000000000000000000, 0.000000000000000000 ) ) ;
#2931 = CARTESIAN_POINT ( 'NONE',  ( -0.05905511811023622659, -0.2559055118110236671, -0.3058267716535433278 ) ) ;
#2932 = ADVANCED_FACE ( 'NONE', ( #4570 ), #4105, .T. ) ;
#2933 = DIRECTION ( 'NONE',  ( -0.000000000000000000, -0.000000000000000000, -1.000000000000000000 ) ) ;
#2934 = DIRECTION ( 'NONE',  ( 0.000000000000000000, 1.000000000000000000, 0.000000000000000000 ) ) ;
#2935 = EDGE_LOOP ( 'NONE', ( #1562, #6901 ) ) ;
#2936 = ORIENTED_EDGE ( 'NONE', *, *, #6835, .F. ) ;
#2937 = CARTESIAN_POINT ( 'NONE',  ( 0.08459757930566930151, -0.1925359125028740792, -0.08016852459566929656 ) ) ;
#2938 = LINE ( 'NONE', #1300, #2480 ) ;
#2939 = FACE_OUTER_BOUND ( 'NONE', #2227, .T. ) ;
#2940 = VERTEX_POINT ( 'NONE', #524 ) ;
#2941 = ORIENTED_EDGE ( 'NONE', *, *, #3861, .F. ) ;
#2942 = EDGE_LOOP ( 'NONE', ( #2240, #2980, #2818, #3316 ) ) ;
#2943 = CARTESIAN_POINT ( 'NONE',  ( 0.009784610517719708259, -0.1136824324210683607, -0.3852745260685175310 ) ) ;
#2944 = CYLINDRICAL_SURFACE ( 'NONE', #4665, 0.001968503936990740125 ) ;
#2945 = LINE ( 'NONE', #5810, #1381 ) ;
#2946 = ORIENTED_EDGE ( 'NONE', *, *, #2832, .F. ) ;
#2947 = EDGE_LOOP ( 'NONE', ( #1155, #2670, #2761, #3085, #2159, #4806, #4434, #1159 ) ) ;
#2948 = FACE_OUTER_BOUND ( 'NONE', #4860, .T. ) ;
#2949 = LINE ( 'NONE', #668, #2951 ) ;
#2950 = DIRECTION ( 'NONE',  ( 8.260587980854567457E-16, 1.705932844735973596E-31, -1.000000000000000000 ) ) ;
#2951 = VECTOR ( 'NONE', #4133, 39.37007874015748143 ) ;
#2952 = DIRECTION ( 'NONE',  ( 0.000000000000000000, 1.000000000000000000, 0.000000000000000000 ) ) ;
#2953 = VERTEX_POINT ( 'NONE', #2233 ) ;
#2954 = CARTESIAN_POINT ( 'NONE',  ( 0.01165338797130682433, -0.1159385324100470904, -0.3856665489516296064 ) ) ;
#2955 = EDGE_CURVE ( 'NONE', #7069, #478, #6878, .T. ) ;
#2956 = PLANE ( 'NONE',  #5796 ) ;
#2957 = AXIS2_PLACEMENT_3D ( 'NONE', #991, #5081, #4504 ) ;
#2958 = VERTEX_POINT ( 'NONE', #2849 ) ;
#2959 = DIRECTION ( 'NONE',  ( 0.000000000000000000, -7.228014483236700500E-16, -1.000000000000000000 ) ) ;
#2960 = CARTESIAN_POINT ( 'NONE',  ( -0.01771653543307086937, -0.1627296587926377880, -0.5452755905511811330 ) ) ;
#2961 = EDGE_CURVE ( 'NONE', #4850, #5242, #2019, .T. ) ;
#2962 = ADVANCED_FACE ( 'NONE', ( #3756 ), #4868, .T. ) ;
#2963 = CARTESIAN_POINT ( 'NONE',  ( 0.02783653988997633957, 0.04812541637242792603, -0.3740157480314960647 ) ) ;
#2964 = AXIS2_PLACEMENT_3D ( 'NONE', #1266, #22, #2334 ) ;
#2965 = CARTESIAN_POINT ( 'NONE',  ( 0.1791338582677165503, -0.3444881889763780070, -0.4704724409448819422 ) ) ;
#2966 = VECTOR ( 'NONE', #7409, 39.37007874015748143 ) ;
#2967 = DIRECTION ( 'NONE',  ( -1.000000000000000000, 0.000000000000000000, 0.000000000000000000 ) ) ;
#2968 = EDGE_CURVE ( 'NONE', #3474, #6906, #7054, .T. ) ;
#2969 = DIRECTION ( 'NONE',  ( -1.000000000000000000, 0.000000000000000000, 0.000000000000000000 ) ) ;
#2970 =( BOUNDED_CURVE ( )  B_SPLINE_CURVE ( 3, ( #5527, #1412, #2025, #2519 ),
 .UNSPECIFIED., .F., .F. ) 
 B_SPLINE_CURVE_WITH_KNOTS ( ( 4, 4 ),
 ( 5.933521774362770174, 6.283185307179586232 ),
 .UNSPECIFIED. ) 
 CURVE ( )  GEOMETRIC_REPRESENTATION_ITEM ( )  RATIONAL_B_SPLINE_CURVE ( ( 1.000000000000000000, 0.9898372105379842356, 0.9898372105379842356, 1.000000000000000000 ) ) 
 REPRESENTATION_ITEM ( '' )  );
#2971 = VERTEX_POINT ( 'NONE', #4903 ) ;
#2972 = ORIENTED_EDGE ( 'NONE', *, *, #2799, .F. ) ;
#2973 = VECTOR ( 'NONE', #4696, 39.37007874015748143 ) ;
#2974 = CARTESIAN_POINT ( 'NONE',  ( 0.08411569015858268161, -0.1669897459522047545, -0.09258065810708662746 ) ) ;
#2975 = AXIS2_PLACEMENT_3D ( 'NONE', #6720, #1510, #7325 ) ;
#2976 = PLANE ( 'NONE',  #4185 ) ;
#2977 = VECTOR ( 'NONE', #7108, 39.37007874015748143 ) ;
#2978 = AXIS2_PLACEMENT_3D ( 'NONE', #3372, #3291, #7359 ) ;
#2979 = CARTESIAN_POINT ( 'NONE',  ( -0.07591906521796733254, -0.08003820937786376710, -0.2482008369969736228 ) ) ;
#2980 = ORIENTED_EDGE ( 'NONE', *, *, #92, .T. ) ;
#2981 = VECTOR ( 'NONE', #2419, 39.37007874015748143 ) ;
#2982 = EDGE_CURVE ( 'NONE', #935, #2210, #781, .T. ) ;
#2983 = ORIENTED_EDGE ( 'NONE', *, *, #4690, .T. ) ;
#2984 = ORIENTED_EDGE ( 'NONE', *, *, #4319, .F. ) ;
#2985 = LINE ( 'NONE', #7080, #2369 ) ;
#2986 = DIRECTION ( 'NONE',  ( -1.000000000000000000, 0.000000000000000000, 0.000000000000000000 ) ) ;
#2987 = CARTESIAN_POINT ( 'NONE',  ( -0.1181102362204724532, -0.2244094488188976555, -0.04527559055118110520 ) ) ;
#2988 = AXIS2_PLACEMENT_3D ( 'NONE', #3818, #4890, #5493 ) ;
#2989 = AXIS2_PLACEMENT_3D ( 'NONE', #6810, #6630, #5638 ) ;
#2990 = ORIENTED_EDGE ( 'NONE', *, *, #6589, .T. ) ;
#2991 = CIRCLE ( 'NONE', #2870, 0.04133858267716536417 ) ;
#2992 = VERTEX_POINT ( 'NONE', #1844 ) ;
#2993 = AXIS2_PLACEMENT_3D ( 'NONE', #4653, #1251, #688 ) ;
#2994 = AXIS2_PLACEMENT_3D ( 'NONE', #955, #3885, #3737 ) ;
#2995 = CARTESIAN_POINT ( 'NONE',  ( 0.07383773678600032142, -0.08003820937788082290, -0.2482008369969824491 ) ) ;
#2996 = CARTESIAN_POINT ( 'NONE',  ( 0.06850393700787783813, -0.1156499601347741879, -0.3212157463791200929 ) ) ;
#2997 = LINE ( 'NONE', #2570, #4821 ) ;
#2998 = AXIS2_PLACEMENT_3D ( 'NONE', #3074, #2461, #5966 ) ;
#2999 = CARTESIAN_POINT ( 'NONE',  ( -0.01737879355264960665, -0.1172464875764736431, -0.3856512830623933241 ) ) ;
#3000 = VERTEX_POINT ( 'NONE', #3718 ) ;
#3001 = PLANE ( 'NONE',  #5529 ) ;
#3002 = VECTOR ( 'NONE', #6891, 39.37007874015748143 ) ;
#3003 = CARTESIAN_POINT ( 'NONE',  ( 0.01771653543307086937, -0.1627296587926377880, -0.5452755905511811330 ) ) ;
#3004 = EDGE_LOOP ( 'NONE', ( #4777, #5579, #4605, #3394 ) ) ;
#3005 = LINE ( 'NONE', #111, #7245 ) ;
#3006 = CARTESIAN_POINT ( 'NONE',  ( -0.1358267716535433156, -0.2115366531910236603, -0.1633858267716535584 ) ) ;
#3007 = DIRECTION ( 'NONE',  ( 0.000000000000000000, 0.000000000000000000, 1.000000000000000000 ) ) ;
#3008 = UNCERTAINTY_MEASURE_WITH_UNIT (LENGTH_MEASURE( 1.000000000000000082E-05 ), #5331, 'distance_accuracy_value', 'NONE');
#3009 = FACE_OUTER_BOUND ( 'NONE', #2917, .T. ) ;
#3010 = CARTESIAN_POINT ( 'NONE',  ( -0.1594094488188976255, -0.1299212598425196763, -0.5334645669291339098 ) ) ;
#3011 = DIRECTION ( 'NONE',  ( 0.000000000000000000, -5.421010862427519089E-17, 1.000000000000000000 ) ) ;
#3012 = EDGE_CURVE ( 'NONE', #2367, #7385, #2536, .T. ) ;
#3013 = CYLINDRICAL_SURFACE ( 'NONE', #1410, 0.01181102362204724046 ) ;
#3014 = ORIENTED_EDGE ( 'NONE', *, *, #5692, .F. ) ;
#3015 = ORIENTED_EDGE ( 'NONE', *, *, #7109, .T. ) ;
#3016 = CARTESIAN_POINT ( 'NONE',  ( 0.08403773863606298078, -0.1644838343822834503, -0.09654432191905512606 ) ) ;
#3017 = CARTESIAN_POINT ( 'NONE',  ( 0.06200787401574803237, -0.2233476768130709111, -0.2972440944881890035 ) ) ;
#3018 = EDGE_CURVE ( 'NONE', #2281, #5429, #2997, .T. ) ;
#3019 = FACE_BOUND ( 'NONE', #4503, .T. ) ;
#3020 = EDGE_LOOP ( 'NONE', ( #2532, #2615, #2407, #741 ) ) ;
#3021 = ADVANCED_FACE ( 'NONE', ( #6563 ), #711, .F. ) ;
#3022 = EDGE_LOOP ( 'NONE', ( #7204, #6328, #1004, #2193, #5834, #2775, #7155, #4353 ) ) ;
#3023 = VERTEX_POINT ( 'NONE', #7174 ) ;
#3024 = CARTESIAN_POINT ( 'NONE',  ( 0.1377952755905511861, -0.08948940909653543829, -0.03874015748031496564 ) ) ;
#3025 = CARTESIAN_POINT ( 'NONE',  ( -0.06968503937008858895, -0.1103785881858880130, -0.3104078322219586683 ) ) ;
#3026 = EDGE_CURVE ( 'NONE', #5324, #5276, #2422, .T. ) ;
#3027 = PLANE ( 'NONE',  #3939 ) ;
#3028 = EDGE_CURVE ( 'NONE', #764, #4129, #1963, .T. ) ;
#3029 =( LENGTH_UNIT ( ) NAMED_UNIT ( * ) SI_UNIT ( $, .METRE. ) );
#3030 = VERTEX_POINT ( 'NONE', #2455 ) ;
#3031 = EDGE_LOOP ( 'NONE', ( #2887, #7156, #1456, #3409 ) ) ;
#3032 = CARTESIAN_POINT ( 'NONE',  ( 0.04133858267716536417, 0.000000000000000000, -0.4704724409448819422 ) ) ;
#3033 = FACE_OUTER_BOUND ( 'NONE', #3526, .T. ) ;
#3034 = CARTESIAN_POINT ( 'NONE',  ( 0.0007025108514984252034, -0.1043307086335472506, -0.4168640245924378207 ) ) ;
#3035 = DIRECTION ( 'NONE',  ( 1.000000000000000000, 0.000000000000000000, 0.000000000000000000 ) ) ;
#3036 = ORIENTED_EDGE ( 'NONE', *, *, #367, .F. ) ;
#3037 = CARTESIAN_POINT ( 'NONE',  ( 0.01435472936685480358, -0.05370976973293675738, -0.3740157480314960647 ) ) ;
#3038 = DIRECTION ( 'NONE',  ( 1.000000000000000000, 0.000000000000000000, 0.000000000000000000 ) ) ;
#3039 = VERTEX_POINT ( 'NONE', #5470 ) ;
#3040 = DIRECTION ( 'NONE',  ( 0.01970061643855055417, -0.9998059240232282097, 0.000000000000000000 ) ) ;
#3041 = FACE_OUTER_BOUND ( 'NONE', #1784, .T. ) ;
#3042 = CARTESIAN_POINT ( 'NONE',  ( 0.1377952755905511861, -0.09055118110236221041, -0.03874015748031496564 ) ) ;
#3043 = LINE ( 'NONE', #4876, #3588 ) ;
#3044 = CYLINDRICAL_SURFACE ( 'NONE', #3348, 0.03937007874015747977 ) ;
#3045 = CARTESIAN_POINT ( 'NONE',  ( 0.1433070866141732402, -0.2244094488188976555, -0.4704724409448819422 ) ) ;
#3046 = CARTESIAN_POINT ( 'NONE',  ( 0.1771653543307086798, 0.09842519685039370636, -0.03818897637795275884 ) ) ;
#3047 = EDGE_LOOP ( 'NONE', ( #2651, #4369, #5734, #1523 ) ) ;
#3048 = ORIENTED_EDGE ( 'NONE', *, *, #3293, .T. ) ;
#3049 = CARTESIAN_POINT ( 'NONE',  ( -0.1842519685039370192, -0.2614960629921260216, -0.4704724409448819422 ) ) ;
#3050 = CARTESIAN_POINT ( 'NONE',  ( 0.003083939266292606406, -0.04901781096355636164, -0.5499179289025885042 ) ) ;
#3051 = EDGE_CURVE ( 'NONE', #7227, #85, #6564, .T. ) ;
#3052 = CARTESIAN_POINT ( 'NONE',  ( -0.06180859153836554959, -0.1043307086614305018, -0.4168640244161448405 ) ) ;
#3053 = CARTESIAN_POINT ( 'NONE',  ( 0.09685039370078740717, 0.09842519685039370636, -0.03818897637795275884 ) ) ;
#3054 = ORIENTED_EDGE ( 'NONE', *, *, #5841, .T. ) ;
#3055 = VERTEX_POINT ( 'NONE', #746 ) ;
#3056 = DIRECTION ( 'NONE',  ( 1.000000000000000000, 2.795782057078234819E-17, 5.732202691850869138E-17 ) ) ;
#3057 = EDGE_CURVE ( 'NONE', #2370, #1099, #4167, .T. ) ;
#3058 = ORIENTED_EDGE ( 'NONE', *, *, #1716, .T. ) ;
#3059 = CARTESIAN_POINT ( 'NONE',  ( 0.06102362204724410405, -0.2559055118110236671, -0.5669291338582678197 ) ) ;
#3060 = CYLINDRICAL_SURFACE ( 'NONE', #2465, 0.003937007874015724558 ) ;
#3061 = CARTESIAN_POINT ( 'NONE',  ( 0.000000000000000000, 0.000000000000000000, -0.5334645669291339098 ) ) ;
#3062 = EDGE_CURVE ( 'NONE', #1960, #5552, #443, .T. ) ;
#3063 = EDGE_CURVE ( 'NONE', #4163, #4089, #1887, .T. ) ;
#3064 = EDGE_CURVE ( 'NONE', #1870, #6616, #1531, .T. ) ;
#3065 = ORIENTED_EDGE ( 'NONE', *, *, #3386, .T. ) ;
#3066 = ORIENTED_EDGE ( 'NONE', *, *, #2421, .T. ) ;
#3067 = ADVANCED_FACE ( 'NONE', ( #4254 ), #4964, .T. ) ;
#3068 = CARTESIAN_POINT ( 'NONE',  ( -0.1771653543307086798, 0.1771653543307086798, -0.1405511811023621993 ) ) ;
#3069 = CARTESIAN_POINT ( 'NONE',  ( -0.08850553755988192772, -0.2182014898750787302, -0.1632442380720866004 ) ) ;
#3070 = CARTESIAN_POINT ( 'NONE',  ( -0.007419218405655984491, -0.09055118110236221041, -0.4611448253349259563 ) ) ;
#3071 = EDGE_LOOP ( 'NONE', ( #4223, #7196, #7430, #5471 ) ) ;
#3072 = CARTESIAN_POINT ( 'NONE',  ( -0.06102362204724410405, -0.2559055118110236671, -0.5324027949232285062 ) ) ;
#3073 = EDGE_CURVE ( 'NONE', #1002, #5224, #2657, .T. ) ;
#3074 = CARTESIAN_POINT ( 'NONE',  ( 0.1842519685039370192, 0.1807086614173228911, -0.1377952755905511861 ) ) ;
#3075 = CARTESIAN_POINT ( 'NONE',  ( 0.08858267716535433989, -0.2115366531910236603, -0.4704724409448819422 ) ) ;
#3076 = VECTOR ( 'NONE', #5356, 39.37007874015748143 ) ;
#3077 = CYLINDRICAL_SURFACE ( 'NONE', #1023, 0.01968503936975560947 ) ;
#3078 = CARTESIAN_POINT ( 'NONE',  ( -0.1377952755905511861, -0.2244094488188976555, -0.4766141732283464827 ) ) ;
#3079 = CARTESIAN_POINT ( 'NONE',  ( -0.01844056555846456877, -0.1049407752539370103, -0.4634239131511811438 ) ) ;
#3080 = VECTOR ( 'NONE', #5113, 39.37007874015748143 ) ;
#3081 = CARTESIAN_POINT ( 'NONE',  ( 0.0006754837608417325499, -0.1016923644720206799, -0.3831875967035074937 ) ) ;
#3082 = CARTESIAN_POINT ( 'NONE',  ( -39.37007874008125441, 0.000000000000000000, -39.82283464566929609 ) ) ;
#3083 = DIRECTION ( 'NONE',  ( 0.000000000000000000, -5.421010862427518472E-17, 1.000000000000000000 ) ) ;
#3084 = EDGE_LOOP ( 'NONE', ( #7280, #1827, #2284, #4870, #3048 ) ) ;
#3085 = ORIENTED_EDGE ( 'NONE', *, *, #5436, .F. ) ;
#3086 = CARTESIAN_POINT ( 'NONE',  ( -0.01233350942132310953, -0.1043307086614173318, -0.4594548622860593623 ) ) ;
#3087 = DIRECTION ( 'NONE',  ( -1.224646799147353207E-16, 1.000000000000000000, -1.967847252454009425E-30 ) ) ;
#3088 = AXIS2_PLACEMENT_3D ( 'NONE', #7437, #6338, #2773 ) ;
#3089 = CARTESIAN_POINT ( 'NONE',  ( 0.1182074629040805874, -0.05009101837963784998, -0.5452755905508817058 ) ) ;
#3090 = DIRECTION ( 'NONE',  ( 0.000000000000000000, 0.9876883405950215300, 0.1564344650409648929 ) ) ;
#3091 = ORIENTED_EDGE ( 'NONE', *, *, #7121, .T. ) ;
#3092 = VECTOR ( 'NONE', #4538, 39.37007874015748143 ) ;
#3093 = VERTEX_POINT ( 'NONE', #3795 ) ;
#3094 = VECTOR ( 'NONE', #788, 39.37007874015748143 ) ;
#3095 = ORIENTED_EDGE ( 'NONE', *, *, #2841, .T. ) ;
#3096 = CARTESIAN_POINT ( 'NONE',  ( 0.0005747151827674463077, -0.1016908989308837191, -0.3831984951711214227 ) ) ;
#3097 = DIRECTION ( 'NONE',  ( 1.000000000000000000, 0.000000000000000000, 0.000000000000000000 ) ) ;
#3098 = DIRECTION ( 'NONE',  ( 1.000000000000000000, 0.000000000000000000, 0.000000000000000000 ) ) ;
#3099 = AXIS2_PLACEMENT_3D ( 'NONE', #5038, #6950, #2319 ) ;
#3100 = CIRCLE ( 'NONE', #908, 0.02362204724409448092 ) ;
#3101 = VECTOR ( 'NONE', #659, 39.37007874015748143 ) ;
#3102 = VERTEX_POINT ( 'NONE', #6715 ) ;
#3103 = VERTEX_POINT ( 'NONE', #4989 ) ;
#3104 = EDGE_CURVE ( 'NONE', #2711, #6058, #7016, .T. ) ;
#3105 = DIRECTION ( 'NONE',  ( 0.000000000000000000, 1.000000000000000000, 0.000000000000000000 ) ) ;
#3106 = CARTESIAN_POINT ( 'NONE',  ( 0.06791338582677165780, -0.1155551939588976423, -0.3275896248349605688 ) ) ;
#3107 = AXIS2_PLACEMENT_3D ( 'NONE', #6498, #3613, #5935 ) ;
#3108 = DIRECTION ( 'NONE',  ( 0.000000000000000000, 1.000000000000000000, 0.000000000000000000 ) ) ;
#3109 = TOROIDAL_SURFACE ( 'NONE', #4460, 0.05511811023622072148, 0.003937007874015715884 ) ;
#3110 = EDGE_CURVE ( 'NONE', #3789, #5558, #857, .T. ) ;
#3111 = AXIS2_PLACEMENT_3D ( 'NONE', #2141, #393, #2709 ) ;
#3112 = DIRECTION ( 'NONE',  ( 1.000000000000000000, 0.000000000000000000, 0.000000000000000000 ) ) ;
#3113 = AXIS2_PLACEMENT_3D ( 'NONE', #1589, #3914, #1016 ) ;
#3114 = ORIENTED_EDGE ( 'NONE', *, *, #1021, .T. ) ;
#3115 = LINE ( 'NONE', #1393, #5407 ) ;
#3116 = EDGE_CURVE ( 'NONE', #5212, #408, #293, .T. ) ;
#3117 = PLANE ( 'NONE',  #3371 ) ;
#3118 = DIRECTION ( 'NONE',  ( -7.086050167281111792E-12, 0.9876883405957073148, 0.1564344650366351619 ) ) ;
#3119 = CARTESIAN_POINT ( 'NONE',  ( -0.06200787401574803237, -0.2559055118110236671, -0.4704724409448819422 ) ) ;
#3120 = DIRECTION ( 'NONE',  ( 1.000000000000000000, 0.000000000000000000, 0.000000000000000000 ) ) ;
#3121 = AXIS2_PLACEMENT_3D ( 'NONE', #519, #1695, #5662 ) ;
#3122 = DIRECTION ( 'NONE',  ( -1.000000000000000000, 0.000000000000000000, 0.000000000000000000 ) ) ;
#3123 = EDGE_CURVE ( 'NONE', #4765, #50, #1505, .T. ) ;
#3124 = AXIS2_PLACEMENT_3D ( 'NONE', #6549, #5375, #879 ) ;
#3125 = CARTESIAN_POINT ( 'NONE',  ( 0.1791338582677165503, -0.09145791303354332269, -0.3720472440944881942 ) ) ;
#3126 = CARTESIAN_POINT ( 'NONE',  ( 0.09842519685039370636, 0.1771653543307086798, -0.09842519685039370636 ) ) ;
#3127 = DIRECTION ( 'NONE',  ( 1.000000000000000000, 0.000000000000000000, 0.000000000000000000 ) ) ;
#3128 = ORIENTED_EDGE ( 'NONE', *, *, #273, .T. ) ;
#3129 = VERTEX_POINT ( 'NONE', #4950 ) ;
#3130 = DIRECTION ( 'NONE',  ( 1.000000000000000000, 0.000000000000000000, 0.000000000000000000 ) ) ;
#3131 = CIRCLE ( 'NONE', #93, 0.01737879355264453779 ) ;
#3132 = CARTESIAN_POINT ( 'NONE',  ( 0.1842519685039370192, 0.1771653543307086798, -0.1405511811023621993 ) ) ;
#3133 = CARTESIAN_POINT ( 'NONE',  ( -0.003083939266268905313, 0.04901781096355636164, -0.5499179289026040474 ) ) ;
#3134 = DIRECTION ( 'NONE',  ( 0.000000000000000000, 0.7999999999987648103, 0.6000000000016468826 ) ) ;
#3135 = VERTEX_POINT ( 'NONE', #942 ) ;
#3136 = ORIENTED_EDGE ( 'NONE', *, *, #2799, .T. ) ;
#3137 = FACE_OUTER_BOUND ( 'NONE', #1930, .T. ) ;
#3138 = ORIENTED_EDGE ( 'NONE', *, *, #3163, .T. ) ;
#3139 = CARTESIAN_POINT ( 'NONE',  ( 0.000000000000000000, 0.000000000000000000, -0.4133858267716535861 ) ) ;
#3140 = DIRECTION ( 'NONE',  ( 0.000000000000000000, 1.000000000000000000, 0.000000000000000000 ) ) ;
#3141 = APPLICATION_CONTEXT ( 'automotive_design' ) ;
#3142 = FACE_OUTER_BOUND ( 'NONE', #3084, .T. ) ;
#3143 = ORIENTED_EDGE ( 'NONE', *, *, #2217, .F. ) ;
#3144 = ORIENTED_EDGE ( 'NONE', *, *, #1614, .F. ) ;
#3145 = FACE_OUTER_BOUND ( 'NONE', #2304, .T. ) ;
#3146 = CARTESIAN_POINT ( 'NONE',  ( 0.06791338582677165780, -0.1189031258091338555, -0.3270892730674803128 ) ) ;
#3147 = DIRECTION ( 'NONE',  ( 1.000000000000000000, 0.000000000000000000, 0.000000000000000000 ) ) ;
#3148 = EDGE_CURVE ( 'NONE', #1211, #1870, #3833, .T. ) ;
#3149 = ORIENTED_EDGE ( 'NONE', *, *, #6702, .T. ) ;
#3150 = LINE ( 'NONE', #6044, #2251 ) ;
#3151 = ORIENTED_EDGE ( 'NONE', *, *, #4844, .T. ) ;
#3152 = CARTESIAN_POINT ( 'NONE',  ( -0.01624061466642784043, -0.1043307086614173318, -0.4152350770416758374 ) ) ;
#3153 = DIRECTION ( 'NONE',  ( 1.000000000000000000, 0.000000000000000000, 0.000000000000000000 ) ) ;
#3154 = DIRECTION ( 'NONE',  ( -1.000000000000000000, 0.000000000000000000, 0.000000000000000000 ) ) ;
#3155 = FACE_OUTER_BOUND ( 'NONE', #5594, .T. ) ;
#3156 = EDGE_CURVE ( 'NONE', #1725, #5526, #1611, .T. ) ;
#3157 = LINE ( 'NONE', #4261, #5528 ) ;
#3158 = UNCERTAINTY_MEASURE_WITH_UNIT (LENGTH_MEASURE( 1.000000000000000082E-05 ), #5352, 'distance_accuracy_value', 'NONE');
#3159 = CARTESIAN_POINT ( 'NONE',  ( 0.1791338582677165503, -0.09854330708661417082, -0.4704724409448819422 ) ) ;
#3160 = EDGE_CURVE ( 'NONE', #5311, #2794, #3269, .T. ) ;
#3161 = CARTESIAN_POINT ( 'NONE',  ( 0.000000000000000000, 0.000000000000000000, -0.5452755905511811330 ) ) ;
#3162 = CARTESIAN_POINT ( 'NONE',  ( -0.1787401574803149651, 0.09842519685039370636, -0.03818897637795275884 ) ) ;
#3163 = EDGE_CURVE ( 'NONE', #962, #1571, #4817, .T. ) ;
#3164 = CARTESIAN_POINT ( 'NONE',  ( -0.1574803149606299191, 0.005118110236220472370, -0.4704724409448819422 ) ) ;
#3165 = ORIENTED_EDGE ( 'NONE', *, *, #3813, .T. ) ;
#3166 = ORIENTED_EDGE ( 'NONE', *, *, #1345, .F. ) ;
#3167 = ADVANCED_FACE ( 'NONE', ( #4893 ), #6672, .T. ) ;
#3168 = CARTESIAN_POINT ( 'NONE',  ( -0.07591906521796733254, -0.08711532785267539492, -0.2447490956836621823 ) ) ;
#3169 = FACE_OUTER_BOUND ( 'NONE', #5337, .T. ) ;
#3170 = DIRECTION ( 'NONE',  ( 0.000000000000000000, 0.000000000000000000, 1.000000000000000000 ) ) ;
#3171 = FACE_OUTER_BOUND ( 'NONE', #3022, .T. ) ;
#3172 = ORIENTED_EDGE ( 'NONE', *, *, #980, .F. ) ;
#3173 = ORIENTED_EDGE ( 'NONE', *, *, #1575, .T. ) ;
#3174 = DIRECTION ( 'NONE',  ( 0.000000000000000000, -0.1564344650400279757, 0.9876883405951698558 ) ) ;
#3175 = ORIENTED_EDGE ( 'NONE', *, *, #2832, .T. ) ;
#3176 = CARTESIAN_POINT ( 'NONE',  ( 0.009430213468583522468, -0.1112435034667757922, -0.3686424274439162874 ) ) ;
#3177 = PLANE ( 'NONE',  #5749 ) ;
#3178 = DIRECTION ( 'NONE',  ( 0.000000000000000000, -1.000000000000000000, 0.000000000000000000 ) ) ;
#3179 =( BOUNDED_SURFACE ( )  B_SPLINE_SURFACE ( 3, 3, ( 
 ( #5098, #7403, #5699, #2445, #6477, #4049, #5239 ),
 ( #1834, #4206, #96, #6412, #1195, #703, #3521 ),
 ( #4125, #2411, #7014, #6442, #1308, #1160, #5347 ),
 ( #2943, #1802, #3633, #5837, #1226, #5313, #5953 ) ),
 .UNSPECIFIED., .F., .F., .F. ) 
 B_SPLINE_SURFACE_WITH_KNOTS ( ( 4, 4 ),
 ( 4, 3, 4 ),
 ( 0.01411854840616362343, 0.9801208233517368917 ),
 ( 0.000000000000000000, 0.5000000000000000000, 1.000000000000000000 ),
 .UNSPECIFIED. ) 
 GEOMETRIC_REPRESENTATION_ITEM ( )  RATIONAL_B_SPLINE_SURFACE ( (
 ( 0.9971293341655093068, 0.7979653098113786980, 0.7979653098113786980, 0.9971293341655093068, 0.7979653098113786980, 0.7979653098113786980, 0.9971293341655093068),
 ( 0.9325958508008811432, 0.7463215768653821414, 0.7463215768653821414, 0.9325958508008811432, 0.7463215768653821414, 0.7463215768653821414, 0.9325958508008811432),
 ( 0.9322132951326087547, 0.7460154318730591871, 0.7460154318730591871, 0.9322132951326087547, 0.7460154318730591871, 0.7460154318730591871, 0.9322132951326087547),
 ( 0.9959816671606920302, 0.7970468748344098353, 0.7970468748344098353, 0.9959816671606920302, 0.7970468748344098353, 0.7970468748344098353, 0.9959816671606920302) ) ) 
 REPRESENTATION_ITEM ( '' )  SURFACE ( )  );
#3180 = ORIENTED_EDGE ( 'NONE', *, *, #1117, .T. ) ;
#3181 = EDGE_LOOP ( 'NONE', ( #3138, #1305, #5195, #1950 ) ) ;
#3182 = ORIENTED_EDGE ( 'NONE', *, *, #1064, .F. ) ;
#3183 = DIRECTION ( 'NONE',  ( -0.000000000000000000, -1.000000000000000000, -0.000000000000000000 ) ) ;
#3184 = CARTESIAN_POINT ( 'NONE',  ( 0.06911810963283465670, -0.1150819857800000068, -0.3147827192952362130 ) ) ;
#3185 = CARTESIAN_POINT ( 'NONE',  ( 0.08858267716535433989, -0.2110236220472441193, -0.4704724409448819422 ) ) ;
#3186 = ORIENTED_EDGE ( 'NONE', *, *, #2649, .F. ) ;
#3187 = VERTEX_POINT ( 'NONE', #4277 ) ;
#3188 = CARTESIAN_POINT ( 'NONE',  ( 0.08858267716535433989, -0.2125984251968504046, -0.4744881889763779559 ) ) ;
#3189 = DIRECTION ( 'NONE',  ( 0.000000000000000000, 0.000000000000000000, 1.000000000000000000 ) ) ;
#3190 = DIRECTION ( 'NONE',  ( 1.000000000000000000, 0.000000000000000000, 0.000000000000000000 ) ) ;
#3191 = DIRECTION ( 'NONE',  ( 0.000000000000000000, 1.000000000000000000, 0.000000000000000000 ) ) ;
#3192 = DIRECTION ( 'NONE',  ( 0.000000000000000000, 1.000000000000000000, 0.000000000000000000 ) ) ;
#3193 = DIRECTION ( 'NONE',  ( -1.000000000000000000, 0.000000000000000000, 0.000000000000000000 ) ) ;
#3194 = LINE ( 'NONE', #6572, #4198 ) ;
#3195 = CARTESIAN_POINT ( 'NONE',  ( -0.07381096552417322487, -0.07938538638858268215, -0.2492751492354724485 ) ) ;
#3196 = CARTESIAN_POINT ( 'NONE',  ( -0.01737879355264958930, -0.1075251456411571022, -0.3841115737607689318 ) ) ;
#3197 = DIRECTION ( 'NONE',  ( 0.000000000000000000, 0.000000000000000000, -1.000000000000000000 ) ) ;
#3198 = AXIS2_PLACEMENT_3D ( 'NONE', #4742, #5207, #592 ) ;
#3199 = ORIENTED_EDGE ( 'NONE', *, *, #1477, .F. ) ;
#3200 = EDGE_CURVE ( 'NONE', #6058, #6091, #3746, .T. ) ;
#3201 = EDGE_CURVE ( 'NONE', #6616, #3654, #3481, .T. ) ;
#3202 = ORIENTED_EDGE ( 'NONE', *, *, #2450, .F. ) ;
#3203 = CARTESIAN_POINT ( 'NONE',  ( 0.04094488188976377896, 0.06819097667594488377, -0.5334645669291339098 ) ) ;
#3204 = CARTESIAN_POINT ( 'NONE',  ( 0.0006574303890526839210, -0.03336458022306031806, -0.5554910693024455171 ) ) ;
#3205 = CIRCLE ( 'NONE', #1017, 0.009842519685010800781 ) ;
#3206 = CARTESIAN_POINT ( 'NONE',  ( 0.06102362204724410405, -0.2584251968503937236, -0.5679909058641732233 ) ) ;
#3207 = ADVANCED_FACE ( 'NONE', ( #6585 ), #1372, .T. ) ;
#3208 = DIRECTION ( 'NONE',  ( 0.000000000000000000, -1.000000000000000000, 0.000000000000000000 ) ) ;
#3209 = ORIENTED_EDGE ( 'NONE', *, *, #6926, .T. ) ;
#3210 = VERTEX_POINT ( 'NONE', #2527 ) ;
#3211 = EDGE_CURVE ( 'NONE', #3810, #6111, #1873, .T. ) ;
#3212 = VERTEX_POINT ( 'NONE', #6100 ) ;
#3213 = AXIS2_PLACEMENT_3D ( 'NONE', #3061, #5241, #5384 ) ;
#3214 = LINE ( 'NONE', #2564, #5872 ) ;
#3215 = ADVANCED_FACE ( 'NONE', ( #3137 ), #126, .T. ) ;
#3216 = AXIS2_PLACEMENT_3D ( 'NONE', #6634, #6069, #248 ) ;
#3217 = VERTEX_POINT ( 'NONE', #1458 ) ;
#3218 = VECTOR ( 'NONE', #3273, 39.37007874015748143 ) ;
#3219 = ORIENTED_EDGE ( 'NONE', *, *, #3953, .T. ) ;
#3220 = ORIENTED_EDGE ( 'NONE', *, *, #1627, .T. ) ;
#3221 = LINE ( 'NONE', #1926, #4569 ) ;
#3222 =( BOUNDED_SURFACE ( )  B_SPLINE_SURFACE ( 3, 3, ( 
 ( #1202, #667, #2338, #2918, #6527, #1775, #5389 ),
 ( #6378, #6451, #4672, #6976, #138, #1811, #1732 ),
 ( #2381, #26, #1313, #2452, #5244, #4101, #4782 ),
 ( #173, #6484, #5277, #62, #7088, #4715, #4749 ) ),
 .UNSPECIFIED., .F., .F., .F. ) 
 B_SPLINE_SURFACE_WITH_KNOTS ( ( 4, 4 ),
 ( 4, 3, 4 ),
 ( 0.2900944042670859924, 0.7124098947244883462 ),
 ( 0.000000000000000000, 0.5000000000000000000, 1.000000000000000000 ),
 .UNSPECIFIED. ) 
 GEOMETRIC_REPRESENTATION_ITEM ( )  RATIONAL_B_SPLINE_SURFACE ( (
 ( 0.8175769441410301042, 0.6542856535804257856, 0.6542856535804257856, 0.8175769441410301042, 0.6542856535804257856, 0.6542856535804257856, 0.8175769441410301042),
 ( 0.7652278050029344136, 0.6123919933435572061, 0.6123919933435572061, 0.7652278050029344136, 0.6123919933435572061, 0.6123919933435572061, 0.7652278050029344136),
 ( 0.7655400832342401651, 0.6126419015242282606, 0.6126419015242282606, 0.7655400832342401651, 0.6126419015242282606, 0.6126419015242282606, 0.7655400832342401651),
 ( 0.8185137788349473587, 0.6550353781224387273, 0.6550353781224387273, 0.8185137788349473587, 0.6550353781224387273, 0.6550353781224387273, 0.8185137788349473587) ) ) 
 REPRESENTATION_ITEM ( '' )  SURFACE ( )  );
#3223 = CARTESIAN_POINT ( 'NONE',  ( 0.1574803149606299191, -0.1053924806672440900, -0.4704724409448819422 ) ) ;
#3224 = VECTOR ( 'NONE', #2212, 39.37007874015748143 ) ;
#3225 = VECTOR ( 'NONE', #3642, 39.37007874015748143 ) ;
#3226 = DIRECTION ( 'NONE',  ( -0.000000000000000000, -1.000000000000000000, -0.000000000000000000 ) ) ;
#3227 = VECTOR ( 'NONE', #3499, 39.37007874015748143 ) ;
#3228 = ORIENTED_EDGE ( 'NONE', *, *, #6186, .F. ) ;
#3229 = ORIENTED_EDGE ( 'NONE', *, *, #373, .T. ) ;
#3230 = VECTOR ( 'NONE', #629, 39.37007874015748143 ) ;
#3231 = AXIS2_PLACEMENT_3D ( 'NONE', #4726, #4113, #4760 ) ;
#3232 = PLANE ( 'NONE',  #3864 ) ;
#3233 = DIRECTION ( 'NONE',  ( 0.000000000000000000, -0.1564344650400270043, 0.9876883405951700778 ) ) ;
#3234 = AXIS2_PLACEMENT_3D ( 'NONE', #5395, #5930, #4290 ) ;
#3235 = VECTOR ( 'NONE', #1284, 39.37007874015748143 ) ;
#3236 = CARTESIAN_POINT ( 'NONE',  ( -0.1358267716535433156, -0.2204724409448818867, -0.4704724409448819422 ) ) ;
#3237 = LINE ( 'NONE', #5564, #5566 ) ;
#3238 = CARTESIAN_POINT ( 'NONE',  ( -0.06102362204724410405, -0.1299212598425196763, -0.5669291338582678197 ) ) ;
#3239 = VECTOR ( 'NONE', #2443, 39.37007874015748143 ) ;
#3240 = LINE ( 'NONE', #4529, #4192 ) ;
#3241 = CIRCLE ( 'NONE', #3365, 0.03937007874015747977 ) ;
#3242 = DIRECTION ( 'NONE',  ( 1.000000000000000000, 0.000000000000000000, 0.000000000000000000 ) ) ;
#3243 = CARTESIAN_POINT ( 'NONE',  ( 0.01771653543307086937, -0.1117991203826377983, -0.5334645669291339098 ) ) ;
#3244 = CARTESIAN_POINT ( 'NONE',  ( 0.09040127955279547711, -0.09055118110236221041, -0.04527559055118110520 ) ) ;
#3245 = ORIENTED_EDGE ( 'NONE', *, *, #1429, .T. ) ;
#3246 = VECTOR ( 'NONE', #2808, 39.37007874015748143 ) ;
#3247 = VERTEX_POINT ( 'NONE', #7078 ) ;
#3248 = FACE_BOUND ( 'NONE', #2459, .T. ) ;
#3249 = CARTESIAN_POINT ( 'NONE',  ( 0.05708661417322834220, -0.09055118110236221041, -0.4704724409448819422 ) ) ;
#3250 = VECTOR ( 'NONE', #7309, 39.37007874015748143 ) ;
#3251 = EDGE_CURVE ( 'NONE', #4391, #6441, #4931, .T. ) ;
#3252 = LINE ( 'NONE', #5687, #1421 ) ;
#3253 = DIRECTION ( 'NONE',  ( 1.000000000000000000, 0.000000000000000000, 0.000000000000000000 ) ) ;
#3254 = ORIENTED_EDGE ( 'NONE', *, *, #3396, .F. ) ;
#3255 = ORIENTED_EDGE ( 'NONE', *, *, #7203, .F. ) ;
#3256 = VECTOR ( 'NONE', #860, 39.37007874015748143 ) ;
#3257 = VERTEX_POINT ( 'NONE', #7240 ) ;
#3258 = CARTESIAN_POINT ( 'NONE',  ( 0.08512907536866141933, -0.2115427803819291408, -0.1006367583213385875 ) ) ;
#3259 = EDGE_CURVE ( 'NONE', #4374, #767, #5497, .T. ) ;
#3260 = DIRECTION ( 'NONE',  ( 0.000000000000000000, 1.000000000000000000, 0.000000000000000000 ) ) ;
#3261 = EDGE_CURVE ( 'NONE', #3887, #3103, #4312, .T. ) ;
#3262 = ORIENTED_EDGE ( 'NONE', *, *, #7337, .F. ) ;
#3263 = ORIENTED_EDGE ( 'NONE', *, *, #866, .F. ) ;
#3264 = EDGE_CURVE ( 'NONE', #5526, #7227, #3361, .T. ) ;
#3265 = ORIENTED_EDGE ( 'NONE', *, *, #4170, .T. ) ;
#3266 = CARTESIAN_POINT ( 'NONE',  ( -0.1771653543307086798, 0.1771653543307086798, -0.1377952755905511861 ) ) ;
#3267 = CARTESIAN_POINT ( 'NONE',  ( -0.1412598425196850416, -0.2125984251968504046, -0.1572440943595275753 ) ) ;
#3268 = ADVANCED_FACE ( 'NONE', ( #5379 ), #3109, .T. ) ;
#3269 = LINE ( 'NONE', #5951, #3239 ) ;
#3270 = VERTEX_POINT ( 'NONE', #5345 ) ;
#3271 = ORIENTED_EDGE ( 'NONE', *, *, #6877, .T. ) ;
#3272 = DIRECTION ( 'NONE',  ( -1.000000000000000000, -0.000000000000000000, -0.000000000000000000 ) ) ;
#3273 = DIRECTION ( 'NONE',  ( -0.000000000000000000, -0.000000000000000000, -1.000000000000000000 ) ) ;
#3274 = DIRECTION ( 'NONE',  ( 1.000000000000000000, 0.000000000000000000, 0.000000000000000000 ) ) ;
#3275 = CARTESIAN_POINT ( 'NONE',  ( -0.01586031317334974516, -0.1043307086614173318, -0.4122881990708315292 ) ) ;
#3276 = PLANE ( 'NONE',  #1165 ) ;
#3277 = CARTESIAN_POINT ( 'NONE',  ( -0.1637795275590551158, -0.2559055118110236671, -0.5334645669291339098 ) ) ;
#3278 = PLANE ( 'NONE',  #1759 ) ;
#3279 = DIRECTION ( 'NONE',  ( 0.000000000000000000, 0.000000000000000000, 1.000000000000000000 ) ) ;
#3280 = FACE_OUTER_BOUND ( 'NONE', #3438, .T. ) ;
#3281 = ORIENTED_EDGE ( 'NONE', *, *, #5214, .T. ) ;
#3282 = DIRECTION ( 'NONE',  ( 0.7071067811858630092, 8.659560562346549978E-17, -0.7071067811872320252 ) ) ;
#3283 = LINE ( 'NONE', #391, #4448 ) ;
#3284 = DIRECTION ( 'NONE',  ( 0.000000000000000000, 0.000000000000000000, 1.000000000000000000 ) ) ;
#3285 = FACE_OUTER_BOUND ( 'NONE', #1808, .T. ) ;
#3286 = VERTEX_POINT ( 'NONE', #2032 ) ;
#3287 = ORIENTED_EDGE ( 'NONE', *, *, #4044, .T. ) ;
#3288 = ORIENTED_EDGE ( 'NONE', *, *, #5545, .T. ) ;
#3289 = CARTESIAN_POINT ( 'NONE',  ( -0.04921259842519685318, -0.3444881889763780070, -0.3081483861790551004 ) ) ;
#3290 = CARTESIAN_POINT ( 'NONE',  ( 0.07382108702972441094, -0.08521684687232283784, -0.2460356840071259710 ) ) ;
#3291 = DIRECTION ( 'NONE',  ( 2.478176394252578577E-15, -1.535339560257676785E-30, 1.000000000000000000 ) ) ;
#3292 = ORIENTED_EDGE ( 'NONE', *, *, #1197, .T. ) ;
#3293 = EDGE_CURVE ( 'NONE', #6712, #3270, #4771, .T. ) ;
#3294 = EDGE_LOOP ( 'NONE', ( #5877, #4117, #5049, #3547, #5371, #1578, #6957, #5620, #4055, #1201 ) ) ;
#3295 = ORIENTED_EDGE ( 'NONE', *, *, #134, .F. ) ;
#3296 = DIRECTION ( 'NONE',  ( 1.000000000000000000, 0.000000000000000000, 0.000000000000000000 ) ) ;
#3297 = FACE_OUTER_BOUND ( 'NONE', #4219, .T. ) ;
#3298 = EDGE_CURVE ( 'NONE', #3892, #707, #2482, .T. ) ;
#3299 = EDGE_CURVE ( 'NONE', #6966, #5127, #5425, .T. ) ;
#3300 = ORIENTED_CLOSED_SHELL ( 'NONE', *, #1913, .F. );
#3301 = ORIENTED_EDGE ( 'NONE', *, *, #4375, .F. ) ;
#3302 = ORIENTED_EDGE ( 'NONE', *, *, #6125, .F. ) ;
#3303 = EDGE_CURVE ( 'NONE', #6254, #2940, #3005, .T. ) ;
#3304 = DIRECTION ( 'NONE',  ( 0.000000000000000000, 0.000000000000000000, 1.000000000000000000 ) ) ;
#3305 = CARTESIAN_POINT ( 'NONE',  ( -0.06496062992125983815, -0.1043307086614173318, -0.4990932680688976442 ) ) ;
#3306 = FACE_OUTER_BOUND ( 'NONE', #216, .T. ) ;
#3307 = CARTESIAN_POINT ( 'NONE',  ( 0.000000000000000000, 0.000000000000000000, -39.82283464566929609 ) ) ;
#3308 = CARTESIAN_POINT ( 'NONE',  ( 0.07423549663830955603, -0.08407205932403018223, -0.2385094705284046823 ) ) ;
#3309 = FACE_OUTER_BOUND ( 'NONE', #5870, .T. ) ;
#3310 = CARTESIAN_POINT ( 'NONE',  ( -0.08530624072299212990, -0.2211628030640551412, -0.1057380558569291362 ) ) ;
#3311 = EDGE_CURVE ( 'NONE', #4636, #6013, #3647, .T. ) ;
#3312 = DIRECTION ( 'NONE',  ( 4.179535469590380418E-30, -2.891205793294690455E-15, 1.000000000000000000 ) ) ;
#3313 = DIRECTION ( 'NONE',  ( 1.000000000000000000, 0.000000000000000000, 0.000000000000000000 ) ) ;
#3314 = ORIENTED_EDGE ( 'NONE', *, *, #7428, .F. ) ;
#3315 = DIRECTION ( 'NONE',  ( 0.000000000000000000, 1.000000000000000000, 0.000000000000000000 ) ) ;
#3316 = ORIENTED_EDGE ( 'NONE', *, *, #2601, .T. ) ;
#3317 = PLANE ( 'NONE',  #7330 ) ;
#3318 = CARTESIAN_POINT ( 'NONE',  ( 0.01771653543307086937, -0.1128608923884645565, -0.5492125984251968740 ) ) ;
#3319 = LINE ( 'NONE', #6131, #5084 ) ;
#3320 = DIRECTION ( 'NONE',  ( 6.784263473961651269E-16, 0.1564344650393885150, -0.9876883405952712192 ) ) ;
#3321 = ORIENTED_EDGE ( 'NONE', *, *, #5718, .F. ) ;
#3322 = VERTEX_POINT ( 'NONE', #7145 ) ;
#3323 = LINE ( 'NONE', #6787, #1136 ) ;
#3324 = LINE ( 'NONE', #1541, #2245 ) ;
#3325 = VECTOR ( 'NONE', #4666, 39.37007874015748143 ) ;
#3326 = CARTESIAN_POINT ( 'NONE',  ( -0.08841004865082675857, -0.2114940781618110388, -0.1635451501261810936 ) ) ;
#3327 = VERTEX_POINT ( 'NONE', #4757 ) ;
#3328 = AXIS2_PLACEMENT_3D ( 'NONE', #5581, #5723, #997 ) ;
#3329 = ORIENTED_EDGE ( 'NONE', *, *, #2089, .T. ) ;
#3330 = ORIENTED_EDGE ( 'NONE', *, *, #2751, .T. ) ;
#3331 = CARTESIAN_POINT ( 'NONE',  ( -0.06878740157480314754, -0.1043307086614303214, -0.4168640244161456732 ) ) ;
#3332 = FACE_OUTER_BOUND ( 'NONE', #2109, .T. ) ;
#3333 = DIRECTION ( 'NONE',  ( 0.000000000000000000, 1.000000000000000000, 0.000000000000000000 ) ) ;
#3334 = COLOUR_RGB ( '',0.7921568627450980005, 0.8196078431372548767, 0.9333333333333333481 ) ;
#3335 = EDGE_CURVE ( 'NONE', #3055, #4753, #2256, .T. ) ;
#3336 = VERTEX_POINT ( 'NONE', #1896 ) ;
#3337 = DIRECTION ( 'NONE',  ( 0.000000000000000000, -1.000000000000000000, 0.000000000000000000 ) ) ;
#3338 = CARTESIAN_POINT ( 'NONE',  ( -0.04921259842519685318, -0.2204724409448818867, -0.1572440942701968658 ) ) ;
#3339 = CARTESIAN_POINT ( 'NONE',  ( -1.770998049051489212E-18, 0.000000000000000000, -0.5374015748031499839 ) ) ;
#3340 = AXIS2_PLACEMENT_3D ( 'NONE', #5465, #3668, #3824 ) ;
#3341 = CARTESIAN_POINT ( 'NONE',  ( -0.08418419347889601057, -0.1701223009175370227, -0.09000386492192952170 ) ) ;
#3342 = LINE ( 'NONE', #5670, #5906 ) ;
#3343 = CIRCLE ( 'NONE', #1389, 0.01968503937010052107 ) ;
#3344 = CARTESIAN_POINT ( 'NONE',  ( 0.0006574303890526771990, -0.03336458022306041521, -0.5554910693024451840 ) ) ;
#3345 = EDGE_CURVE ( 'NONE', #6698, #620, #146, .T. ) ;
#3346 = AXIS2_PLACEMENT_3D ( 'NONE', #5257, #1247, #6995 ) ;
#3347 = EDGE_CURVE ( 'NONE', #590, #1507, #5189, .T. ) ;
#3348 = AXIS2_PLACEMENT_3D ( 'NONE', #115, #1972, #3686 ) ;
#3349 = CARTESIAN_POINT ( 'NONE',  ( -0.07504560747409450006, -0.08962026161389763379, -0.2253422856474409652 ) ) ;
#3350 = VECTOR ( 'NONE', #1088, 39.37007874015748143 ) ;
#3351 = PLANE ( 'NONE',  #1148 ) ;
#3352 = CARTESIAN_POINT ( 'NONE',  ( 0.1377952755905511861, -0.2244094488188976555, -0.1572440944881889902 ) ) ;
#3353 = EDGE_LOOP ( 'NONE', ( #758, #2051, #2216, #7212 ) ) ;
#3354 = CARTESIAN_POINT ( 'NONE',  ( -0.06496062992125983815, -0.09145791303354332269, -0.4704724409448819422 ) ) ;
#3355 = ORIENTED_EDGE ( 'NONE', *, *, #6511, .F. ) ;
#3356 = PLANE ( 'NONE',  #4785 ) ;
#3357 = VECTOR ( 'NONE', #3253, 39.37007874015748143 ) ;
#3358 = VECTOR ( 'NONE', #6587, 39.37007874015748143 ) ;
#3359 = CARTESIAN_POINT ( 'NONE',  ( -0.1515748031496063075, -0.09251968503937008093, -0.4694106689389763720 ) ) ;
#3360 = ADVANCED_FACE ( 'NONE', ( #1321 ), #5154, .T. ) ;
#3361 = CIRCLE ( 'NONE', #5901, 0.01968503937009818960 ) ;
#3362 = DIRECTION ( 'NONE',  ( -0.05989229072795542591, -0.5581890657945440815, 0.8275493219976510773 ) ) ;
#3363 = AXIS2_PLACEMENT_3D ( 'NONE', #4879, #869, #1448 ) ;
#3364 = DIRECTION ( 'NONE',  ( 0.000000000000000000, 0.000000000000000000, 1.000000000000000000 ) ) ;
#3365 = AXIS2_PLACEMENT_3D ( 'NONE', #6575, #5409, #2969 ) ;
#3366 = ORIENTED_EDGE ( 'NONE', *, *, #6410, .F. ) ;
#3367 = ORIENTED_EDGE ( 'NONE', *, *, #1081, .T. ) ;
#3368 = CARTESIAN_POINT ( 'NONE',  ( -0.08834645671167755399, -0.2115680106523704640, -0.1624878662531667184 ) ) ;
#3369 = VECTOR ( 'NONE', #4873, 39.37007874015748143 ) ;
#3370 = LINE ( 'NONE', #6251, #5650 ) ;
#3371 = AXIS2_PLACEMENT_3D ( 'NONE', #3764, #2576, #2055 ) ;
#3372 = CARTESIAN_POINT ( 'NONE',  ( 8.537024980200825639E-18, 0.000000000000000000, -0.4133858267716535861 ) ) ;
#3373 = VERTEX_POINT ( 'NONE', #2428 ) ;
#3374 = AXIS2_PLACEMENT_3D ( 'NONE', #6003, #830, #6051 ) ;
#3375 = ORIENTED_EDGE ( 'NONE', *, *, #2700, .F. ) ;
#3376 = ORIENTED_EDGE ( 'NONE', *, *, #7241, .T. ) ;
#3377 = CARTESIAN_POINT ( 'NONE',  ( 0.003605085228961063277, -0.05730118883755980913, -0.5452755905511719181 ) ) ;
#3378 = DIRECTION ( 'NONE',  ( 0.000000000000000000, 0.000000000000000000, 1.000000000000000000 ) ) ;
#3379 = CARTESIAN_POINT ( 'NONE',  ( 0.1782271263365354241, -0.08948940909653543829, -0.3720472440944881942 ) ) ;
#3380 = VECTOR ( 'NONE', #1059, 39.37007874015748143 ) ;
#3381 = DIRECTION ( 'NONE',  ( -1.000000000000000000, 0.000000000000000000, 0.000000000000000000 ) ) ;
#3382 = ORIENTED_EDGE ( 'NONE', *, *, #51, .T. ) ;
#3383 = ORIENTED_EDGE ( 'NONE', *, *, #1980, .F. ) ;
#3384 = CARTESIAN_POINT ( 'NONE',  ( 0.06102362204724410405, -0.2559055118110236671, -0.5679909058641732233 ) ) ;
#3385 = LINE ( 'NONE', #2779, #3380 ) ;
#3386 = EDGE_CURVE ( 'NONE', #3789, #1537, #4178, .T. ) ;
#3387 = DIRECTION ( 'NONE',  ( -1.000000000000000000, 0.000000000000000000, 0.000000000000000000 ) ) ;
#3388 = CARTESIAN_POINT ( 'NONE',  ( 0.1388570475963779582, -0.2086614173228346636, -0.1633858267716535584 ) ) ;
#3389 = DIRECTION ( 'NONE',  ( -1.000000000000000000, -0.000000000000000000, -0.000000000000000000 ) ) ;
#3390 = EDGE_CURVE ( 'NONE', #118, #915, #4839, .T. ) ;
#3391 = CARTESIAN_POINT ( 'NONE',  ( -0.07392079073429135005, -0.08746283463385826074, -0.2430395055673622295 ) ) ;
#3392 = ORIENTED_EDGE ( 'NONE', *, *, #4852, .T. ) ;
#3393 = PLANE ( 'NONE',  #4941 ) ;
#3394 = ORIENTED_EDGE ( 'NONE', *, *, #367, .T. ) ;
#3395 = PLANE ( 'NONE',  #2224 ) ;
#3396 = EDGE_CURVE ( 'NONE', #3611, #1317, #1283, .T. ) ;
#3397 = ADVANCED_FACE ( 'NONE', ( #4224 ), #6535, .F. ) ;
#3398 = CARTESIAN_POINT ( 'NONE',  ( 0.1771653543307086798, -0.09055118110236221041, -0.3720472440944881942 ) ) ;
#3399 = LINE ( 'NONE', #2708, #3734 ) ;
#3400 = B_SPLINE_CURVE_WITH_KNOTS ( 'NONE', 3,
 ( #2925, #5251, #6987, #1781 ),
 .UNSPECIFIED., .F., .F.,
 ( 4, 4 ),
 ( 0.000000000000000000, 1.000000000000000000 ),
 .UNSPECIFIED. ) ;
#3401 = PLANE ( 'NONE',  #3846 ) ;
#3402 = ADVANCED_FACE ( 'NONE', ( #1684 ), #539, .T. ) ;
#3403 = ORIENTED_EDGE ( 'NONE', *, *, #1075, .T. ) ;
#3404 = DIRECTION ( 'NONE',  ( -0.000000000000000000, -0.000000000000000000, -1.000000000000000000 ) ) ;
#3405 = ORIENTED_EDGE ( 'NONE', *, *, #693, .T. ) ;
#3406 = DIRECTION ( 'NONE',  ( 0.000000000000000000, 0.000000000000000000, 1.000000000000000000 ) ) ;
#3407 = DIRECTION ( 'NONE',  ( 0.000000000000000000, 0.000000000000000000, 1.000000000000000000 ) ) ;
#3408 = CARTESIAN_POINT ( 'NONE',  ( 0.05905511811023619884, 7.232166136696959582E-18, -0.3779527559055118058 ) ) ;
#3409 = ORIENTED_EDGE ( 'NONE', *, *, #5030, .T. ) ;
#3410 = ORIENTED_EDGE ( 'NONE', *, *, #3211, .F. ) ;
#3411 = ORIENTED_EDGE ( 'NONE', *, *, #4790, .T. ) ;
#3412 = CARTESIAN_POINT ( 'NONE',  ( 0.01678117190761354086, -0.1043307086614173318, -0.4168640244164105169 ) ) ;
#3413 = CARTESIAN_POINT ( 'NONE',  ( 0.06200787401574803237, -0.2244094488188976555, -0.2972440944881890035 ) ) ;
#3414 = CARTESIAN_POINT ( 'NONE',  ( -0.02362204724409448786, -0.3444881889763780070, -0.5452755905511811330 ) ) ;
#3415 = LINE ( 'NONE', #4560, #331 ) ;
#3416 = ORIENTED_EDGE ( 'NONE', *, *, #5894, .F. ) ;
#3417 = ORIENTED_EDGE ( 'NONE', *, *, #3901, .T. ) ;
#3418 = DIRECTION ( 'NONE',  ( -1.000000000000000000, -0.000000000000000000, -0.000000000000000000 ) ) ;
#3419 = CARTESIAN_POINT ( 'NONE',  ( -0.01397971005697389718, -0.1043307086614173318, -0.4633272880955464634 ) ) ;
#3420 = DIRECTION ( 'NONE',  ( 1.000000000000000000, 0.000000000000000000, 0.000000000000000000 ) ) ;
#3421 = CARTESIAN_POINT ( 'NONE',  ( -0.06200787401574803237, -0.2233476768130709111, -0.2972440944881890035 ) ) ;
#3422 =( BOUNDED_SURFACE ( )  B_SPLINE_SURFACE ( 3, 3, ( 
 ( #2200, #4532, #986, #5634, #5073, #7382, #4576 ),
 ( #6313, #6457, #6944, #31, #1671, #3425, #6425 ),
 ( #2954, #70, #4065, #5852, #3566, #3995, #7492 ),
 ( #1239, #573, #1100, #2896, #5185, #5222, #5741 ) ),
 .UNSPECIFIED., .F., .F., .F. ) 
 B_SPLINE_SURFACE_WITH_KNOTS ( ( 4, 4 ),
 ( 4, 3, 4 ),
 ( 0.1020167335845905965, 0.9027561702121413845 ),
 ( 0.000000000000000000, 0.5000000000000000000, 1.000000000000000000 ),
 .UNSPECIFIED. ) 
 GEOMETRIC_REPRESENTATION_ITEM ( )  RATIONAL_B_SPLINE_SURFACE ( (
 ( 0.9731337440319535181, 0.7787737316933076581, 0.7787737316933076581, 0.9731337440319535181, 0.7787737316933076581, 0.7787737316933076581, 0.9731337440319535181),
 ( 0.9108274010319099556, 0.7289115790920986937, 0.7289115790920986937, 0.9108274010319099556, 0.7289115790920986937, 0.7289115790920986937, 0.9108274010319099556),
 ( 0.9112010124449524406, 0.7292105706296162504, 0.7292105706296162504, 0.9112010124449524406, 0.7292105706296162504, 0.7292105706296162504, 0.9112010124449524406),
 ( 0.9742545782710806401, 0.7796707063058599951, 0.7796707063058599951, 0.9742545782710806401, 0.7796707063058599951, 0.7796707063058599951, 0.9742545782710806401) ) ) 
 REPRESENTATION_ITEM ( '' )  SURFACE ( )  );
#3423 = CARTESIAN_POINT ( 'NONE',  ( -0.08512907536866141933, -0.2200301652485039672, -0.09501907247826771319 ) ) ;
#3424 = VERTEX_POINT ( 'NONE', #2292 ) ;
#3425 = CARTESIAN_POINT ( 'NONE',  ( -0.01453005178055138263, -0.1185406109998754925, -0.3774805093379731691 ) ) ;
#3426 = CARTESIAN_POINT ( 'NONE',  ( -0.06974325653492126353, -0.1181096384640157454, -0.3058778944786220144 ) ) ;
#3427 = ORIENTED_EDGE ( 'NONE', *, *, #4518, .F. ) ;
#3428 = EDGE_LOOP ( 'NONE', ( #5091, #5740, #3054, #5980, #2560, #7400, #3819, #858, #4682, #5646 ) ) ;
#3429 = LINE ( 'NONE', #6239, #6985 ) ;
#3430 = ORIENTED_EDGE ( 'NONE', *, *, #6647, .T. ) ;
#3431 = CARTESIAN_POINT ( 'NONE',  ( -0.1032286710625290455, -0.05999625523965475965, -0.5478318230115575282 ) ) ;
#3432 = DIRECTION ( 'NONE',  ( -1.000000000000000000, 0.000000000000000000, 0.000000000000000000 ) ) ;
#3433 = DIRECTION ( 'NONE',  ( -1.000000000000000000, 0.000000000000000000, 0.000000000000000000 ) ) ;
#3434 = DIRECTION ( 'NONE',  ( 0.000000000000000000, -1.000000000000000000, 0.000000000000000000 ) ) ;
#3435 = ADVANCED_FACE ( 'NONE', ( #6569 ), #1356, .F. ) ;
#3436 = ADVANCED_FACE ( 'NONE', ( #6689 ), #4414, .T. ) ;
#3437 = VERTEX_POINT ( 'NONE', #3275 ) ;
#3438 = EDGE_LOOP ( 'NONE', ( #2984, #3329, #1551, #3865, #3172, #6899, #3392, #6762 ) ) ;
#3439 = DIRECTION ( 'NONE',  ( 0.000000000000000000, 0.000000000000000000, -1.000000000000000000 ) ) ;
#3440 = CARTESIAN_POINT ( 'NONE',  ( 0.000000000000000000, 0.000000000000000000, -0.1082677165354330728 ) ) ;
#3441 = EDGE_CURVE ( 'NONE', #4278, #6663, #4996, .T. ) ;
#3442 = FACE_BOUND ( 'NONE', #3876, .T. ) ;
#3443 = EDGE_LOOP ( 'NONE', ( #2081, #4235, #6178, #7037 ) ) ;
#3444 = EDGE_CURVE ( 'NONE', #2228, #1494, #6722, .T. ) ;
#3445 = ORIENTED_EDGE ( 'NONE', *, *, #5164, .T. ) ;
#3446 = ORIENTED_EDGE ( 'NONE', *, *, #4283, .F. ) ;
#3447 = LINE ( 'NONE', #4553, #4194 ) ;
#3448 = CARTESIAN_POINT ( 'NONE',  ( 0.06448818897637795255, -0.2233476768130709111, -0.2972440944881890035 ) ) ;
#3449 = FACE_OUTER_BOUND ( 'NONE', #1632, .T. ) ;
#3450 = ADVANCED_FACE ( 'NONE', ( #1398 ), #4910, .T. ) ;
#3451 = VECTOR ( 'NONE', #533, 39.37007874015748143 ) ;
#3452 = CARTESIAN_POINT ( 'NONE',  ( 0.08541981411964606752, -0.2160297340203948813, -0.1139033744286116062 ) ) ;
#3453 = ORIENTED_EDGE ( 'NONE', *, *, #3480, .T. ) ;
#3454 = ORIENTED_EDGE ( 'NONE', *, *, #4790, .F. ) ;
#3455 = DIRECTION ( 'NONE',  ( 0.000000000000000000, 0.000000000000000000, -1.000000000000000000 ) ) ;
#3456 = PLANE ( 'NONE',  #7010 ) ;
#3457 = CIRCLE ( 'NONE', #7335, 0.05905511811023622659 ) ;
#3458 = LINE ( 'NONE', #2813, #5305 ) ;
#3459 = CARTESIAN_POINT ( 'NONE',  ( -0.08512907536866141933, -0.2172010369596456547, -0.09689163442594488085 ) ) ;
#3460 = AXIS2_PLACEMENT_3D ( 'NONE', #3132, #4393, #3741 ) ;
#3461 = ORIENTED_EDGE ( 'NONE', *, *, #5916, .T. ) ;
#3462 = CARTESIAN_POINT ( 'NONE',  ( -0.06614173228346457989, -0.1244540246133708783, -0.3469320130581677319 ) ) ;
#3463 = VECTOR ( 'NONE', #4108, 39.37007874015748143 ) ;
#3464 = CARTESIAN_POINT ( 'NONE',  ( -0.06977785225594487772, -0.1090108673979133941, -0.3100425164818897961 ) ) ;
#3465 = VERTEX_POINT ( 'NONE', #3801 ) ;
#3466 = CARTESIAN_POINT ( 'NONE',  ( 0.01249388700970553365, -0.1043307086614173318, -0.3917322834645669549 ) ) ;
#3467 = CARTESIAN_POINT ( 'NONE',  ( 0.0006754837608417325499, -0.1211350322229192839, -0.3862671170786984298 ) ) ;
#3468 = CARTESIAN_POINT ( 'NONE',  ( 0.05370976973293065115, 0.01435472936686357261, -0.3740157480314960647 ) ) ;
#3469 = AXIS2_PLACEMENT_3D ( 'NONE', #2699, #7268, #2124 ) ;
#3470 = CIRCLE ( 'NONE', #1518, 0.03937007874015747977 ) ;
#3471 = AXIS2_PLACEMENT_3D ( 'NONE', #3339, #5177, #453 ) ;
#3472 = DIRECTION ( 'NONE',  ( 0.000000000000000000, 0.000000000000000000, -1.000000000000000000 ) ) ;
#3473 = DIRECTION ( 'NONE',  ( 0.000000000000000000, 0.000000000000000000, 1.000000000000000000 ) ) ;
#3474 = VERTEX_POINT ( 'NONE', #3842 ) ;
#3475 = VECTOR ( 'NONE', #6650, 39.37007874015748143 ) ;
#3476 = VECTOR ( 'NONE', #6536, 39.37007874015748143 ) ;
#3477 = ORIENTED_EDGE ( 'NONE', *, *, #1796, .T. ) ;
#3478 = CARTESIAN_POINT ( 'NONE',  ( 0.06180859153836261444, -0.1043307086614238127, -0.4168640244161865849 ) ) ;
#3479 = CARTESIAN_POINT ( 'NONE',  ( 0.04133858267716536417, 5.062516295687877716E-18, -0.5334645669291339098 ) ) ;
#3480 = EDGE_CURVE ( 'NONE', #619, #5077, #6162, .T. ) ;
#3481 = CIRCLE ( 'NONE', #4581, 0.02362204724409448786 ) ;
#3482 = PLANE ( 'NONE',  #7231 ) ;
#3483 = EDGE_LOOP ( 'NONE', ( #551, #4656, #3569, #1167, #2479, #4793 ) ) ;
#3484 = EDGE_LOOP ( 'NONE', ( #1295, #6435, #6106, #6742 ) ) ;
#3485 = AXIS2_PLACEMENT_3D ( 'NONE', #2866, #5196, #7502 ) ;
#3486 = ADVANCED_FACE ( 'NONE', ( #2012 ), #3680, .T. ) ;
#3487 = ORIENTED_EDGE ( 'NONE', *, *, #37, .F. ) ;
#3488 = CARTESIAN_POINT ( 'NONE',  ( 0.04921259842519685318, -0.3971641579688976464, -0.2992125984251968740 ) ) ;
#3489 = CIRCLE ( 'NONE', #2027, 0.003937007874015724558 ) ;
#3490 = DIRECTION ( 'NONE',  ( -0.000000000000000000, 0.9975640502598075443, 0.06975647374436397263 ) ) ;
#3491 = EDGE_CURVE ( 'NONE', #3899, #6032, #4344, .T. ) ;
#3492 = CIRCLE ( 'NONE', #696, 0.04462518364225637885 ) ;
#3493 = DIRECTION ( 'NONE',  ( 1.000000000000000000, 0.000000000000000000, 0.000000000000000000 ) ) ;
#3494 = EDGE_CURVE ( 'NONE', #776, #181, #7327, .T. ) ;
#3495 = VERTEX_POINT ( 'NONE', #6081 ) ;
#3497 = ORIENTED_EDGE ( 'NONE', *, *, #4562, .F. ) ;
#3496 = B_SPLINE_CURVE_WITH_KNOTS ( 'NONE', 3,
 ( #2811, #5138, #7442, #2230, #4564, #6875, #1664, #2995 ),
 .UNSPECIFIED., .F., .F.,
 ( 4, 2, 2, 4 ),
 ( 7.342538587308437652E-17, 0.0003653550300612595672, 0.0005480325450918526776, 0.0007307100601224457339 ),
 .UNSPECIFIED. ) ;
#3498 = ADVANCED_FACE ( 'NONE', ( #2120 ), #7265, .T. ) ;
#3499 = DIRECTION ( 'NONE',  ( 0.000000000000000000, 1.000000000000000000, 0.000000000000000000 ) ) ;
#3500 = CARTESIAN_POINT ( 'NONE',  ( 0.1279527559055118335, 0.000000000000000000, -0.3740157480314960647 ) ) ;
#3501 = VECTOR ( 'NONE', #6230, 39.37007874015748143 ) ;
#3502 = PLANE ( 'NONE',  #7481 ) ;
#3503 = CYLINDRICAL_SURFACE ( 'NONE', #2009, 0.01574803149606296415 ) ;
#3504 = ORIENTED_EDGE ( 'NONE', *, *, #3813, .F. ) ;
#3505 = FACE_OUTER_BOUND ( 'NONE', #2682, .T. ) ;
#3506 = CARTESIAN_POINT ( 'NONE',  ( -0.06974325653492126353, -0.1091672022615747945, -0.3103510652244488854 ) ) ;
#3507 = ORIENTED_EDGE ( 'NONE', *, *, #7004, .F. ) ;
#3508 = CARTESIAN_POINT ( 'NONE',  ( 0.000000000000000000, -0.3444881889763780070, -0.3070866141732283561 ) ) ;
#3509 = CARTESIAN_POINT ( 'NONE',  ( 0.08661417322834646937, -0.06874015748031496453, -0.5334645669291339098 ) ) ;
#3510 = CARTESIAN_POINT ( 'NONE',  ( -0.03937007874015747977, 0.000000000000000000, -0.5334645669291339098 ) ) ;
#3511 = DIRECTION ( 'NONE',  ( -0.000000000000000000, -0.000000000000000000, -1.000000000000000000 ) ) ;
#3512 = FACE_OUTER_BOUND ( 'NONE', #5952, .T. ) ;
#3513 = ORIENTED_EDGE ( 'NONE', *, *, #878, .F. ) ;
#3514 = VERTEX_POINT ( 'NONE', #2056 ) ;
#3515 = CARTESIAN_POINT ( 'NONE',  ( 0.08411569015858268161, -0.1695898612196062860, -0.09470281735598425066 ) ) ;
#3516 = DIRECTION ( 'NONE',  ( 0.000000000000000000, 0.000000000000000000, 1.000000000000000000 ) ) ;
#3517 = CARTESIAN_POINT ( 'NONE',  ( -0.07591906521796733254, -0.1048081240396850633, -0.2361197424004330969 ) ) ;
#3518 = VERTEX_POINT ( 'NONE', #5443 ) ;
#3519 = VERTEX_POINT ( 'NONE', #225 ) ;
#3520 = ORIENTED_EDGE ( 'NONE', *, *, #5675, .T. ) ;
#3521 = CARTESIAN_POINT ( 'NONE',  ( -0.004221484786128163608, -0.1094388988230256127, -0.3844952489206098223 ) ) ;
#3522 = FACE_OUTER_BOUND ( 'NONE', #5459, .T. ) ;
#3523 = DIRECTION ( 'NONE',  ( 6.718341161171542172E-13, 0.9876883405952023853, 0.1564344650398215852 ) ) ;
#3524 = ADVANCED_FACE ( 'NONE', ( #2541 ), #6656, .F. ) ;
#3525 = ORIENTED_EDGE ( 'NONE', *, *, #233, .F. ) ;
#3526 = EDGE_LOOP ( 'NONE', ( #2705, #7126, #250 ) ) ;
#3527 = EDGE_CURVE ( 'NONE', #3187, #3931, #3237, .T. ) ;
#3528 = ADVANCED_FACE ( 'NONE', ( #301 ), #6606, .F. ) ;
#3529 = FACE_OUTER_BOUND ( 'NONE', #2942, .T. ) ;
#3530 = DIRECTION ( 'NONE',  ( 0.000000000000000000, 0.000000000000000000, 1.000000000000000000 ) ) ;
#3531 = ADVANCED_FACE ( 'NONE', ( #5477 ), #4381, .F. ) ;
#3532 = CARTESIAN_POINT ( 'NONE',  ( 0.000000000000000000, 0.000000000000000000, -0.4704724409448819422 ) ) ;
#3533 = EDGE_CURVE ( 'NONE', #3023, #7278, #7441, .T. ) ;
#3534 = CARTESIAN_POINT ( 'NONE',  ( -0.08403773863606298078, -0.1701970776127952889, -0.09997719523996063951 ) ) ;
#3535 = ORIENTED_EDGE ( 'NONE', *, *, #5134, .T. ) ;
#3536 = CARTESIAN_POINT ( 'NONE',  ( 0.04921259842519685318, -0.2220078740157480635, -0.2981508264193700741 ) ) ;
#3537 = DIRECTION ( 'NONE',  ( 1.000000000000000000, 0.000000000000000000, 0.000000000000000000 ) ) ;
#3538 = VERTEX_POINT ( 'NONE', #3988 ) ;
#3539 = LINE ( 'NONE', #3006, #2495 ) ;
#3540 = CARTESIAN_POINT ( 'NONE',  ( 0.1771653543307086798, 0.09842519685039370636, -0.03937007874015747977 ) ) ;
#3541 = CARTESIAN_POINT ( 'NONE',  ( 0.01434903533137212028, 0.05371957146346195699, -0.3740157480314960647 ) ) ;
#3542 = ADVANCED_FACE ( 'NONE', ( #2306 ), #4057, .F. ) ;
#3543 = DIRECTION ( 'NONE',  ( 1.000000000000000000, 0.000000000000000000, 0.000000000000000000 ) ) ;
#3544 = CARTESIAN_POINT ( 'NONE',  ( 0.1771653543307086798, 0.1771653543307086798, -0.4798818897637795455 ) ) ;
#3545 = LINE ( 'NONE', #3046, #4955 ) ;
#3546 = ORIENTED_EDGE ( 'NONE', *, *, #377, .T. ) ;
#3547 = ORIENTED_EDGE ( 'NONE', *, *, #2968, .T. ) ;
#3548 = CARTESIAN_POINT ( 'NONE',  ( 0.08442041395133859094, -0.1840273941017323278, -0.08831574209566929456 ) ) ;
#3549 = CARTESIAN_POINT ( 'NONE',  ( 0.000000000000000000, 0.000000000000000000, -0.5374015748031496509 ) ) ;
#3550 = CARTESIAN_POINT ( 'NONE',  ( -0.03381587968971552782, 0.04412803984737515700, -0.3740157480314961203 ) ) ;
#3551 = ORIENTED_EDGE ( 'NONE', *, *, #648, .F. ) ;
#3552 = ORIENTED_EDGE ( 'NONE', *, *, #340, .F. ) ;
#3553 = ORIENTED_EDGE ( 'NONE', *, *, #3862, .T. ) ;
#3554 = DIRECTION ( 'NONE',  ( -0.000000000000000000, -0.7999999999928930627, -0.6000000000094759534 ) ) ;
#3555 = DIRECTION ( 'NONE',  ( 6.784263473961650283E-16, 0.1564344650393885150, -0.9876883405952712192 ) ) ;
#3556 = CARTESIAN_POINT ( 'NONE',  ( 0.07383773678597441159, -0.07908389502052480535, -0.2486662872087807008 ) ) ;
#3557 = ORIENTED_EDGE ( 'NONE', *, *, #6499, .T. ) ;
#3558 = ORIENTED_EDGE ( 'NONE', *, *, #6083, .T. ) ;
#3559 = LINE ( 'NONE', #5815, #6263 ) ;
#3560 = CARTESIAN_POINT ( 'NONE',  ( -0.08858267716535433989, -0.2125984251968504046, -0.2656692913385826915 ) ) ;
#3561 = CARTESIAN_POINT ( 'NONE',  ( 0.000000000000000000, 0.000000000000000000, -0.5334645669291339098 ) ) ;
#3562 = CIRCLE ( 'NONE', #1367, 0.04921259842519685318 ) ;
#3563 = EDGE_CURVE ( 'NONE', #4366, #6456, #4714, .T. ) ;
#3564 = CARTESIAN_POINT ( 'NONE',  ( 0.05708661417322834220, -0.2559055118110236671, -0.4704724409448819422 ) ) ;
#3565 = ORIENTED_EDGE ( 'NONE', *, *, #4184, .F. ) ;
#3566 = CARTESIAN_POINT ( 'NONE',  ( -0.006930094188344082008, -0.1177962144816769446, -0.3739376059580758471 ) ) ;
#3567 = CARTESIAN_POINT ( 'NONE',  ( -0.0006754787385229882877, -0.1096807532905298421, -0.3830851720356061585 ) ) ;
#3568 = VECTOR ( 'NONE', #2713, 39.37007874015748143 ) ;
#3569 = ORIENTED_EDGE ( 'NONE', *, *, #926, .T. ) ;
#3570 = CARTESIAN_POINT ( 'NONE',  ( 0.03937007874013381814, 0.06819097667594488377, -0.5463373625570866476 ) ) ;
#3571 = CARTESIAN_POINT ( 'NONE',  ( -0.07383773678600207002, -0.08711532785266495882, -0.2447490956836659293 ) ) ;
#3572 = ADVANCED_FACE ( 'NONE', ( #666 ), #2418, .T. ) ;
#3573 = CARTESIAN_POINT ( 'NONE',  ( 0.04921259842519685318, -0.2125984251968504046, -0.2952755905511810774 ) ) ;
#3574 = CARTESIAN_POINT ( 'NONE',  ( 0.007318106127814044508, 0.05511811023622049249, -0.3740157480314961758 ) ) ;
#3575 = EDGE_CURVE ( 'NONE', #1606, #626, #1328, .T. ) ;
#3576 = VECTOR ( 'NONE', #752, 39.37007874015748143 ) ;
#3577 = CARTESIAN_POINT ( 'NONE',  ( -0.01586031550265556977, -0.1087623819754039434, -0.3843075296701066734 ) ) ;
#3578 = AXIS2_PLACEMENT_3D ( 'NONE', #3536, #4614, #7446 ) ;
#3579 = DIRECTION ( 'NONE',  ( 1.000000000000000000, 0.000000000000000000, 0.000000000000000000 ) ) ;
#3580 = ADVANCED_FACE ( 'NONE', ( #2516 ), #5946, .F. ) ;
#3581 = FACE_OUTER_BOUND ( 'NONE', #3004, .T. ) ;
#3582 = ORIENTED_EDGE ( 'NONE', *, *, #7482, .T. ) ;
#3583 = ORIENTED_EDGE ( 'NONE', *, *, #5583, .T. ) ;
#3584 = ADVANCED_FACE ( 'NONE', ( #6062 ), #2639, .F. ) ;
#3585 = CARTESIAN_POINT ( 'NONE',  ( 0.08442041395133859094, -0.1851039133653543667, -0.09153312634342521126 ) ) ;
#3586 = CIRCLE ( 'NONE', #1520, 0.02362204724407157910 ) ;
#3587 = LINE ( 'NONE', #5910, #3825 ) ;
#3588 = VECTOR ( 'NONE', #3650, 39.37007874015748143 ) ;
#3589 = AXIS2_PLACEMENT_3D ( 'NONE', #1830, #90, #2296 ) ;
#3590 = CARTESIAN_POINT ( 'NONE',  ( 0.000000000000000000, 0.000000000000000000, -0.3740157480314960647 ) ) ;
#3591 = ORIENTED_EDGE ( 'NONE', *, *, #340, .T. ) ;
#3592 = VECTOR ( 'NONE', #4618, 39.37007874015748143 ) ;
#3593 = EDGE_LOOP ( 'NONE', ( #3546, #2558, #3015, #2597 ) ) ;
#3594 = ORIENTED_EDGE ( 'NONE', *, *, #3674, .F. ) ;
#3595 = CARTESIAN_POINT ( 'NONE',  ( -0.1358267716535433156, -0.2204724409448818867, -0.1633858267716535584 ) ) ;
#3596 = LINE ( 'NONE', #5314, #643 ) ;
#3597 = VECTOR ( 'NONE', #3991, 39.37007874015748143 ) ;
#3598 = FACE_OUTER_BOUND ( 'NONE', #1697, .T. ) ;
#3599 = AXIS2_PLACEMENT_3D ( 'NONE', #4804, #6541, #1327 ) ;
#3600 = ORIENTED_EDGE ( 'NONE', *, *, #3441, .F. ) ;
#3601 = VERTEX_POINT ( 'NONE', #762 ) ;
#3602 = AXIS2_PLACEMENT_3D ( 'NONE', #4689, #6997, #7067 ) ;
#3603 = DIRECTION ( 'NONE',  ( -1.000000000000000000, 0.000000000000000000, 0.000000000000000000 ) ) ;
#3604 = CARTESIAN_POINT ( 'NONE',  ( 0.08834172871622050782, -0.2215414997084645676, -0.1631812555093307138 ) ) ;
#3605 = CIRCLE ( 'NONE', #1545, 0.04133858267716536417 ) ;
#3606 = DIRECTION ( 'NONE',  ( -1.000000000000000000, 0.000000000000000000, 0.000000000000000000 ) ) ;
#3607 = CARTESIAN_POINT ( 'NONE',  ( 0.08453852418755559983, -0.1897831263975293392, -0.08927628224062532369 ) ) ;
#3608 = ORIENTED_EDGE ( 'NONE', *, *, #3251, .F. ) ;
#3609 = CARTESIAN_POINT ( 'NONE',  ( 0.007300105116393445538, -0.05511811023622049249, -0.3740157480314960647 ) ) ;
#3610 = DIRECTION ( 'NONE',  ( 0.000000000000000000, 1.000000000000000000, -6.938893903907227392E-16 ) ) ;
#3611 = VERTEX_POINT ( 'NONE', #1334 ) ;
#3612 = ADVANCED_FACE ( 'NONE', ( #1368 ), #1301, .T. ) ;
#3613 = DIRECTION ( 'NONE',  ( 0.000000000000000000, 0.000000000000000000, 1.000000000000000000 ) ) ;
#3614 = LENGTH_MEASURE_WITH_UNIT ( LENGTH_MEASURE( 0.02539999999999999897 ), #4182 );
#3615 = PLANE ( 'NONE',  #1879 ) ;
#3616 = CARTESIAN_POINT ( 'NONE',  ( -0.07501883914818170684, -0.08196063188263730259, -0.2207089143520113428 ) ) ;
#3617 = ADVANCED_FACE ( 'NONE', ( #321 ), #3659, .T. ) ;
#3618 = CARTESIAN_POINT ( 'NONE',  ( -0.06200787401574803237, -0.2569672838168504114, -0.4704724409448819422 ) ) ;
#3619 = DIRECTION ( 'NONE',  ( 0.000000000000000000, 1.000000000000000000, 0.000000000000000000 ) ) ;
#3620 = VERTEX_POINT ( 'NONE', #7160 ) ;
#3621 = ADVANCED_FACE ( 'NONE', ( #3696 ), #5840, .F. ) ;
#3622 = EDGE_CURVE ( 'NONE', #4865, #5249, #3492, .T. ) ;
#3623 = ORIENTED_EDGE ( 'NONE', *, *, #5495, .T. ) ;
#3624 = LINE ( 'NONE', #1977, #1250 ) ;
#3625 = LINE ( 'NONE', #617, #662 ) ;
#3626 = CARTESIAN_POINT ( 'NONE',  ( -0.02362204724409448786, 0.000000000000000000, -0.5366618725208661678 ) ) ;
#3627 = EDGE_CURVE ( 'NONE', #3538, #1383, #7192, .T. ) ;
#3628 = CARTESIAN_POINT ( 'NONE',  ( 0.1909448818897638289, -0.09854330708661417082, -0.4724409448818898127 ) ) ;
#3629 = VERTEX_POINT ( 'NONE', #1416 ) ;
#3630 = ORIENTED_EDGE ( 'NONE', *, *, #4478, .T. ) ;
#3631 = DIRECTION ( 'NONE',  ( -3.426732302660814768E-15, -0.1564344650392514580, 0.9876883405952928685 ) ) ;
#3632 = ORIENTED_EDGE ( 'NONE', *, *, #5817, .T. ) ;
#3633 = CARTESIAN_POINT ( 'NONE',  ( 0.005819484721128230682, -0.1152423182864438927, -0.3754257943235210782 ) ) ;
#3634 = CARTESIAN_POINT ( 'NONE',  ( 0.1574803149606299191, 1.895600338963814870E-33, -0.4704724409448819422 ) ) ;
#3635 = FACE_OUTER_BOUND ( 'NONE', #874, .T. ) ;
#3636 = EDGE_CURVE ( 'NONE', #2115, #6943, #1666, .T. ) ;
#3637 = ORIENTED_EDGE ( 'NONE', *, *, #597, .T. ) ;
#3638 = ORIENTED_EDGE ( 'NONE', *, *, #6544, .F. ) ;
#3639 = DIRECTION ( 'NONE',  ( 1.000000000000000000, 0.000000000000000000, 0.000000000000000000 ) ) ;
#3640 = FACE_OUTER_BOUND ( 'NONE', #2678, .T. ) ;
#3641 = CARTESIAN_POINT ( 'NONE',  ( -0.1181102362204724532, -0.2075996453170078637, -0.1633858267716535584 ) ) ;
#3642 = DIRECTION ( 'NONE',  ( -1.000000000000000000, 0.000000000000000000, 0.000000000000000000 ) ) ;
#3643 = ORIENTED_EDGE ( 'NONE', *, *, #5945, .T. ) ;
#3644 = DIRECTION ( 'NONE',  ( 0.000000000000000000, 1.000000000000000000, 0.000000000000000000 ) ) ;
#3645 = CARTESIAN_POINT ( 'NONE',  ( 0.1377952755905511861, -0.1062992125984252023, -0.03874015748031496564 ) ) ;
#3646 = ORIENTED_EDGE ( 'NONE', *, *, #4232, .F. ) ;
#3647 = LINE ( 'NONE', #1819, #2625 ) ;
#3648 = CYLINDRICAL_SURFACE ( 'NONE', #919, 0.02362204724409448092 ) ;
#3649 = DIRECTION ( 'NONE',  ( -1.000000000000000000, -1.224646799147355426E-16, 0.000000000000000000 ) ) ;
#3650 = DIRECTION ( 'NONE',  ( 0.05915751379045453007, 3.668306131735951383E-16, -0.9982486606863704148 ) ) ;
#3651 = DIRECTION ( 'NONE',  ( 9.330197159512824639E-32, -1.000000000000000000, 0.000000000000000000 ) ) ;
#3652 = DIRECTION ( 'NONE',  ( 0.000000000000000000, -0.9876883405950479533, -0.1564344650407979154 ) ) ;
#3653 = CYLINDRICAL_SURFACE ( 'NONE', #684, 0.01968503937007875723 ) ;
#3654 = VERTEX_POINT ( 'NONE', #3626 ) ;
#3655 = ORIENTED_EDGE ( 'NONE', *, *, #6320, .T. ) ;
#3656 = DIRECTION ( 'NONE',  ( 1.000000000000000000, 0.000000000000000000, 0.000000000000000000 ) ) ;
#3657 = CYLINDRICAL_SURFACE ( 'NONE', #1512, 0.1574803149606299191 ) ;
#3658 = EDGE_CURVE ( 'NONE', #3747, #2179, #729, .T. ) ;
#3659 = CYLINDRICAL_SURFACE ( 'NONE', #6769, 0.05905511811023622659 ) ;
#3660 = PLANE ( 'NONE',  #796 ) ;
#3661 = ORIENTED_EDGE ( 'NONE', *, *, #3156, .F. ) ;
#3662 = ORIENTED_EDGE ( 'NONE', *, *, #1326, .T. ) ;
#3663 = CARTESIAN_POINT ( 'NONE',  ( 0.01140971880867840474, -0.09251968503937008093, -0.4614566057293426615 ) ) ;
#3664 = ORIENTED_EDGE ( 'NONE', *, *, #6632, .T. ) ;
#3665 = CARTESIAN_POINT ( 'NONE',  ( -0.01586031550265559059, -0.1035928753205088565, -0.4169467134940015862 ) ) ;
#3666 = DIRECTION ( 'NONE',  ( 0.000000000000000000, -1.000000000000000000, 0.000000000000000000 ) ) ;
#3667 = EDGE_CURVE ( 'NONE', #6043, #7318, #4830, .T. ) ;
#3668 = DIRECTION ( 'NONE',  ( -3.426732302660814374E-15, -0.1564344650392514580, 0.9876883405952928685 ) ) ;
#3669 = EDGE_CURVE ( 'NONE', #6456, #3039, #6096, .T. ) ;
#3670 = ORIENTED_EDGE ( 'NONE', *, *, #4408, .F. ) ;
#3671 = ORIENTED_EDGE ( 'NONE', *, *, #4091, .F. ) ;
#3672 = CARTESIAN_POINT ( 'NONE',  ( -0.1842519685039370192, -0.2614960629921260216, -0.4704724409448819422 ) ) ;
#3673 = PLANE ( 'NONE',  #1855 ) ;
#3674 = EDGE_CURVE ( 'NONE', #3465, #2063, #4811, .T. ) ;
#3675 = CARTESIAN_POINT ( 'NONE',  ( 0.005252621389060964721, -0.09055118110236221041, -0.4560945084136732164 ) ) ;
#3676 = CARTESIAN_POINT ( 'NONE',  ( -0.06732283464567093145, -0.1175093610134148037, -0.3336572881677461466 ) ) ;
#3677 = ORIENTED_EDGE ( 'NONE', *, *, #2183, .F. ) ;
#3678 = PLANE ( 'NONE',  #303 ) ;
#3679 = CARTESIAN_POINT ( 'NONE',  ( 0.01771653543307086937, -0.1377952755905511861, -0.5334645669291339098 ) ) ;
#3680 = PLANE ( 'NONE',  #5074 ) ;
#3681 = CARTESIAN_POINT ( 'NONE',  ( 0.009786374392548856729, -0.1137114552913604526, -0.3850913380011889986 ) ) ;
#3682 = VECTOR ( 'NONE', #1467, 39.37007874015748143 ) ;
#3683 = CARTESIAN_POINT ( 'NONE',  ( 0.1909448818897638289, -0.3444881889763780070, -0.3976377952755905665 ) ) ;
#3684 = PRODUCT_DEFINITION_CONTEXT ( 'detailed design', #3141, 'design' ) ;
#3685 = CARTESIAN_POINT ( 'NONE',  ( -0.01434903533136227399, -0.05371957146346195006, -0.3740157480314961203 ) ) ;
#3686 = DIRECTION ( 'NONE',  ( -1.000000000000000000, 0.000000000000000000, 0.000000000000000000 ) ) ;
#3687 = VECTOR ( 'NONE', #6700, 39.37007874015748143 ) ;
#3688 = DIRECTION ( 'NONE',  ( -6.784263472649886024E-16, 0.1564344650383069080, -0.9876883405954425266 ) ) ;
#3689 = DIRECTION ( 'NONE',  ( -1.000000000000000000, -0.000000000000000000, -0.000000000000000000 ) ) ;
#3690 = ORIENTED_EDGE ( 'NONE', *, *, #3104, .T. ) ;
#3691 = EDGE_LOOP ( 'NONE', ( #937, #2151, #4333, #102 ) ) ;
#3692 = CARTESIAN_POINT ( 'NONE',  ( -0.05905511811023622659, -0.04643043971035433481, -0.5324027949232285062 ) ) ;
#3693 = CARTESIAN_POINT ( 'NONE',  ( 0.0004653688922492151252, -0.02361746277220140577, -0.5486002864806925894 ) ) ;
#3694 = AXIS2_PLACEMENT_3D ( 'NONE', #5133, #3333, #4019 ) ;
#3695 = B_SPLINE_CURVE_WITH_KNOTS ( 'NONE', 3,
 ( #4840, #6461, #7030, #3571 ),
 .UNSPECIFIED., .F., .F.,
 ( 4, 4 ),
 ( 1.162687409982858189E-16, 0.0005223440916415581642 ),
 .UNSPECIFIED. ) ;
#3696 = FACE_OUTER_BOUND ( 'NONE', #4324, .T. ) ;
#3697 = CARTESIAN_POINT ( 'NONE',  ( 0.09842519685039370636, 0.1787401574803149651, -0.03937007874015747977 ) ) ;
#3698 = EDGE_LOOP ( 'NONE', ( #4359, #5261, #6434, #972 ) ) ;
#3699 = VECTOR ( 'NONE', #2182, 39.37007874015748143 ) ;
#3700 = ORIENTED_EDGE ( 'NONE', *, *, #3575, .T. ) ;
#3701 = CARTESIAN_POINT ( 'NONE',  ( -0.01771653543307086937, -0.1377952755905511861, -0.5334645669291339098 ) ) ;
#3702 = VECTOR ( 'NONE', #5327, 39.37007874015748143 ) ;
#3703 = ORIENTED_EDGE ( 'NONE', *, *, #9, .F. ) ;
#3704 = CARTESIAN_POINT ( 'NONE',  ( 0.003916343220376453278, -0.1026926269808366987, -0.3766773004989663609 ) ) ;
#3705 = EDGE_CURVE ( 'NONE', #13, #3601, #4239, .T. ) ;
#3706 = DIRECTION ( 'NONE',  ( 0.000000000000000000, 1.000000000000000000, 0.000000000000000000 ) ) ;
#3707 =( BOUNDED_CURVE ( )  B_SPLINE_CURVE ( 3, ( #5522, #6504, #7184, #2630 ),
 .UNSPECIFIED., .F., .F. ) 
 B_SPLINE_CURVE_WITH_KNOTS ( ( 4, 4 ),
 ( 0.000000000000000000, 0.6439697974883744624 ),
 .UNSPECIFIED. ) 
 CURVE ( )  GEOMETRIC_REPRESENTATION_ITEM ( )  RATIONAL_B_SPLINE_CURVE ( ( 1.000000000000000000, 0.9657394438747595178, 0.9657394438747595178, 1.000000000000000000 ) ) 
 REPRESENTATION_ITEM ( '' )  );
#3708 = VECTOR ( 'NONE', #6385, 39.37007874015748143 ) ;
#3709 = VECTOR ( 'NONE', #1349, 39.37007874015748854 ) ;
#3710 = VERTEX_POINT ( 'NONE', #4431 ) ;
#3711 = EDGE_CURVE ( 'NONE', #6712, #764, #3754, .T. ) ;
#3712 = ORIENTED_EDGE ( 'NONE', *, *, #230, .T. ) ;
#3713 = FACE_OUTER_BOUND ( 'NONE', #7019, .T. ) ;
#3714 = DIRECTION ( 'NONE',  ( 1.000000000000000000, 0.000000000000000000, 0.000000000000000000 ) ) ;
#3715 = CIRCLE ( 'NONE', #439, 0.1279527559055118335 ) ;
#3716 = ADVANCED_FACE ( 'NONE', ( #6291 ), #1567, .F. ) ;
#3717 = CIRCLE ( 'NONE', #1275, 0.07874015748031909512 ) ;
#3718 = CARTESIAN_POINT ( 'NONE',  ( 0.04921259842519685318, 6.026805113914140175E-18, -0.1082677165354330728 ) ) ;
#3719 = EDGE_CURVE ( 'NONE', #4152, #6091, #3252, .T. ) ;
#3720 = VECTOR ( 'NONE', #4244, 39.37007874015748143 ) ;
#3721 = EDGE_LOOP ( 'NONE', ( #355, #5785, #281, #5729 ) ) ;
#3722 = CARTESIAN_POINT ( 'NONE',  ( 0.1358267716535433156, -0.2215342129507086866, -0.1572440944881889902 ) ) ;
#3723 = VECTOR ( 'NONE', #715, 39.37007874015748143 ) ;
#3724 = EDGE_CURVE ( 'NONE', #6584, #2329, #470, .T. ) ;
#3725 = VERTEX_POINT ( 'NONE', #2791 ) ;
#3726 = LINE ( 'NONE', #3072, #5285 ) ;
#3727 = CYLINDRICAL_SURFACE ( 'NONE', #1174, 0.06102362204724410405 ) ;
#3728 = DIRECTION ( 'NONE',  ( 0.4415077114961370452, -0.1403619899816965222, 0.8862107268916473712 ) ) ;
#3729 = FACE_OUTER_BOUND ( 'NONE', #7458, .T. ) ;
#3730 = VECTOR ( 'NONE', #949, 39.37007874015748143 ) ;
#3731 = CARTESIAN_POINT ( 'NONE',  ( -0.1181102362204724532, -0.2075996453170078637, -0.1633858267716535584 ) ) ;
#3732 = CIRCLE ( 'NONE', #7123, 0.02362204724407157910 ) ;
#3733 = LINE ( 'NONE', #6053, #546 ) ;
#3734 = VECTOR ( 'NONE', #5007, 39.37007874015748143 ) ;
#3735 = DIRECTION ( 'NONE',  ( 0.000000000000000000, -0.1564344647519660680, 0.9876883406407944710 ) ) ;
#3736 = DIRECTION ( 'NONE',  ( 0.000000000000000000, 1.000000000000000000, 0.000000000000000000 ) ) ;
#3737 = DIRECTION ( 'NONE',  ( 0.000000000000000000, -1.000000000000000000, 0.000000000000000000 ) ) ;
#3738 = ORIENTED_EDGE ( 'NONE', *, *, #3148, .T. ) ;
#3739 = ORIENTED_EDGE ( 'NONE', *, *, #4031, .T. ) ;
#3740 = LINE ( 'NONE', #7157, #4053 ) ;
#3741 = DIRECTION ( 'NONE',  ( -1.000000000000000000, 0.000000000000000000, 0.000000000000000000 ) ) ;
#3742 = CARTESIAN_POINT ( 'NONE',  ( 0.000000000000000000, -0.3444881889763780070, -0.5452755905511811330 ) ) ;
#3743 = DIRECTION ( 'NONE',  ( 0.000000000000000000, 0.000000000000000000, -1.000000000000000000 ) ) ;
#3744 = ORIENTED_EDGE ( 'NONE', *, *, #3820, .T. ) ;
#3745 = ORIENTED_EDGE ( 'NONE', *, *, #5351, .F. ) ;
#3746 = LINE ( 'NONE', #6628, #4332 ) ;
#3747 = VERTEX_POINT ( 'NONE', #7346 ) ;
#3748 = CARTESIAN_POINT ( 'NONE',  ( -0.006585568109676734685, -0.1016427807198496541, -0.3833057689196764928 ) ) ;
#3749 = DIRECTION ( 'NONE',  ( 1.000000000000000000, 0.000000000000000000, 0.000000000000000000 ) ) ;
#3750 = DIRECTION ( 'NONE',  ( 1.000000000000000000, 0.000000000000000000, 0.000000000000000000 ) ) ;
#3751 = ORIENTED_EDGE ( 'NONE', *, *, #237, .F. ) ;
#3752 = EDGE_LOOP ( 'NONE', ( #3091, #4107, #5486, #5363 ) ) ;
#3753 = FACE_OUTER_BOUND ( 'NONE', #1499, .T. ) ;
#3754 =( BOUNDED_CURVE ( )  B_SPLINE_CURVE ( 3, ( #960, #3817, #3968, #4473 ),
 .UNSPECIFIED., .F., .F. ) 
 B_SPLINE_CURVE_WITH_KNOTS ( ( 4, 4 ),
 ( 5.402165259487324178, 6.283185307179586232 ),
 .UNSPECIFIED. ) 
 CURVE ( )  GEOMETRIC_REPRESENTATION_ITEM ( )  RATIONAL_B_SPLINE_CURVE ( ( 1.000000000000000000, 0.9363562041808233261, 0.9363562041808233261, 1.000000000000000000 ) ) 
 REPRESENTATION_ITEM ( '' )  );
#3755 = CARTESIAN_POINT ( 'NONE',  ( -0.08742872657240158274, -0.1744941165759448520, -0.09760341827921259483 ) ) ;
#3756 = FACE_OUTER_BOUND ( 'NONE', #1363, .T. ) ;
#3757 = EDGE_CURVE ( 'NONE', #2315, #3322, #812, .T. ) ;
#3758 = ORIENTED_EDGE ( 'NONE', *, *, #2694, .T. ) ;
#3759 = EDGE_CURVE ( 'NONE', #1863, #6932, #3319, .T. ) ;
#3760 = VERTEX_POINT ( 'NONE', #1492 ) ;
#3761 = EDGE_CURVE ( 'NONE', #2281, #4021, #2392, .T. ) ;
#3762 = DIRECTION ( 'NONE',  ( 1.000000000000000000, 0.000000000000000000, -0.000000000000000000 ) ) ;
#3763 = DIRECTION ( 'NONE',  ( 0.000000000000000000, 0.000000000000000000, -1.000000000000000000 ) ) ;
#3764 = CARTESIAN_POINT ( 'NONE',  ( 0.1782271263365354241, -0.08948940909653543829, -0.3720472440944881942 ) ) ;
#3765 = CARTESIAN_POINT ( 'NONE',  ( 0.05905511811023622659, -0.3402969483027165620, -0.5463373625570866476 ) ) ;
#3766 = DIRECTION ( 'NONE',  ( -1.000000000000000000, 0.000000000000000000, 0.000000000000000000 ) ) ;
#3767 = LINE ( 'NONE', #2882, #4306 ) ;
#3768 = DIRECTION ( 'NONE',  ( 1.000000000000000000, 0.000000000000000000, 0.000000000000000000 ) ) ;
#3769 = EDGE_CURVE ( 'NONE', #2852, #1606, #6849, .T. ) ;
#3770 = EDGE_CURVE ( 'NONE', #1983, #553, #3399, .T. ) ;
#3771 = DIRECTION ( 'NONE',  ( -0.000000000000000000, -0.000000000000000000, -1.000000000000000000 ) ) ;
#3772 = LINE ( 'NONE', #7151, #4180 ) ;
#3773 = DIRECTION ( 'NONE',  ( -0.000000000000000000, -0.000000000000000000, -1.000000000000000000 ) ) ;
#3774 = CARTESIAN_POINT ( 'NONE',  ( 0.0006754837608417325499, -0.1119812390232177296, -0.4440618927584133457 ) ) ;
#3775 = ORIENTED_EDGE ( 'NONE', *, *, #6372, .T. ) ;
#3776 = ORIENTED_EDGE ( 'NONE', *, *, #2589, .F. ) ;
#3777 = CARTESIAN_POINT ( 'NONE',  ( -0.009786370402772283372, -0.1043307086614173318, -0.4443190103295024396 ) ) ;
#3778 = CARTESIAN_POINT ( 'NONE',  ( 0.09842519685039370636, 0.09842519685039370636, -0.03818897637795275884 ) ) ;
#3779 = EDGE_CURVE ( 'NONE', #1383, #1408, #5717, .T. ) ;
#3780 = DIRECTION ( 'NONE',  ( 0.000000000000000000, 1.000000000000000000, -1.445602896647339706E-15 ) ) ;
#3781 = CYLINDRICAL_SURFACE ( 'NONE', #5666, 0.01968503937007875723 ) ;
#3782 = ORIENTED_EDGE ( 'NONE', *, *, #1800, .F. ) ;
#3783 = ORIENTED_EDGE ( 'NONE', *, *, #6790, .T. ) ;
#3784 = CARTESIAN_POINT ( 'NONE',  ( 0.000000000000000000, 0.000000000000000000, -0.5366618725208661678 ) ) ;
#3785 = ORIENTED_EDGE ( 'NONE', *, *, #7241, .F. ) ;
#3786 = CARTESIAN_POINT ( 'NONE',  ( 0.0003417748017527388904, -0.1017825163876414363, -0.3826200453147269309 ) ) ;
#3787 = DIRECTION ( 'NONE',  ( -0.000000000000000000, -1.000000000000000000, -0.000000000000000000 ) ) ;
#3788 = CARTESIAN_POINT ( 'NONE',  ( 0.01771653543307086937, -0.1117991203826377983, -0.5324027949232285062 ) ) ;
#3789 = VERTEX_POINT ( 'NONE', #7276 ) ;
#3790 = ORIENTED_EDGE ( 'NONE', *, *, #3803, .T. ) ;
#3791 = ORIENTED_EDGE ( 'NONE', *, *, #3807, .T. ) ;
#3792 = DIRECTION ( 'NONE',  ( 5.007192577233250420E-14, 0.9975640502598761561, 0.06975647374338200812 ) ) ;
#3793 = DIRECTION ( 'NONE',  ( 0.000000000000000000, 0.1564344650400289749, -0.9876883405951698558 ) ) ;
#3794 = B_SPLINE_SURFACE_WITH_KNOTS ( 'NONE', 3, 3, ( 
 ( #6562, #4829, #252, #821 ),
 ( #5554, #7139, #1350, #6073 ),
 ( #7173, #1997, #856, #6037 ),
 ( #5994, #778, #3184, #1386 ),
 ( #339, #292, #3146, #3106 ),
 ( #2077, #6109, #2655, #5506 ),
 ( #4986, #2610, #4902, #7255 ),
 ( #1504, #3831, #6681, #218 ),
 ( #4867, #2569, #2046, #6218 ) ),
 .UNSPECIFIED., .F., .F., .F.,
 ( 4, 1, 1, 1, 1, 1, 4 ),
 ( 4, 4 ),
 ( -0.008934195932471000398, 0.000000000000000000, 0.01923029690473999909, 0.5000000000005000445, 0.9807697030962999607, 1.000000000000000000, 1.008934195931999955 ),
 ( -0.04089543573483000322, 1.040773755060000028 ),
 .UNSPECIFIED. ) ;
#3795 = CARTESIAN_POINT ( 'NONE',  ( 0.1909448818897638289, -0.1043307086614173318, -0.3720472440944881942 ) ) ;
#3796 = ORIENTED_EDGE ( 'NONE', *, *, #5489, .T. ) ;
#3797 = VERTEX_POINT ( 'NONE', #6780 ) ;
#3798 = PLANE ( 'NONE',  #5322 ) ;
#3799 = CARTESIAN_POINT ( 'NONE',  ( 0.08858268035219213354, -0.2125984251968504046, -0.1633858267716535584 ) ) ;
#3800 = DIRECTION ( 'NONE',  ( 0.000000000000000000, 0.000000000000000000, 1.000000000000000000 ) ) ;
#3801 = CARTESIAN_POINT ( 'NONE',  ( 0.1377952755905511861, -0.2086614173228346636, -0.1633858267716535584 ) ) ;
#3802 = DIRECTION ( 'NONE',  ( 0.000000000000000000, 0.000000000000000000, 1.000000000000000000 ) ) ;
#3803 = EDGE_CURVE ( 'NONE', #2386, #5763, #3605, .T. ) ;
#3804 = CARTESIAN_POINT ( 'NONE',  ( -0.1641732283464567010, -0.09055118110236221041, -0.03614173228346456712 ) ) ;
#3805 = CARTESIAN_POINT ( 'NONE',  ( -0.07381096552417322487, -0.08826815905263779571, -0.2446786148330314936 ) ) ;
#3806 = LINE ( 'NONE', #3243, #4924 ) ;
#3807 = EDGE_CURVE ( 'NONE', #1, #6698, #2066, .T. ) ;
#3808 = LINE ( 'NONE', #2130, #77 ) ;
#3809 = VECTOR ( 'NONE', #4247, 39.37007874015748854 ) ;
#3810 = VERTEX_POINT ( 'NONE', #5643 ) ;
#3811 = VERTEX_POINT ( 'NONE', #430 ) ;
#3812 = CARTESIAN_POINT ( 'NONE',  ( -0.01771653543307086937, -0.1223097112862120139, -0.5366141732283559174 ) ) ;
#3813 = EDGE_CURVE ( 'NONE', #6202, #2253, #1782, .T. ) ;
#3814 = DIRECTION ( 'NONE',  ( -0.000000000000000000, -0.7999999999987648103, -0.6000000000016468826 ) ) ;
#3815 = VECTOR ( 'NONE', #5857, 39.37007874015748143 ) ;
#3816 = EDGE_CURVE ( 'NONE', #4401, #540, #359, .T. ) ;
#3817 = CARTESIAN_POINT ( 'NONE',  ( -0.007504561444332388462, -0.1043307086614173457, -0.4266377215736264494 ) ) ;
#3818 = CARTESIAN_POINT ( 'NONE',  ( 5.537923419994442072E-17, 0.000000000000000000, -0.3779527559055118613 ) ) ;
#3819 = ORIENTED_EDGE ( 'NONE', *, *, #132, .F. ) ;
#3820 = EDGE_CURVE ( 'NONE', #5016, #7350, #7003, .T. ) ;
#3821 = EDGE_LOOP ( 'NONE', ( #7050, #5623, #4425, #5805 ) ) ;
#3822 = ORIENTED_EDGE ( 'NONE', *, *, #1947, .F. ) ;
#3823 = CARTESIAN_POINT ( 'NONE',  ( 0.08543379916141731478, -0.2251720141450393731, -0.1126144196497244204 ) ) ;
#3824 = DIRECTION ( 'NONE',  ( 0.000000000000000000, -0.9876883405952928685, -0.1564344650392517910 ) ) ;
#3825 = VECTOR ( 'NONE', #4042, 39.37007874015748143 ) ;
#3826 = ORIENTED_EDGE ( 'NONE', *, *, #7472, .T. ) ;
#3827 = VECTOR ( 'NONE', #4422, 39.37007874015748143 ) ;
#3828 = ORIENTED_EDGE ( 'NONE', *, *, #6820, .T. ) ;
#3829 = VERTEX_POINT ( 'NONE', #6174 ) ;
#3830 = LINE ( 'NONE', #4252, #3709 ) ;
#3831 = CARTESIAN_POINT ( 'NONE',  ( 0.06604891939763779529, -0.1209933013884251923, -0.3474313521729527898 ) ) ;
#3832 = VECTOR ( 'NONE', #7065, 39.37007874015748143 ) ;
#3833 = LINE ( 'NONE', #7258, #1652 ) ;
#3834 = CIRCLE ( 'NONE', #3957, 0.009786342892249824330 ) ;
#3835 = ORIENTED_EDGE ( 'NONE', *, *, #602, .T. ) ;
#3836 = ORIENTED_EDGE ( 'NONE', *, *, #1575, .F. ) ;
#3837 = VECTOR ( 'NONE', #7024, 39.37007874015748143 ) ;
#3838 = DIRECTION ( 'NONE',  ( -1.000000000000000000, 0.000000000000000000, 0.000000000000000000 ) ) ;
#3839 = CARTESIAN_POINT ( 'NONE',  ( 0.07501883914817851495, -0.08196063188263856547, -0.2207089143520080121 ) ) ;
#3840 = VECTOR ( 'NONE', #6674, 39.37007874015748143 ) ;
#3841 = DIRECTION ( 'NONE',  ( -1.000000000000000000, 0.000000000000000000, 0.000000000000000000 ) ) ;
#3842 = CARTESIAN_POINT ( 'NONE',  ( 0.1574803149606299191, -0.2559055118110236671, -0.4704724409448819422 ) ) ;
#3843 = DIRECTION ( 'NONE',  ( -4.396483177515620531E-14, -0.8290375725550649388, -0.5591929034707121549 ) ) ;
#3844 = VECTOR ( 'NONE', #5847, 39.37007874015748143 ) ;
#3845 = DIRECTION ( 'NONE',  ( 1.000000000000000000, 0.000000000000000000, 0.000000000000000000 ) ) ;
#3846 = AXIS2_PLACEMENT_3D ( 'NONE', #5117, #7422, #4541 ) ;
#3847 = AXIS2_PLACEMENT_3D ( 'NONE', #5524, #5571, #7186 ) ;
#3848 = CARTESIAN_POINT ( 'NONE',  ( -0.07381096552417322487, -0.08234631060992125828, -0.2477429711013385827 ) ) ;
#3849 = FACE_BOUND ( 'NONE', #2935, .T. ) ;
#3850 = CYLINDRICAL_SURFACE ( 'NONE', #4210, 0.01574803149606296415 ) ;
#3851 = VERTEX_POINT ( 'NONE', #392 ) ;
#3852 = VECTOR ( 'NONE', #3493, 39.37007874015748143 ) ;
#3853 = ORIENTED_EDGE ( 'NONE', *, *, #5438, .T. ) ;
#3854 = DIRECTION ( 'NONE',  ( 0.000000000000000000, 0.000000000000000000, 1.000000000000000000 ) ) ;
#3855 = DIRECTION ( 'NONE',  ( -2.868529319312520260E-16, -3.252606517457149814E-16, 1.000000000000000000 ) ) ;
#3856 = VECTOR ( 'NONE', #1681, 39.37007874015748143 ) ;
#3857 = EDGE_CURVE ( 'NONE', #4899, #1253, #5041, .T. ) ;
#3858 = DIRECTION ( 'NONE',  ( -1.000000000000000000, 0.000000000000000000, 0.000000000000000000 ) ) ;
#3859 = CARTESIAN_POINT ( 'NONE',  ( -0.1259842519685039353, -0.09251968503937008093, -0.3905511811023621993 ) ) ;
#3860 = ORIENTED_EDGE ( 'NONE', *, *, #876, .F. ) ;
#3861 = EDGE_CURVE ( 'NONE', #3900, #6254, #4593, .T. ) ;
#3862 = EDGE_CURVE ( 'NONE', #2410, #1169, #5748, .T. ) ;
#3863 = EDGE_LOOP ( 'NONE', ( #6989, #2436, #361, #930 ) ) ;
#3864 = AXIS2_PLACEMENT_3D ( 'NONE', #4956, #3762, #5023 ) ;
#3865 = ORIENTED_EDGE ( 'NONE', *, *, #328, .F. ) ;
#3866 = DIRECTION ( 'NONE',  ( -1.000000000000000000, 0.000000000000000000, 0.000000000000000000 ) ) ;
#3867 = CARTESIAN_POINT ( 'NONE',  ( 0.07482851638854330634, -0.08142186981940945090, -0.2254934626482677229 ) ) ;
#3868 = EDGE_CURVE ( 'NONE', #5197, #6092, #4472, .T. ) ;
#3869 = LINE ( 'NONE', #2766, #557 ) ;
#3870 = ORIENTED_EDGE ( 'NONE', *, *, #4127, .F. ) ;
#3871 = ORIENTED_EDGE ( 'NONE', *, *, #1669, .T. ) ;
#3872 = ORIENTED_EDGE ( 'NONE', *, *, #7393, .F. ) ;
#3873 = PLANE ( 'NONE',  #2839 ) ;
#3874 = CARTESIAN_POINT ( 'NONE',  ( -0.08430230371511705789, -0.1800086952019177011, -0.09254676116947037345 ) ) ;
#3875 = EDGE_CURVE ( 'NONE', #6033, #5730, #4035, .T. ) ;
#3876 = EDGE_LOOP ( 'NONE', ( #6026, #2204 ) ) ;
#3877 = VERTEX_POINT ( 'NONE', #4727 ) ;
#3878 = CARTESIAN_POINT ( 'NONE',  ( 0.01771653543307086937, -0.1117991203826377983, -0.5452755905511811330 ) ) ;
#3879 = CARTESIAN_POINT ( 'NONE',  ( 0.03381587968971752622, -0.04412803984737540680, -0.3740157480314961758 ) ) ;
#3880 = CARTESIAN_POINT ( 'NONE',  ( 0.0006574303890526769821, -0.03336458022306031806, -0.5554910693024455171 ) ) ;
#3881 = CARTESIAN_POINT ( 'NONE',  ( -0.08742872657240158274, -0.08196063188263899568, -0.2207089143520086783 ) ) ;
#3882 = CYLINDRICAL_SURFACE ( 'NONE', #192, 0.02362204724409448092 ) ;
#3883 = CARTESIAN_POINT ( 'NONE',  ( -0.07382108702972441094, -0.08224219856413386709, -0.2475412744120866204 ) ) ;
#3884 = PLANE ( 'NONE',  #1752 ) ;
#3885 = DIRECTION ( 'NONE',  ( 1.000000000000000000, 0.000000000000000000, 0.000000000000000000 ) ) ;
#3886 = ORIENTED_EDGE ( 'NONE', *, *, #1668, .F. ) ;
#3887 = VERTEX_POINT ( 'NONE', #4114 ) ;
#3888 = LINE ( 'NONE', #2706, #3932 ) ;
#3889 = CARTESIAN_POINT ( 'NONE',  ( -0.1393700787401574992, -0.2585039370078739962, -0.4704724409448819422 ) ) ;
#3890 = CARTESIAN_POINT ( 'NONE',  ( -0.0006754837608417325499, -0.1003390190416513783, -0.3917322834645669549 ) ) ;
#3891 = CARTESIAN_POINT ( 'NONE',  ( -0.0008791436264359788096, 0.04461652296615238600, -0.5515072208990252633 ) ) ;
#3892 = VERTEX_POINT ( 'NONE', #6431 ) ;
#3893 = ORIENTED_EDGE ( 'NONE', *, *, #876, .T. ) ;
#3894 = ORIENTED_EDGE ( 'NONE', *, *, #1021, .F. ) ;
#3895 = LINE ( 'NONE', #3368, #1624 ) ;
#3896 = DIRECTION ( 'NONE',  ( 1.000000000000000000, 0.000000000000000000, 0.000000000000000000 ) ) ;
#3897 = EDGE_CURVE ( 'NONE', #4486, #7353, #4652, .T. ) ;
#3898 = CARTESIAN_POINT ( 'NONE',  ( -0.1412598425196850416, -0.2204724409448818867, -0.1572440942701968658 ) ) ;
#3899 = VERTEX_POINT ( 'NONE', #5259 ) ;
#3900 = VERTEX_POINT ( 'NONE', #4074 ) ;
#3901 = EDGE_CURVE ( 'NONE', #4163, #5224, #1789, .T. ) ;
#3902 = ORIENTED_EDGE ( 'NONE', *, *, #3906, .F. ) ;
#3903 = DIRECTION ( 'NONE',  ( 0.000000000000000000, 0.000000000000000000, 1.000000000000000000 ) ) ;
#3904 = DIRECTION ( 'NONE',  ( -0.000000000000000000, 1.000000000000000000, 0.000000000000000000 ) ) ;
#3905 = DIRECTION ( 'NONE',  ( 0.000000000000000000, 7.228014483236700500E-16, 1.000000000000000000 ) ) ;
#3906 = EDGE_CURVE ( 'NONE', #3851, #1437, #2883, .T. ) ;
#3907 = DIRECTION ( 'NONE',  ( 1.000000000000000000, 0.000000000000000000, 0.000000000000000000 ) ) ;
#3908 = ORIENTED_EDGE ( 'NONE', *, *, #2511, .F. ) ;
#3909 = CARTESIAN_POINT ( 'NONE',  ( -0.1412598425196850416, -0.2204724409448818867, -0.4704724409448819422 ) ) ;
#3910 = DIRECTION ( 'NONE',  ( 0.000000000000000000, 0.000000000000000000, 1.000000000000000000 ) ) ;
#3911 = EDGE_CURVE ( 'NONE', #7041, #295, #7493, .T. ) ;
#3912 = CARTESIAN_POINT ( 'NONE',  ( 0.0008791436264359738222, -0.04461652296615235824, -0.5515072208990251523 ) ) ;
#3913 = CARTESIAN_POINT ( 'NONE',  ( -0.08430230371511589216, -0.1758811614745252883, -0.08562472559561824792 ) ) ;
#3914 = DIRECTION ( 'NONE',  ( 0.000000000000000000, 0.000000000000000000, 1.000000000000000000 ) ) ;
#3915 = CARTESIAN_POINT ( 'NONE',  ( -0.06496062992125983815, -0.1043307086614173318, -0.4980314960629921295 ) ) ;
#3916 = DIRECTION ( 'NONE',  ( -1.000000000000000000, -0.000000000000000000, -0.000000000000000000 ) ) ;
#3917 = CARTESIAN_POINT ( 'NONE',  ( -0.06346456692913385322, -0.06346445265889764931, -0.4133858267716535861 ) ) ;
#3918 = CARTESIAN_POINT ( 'NONE',  ( -0.06670866202070865891, -0.1188470395316929135, -0.3399752821936220526 ) ) ;
#3919 = ORIENTED_EDGE ( 'NONE', *, *, #5383, .F. ) ;
#3920 = CARTESIAN_POINT ( 'NONE',  ( -9.555385852918408288E-08, -0.1060623818928213280, -0.3716969968089143816 ) ) ;
#3921 = VERTEX_POINT ( 'NONE', #3577 ) ;
#3922 = CARTESIAN_POINT ( 'NONE',  ( -0.1181102362204724532, -0.2270866141732283405, -0.4789763779527559939 ) ) ;
#3923 = CARTESIAN_POINT ( 'NONE',  ( 0.1791338582677165503, -0.3444881889763780070, -0.4212598425196850127 ) ) ;
#3924 = DIRECTION ( 'NONE',  ( 0.000000000000000000, 0.000000000000000000, 1.000000000000000000 ) ) ;
#3925 = ORIENTED_EDGE ( 'NONE', *, *, #5123, .T. ) ;
#3926 = ORIENTED_EDGE ( 'NONE', *, *, #385, .T. ) ;
#3927 = CARTESIAN_POINT ( 'NONE',  ( -0.1181102362204724532, -0.09055118110236221041, -0.3720472440944881942 ) ) ;
#3928 = DIRECTION ( 'NONE',  ( -0.000000000000000000, -1.000000000000000000, -0.000000000000000000 ) ) ;
#3929 = AXIS2_PLACEMENT_3D ( 'NONE', #940, #3714, #4328 ) ;
#3930 = CARTESIAN_POINT ( 'NONE',  ( -0.1637795275590551158, -0.2559055118110236671, -0.5334645669291339098 ) ) ;
#3931 = VERTEX_POINT ( 'NONE', #5294 ) ;
#3932 = VECTOR ( 'NONE', #6204, 39.37007874015748143 ) ;
#3933 = VERTEX_POINT ( 'NONE', #6397 ) ;
#3934 = EDGE_CURVE ( 'NONE', #6209, #6013, #5229, .T. ) ;
#3935 = ORIENTED_EDGE ( 'NONE', *, *, #9, .T. ) ;
#3936 = DIRECTION ( 'NONE',  ( -0.000000000000000000, -1.000000000000000000, -0.000000000000000000 ) ) ;
#3937 = DIRECTION ( 'NONE',  ( 0.000000000000000000, 0.000000000000000000, 1.000000000000000000 ) ) ;
#3938 = DIRECTION ( 'NONE',  ( 0.000000000000000000, -0.7999999999928907313, 0.6000000000094788399 ) ) ;
#3939 = AXIS2_PLACEMENT_3D ( 'NONE', #5350, #5839, #3260 ) ;
#3940 = VECTOR ( 'NONE', #4679, 39.37007874015748143 ) ;
#3941 = ADVANCED_FACE ( 'NONE', ( #4006 ), #80, .F. ) ;
#3942 = LINE ( 'NONE', #4635, #2266 ) ;
#3943 = ORIENTED_EDGE ( 'NONE', *, *, #6639, .T. ) ;
#3944 = ORIENTED_EDGE ( 'NONE', *, *, #5530, .F. ) ;
#3945 = LINE ( 'NONE', #3338, #905 ) ;
#3946 = EDGE_CURVE ( 'NONE', #5730, #6209, #2396, .T. ) ;
#3947 = DIRECTION ( 'NONE',  ( 0.000000000000000000, 0.1564344650400270043, -0.9876883405951700778 ) ) ;
#3948 = AXIS2_PLACEMENT_3D ( 'NONE', #3549, #586, #7505 ) ;
#3949 = DIRECTION ( 'NONE',  ( -0.000000000000000000, -0.000000000000000000, -1.000000000000000000 ) ) ;
#3950 = EDGE_CURVE ( 'NONE', #3217, #6192, #4449, .T. ) ;
#3951 = DIRECTION ( 'NONE',  ( -0.000000000000000000, 1.000000000000000000, 0.000000000000000000 ) ) ;
#3952 =( BOUNDED_CURVE ( )  B_SPLINE_CURVE ( 3, ( #414, #3344, #5707, #4998 ),
 .UNSPECIFIED., .F., .F. ) 
 B_SPLINE_CURVE_WITH_KNOTS ( ( 4, 4 ),
 ( 0.03877785518529244801, 0.9612278540064845833 ),
 .UNSPECIFIED. ) 
 CURVE ( )  GEOMETRIC_REPRESENTATION_ITEM ( )  RATIONAL_B_SPLINE_CURVE ( ( 0.9642809449701263969, 0.6924780141204094353, 0.6924796963629853419, 0.9642859916978535617 ) ) 
 REPRESENTATION_ITEM ( '' )  );
#3953 = EDGE_CURVE ( 'NONE', #5836, #626, #7499, .T. ) ;
#3954 = CIRCLE ( 'NONE', #3346, 0.02362204724409448786 ) ;
#3955 = VECTOR ( 'NONE', #4628, 39.37007874015748143 ) ;
#3956 = CARTESIAN_POINT ( 'NONE',  ( -0.08442041395133859094, -0.1851039133653543667, -0.09153312634342521126 ) ) ;
#3957 = AXIS2_PLACEMENT_3D ( 'NONE', #1264, #6968, #129 ) ;
#3958 = DIRECTION ( 'NONE',  ( -1.000000000000000000, -0.000000000000000000, -0.000000000000000000 ) ) ;
#3959 = CARTESIAN_POINT ( 'NONE',  ( -0.06911810963283465670, -0.1150819857800393642, -0.3147827192952362130 ) ) ;
#3960 = ORIENTED_EDGE ( 'NONE', *, *, #2262, .F. ) ;
#3961 = LINE ( 'NONE', #6350, #6866 ) ;
#3962 = ORIENTED_EDGE ( 'NONE', *, *, #6489, .F. ) ;
#3963 = LINE ( 'NONE', #5607, #3687 ) ;
#3964 = AXIS2_PLACEMENT_3D ( 'NONE', #6815, #3364, #6892 ) ;
#3965 = AXIS2_PLACEMENT_3D ( 'NONE', #1987, #2598, #4895 ) ;
#3966 = CARTESIAN_POINT ( 'NONE',  ( -0.0006754837608417303815, -0.09032622188566928612, -0.4549505966740157170 ) ) ;
#3967 = AXIS2_PLACEMENT_3D ( 'NONE', #5928, #6039, #2000 ) ;
#3968 = CARTESIAN_POINT ( 'NONE',  ( -0.004261177996437238817, -0.1043307086614173457, -0.4168640244162415409 ) ) ;
#3969 = VECTOR ( 'NONE', #2397, 39.37007874015748143 ) ;
#3970 = LINE ( 'NONE', #6741, #4823 ) ;
#3971 = VECTOR ( 'NONE', #6804, 39.37007874015748143 ) ;
#3972 = ORIENTED_EDGE ( 'NONE', *, *, #1293, .F. ) ;
#3973 = ORIENTED_EDGE ( 'NONE', *, *, #5169, .T. ) ;
#3974 = CARTESIAN_POINT ( 'NONE',  ( 0.08551175068393701562, -0.2180908393425984304, -0.1164683399078346726 ) ) ;
#3975 = CARTESIAN_POINT ( 'NONE',  ( 0.1574803149606299191, -0.2596850393700787518, -0.5669291338582678197 ) ) ;
#3976 = CIRCLE ( 'NONE', #4213, 0.04921259842519682542 ) ;
#3977 = DIRECTION ( 'NONE',  ( -0.000000000000000000, -0.000000000000000000, -1.000000000000000000 ) ) ;
#3978 = ORIENTED_EDGE ( 'NONE', *, *, #373, .F. ) ;
#3979 = VECTOR ( 'NONE', #5086, 39.37007874015748143 ) ;
#3980 = VERTEX_POINT ( 'NONE', #1142 ) ;
#3981 = ORIENTED_EDGE ( 'NONE', *, *, #1152, .T. ) ;
#3982 = DIRECTION ( 'NONE',  ( 0.000000000000000000, 1.000000000000000000, 0.000000000000000000 ) ) ;
#3983 = CARTESIAN_POINT ( 'NONE',  ( 0.1782271263365354241, -0.1043307086614173318, -0.3720472440944881942 ) ) ;
#3984 = PLANE ( 'NONE',  #52 ) ;
#3985 = DIRECTION ( 'NONE',  ( 0.000000000000000000, 3.469446951953615175E-16, 1.000000000000000000 ) ) ;
#3986 = ORIENTED_EDGE ( 'NONE', *, *, #2288, .F. ) ;
#3987 = ORIENTED_EDGE ( 'NONE', *, *, #2090, .T. ) ;
#3988 = CARTESIAN_POINT ( 'NONE',  ( -0.1181102362204724532, -0.1259842519685039353, -0.4704724409448819422 ) ) ;
#3989 = CARTESIAN_POINT ( 'NONE',  ( -0.04921259842519685318, -0.3468897637795275712, -0.3081483861790551004 ) ) ;
#3990 = DIRECTION ( 'NONE',  ( 0.000000000000000000, 0.000000000000000000, -1.000000000000000000 ) ) ;
#3991 = DIRECTION ( 'NONE',  ( 1.000000000000000000, 0.000000000000000000, 0.000000000000000000 ) ) ;
#3992 = EDGE_CURVE ( 'NONE', #54, #5836, #1156, .T. ) ;
#3993 = EDGE_CURVE ( 'NONE', #479, #5942, #612, .T. ) ;
#3994 = CARTESIAN_POINT ( 'NONE',  ( -0.08495191001433072264, -0.2126830326192913345, -0.08710573437999999391 ) ) ;
#3995 = CARTESIAN_POINT ( 'NONE',  ( -0.01178400943383923517, -0.1170224453983016444, -0.3788229916802520747 ) ) ;
#3996 = ADVANCED_FACE ( 'NONE', ( #4688 ), #6324, .T. ) ;
#3997 = CARTESIAN_POINT ( 'NONE',  ( -0.06603794512047245213, -0.1209719853527952832, -0.3475518150600393485 ) ) ;
#3998 = ORIENTED_EDGE ( 'NONE', *, *, #2037, .F. ) ;
#3999 = CARTESIAN_POINT ( 'NONE',  ( 0.01486814380519469424, -0.1043307086614173596, -0.4046000646231169284 ) ) ;
#4000 = ORIENTED_EDGE ( 'NONE', *, *, #4781, .F. ) ;
#4001 = EDGE_CURVE ( 'NONE', #3892, #2034, #10, .T. ) ;
#4002 =( BOUNDED_CURVE ( )  B_SPLINE_CURVE ( 3, ( #2521, #4854, #3050, #1366 ),
 .UNSPECIFIED., .F., .F. ) 
 B_SPLINE_CURVE_WITH_KNOTS ( ( 4, 4 ),
 ( 0.06496702746304870713, 0.9350259221201205895 ),
 .UNSPECIFIED. ) 
 CURVE ( )  GEOMETRIC_REPRESENTATION_ITEM ( )  RATIONAL_B_SPLINE_CURVE ( ( 0.9989744782359200048, 0.9947145279944532570, 0.9947144934747423894, 0.9989743746767875132 ) ) 
 REPRESENTATION_ITEM ( '' )  );
#4003 = CARTESIAN_POINT ( 'NONE',  ( 0.003605085228961082792, -0.05730118883755971199, -0.5452755905511719181 ) ) ;
#4004 = CARTESIAN_POINT ( 'NONE',  ( -6.750021727583838753E-18, 0.05511811023622047168, -0.3740157480314960647 ) ) ;
#4005 = EDGE_CURVE ( 'NONE', #4753, #4865, #434, .T. ) ;
#4006 = FACE_OUTER_BOUND ( 'NONE', #892, .T. ) ;
#4007 = CARTESIAN_POINT ( 'NONE',  ( 0.000000000000000000, -0.05511811023622047168, -0.3740157480314960647 ) ) ;
#4008 = ORIENTED_EDGE ( 'NONE', *, *, #2698, .T. ) ;
#4009 = ORIENTED_EDGE ( 'NONE', *, *, #2583, .F. ) ;
#4010 = EDGE_CURVE ( 'NONE', #7086, #4152, #999, .T. ) ;
#4011 = CARTESIAN_POINT ( 'NONE',  ( 0.08404718683826770120, -0.1647761659589764005, -0.09605701718515748111 ) ) ;
#4012 = CARTESIAN_POINT ( 'NONE',  ( 0.07504920018594488096, -0.08965478462271654625, -0.2252940358807480337 ) ) ;
#4013 = CARTESIAN_POINT ( 'NONE',  ( 0.05708661417322834220, -0.2086614173228346636, -0.4704724409448819422 ) ) ;
#4014 = EDGE_LOOP ( 'NONE', ( #323, #2809, #713, #1419 ) ) ;
#4015 = VERTEX_POINT ( 'NONE', #4186 ) ;
#4016 = ORIENTED_EDGE ( 'NONE', *, *, #6446, .F. ) ;
#4017 = FACE_OUTER_BOUND ( 'NONE', #7392, .T. ) ;
#4018 = CARTESIAN_POINT ( 'NONE',  ( -0.1771653543307086798, 0.000000000000000000, -0.1377952755905511861 ) ) ;
#4019 = DIRECTION ( 'NONE',  ( -1.000000000000000000, 0.000000000000000000, 0.000000000000000000 ) ) ;
#4020 = LINE ( 'NONE', #2724, #7372 ) ;
#4021 = VERTEX_POINT ( 'NONE', #2468 ) ;
#4022 = ORIENTED_EDGE ( 'NONE', *, *, #1018, .F. ) ;
#4023 = DIRECTION ( 'NONE',  ( -0.000000000000000000, -0.000000000000000000, -1.000000000000000000 ) ) ;
#4024 = DIRECTION ( 'NONE',  ( -0.000000000000000000, -0.000000000000000000, -1.000000000000000000 ) ) ;
#4025 = DIRECTION ( 'NONE',  ( 0.000000000000000000, 0.000000000000000000, -1.000000000000000000 ) ) ;
#4026 = CARTESIAN_POINT ( 'NONE',  ( 0.000000000000000000, 0.000000000000000000, -0.5374015748031496509 ) ) ;
#4027 = ORIENTED_EDGE ( 'NONE', *, *, #5759, .T. ) ;
#4028 = CARTESIAN_POINT ( 'NONE',  ( -0.1181102362204724532, -0.09055118110236221041, -0.04527559055118110520 ) ) ;
#4029 = CARTESIAN_POINT ( 'NONE',  ( -0.1771653543307086798, 0.1771653543307086798, -0.09842519685039370636 ) ) ;
#4030 = ORIENTED_EDGE ( 'NONE', *, *, #7398, .T. ) ;
#4031 = EDGE_CURVE ( 'NONE', #7318, #7164, #2513, .T. ) ;
#4032 = FACE_BOUND ( 'NONE', #1832, .T. ) ;
#4033 = CARTESIAN_POINT ( 'NONE',  ( -0.09495168266082014419, -0.05518568949611791369, -0.5499179289028368611 ) ) ;
#4034 = CARTESIAN_POINT ( 'NONE',  ( -0.05370976973293443285, -0.01435472936686100522, -0.3740157480314961203 ) ) ;
#4035 = LINE ( 'NONE', #5192, #3002 ) ;
#4036 = EDGE_CURVE ( 'NONE', #4047, #4362, #1360, .T. ) ;
#4037 = CARTESIAN_POINT ( 'NONE',  ( 0.000000000000000000, 0.000000000000000000, -0.4763779527559054983 ) ) ;
#4038 = ORIENTED_EDGE ( 'NONE', *, *, #2829, .F. ) ;
#4039 = ADVANCED_FACE ( 'NONE', ( #1936 ), #4801, .F. ) ;
#4040 = EDGE_LOOP ( 'NONE', ( #2169, #2767, #3908, #2747, #3935 ) ) ;
#4041 = CARTESIAN_POINT ( 'NONE',  ( 0.000000000000000000, -0.3444881889763780070, -0.2992125984251968740 ) ) ;
#4042 = DIRECTION ( 'NONE',  ( -0.000000000000000000, -0.9876883405472418609, -0.1564344653426334719 ) ) ;
#4043 = ADVANCED_FACE ( 'NONE', ( #231 ), #1324, .T. ) ;
#4044 = EDGE_CURVE ( 'NONE', #326, #1144, #5660, .T. ) ;
#4045 = CYLINDRICAL_SURFACE ( 'NONE', #3589, 0.05905511811025177665 ) ;
#4046 = ORIENTED_EDGE ( 'NONE', *, *, #2144, .T. ) ;
#4047 = VERTEX_POINT ( 'NONE', #7112 ) ;
#4048 = ORIENTED_EDGE ( 'NONE', *, *, #1907, .T. ) ;
#4049 = CARTESIAN_POINT ( 'NONE',  ( -0.0006218675119328361976, -0.1095249557826846326, -0.3840698260276708131 ) ) ;
#4050 = VECTOR ( 'NONE', #2221, 39.37007874015748143 ) ;
#4051 = CARTESIAN_POINT ( 'NONE',  ( 0.01586030217804025588, -0.1043307086614173318, -0.4122881138679117541 ) ) ;
#4052 = CARTESIAN_POINT ( 'NONE',  ( -0.09188031495114172553, -0.2160298669794094850, -0.1139014730268110426 ) ) ;
#4053 = VECTOR ( 'NONE', #4354, 39.37007874015748143 ) ;
#4054 = DIRECTION ( 'NONE',  ( -1.000000000000000000, 0.000000000000000000, 0.000000000000000000 ) ) ;
#4055 = ORIENTED_EDGE ( 'NONE', *, *, #4649, .T. ) ;
#4056 = ORIENTED_EDGE ( 'NONE', *, *, #6545, .T. ) ;
#4057 = CYLINDRICAL_SURFACE ( 'NONE', #2512, 0.02362204724409448786 ) ;
#4058 = DIRECTION ( 'NONE',  ( 0.000000000000000000, 0.000000000000000000, -1.000000000000000000 ) ) ;
#4059 = CARTESIAN_POINT ( 'NONE',  ( 0.08850553230570865071, -0.2215341193379921358, -0.1633202341868110474 ) ) ;
#4060 = CIRCLE ( 'NONE', #5762, 0.01181102362204724046 ) ;
#4061 = LINE ( 'NONE', #5881, #1889 ) ;
#4062 = LINE ( 'NONE', #7445, #3708 ) ;
#4063 = CIRCLE ( 'NONE', #780, 0.003937007874015758385 ) ;
#4064 = EDGE_LOOP ( 'NONE', ( #6191, #2586, #7127, #207 ) ) ;
#4065 = CARTESIAN_POINT ( 'NONE',  ( 0.006930094188338482321, -0.1177962144816774581, -0.3739376059580726830 ) ) ;
#4066 = AXIS2_PLACEMENT_3D ( 'NONE', #4378, #4527, #2693 ) ;
#4067 = DIRECTION ( 'NONE',  ( 0.000000000000000000, 0.000000000000000000, 1.000000000000000000 ) ) ;
#4068 = ORIENTED_EDGE ( 'NONE', *, *, #1236, .F. ) ;
#4069 = FACE_OUTER_BOUND ( 'NONE', #2632, .T. ) ;
#4070 = LINE ( 'NONE', #3509, #5400 ) ;
#4071 = LINE ( 'NONE', #7032, #4072 ) ;
#4072 = VECTOR ( 'NONE', #534, 39.37007874015748143 ) ;
#4073 = TOROIDAL_SURFACE ( 'NONE', #3471, 0.04724409448818793489, 0.007874015748030588693 ) ;
#4074 = CARTESIAN_POINT ( 'NONE',  ( -0.04921259842519685318, -0.2204724409448818867, -0.2696850393700788162 ) ) ;
#4075 = CARTESIAN_POINT ( 'NONE',  ( -0.1771653543307086798, 0.1771653543307086798, -0.03937007874015747977 ) ) ;
#4076 = ORIENTED_EDGE ( 'NONE', *, *, #5, .T. ) ;
#4077 = AXIS2_PLACEMENT_3D ( 'NONE', #618, #1797, #4121 ) ;
#4078 = AXIS2_PLACEMENT_3D ( 'NONE', #6004, #4181, #5892 ) ;
#4079 = ORIENTED_EDGE ( 'NONE', *, *, #6693, .F. ) ;
#4080 = CARTESIAN_POINT ( 'NONE',  ( 0.08424324859700786650, -0.1784897389754330765, -0.09503150719338582242 ) ) ;
#4081 = ADVANCED_FACE ( 'NONE', ( #5406 ), #3044, .T. ) ;
#4082 = CARTESIAN_POINT ( 'NONE',  ( 0.07381096552417322487, -0.07938538638858268215, -0.2492751492354724485 ) ) ;
#4083 = VECTOR ( 'NONE', #6065, 39.37007874015748143 ) ;
#4084 = CIRCLE ( 'NONE', #5070, 0.02362204724409448092 ) ;
#4085 = EDGE_CURVE ( 'NONE', #1408, #6711, #1404, .T. ) ;
#4086 = VECTOR ( 'NONE', #6082, 39.37007874015748143 ) ;
#4087 = EDGE_CURVE ( 'NONE', #2852, #4278, #686, .T. ) ;
#4088 = PLANE ( 'NONE',  #4077 ) ;
#4089 = VERTEX_POINT ( 'NONE', #6008 ) ;
#4090 = VERTEX_POINT ( 'NONE', #6503 ) ;
#4091 = EDGE_CURVE ( 'NONE', #3437, #2281, #2155, .T. ) ;
#4092 = ORIENTED_EDGE ( 'NONE', *, *, #3494, .T. ) ;
#4093 = FACE_OUTER_BOUND ( 'NONE', #1296, .T. ) ;
#4094 = CARTESIAN_POINT ( 'NONE',  ( 0.0007025108514984252034, -0.1042257985499999984, -0.4175264007913385700 ) ) ;
#4095 = ADVANCED_FACE ( 'NONE', ( #835 ), #6612, .F. ) ;
#4096 = FACE_OUTER_BOUND ( 'NONE', #1087, .T. ) ;
#4097 = AXIS2_PLACEMENT_3D ( 'NONE', #2591, #7234, #3780 ) ;
#4098 = ORIENTED_EDGE ( 'NONE', *, *, #3028, .T. ) ;
#4099 = ORIENTED_EDGE ( 'NONE', *, *, #5597, .T. ) ;
#4100 = DIRECTION ( 'NONE',  ( 0.000000000000000000, 0.000000000000000000, -1.000000000000000000 ) ) ;
#4101 = CARTESIAN_POINT ( 'NONE',  ( -0.01641316520703684639, -0.1106765348866200066, -0.3751494549966413738 ) ) ;
#4102 = DIRECTION ( 'NONE',  ( 0.000000000000000000, 1.000000000000000000, 0.000000000000000000 ) ) ;
#4103 = CIRCLE ( 'NONE', #41, 0.05905511811023622659 ) ;
#4104 = ADVANCED_FACE ( 'NONE', ( #194 ), #2642, .T. ) ;
#4105 = CYLINDRICAL_SURFACE ( 'NONE', #5672, 0.03937007874015747977 ) ;
#4106 = LINE ( 'NONE', #2923, #6980 ) ;
#4107 = ORIENTED_EDGE ( 'NONE', *, *, #1396, .T. ) ;
#4108 = DIRECTION ( 'NONE',  ( 0.000000000000000000, -1.000000000000000000, 0.000000000000000000 ) ) ;
#4109 = LINE ( 'NONE', #1210, #2634 ) ;
#4110 = VERTEX_POINT ( 'NONE', #2701 ) ;
#4111 = CARTESIAN_POINT ( 'NONE',  ( -0.1170484642146456811, -0.2086614173228346636, -0.1633858267716535584 ) ) ;
#4112 = CARTESIAN_POINT ( 'NONE',  ( 0.03937007874013378345, 0.06819097667594488377, -0.5452755905511811330 ) ) ;
#4113 = DIRECTION ( 'NONE',  ( 0.000000000000000000, -0.1564344650308109319, 0.9876883405966296881 ) ) ;
#4114 = CARTESIAN_POINT ( 'NONE',  ( 0.08548340607730380014, -0.2238106365497740391, -0.1155099221821475619 ) ) ;
#4115 = DIRECTION ( 'NONE',  ( 0.05915751379051039510, 0.000000000000000000, 0.9982486606863669731 ) ) ;
#4116 = CARTESIAN_POINT ( 'NONE',  ( 0.1909448818897638289, -0.09854330708661417082, -0.4704724409448819422 ) ) ;
#4117 = ORIENTED_EDGE ( 'NONE', *, *, #5396, .F. ) ;
#4118 = ORIENTED_EDGE ( 'NONE', *, *, #2325, .T. ) ;
#4119 = CARTESIAN_POINT ( 'NONE',  ( 0.08477474465999999820, -0.2031821453090157381, -0.08197396706393700327 ) ) ;
#4120 = CARTESIAN_POINT ( 'NONE',  ( 0.04133858267710924239, 5.062516295681005228E-18, -0.5426097466751969023 ) ) ;
#4121 = DIRECTION ( 'NONE',  ( 1.000000000000000000, 0.000000000000000000, 0.000000000000000000 ) ) ;
#4122 = ORIENTED_EDGE ( 'NONE', *, *, #1807, .F. ) ;
#4123 = ORIENTED_EDGE ( 'NONE', *, *, #1754, .F. ) ;
#4124 = ORIENTED_EDGE ( 'NONE', *, *, #745, .F. ) ;
#4125 = CARTESIAN_POINT ( 'NONE',  ( 0.007488586480663182200, -0.1109398193200963612, -0.3847960858202811862 ) ) ;
#4126 = DIRECTION ( 'NONE',  ( -1.000000000000000000, 0.000000000000000000, 0.000000000000000000 ) ) ;
#4127 = EDGE_CURVE ( 'NONE', #5127, #4391, #3100, .T. ) ;
#4128 = LINE ( 'NONE', #1765, #7455 ) ;
#4129 = VERTEX_POINT ( 'NONE', #4387 ) ;
#4130 = ADVANCED_FACE ( 'NONE', ( #6166, #953, #6199, #7334 ), #3278, .F. ) ;
#4131 = ORIENTED_EDGE ( 'NONE', *, *, #4237, .T. ) ;
#4132 = CARTESIAN_POINT ( 'NONE',  ( -0.1771653543307086798, 0.1787401574803149651, -0.09842519685039370636 ) ) ;
#4133 = DIRECTION ( 'NONE',  ( 0.000000000000000000, 5.421010862427518472E-17, -1.000000000000000000 ) ) ;
#4134 = EDGE_CURVE ( 'NONE', #2785, #17, #1880, .T. ) ;
#4135 = DIRECTION ( 'NONE',  ( -1.000000000000000000, -7.046004176653944864E-47, -8.260587980854568443E-16 ) ) ;
#4136 = B_SPLINE_CURVE_WITH_KNOTS ( 'NONE', 3,
 ( #4215, #1171, #4288, #4947 ),
 .UNSPECIFIED., .F., .F.,
 ( 4, 4 ),
 ( 0.000000000000000000, 1.000000000000000000 ),
 .UNSPECIFIED. ) ;
#4137 = ADVANCED_FACE ( 'NONE', ( #384 ), #1426, .T. ) ;
#4138 = DIRECTION ( 'NONE',  ( -7.719519467873424027E-14, -0.9876883406407942489, -0.1564344647519676224 ) ) ;
#4139 = EDGE_CURVE ( 'NONE', #553, #6335, #4106, .T. ) ;
#4140 = ORIENTED_EDGE ( 'NONE', *, *, #5255, .F. ) ;
#4141 = DIRECTION ( 'NONE',  ( 0.000000000000000000, 0.000000000000000000, -1.000000000000000000 ) ) ;
#4142 = LINE ( 'NONE', #1894, #83 ) ;
#4143 = ORIENTED_EDGE ( 'NONE', *, *, #2544, .T. ) ;
#4144 = CARTESIAN_POINT ( 'NONE',  ( 0.000000000000000000, 0.000000000000000000, -0.5515072208990252633 ) ) ;
#4145 = CARTESIAN_POINT ( 'NONE',  ( -0.01771653543307086937, -0.1377952755905511861, -0.5334645669291339098 ) ) ;
#4146 = LINE ( 'NONE', #6462, #3451 ) ;
#4147 = CARTESIAN_POINT ( 'NONE',  ( 0.04412803984736896751, 0.03381587968972169650, -0.3740157480314961203 ) ) ;
#4148 = CARTESIAN_POINT ( 'NONE',  ( 0.1574803149606299191, -0.2596850393700787518, -0.5334645669291339098 ) ) ;
#4149 = CARTESIAN_POINT ( 'NONE',  ( 0.000000000000000000, 0.000000000000000000, -0.5426097466751969023 ) ) ;
#4150 = DIRECTION ( 'NONE',  ( -0.05989229072793463698, 0.5581890657945443035, -0.8275493219976524095 ) ) ;
#4151 = ORIENTED_EDGE ( 'NONE', *, *, #1061, .F. ) ;
#4152 = VERTEX_POINT ( 'NONE', #6942 ) ;
#4153 = CARTESIAN_POINT ( 'NONE',  ( -0.1161417322834645688, -0.1043307086614173318, -0.4606299212598425896 ) ) ;
#4154 = CARTESIAN_POINT ( 'NONE',  ( 0.05905511811023622659, -0.2559055118110236671, -0.4737007874015748410 ) ) ;
#4155 = DIRECTION ( 'NONE',  ( -4.396483177515620531E-14, -0.8290375725550649388, -0.5591929034707121549 ) ) ;
#4156 = ORIENTED_EDGE ( 'NONE', *, *, #1957, .F. ) ;
#4157 = ORIENTED_EDGE ( 'NONE', *, *, #5987, .T. ) ;
#4158 = ORIENTED_EDGE ( 'NONE', *, *, #2921, .F. ) ;
#4159 = DIRECTION ( 'NONE',  ( 0.000000000000000000, 1.000000000000000000, -1.445602896647339706E-15 ) ) ;
#4160 = CARTESIAN_POINT ( 'NONE',  ( 0.08465663442377178993, -0.1961483987752771219, -0.08129565439382906156 ) ) ;
#4161 = DIRECTION ( 'NONE',  ( -2.244975039200625386E-13, -0.8987940462991931279, 0.4383711467890235580 ) ) ;
#4162 = EDGE_CURVE ( 'NONE', #5612, #3980, #2731, .T. ) ;
#4163 = VERTEX_POINT ( 'NONE', #2385 ) ;
#4164 = ORIENTED_EDGE ( 'NONE', *, *, #1566, .T. ) ;
#4165 = CARTESIAN_POINT ( 'NONE',  ( -0.05905511811023622659, -0.4029385161165355278, -0.5452755905511811330 ) ) ;
#4166 = CARTESIAN_POINT ( 'NONE',  ( 0.08834173016496062181, -0.2182174251384645658, -0.1629441492149606430 ) ) ;
#4167 = LINE ( 'NONE', #1432, #2378 ) ;
#4168 = EDGE_CURVE ( 'NONE', #495, #5411, #4062, .T. ) ;
#4169 = VECTOR ( 'NONE', #4439, 39.37007874015748143 ) ;
#4170 = EDGE_CURVE ( 'NONE', #3877, #3465, #7025, .T. ) ;
#4171 = CARTESIAN_POINT ( 'NONE',  ( -0.05905511811023622659, -0.2559055118110236671, -0.3090551181102362266 ) ) ;
#4172 = ADVANCED_FACE ( 'NONE', ( #1098 ), #3503, .T. ) ;
#4173 = VERTEX_POINT ( 'NONE', #4612 ) ;
#4174 = CARTESIAN_POINT ( 'NONE',  ( -0.01586031317334974516, -0.1043307086614173318, -0.4122881990708315292 ) ) ;
#4175 = CARTESIAN_POINT ( 'NONE',  ( 0.1377952755905511861, -0.08787401574803149762, -0.04527559055118110520 ) ) ;
#4176 = AXIS2_PLACEMENT_3D ( 'NONE', #2267, #2222, #1124 ) ;
#4177 = EDGE_LOOP ( 'NONE', ( #2343, #4942, #4476, #801 ) ) ;
#4178 = LINE ( 'NONE', #186, #1898 ) ;
#4179 = EDGE_CURVE ( 'NONE', #1390, #5380, #6619, .T. ) ;
#4180 = VECTOR ( 'NONE', #310, 39.37007874015748143 ) ;
#4181 = DIRECTION ( 'NONE',  ( 0.000000000000000000, 0.000000000000000000, 1.000000000000000000 ) ) ;
#4182 =( LENGTH_UNIT ( ) NAMED_UNIT ( * ) SI_UNIT ( $, .METRE. ) );
#4183 = LINE ( 'NONE', #3159, #5896 ) ;
#4184 = EDGE_CURVE ( 'NONE', #1169, #6105, #3470, .T. ) ;
#4185 = AXIS2_PLACEMENT_3D ( 'NONE', #2361, #3516, #6928 ) ;
#4186 = CARTESIAN_POINT ( 'NONE',  ( 0.01771653543307086937, -0.1377952755905511861, -0.5570866141732283561 ) ) ;
#4187 = VECTOR ( 'NONE', #6194, 39.37007874015748143 ) ;
#4188 = LINE ( 'NONE', #1973, #4802 ) ;
#4189 = LINE ( 'NONE', #4116, #4700 ) ;
#4190 = VERTEX_POINT ( 'NONE', #2999 ) ;
#4191 = ORIENTED_EDGE ( 'NONE', *, *, #6502, .F. ) ;
#4192 = VECTOR ( 'NONE', #4417, 39.37007874015748854 ) ;
#4193 = DIRECTION ( 'NONE',  ( 1.000000000000000000, 0.000000000000000000, 0.000000000000000000 ) ) ;
#4194 = VECTOR ( 'NONE', #3936, 39.37007874015748143 ) ;
#4195 = CARTESIAN_POINT ( 'NONE',  ( 0.07380737226952756302, -0.08533962981692913563, -0.2462728006626772048 ) ) ;
#4196 = CIRCLE ( 'NONE', #5181, 0.03937007874015747977 ) ;
#4197 = CARTESIAN_POINT ( 'NONE',  ( -0.1574803149606299191, -0.09055118110236221041, -0.03614173228346456712 ) ) ;
#4198 = VECTOR ( 'NONE', #2510, 39.37007874015748143 ) ;
#4199 = AXIS2_PLACEMENT_3D ( 'NONE', #3722, #3112, #7141 ) ;
#4200 = DIRECTION ( 'NONE',  ( 0.000000000000000000, 0.000000000000000000, -1.000000000000000000 ) ) ;
#4201 = EDGE_LOOP ( 'NONE', ( #2898, #2437, #883, #7290 ) ) ;
#4202 = VECTOR ( 'NONE', #6570, 39.37007874015748143 ) ;
#4203 = ORIENTED_EDGE ( 'NONE', *, *, #3759, .T. ) ;
#4204 = CARTESIAN_POINT ( 'NONE',  ( -0.009786360794810058938, -0.1013937567264791423, -0.4628621206068031513 ) ) ;
#4205 = VERTEX_POINT ( 'NONE', #674 ) ;
#4206 = CARTESIAN_POINT ( 'NONE',  ( 0.004269044207504788142, -0.1098314983320045485, -0.3820164731761937493 ) ) ;
#4207 = LINE ( 'NONE', #3025, #5387 ) ;
#4208 = VECTOR ( 'NONE', #5738, 39.37007874015748143 ) ;
#4209 = CARTESIAN_POINT ( 'NONE',  ( -0.1412598425196850416, -0.2125984251968504046, -0.2952755905511810774 ) ) ;
#4210 = AXIS2_PLACEMENT_3D ( 'NONE', #420, #2093, #3197 ) ;
#4211 = ORIENTED_EDGE ( 'NONE', *, *, #1149, .T. ) ;
#4212 = ORIENTED_EDGE ( 'NONE', *, *, #6372, .F. ) ;
#4213 = AXIS2_PLACEMENT_3D ( 'NONE', #2695, #5025, #259 ) ;
#4214 = CARTESIAN_POINT ( 'NONE',  ( -0.07679124625744095101, -0.07943140180173227649, -0.2469566970924803040 ) ) ;
#4215 = CARTESIAN_POINT ( 'NONE',  ( 0.06968503937008610483, -0.1174557066606737310, -0.3069560909086816447 ) ) ;
#4216 = VECTOR ( 'NONE', #6703, 39.37007874015748143 ) ;
#4217 = DIRECTION ( 'NONE',  ( 0.000000000000000000, 0.000000000000000000, 1.000000000000000000 ) ) ;
#4218 = CARTESIAN_POINT ( 'NONE',  ( -0.07052125984251968183, -0.1234053247828724581, -0.3467659153224468271 ) ) ;
#4219 = EDGE_LOOP ( 'NONE', ( #5606, #7460, #2142, #3180 ) ) ;
#4220 = PLANE ( 'NONE',  #4680 ) ;
#4221 = CIRCLE ( 'NONE', #941, 0.02362204724409448092 ) ;
#4222 = DIRECTION ( 'NONE',  ( 0.000000000000000000, 1.000000000000000000, 0.000000000000000000 ) ) ;
#4223 = ORIENTED_EDGE ( 'NONE', *, *, #1711, .T. ) ;
#4224 = FACE_OUTER_BOUND ( 'NONE', #7495, .T. ) ;
#4225 = LINE ( 'NONE', #5330, #3476 ) ;
#4226 = DIRECTION ( 'NONE',  ( -0.000000000000000000, -1.000000000000000000, -0.000000000000000000 ) ) ;
#4227 = EDGE_CURVE ( 'NONE', #3620, #7305, #5359, .T. ) ;
#4228 = EDGE_CURVE ( 'NONE', #5043, #4090, #7095, .T. ) ;
#4229 = DIRECTION ( 'NONE',  ( -0.000000000000000000, -0.000000000000000000, -1.000000000000000000 ) ) ;
#4230 = DIRECTION ( 'NONE',  ( 0.000000000000000000, -7.228014483236700500E-16, -1.000000000000000000 ) ) ;
#4231 = CARTESIAN_POINT ( 'NONE',  ( -0.07383773678600207002, -0.08711532785266495882, -0.2447490956836659293 ) ) ;
#4232 = EDGE_CURVE ( 'NONE', #1661, #7517, #6445, .T. ) ;
#4233 = PLANE ( 'NONE',  #6873 ) ;
#4234 = VERTEX_POINT ( 'NONE', #4171 ) ;
#4235 = ORIENTED_EDGE ( 'NONE', *, *, #3264, .T. ) ;
#4236 = CARTESIAN_POINT ( 'NONE',  ( -0.03937007874015747977, 0.06819097667594488377, -0.5452755905511811330 ) ) ;
#4237 = EDGE_CURVE ( 'NONE', #5942, #828, #2573, .T. ) ;
#4238 = CARTESIAN_POINT ( 'NONE',  ( -0.1771653543307086798, 0.1771653543307086798, 0.000000000000000000 ) ) ;
#4239 = LINE ( 'NONE', #1033, #3979 ) ;
#4240 = LINE ( 'NONE', #6704, #5547 ) ;
#4241 = ORIENTED_EDGE ( 'NONE', *, *, #2274, .F. ) ;
#4242 = EDGE_CURVE ( 'NONE', #1651, #776, #747, .T. ) ;
#4243 = VERTEX_POINT ( 'NONE', #3070 ) ;
#4244 = DIRECTION ( 'NONE',  ( -1.000000000000000000, -0.000000000000000000, -0.000000000000000000 ) ) ;
#4245 = ORIENTED_EDGE ( 'NONE', *, *, #2656, .F. ) ;
#4246 = DIRECTION ( 'NONE',  ( 0.000000000000000000, 1.000000000000000000, 0.000000000000000000 ) ) ;
#4247 = DIRECTION ( 'NONE',  ( 0.05989229072786940444, -0.1561536410010149756, 0.9859152873921239735 ) ) ;
#4248 = CARTESIAN_POINT ( 'NONE',  ( 0.02362204724409448786, 2.892866454678786991E-18, -0.5366618725208661678 ) ) ;
#4249 =( BOUNDED_CURVE ( )  B_SPLINE_CURVE ( 3, ( #4820, #5424, #7132, #1922 ),
 .UNSPECIFIED., .F., .F. ) 
 B_SPLINE_CURVE_WITH_KNOTS ( ( 4, 4 ),
 ( 5.706439367216440850, 6.283185307179586232 ),
 .UNSPECIFIED. ) 
 CURVE ( )  GEOMETRIC_REPRESENTATION_ITEM ( )  RATIONAL_B_SPLINE_CURVE ( ( 1.000000000000000000, 0.9724719065449400901, 0.9724719065449400901, 1.000000000000000000 ) ) 
 REPRESENTATION_ITEM ( '' )  );
#4250 = ORIENTED_EDGE ( 'NONE', *, *, #7012, .T. ) ;
#4251 = ORIENTED_EDGE ( 'NONE', *, *, #6214, .F. ) ;
#4252 = CARTESIAN_POINT ( 'NONE',  ( 0.0006754837608417325499, -0.1042257985499999984, -0.4175264007913385700 ) ) ;
#4253 = CYLINDRICAL_SURFACE ( 'NONE', #1979, 0.01181102362205789687 ) ;
#4254 = FACE_OUTER_BOUND ( 'NONE', #6857, .T. ) ;
#4255 = CARTESIAN_POINT ( 'NONE',  ( -0.06102362204724410405, -0.1299212598425196763, -0.5334645669291339098 ) ) ;
#4256 = ORIENTED_EDGE ( 'NONE', *, *, #3201, .F. ) ;
#4257 = FACE_OUTER_BOUND ( 'NONE', #7424, .T. ) ;
#4258 = DIRECTION ( 'NONE',  ( -1.000000000000000000, 0.000000000000000000, 0.000000000000000000 ) ) ;
#4259 = DIRECTION ( 'NONE',  ( 0.000000000000000000, 0.000000000000000000, -1.000000000000000000 ) ) ;
#4260 = DIRECTION ( 'NONE',  ( 0.000000000000000000, 1.000000000000000000, 0.000000000000000000 ) ) ;
#4261 = CARTESIAN_POINT ( 'NONE',  ( 0.09842519685039370636, 0.1771653543307086798, -0.09960629921259843422 ) ) ;
#4262 = DIRECTION ( 'NONE',  ( 0.000000000000000000, 0.000000000000000000, 1.000000000000000000 ) ) ;
#4263 = DIRECTION ( 'NONE',  ( -1.000000000000000000, -0.000000000000000000, -0.000000000000000000 ) ) ;
#4264 = LINE ( 'NONE', #7113, #1630 ) ;
#4265 = EDGE_CURVE ( 'NONE', #7350, #5016, #5777, .T. ) ;
#4266 = CARTESIAN_POINT ( 'NONE',  ( 0.07483789426629881836, -0.08680210188678642858, -0.2276121765076153380 ) ) ;
#4267 = ORIENTED_EDGE ( 'NONE', *, *, #5755, .T. ) ;
#4268 = EDGE_LOOP ( 'NONE', ( #5617, #2924, #4670, #1601 ) ) ;
#4269 = DIRECTION ( 'NONE',  ( 0.000000000000000000, 0.000000000000000000, 1.000000000000000000 ) ) ;
#4270 = LINE ( 'NONE', #156, #175 ) ;
#4271 = EDGE_CURVE ( 'NONE', #5211, #2187, #179, .T. ) ;
#4272 = CARTESIAN_POINT ( 'NONE',  ( 0.09187629053722184969, -0.03893304910610052849, -0.5515072208991165237 ) ) ;
#4273 = DIRECTION ( 'NONE',  ( 0.000000000000000000, 1.000000000000000000, 0.000000000000000000 ) ) ;
#4274 = ORIENTED_EDGE ( 'NONE', *, *, #1149, .F. ) ;
#4275 = EDGE_CURVE ( 'NONE', #1099, #5605, #3150, .T. ) ;
#4276 = VERTEX_POINT ( 'NONE', #7056 ) ;
#4277 = CARTESIAN_POINT ( 'NONE',  ( -0.04133858267716536417, 0.000000000000000000, -0.5334645669291339098 ) ) ;
#4278 = VERTEX_POINT ( 'NONE', #4255 ) ;
#4279 = DIRECTION ( 'NONE',  ( 0.000000000000000000, 0.000000000000000000, 1.000000000000000000 ) ) ;
#4280 = CARTESIAN_POINT ( 'NONE',  ( 0.05905511811022937790, -0.1049288131639023736, -0.4634220185425133587 ) ) ;
#4281 = EDGE_CURVE ( 'NONE', #5663, #5682, #6143, .T. ) ;
#4282 = DIRECTION ( 'NONE',  ( -1.626303258742411971E-14, 0.9876883405952724404, 0.1564344650393805769 ) ) ;
#4283 = EDGE_CURVE ( 'NONE', #5380, #1851, #5883, .T. ) ;
#4284 = ORIENTED_EDGE ( 'NONE', *, *, #5675, .F. ) ;
#4285 = EDGE_LOOP ( 'NONE', ( #7058, #6078, #5907, #1418 ) ) ;
#4286 = CARTESIAN_POINT ( 'NONE',  ( 0.08548340607730295360, -0.2248698221323330859, -0.1155839876531789406 ) ) ;
#4287 =( BOUNDED_CURVE ( )  B_SPLINE_CURVE ( 3, ( #6902, #3412, #6217, #6301 ),
 .UNSPECIFIED., .F., .F. ) 
 B_SPLINE_CURVE_WITH_KNOTS ( ( 4, 4 ),
 ( 4.390867557646308001E-15, 0.8810282442573919015 ),
 .UNSPECIFIED. ) 
 CURVE ( )  GEOMETRIC_REPRESENTATION_ITEM ( )  RATIONAL_B_SPLINE_CURVE ( ( 1.000000000000000000, 0.9363550391683010954, 0.9363550391683010954, 1.000000000000000000 ) ) 
 REPRESENTATION_ITEM ( '' )  );
#4288 = CARTESIAN_POINT ( 'NONE',  ( 0.06732283464566712894, -0.1255372491985343175, -0.3333054743138794129 ) ) ;
#4289 = ORIENTED_EDGE ( 'NONE', *, *, #2310, .F. ) ;
#4290 = DIRECTION ( 'NONE',  ( -1.000000000000000000, 0.000000000000000000, 0.000000000000000000 ) ) ;
#4291 = ORIENTED_EDGE ( 'NONE', *, *, #6545, .F. ) ;
#4292 = CARTESIAN_POINT ( 'NONE',  ( -0.06141732283464567538, -0.2559055118110236671, -0.3090551181102362266 ) ) ;
#4293 = FACE_OUTER_BOUND ( 'NONE', #4671, .T. ) ;
#4294 = DIRECTION ( 'NONE',  ( 1.000000000000000000, 0.000000000000000000, 0.000000000000000000 ) ) ;
#4295 = DIRECTION ( 'NONE',  ( 0.000000000000000000, 1.000000000000000000, 0.000000000000000000 ) ) ;
#4296 = VECTOR ( 'NONE', #2382, 39.37007874015748143 ) ;
#4297 = LINE ( 'NONE', #113, #535 ) ;
#4298 = DIRECTION ( 'NONE',  ( 0.000000000000000000, 0.000000000000000000, 1.000000000000000000 ) ) ;
#4299 = AXIS2_PLACEMENT_3D ( 'NONE', #4153, #5754, #6329 ) ;
#4300 = DIRECTION ( 'NONE',  ( -5.421010861467345131E-15, -0.9876883405954420825, -0.1564344650383094892 ) ) ;
#4301 = CYLINDRICAL_SURFACE ( 'NONE', #2760, 0.04133858267716536417 ) ;
#4302 = EDGE_LOOP ( 'NONE', ( #5863, #3254, #2358, #1570 ) ) ;
#4303 = ORIENTED_EDGE ( 'NONE', *, *, #7390, .T. ) ;
#4304 = CARTESIAN_POINT ( 'NONE',  ( -0.1170484642146456811, -0.2125984251968504046, -0.1633858267716535584 ) ) ;
#4305 = CARTESIAN_POINT ( 'NONE',  ( -0.08858267716535433989, -0.1259842519685039353, -0.5019685039370078705 ) ) ;
#4306 = VECTOR ( 'NONE', #6691, 39.37007874015748143 ) ;
#4307 = DIRECTION ( 'NONE',  ( 0.000000000000000000, 1.000000000000000000, 0.000000000000000000 ) ) ;
#4308 = CARTESIAN_POINT ( 'NONE',  ( 0.01771653543307086937, -0.1149630105693307119, -0.5481793941940945603 ) ) ;
#4309 = ORIENTED_EDGE ( 'NONE', *, *, #2921, .T. ) ;
#4310 = AXIS2_PLACEMENT_3D ( 'NONE', #851, #932, #4282 ) ;
#4311 = ORIENTED_EDGE ( 'NONE', *, *, #1444, .T. ) ;
#4312 = LINE ( 'NONE', #1919, #3720 ) ;
#4313 = VECTOR ( 'NONE', #7294, 39.37007874015748143 ) ;
#4314 = EDGE_CURVE ( 'NONE', #1494, #3474, #712, .T. ) ;
#4315 = ORIENTED_EDGE ( 'NONE', *, *, #5712, .T. ) ;
#4316 = CARTESIAN_POINT ( 'NONE',  ( -0.0003417839310628515087, -0.1017825155384876473, -0.3826200506760727427 ) ) ;
#4317 = DIRECTION ( 'NONE',  ( 0.05989229072824941297, 0.06963125009324599990, -0.9957732686318581106 ) ) ;
#4318 = CARTESIAN_POINT ( 'NONE',  ( -0.0006574303890526813189, 0.03336458022306041521, -0.5554910693024451840 ) ) ;
#4319 = EDGE_CURVE ( 'NONE', #7340, #7449, #2865, .T. ) ;
#4320 = EDGE_CURVE ( 'NONE', #2179, #4276, #4372, .T. ) ;
#4321 = AXIS2_PLACEMENT_3D ( 'NONE', #1649, #5727, #510 ) ;
#4322 = VECTOR ( 'NONE', #3183, 39.37007874015748143 ) ;
#4323 = ADVANCED_FACE ( 'NONE', ( #6455 ), #1391, .T. ) ;
#4324 = EDGE_LOOP ( 'NONE', ( #4030, #925, #4694, #7339, #369 ) ) ;
#4325 = ORIENTED_EDGE ( 'NONE', *, *, #3026, .T. ) ;
#4326 = ADVANCED_FACE ( 'NONE', ( #4752 ), #1237, .F. ) ;
#4327 = DIRECTION ( 'NONE',  ( 0.000000000000000000, -1.000000000000000000, 0.000000000000000000 ) ) ;
#4328 = DIRECTION ( 'NONE',  ( 0.000000000000000000, 1.000000000000000000, 0.000000000000000000 ) ) ;
#4329 = AXIS2_PLACEMENT_3D ( 'NONE', #2793, #2176, #2208 ) ;
#4330 = VECTOR ( 'NONE', #7107, 39.37007874015748143 ) ;
#4331 = DIRECTION ( 'NONE',  ( 1.000000000000000000, 0.000000000000000000, 0.000000000000000000 ) ) ;
#4332 = VECTOR ( 'NONE', #7165, 39.37007874015748143 ) ;
#4333 = ORIENTED_EDGE ( 'NONE', *, *, #1579, .T. ) ;
#4334 = CIRCLE ( 'NONE', #2022, 0.04133858267716536417 ) ;
#4335 = ORIENTED_EDGE ( 'NONE', *, *, #870, .T. ) ;
#4336 = CARTESIAN_POINT ( 'NONE',  ( -0.1594094488188976255, -0.1299212598425196763, -0.5669291338582678197 ) ) ;
#4337 = VECTOR ( 'NONE', #4150, 39.37007874015748854 ) ;
#4338 = ORIENTED_EDGE ( 'NONE', *, *, #7301, .F. ) ;
#4339 = CARTESIAN_POINT ( 'NONE',  ( 0.1388570475963779582, -0.09145791303354332269, -0.3523622047244094335 ) ) ;
#4340 = ADVANCED_FACE ( 'NONE', ( #826 ), #6898, .F. ) ;
#4341 = DIRECTION ( 'NONE',  ( 0.000000000000000000, 0.000000000000000000, -1.000000000000000000 ) ) ;
#4342 = CARTESIAN_POINT ( 'NONE',  ( 0.1377952755905511861, -0.09251968503937008093, -0.03874015748031496564 ) ) ;
#4343 = CARTESIAN_POINT ( 'NONE',  ( -0.1181102362204724532, -0.2086614173228346636, -0.4704724409448819422 ) ) ;
#4344 = CIRCLE ( 'NONE', #1777, 0.01737879355652137761 ) ;
#4345 = LINE ( 'NONE', #2430, #4923 ) ;
#4346 = VECTOR ( 'NONE', #5101, 39.37007874015748143 ) ;
#4347 = DIRECTION ( 'NONE',  ( 0.000000000000000000, -1.000000000000000000, 0.000000000000000000 ) ) ;
#4348 = AXIS2_PLACEMENT_3D ( 'NONE', #3774, #872, #6542 ) ;
#4349 = DIRECTION ( 'NONE',  ( 0.000000000000000000, 0.000000000000000000, -1.000000000000000000 ) ) ;
#4350 = CARTESIAN_POINT ( 'NONE',  ( -0.05905511811023622659, -0.3346456692913385988, -0.5452755905511811330 ) ) ;
#4351 = DIRECTION ( 'NONE',  ( 1.000000000000000000, 0.000000000000000000, 0.000000000000000000 ) ) ;
#4352 = ORIENTED_EDGE ( 'NONE', *, *, #1008, .F. ) ;
#4353 = ORIENTED_EDGE ( 'NONE', *, *, #5021, .F. ) ;
#4354 = DIRECTION ( 'NONE',  ( 0.000000000000000000, 0.000000000000000000, -1.000000000000000000 ) ) ;
#4355 = VECTOR ( 'NONE', #3272, 39.37007874015748143 ) ;
#4356 = DIRECTION ( 'NONE',  ( -1.000000000000000000, 0.000000000000000000, 0.000000000000000000 ) ) ;
#4357 = DIRECTION ( 'NONE',  ( 1.000000000000000000, 0.000000000000000000, 0.000000000000000000 ) ) ;
#4358 = PLANE ( 'NONE',  #6020 ) ;
#4359 = ORIENTED_EDGE ( 'NONE', *, *, #4170, .F. ) ;
#4360 = ORIENTED_EDGE ( 'NONE', *, *, #4139, .T. ) ;
#4361 = CARTESIAN_POINT ( 'NONE',  ( 6.194826877959397335E-17, 0.000000000000000000, -0.4094488188976375120 ) ) ;
#4362 = VERTEX_POINT ( 'NONE', #7465 ) ;
#4363 = CARTESIAN_POINT ( 'NONE',  ( -0.01603546625530969522, -0.1101905323922001967, -0.3752906251611551891 ) ) ;
#4364 = FACE_OUTER_BOUND ( 'NONE', #4477, .T. ) ;
#4365 = DIRECTION ( 'NONE',  ( -1.000000000000000000, 3.091434332506595503E-46, 6.195440985631441512E-16 ) ) ;
#4366 = VERTEX_POINT ( 'NONE', #1688 ) ;
#4367 = ORIENTED_EDGE ( 'NONE', *, *, #6730, .T. ) ;
#4368 = ADVANCED_FACE ( 'NONE', ( #3442, #5048 ), #6253, .T. ) ;
#4369 = ORIENTED_EDGE ( 'NONE', *, *, #6458, .T. ) ;
#4370 = FACE_OUTER_BOUND ( 'NONE', #5586, .T. ) ;
#4371 = DIRECTION ( 'NONE',  ( -0.000000000000000000, 1.000000000000000000, 0.000000000000000000 ) ) ;
#4372 = B_SPLINE_CURVE_WITH_KNOTS ( 'NONE', 3,
 ( #1929, #3676, #5997, #1316 ),
 .UNSPECIFIED., .F., .F.,
 ( 4, 4 ),
 ( 0.000000000000000000, 1.000000000000000000 ),
 .UNSPECIFIED. ) ;
#4373 = CARTESIAN_POINT ( 'NONE',  ( -0.08834172871543308214, -0.2215414997085039528, -0.1631812555087007732 ) ) ;
#4374 = VERTEX_POINT ( 'NONE', #1605 ) ;
#4375 = EDGE_CURVE ( 'NONE', #6663, #5735, #2716, .T. ) ;
#4376 = ORIENTED_EDGE ( 'NONE', *, *, #5075, .F. ) ;
#4377 = DIRECTION ( 'NONE',  ( -3.426732302660814374E-15, -0.1564344650392514580, 0.9876883405952928685 ) ) ;
#4378 = CARTESIAN_POINT ( 'NONE',  ( 0.000000000000000000, 2.144927526275456706E-17, -0.5334645669291339098 ) ) ;
#4379 = EDGE_CURVE ( 'NONE', #5242, #4850, #1886, .T. ) ;
#4380 = CARTESIAN_POINT ( 'NONE',  ( -0.1771653543307086798, 0.09842519685039370636, -0.03937007874015747977 ) ) ;
#4381 = PLANE ( 'NONE',  #4965 ) ;
#4382 = LINE ( 'NONE', #7328, #1403 ) ;
#4383 = CARTESIAN_POINT ( 'NONE',  ( 0.007504568242703014459, -0.1043307086614173318, -0.4266377416703382441 ) ) ;
#4384 = EDGE_CURVE ( 'NONE', #4205, #824, #5094, .T. ) ;
#4385 = CARTESIAN_POINT ( 'NONE',  ( -0.06102362204724410405, -0.1274015748031496198, -0.5669291338582678197 ) ) ;
#4386 = EDGE_CURVE ( 'NONE', #333, #5460, #3869, .T. ) ;
#4387 = CARTESIAN_POINT ( 'NONE',  ( 0.0006754837608417325499, -0.1043307086474822842, -0.4168640245043346293 ) ) ;
#4388 = CARTESIAN_POINT ( 'NONE',  ( 0.1791338582677165503, -0.1043307086614173318, -0.4704724409448819422 ) ) ;
#4389 = CARTESIAN_POINT ( 'NONE',  ( 0.01771653543307086937, -0.1627296587926377880, -0.5452755905511811330 ) ) ;
#4390 = ORIENTED_EDGE ( 'NONE', *, *, #7185, .T. ) ;
#4391 = VERTEX_POINT ( 'NONE', #5760 ) ;
#4392 = DIRECTION ( 'NONE',  ( 0.000000000000000000, 0.000000000000000000, -1.000000000000000000 ) ) ;
#4393 = DIRECTION ( 'NONE',  ( 0.000000000000000000, 1.000000000000000000, 0.000000000000000000 ) ) ;
#4394 = CARTESIAN_POINT ( 'NONE',  ( -0.1191720082262992114, -0.2204724409448818867, -0.1633858267716535584 ) ) ;
#4395 = DIRECTION ( 'NONE',  ( 0.000000000000000000, 0.000000000000000000, -1.000000000000000000 ) ) ;
#4396 = VERTEX_POINT ( 'NONE', #3408 ) ;
#4397 = ORIENTED_EDGE ( 'NONE', *, *, #1480, .T. ) ;
#4398 = ORIENTED_EDGE ( 'NONE', *, *, #5164, .F. ) ;
#4399 = CARTESIAN_POINT ( 'NONE',  ( 0.08541981411964566506, -0.2249437546444094660, -0.1145267034724409411 ) ) ;
#4400 = DIRECTION ( 'NONE',  ( -1.000000000000000000, -0.000000000000000000, -0.000000000000000000 ) ) ;
#4401 = VERTEX_POINT ( 'NONE', #4515 ) ;
#4402 = ORIENTED_EDGE ( 'NONE', *, *, #6505, .T. ) ;
#4403 = ORIENTED_EDGE ( 'NONE', *, *, #5987, .F. ) ;
#4404 = CARTESIAN_POINT ( 'NONE',  ( 0.000000000000000000, 0.000000000000000000, -0.4763779527559283133 ) ) ;
#4405 = PLANE ( 'NONE',  #5510 ) ;
#4406 = B_SPLINE_SURFACE_WITH_KNOTS ( 'NONE', 3, 3, ( 
 ( #4012, #1083, #7427, #4594 ),
 ( #5724, #1574, #998, #508 ),
 ( #2714, #2830, #1687, #5649 ),
 ( #5756, #6789, #3867, #5157 ),
 ( #6330, #438, #1115, #5047 ),
 ( #7315, #2105, #4440, #6181 ),
 ( #966, #3290, #5615, #7356 ),
 ( #1829, #7005, #2439, #4082 ),
 ( #6404, #4195, #1190, #2295 ) ),
 .UNSPECIFIED., .F., .F., .F.,
 ( 4, 1, 1, 1, 1, 1, 4 ),
 ( 4, 4 ),
 ( -0.008832582385958000215, 0.000000000000000000, 0.01604800733888999895, 0.4999992418337999567, 0.9839504763285999989, 1.000000000000000000, 1.008833916858999924 ),
 ( -0.04075590471749000049, 1.040755893178000102 ),
 .UNSPECIFIED. ) ;
#4407 = CARTESIAN_POINT ( 'NONE',  ( 0.1102362204724409434, -0.1053924806672440900, -0.3523622047244094335 ) ) ;
#4408 = EDGE_CURVE ( 'NONE', #1223, #4047, #4547, .T. ) ;
#4409 = ORIENTED_EDGE ( 'NONE', *, *, #4799, .F. ) ;
#4410 = ORIENTED_EDGE ( 'NONE', *, *, #4320, .F. ) ;
#4411 = CARTESIAN_POINT ( 'NONE',  ( 0.000000000000000000, 0.000000000000000000, -0.3779527559055118058 ) ) ;
#4412 = CARTESIAN_POINT ( 'NONE',  ( 0.04921259842519685318, -0.2125984251968504046, -0.2981508264193700741 ) ) ;
#4413 = DIRECTION ( 'NONE',  ( 0.000000000000000000, 0.000000000000000000, 1.000000000000000000 ) ) ;
#4414 = PLANE ( 'NONE',  #6155 ) ;
#4415 = DIRECTION ( 'NONE',  ( 0.05989229072759469363, 0.4375842028371904613, 0.8971805720916729010 ) ) ;
#4416 = EDGE_CURVE ( 'NONE', #553, #1011, #5160, .T. ) ;
#4417 = DIRECTION ( 'NONE',  ( 0.000000000000000000, 0.1564344650409648652, -0.9876883405950214190 ) ) ;
#4418 = ADVANCED_FACE ( 'NONE', ( #7429 ), #547, .F. ) ;
#4419 = ADVANCED_FACE ( 'NONE', ( #7213, #477 ), #2873, .T. ) ;
#4420 = CARTESIAN_POINT ( 'NONE',  ( -0.08550230248173228131, -0.2148313116358661345, -0.1156714073196456749 ) ) ;
#4421 = VECTOR ( 'NONE', #1405, 39.37007874015748143 ) ;
#4422 = DIRECTION ( 'NONE',  ( 0.000000000000000000, 0.000000000000000000, 1.000000000000000000 ) ) ;
#4423 = LINE ( 'NONE', #1561, #5307 ) ;
#4424 = AXIS2_PLACEMENT_3D ( 'NONE', #4094, #2913, #7512 ) ;
#4425 = ORIENTED_EDGE ( 'NONE', *, *, #1075, .F. ) ;
#4426 = VERTEX_POINT ( 'NONE', #2184 ) ;
#4427 = EDGE_CURVE ( 'NONE', #6525, #1187, #669, .T. ) ;
#4428 = PLANE ( 'NONE',  #5757 ) ;
#4429 = CARTESIAN_POINT ( 'NONE',  ( 0.1181102362204724532, -0.1062992125984252023, -0.4704724409448819422 ) ) ;
#4430 = VECTOR ( 'NONE', #4193, 39.37007874015748143 ) ;
#4431 = CARTESIAN_POINT ( 'NONE',  ( -0.1259842519685039353, -0.09251968503937008093, -0.4507874015748031815 ) ) ;
#4432 = CARTESIAN_POINT ( 'NONE',  ( 0.02362204724409448786, -0.3444881889763780070, -0.5452755905511811330 ) ) ;
#4433 = EDGE_LOOP ( 'NONE', ( #765, #676, #6358, #889 ) ) ;
#4434 = ORIENTED_EDGE ( 'NONE', *, *, #2279, .T. ) ;
#4435 = VECTOR ( 'NONE', #7412, 39.37007874015748143 ) ;
#4436 = ORIENTED_EDGE ( 'NONE', *, *, #4437, .F. ) ;
#4437 = EDGE_CURVE ( 'NONE', #6906, #6299, #5695, .T. ) ;
#4438 = AXIS2_PLACEMENT_3D ( 'NONE', #1836, #1878, #5956 ) ;
#4439 = DIRECTION ( 'NONE',  ( -1.000000000000000000, -0.000000000000000000, -0.000000000000000000 ) ) ;
#4440 = CARTESIAN_POINT ( 'NONE',  ( 0.07402805892885826189, -0.08017057366114173356, -0.2433878844552362364 ) ) ;
#4441 = TOROIDAL_SURFACE ( 'NONE', #306, 0.05511811023622010391, 0.003937007874016018594 ) ;
#4442 = VERTEX_POINT ( 'NONE', #440 ) ;
#4443 = VECTOR ( 'NONE', #6279, 39.37007874015748143 ) ;
#4444 = ORIENTED_EDGE ( 'NONE', *, *, #5088, .T. ) ;
#4445 = ORIENTED_EDGE ( 'NONE', *, *, #4844, .F. ) ;
#4446 = CARTESIAN_POINT ( 'NONE',  ( -0.08406608324267707266, -0.1728077316780754213, -0.1001035867066723678 ) ) ;
#4447 = CARTESIAN_POINT ( 'NONE',  ( 0.1181102362204724532, -0.2244094488188976555, -0.03677165354330708819 ) ) ;
#4448 = VECTOR ( 'NONE', #6172, 39.37007874015748143 ) ;
#4449 = CIRCLE ( 'NONE', #6255, 0.003937007874015724558 ) ;
#4450 = CARTESIAN_POINT ( 'NONE',  ( -0.08834173161299212207, -0.2148933511849999978, -0.1627070429624409564 ) ) ;
#4451 = VECTOR ( 'NONE', #7470, 39.37007874015748143 ) ;
#4452 = ORIENTED_EDGE ( 'NONE', *, *, #3303, .T. ) ;
#4453 = EDGE_LOOP ( 'NONE', ( #1230, #4933, #1801, #6832 ) ) ;
#4454 = CARTESIAN_POINT ( 'NONE',  ( 0.0006754837608417325499, -0.09055118109839016549, -0.4535302601039661319 ) ) ;
#4455 = CARTESIAN_POINT ( 'NONE',  ( 0.05511467405693602772, -0.007291798376152433363, -0.3740157480314961758 ) ) ;
#4456 = VECTOR ( 'NONE', #2203, 39.37007874015748143 ) ;
#4457 = CARTESIAN_POINT ( 'NONE',  ( -0.1771653543307086798, -0.2559055118110236671, -0.4704724409448819422 ) ) ;
#4458 = DIRECTION ( 'NONE',  ( -0.000000000000000000, -0.000000000000000000, -1.000000000000000000 ) ) ;
#4459 = CARTESIAN_POINT ( 'NONE',  ( -0.08846456642296003647, -0.2204772360126744657, -0.1632485119645732119 ) ) ;
#4460 = AXIS2_PLACEMENT_3D ( 'NONE', #4361, #884, #5421 ) ;
#4461 = LINE ( 'NONE', #5673, #1517 ) ;
#4462 = VECTOR ( 'NONE', #4615, 39.37007874015748143 ) ;
#4463 = CARTESIAN_POINT ( 'NONE',  ( -0.07504560747409450006, -0.08418251011173227827, -0.2214836036285039444 ) ) ;
#4464 = CARTESIAN_POINT ( 'NONE',  ( 0.1102362204724409434, -0.1043307086614173318, -0.3523622047244094335 ) ) ;
#4465 = CARTESIAN_POINT ( 'NONE',  ( -0.01771653543307086937, -0.1519685039367683066, -0.5523622047246260491 ) ) ;
#4466 = ORIENTED_EDGE ( 'NONE', *, *, #4379, .T. ) ;
#4467 = ADVANCED_FACE ( 'NONE', ( #2801 ), #4484, .F. ) ;
#4468 = VECTOR ( 'NONE', #1617, 39.37007874015748143 ) ;
#4469 = ORIENTED_EDGE ( 'NONE', *, *, #2554, .F. ) ;
#4470 = DIRECTION ( 'NONE',  ( 1.000000000000000000, 0.000000000000000000, -0.000000000000000000 ) ) ;
#4471 = DIRECTION ( 'NONE',  ( -1.000000000000000000, 0.000000000000000000, 1.084202172485502067E-15 ) ) ;
#4472 = CIRCLE ( 'NONE', #2033, 0.1279527559055118335 ) ;
#4473 = CARTESIAN_POINT ( 'NONE',  ( -0.0006754837608417325499, -0.1043307086474732359, -0.4168640245043385706 ) ) ;
#4474 = ADVANCED_FACE ( 'NONE', ( #1000 ), #5126, .T. ) ;
#4475 = DIRECTION ( 'NONE',  ( 0.000000000000000000, -1.000000000000000000, 0.000000000000000000 ) ) ;
#4476 = ORIENTED_EDGE ( 'NONE', *, *, #5849, .T. ) ;
#4477 = EDGE_LOOP ( 'NONE', ( #4466, #362 ) ) ;
#4478 = EDGE_CURVE ( 'NONE', #1618, #1960, #817, .T. ) ;
#4479 = VECTOR ( 'NONE', #6193, 39.37007874015748143 ) ;
#4480 = EDGE_LOOP ( 'NONE', ( #6716, #3981, #4315, #2927 ) ) ;
#4481 = DIRECTION ( 'NONE',  ( -1.000000000000000000, -0.000000000000000000, -0.000000000000000000 ) ) ;
#4482 = DIRECTION ( 'NONE',  ( 0.000000000000000000, 0.000000000000000000, -1.000000000000000000 ) ) ;
#4483 = EDGE_CURVE ( 'NONE', #1219, #4173, #7357, .T. ) ;
#4484 = PLANE ( 'NONE',  #1164 ) ;
#4485 = ORIENTED_EDGE ( 'NONE', *, *, #2273, .F. ) ;
#4486 = VERTEX_POINT ( 'NONE', #1258 ) ;
#4487 = EDGE_LOOP ( 'NONE', ( #125, #7211, #6967, #5625 ) ) ;
#4488 = CARTESIAN_POINT ( 'NONE',  ( -0.06200787401574803237, -0.2569672838168504114, -0.4739370078740157699 ) ) ;
#4489 = LINE ( 'NONE', #445, #157 ) ;
#4490 = CARTESIAN_POINT ( 'NONE',  ( -0.1515748031496063075, -0.1043307086614173318, -0.4980314960629921295 ) ) ;
#4491 = ORIENTED_EDGE ( 'NONE', *, *, #328, .T. ) ;
#4492 = DIRECTION ( 'NONE',  ( -1.000000000000000000, 0.000000000000000000, 0.000000000000000000 ) ) ;
#4493 = PLANE ( 'NONE',  #6256 ) ;
#4494 = CARTESIAN_POINT ( 'NONE',  ( -0.08835390230586868954, -0.04637481021902429418, -0.5515072208990250413 ) ) ;
#4495 = DIRECTION ( 'NONE',  ( 0.000000000000000000, 0.000000000000000000, -1.000000000000000000 ) ) ;
#4496 = CARTESIAN_POINT ( 'NONE',  ( -0.01771653543307086937, -0.1524314222902757865, -0.5372512364317804101 ) ) ;
#4497 = DIRECTION ( 'NONE',  ( 0.000000000000000000, 1.000000000000000000, 0.000000000000000000 ) ) ;
#4498 = CARTESIAN_POINT ( 'NONE',  ( -0.07381096552417322487, -0.08530723483129921958, -0.2462107929671653594 ) ) ;
#4499 = CARTESIAN_POINT ( 'NONE',  ( -0.1279527559055118335, 1.566969329617676476E-17, 0.000000000000000000 ) ) ;
#4500 = CARTESIAN_POINT ( 'NONE',  ( -0.06977785225594487772, -0.1119826948543307249, -0.3085337271786220414 ) ) ;
#4501 = EDGE_LOOP ( 'NONE', ( #2356, #2074 ) ) ;
#4502 = LINE ( 'NONE', #1375, #317 ) ;
#4503 = EDGE_LOOP ( 'NONE', ( #2202, #818 ) ) ;
#4504 = DIRECTION ( 'NONE',  ( 0.000000000000000000, 0.000000000000000000, 1.000000000000000000 ) ) ;
#4505 = DIRECTION ( 'NONE',  ( -1.000000000000000000, 0.000000000000000000, 0.000000000000000000 ) ) ;
#4506 = ADVANCED_FACE ( 'NONE', ( #2939 ), #4045, .F. ) ;
#4507 = DIRECTION ( 'NONE',  ( 0.000000000000000000, 0.000000000000000000, 1.000000000000000000 ) ) ;
#4508 = CARTESIAN_POINT ( 'NONE',  ( 0.1279527559055118335, 0.000000000000000000, -0.3740157480314960647 ) ) ;
#4509 = ORIENTED_EDGE ( 'NONE', *, *, #461, .F. ) ;
#4510 = ORIENTED_EDGE ( 'NONE', *, *, #5949, .F. ) ;
#4511 = DIRECTION ( 'NONE',  ( -8.514890181832159201E-15, -0.9975640502598075443, -0.06975647374436289017 ) ) ;
#4512 = ADVANCED_FACE ( 'NONE', ( #5947 ), #1721, .T. ) ;
#4513 = PLANE ( 'NONE',  #1999 ) ;
#4514 = ADVANCED_FACE ( 'NONE', ( #3019, #1869 ), #3482, .T. ) ;
#4515 = CARTESIAN_POINT ( 'NONE',  ( 0.06200787401574803237, -0.2244094488188976555, -0.4704724409448819422 ) ) ;
#4516 = VERTEX_POINT ( 'NONE', #4701 ) ;
#4517 = ORIENTED_EDGE ( 'NONE', *, *, #4478, .F. ) ;
#4518 = EDGE_CURVE ( 'NONE', #7011, #1537, #731, .T. ) ;
#4519 = EDGE_LOOP ( 'NONE', ( #3608, #2408, #1411, #5869 ) ) ;
#4520 = FACE_OUTER_BOUND ( 'NONE', #6492, .T. ) ;
#4521 = CARTESIAN_POINT ( 'NONE',  ( -0.1574803149606299191, -0.1259842519685039353, -0.4685433070866141803 ) ) ;
#4522 = EDGE_CURVE ( 'NONE', #4625, #2263, #5867, .T. ) ;
#4523 = LINE ( 'NONE', #3414, #169 ) ;
#4524 = CARTESIAN_POINT ( 'NONE',  ( 0.1771653543307086798, -0.2645669291338583196, -0.4798818897637795455 ) ) ;
#4525 = ORIENTED_EDGE ( 'NONE', *, *, #2763, .F. ) ;
#4526 = CARTESIAN_POINT ( 'NONE',  ( -5.314298050175012489E-16, -0.1094694140287733042, -0.3844195156211778763 ) ) ;
#4527 = DIRECTION ( 'NONE',  ( 0.000000000000000000, -5.421010862427519089E-17, 1.000000000000000000 ) ) ;
#4528 = CARTESIAN_POINT ( 'NONE',  ( -0.06738659083517332948, 0.03204971944495497299, -0.5554910693024455171 ) ) ;
#4529 = CARTESIAN_POINT ( 'NONE',  ( 0.0006754837608417325499, -0.09032622188566928612, -0.4549505966740157170 ) ) ;
#4530 = B_SPLINE_CURVE_WITH_KNOTS ( 'NONE', 3,
 ( #302, #7266, #3308, #831 ),
 .UNSPECIFIED., .F., .F.,
 ( 4, 4 ),
 ( 3.907462222972927032E-17, 0.0005223440916417522364 ),
 .UNSPECIFIED. ) ;
#4531 = CARTESIAN_POINT ( 'NONE',  ( -0.07402805892885826189, -0.08341830429956692550, -0.2424297953890157953 ) ) ;
#4532 = CARTESIAN_POINT ( 'NONE',  ( 0.01757046851007351695, -0.1188114066285418102, -0.3757707730273054936 ) ) ;
#4533 = CARTESIAN_POINT ( 'NONE',  ( -0.06911810963283465670, -0.1213625147812992244, -0.3124443681551181129 ) ) ;
#4534 = VERTEX_POINT ( 'NONE', #5266 ) ;
#4535 = DIRECTION ( 'NONE',  ( 1.000000000000000000, 0.000000000000000000, 0.000000000000000000 ) ) ;
#4536 = ORIENTED_EDGE ( 'NONE', *, *, #5988, .T. ) ;
#4537 = CARTESIAN_POINT ( 'NONE',  ( 0.1102362204724409434, -0.1053924806672440900, -0.3513004327185827447 ) ) ;
#4538 = DIRECTION ( 'NONE',  ( -0.000000000000000000, -1.000000000000000000, -0.000000000000000000 ) ) ;
#4539 = CARTESIAN_POINT ( 'NONE',  ( 0.000000000000000000, 0.000000000000000000, -0.4133858267716535861 ) ) ;
#4540 = AXIS2_PLACEMENT_3D ( 'NONE', #7471, #3904, #5099 ) ;
#4541 = DIRECTION ( 'NONE',  ( 0.000000000000000000, 0.000000000000000000, -1.000000000000000000 ) ) ;
#4542 = ORIENTED_EDGE ( 'NONE', *, *, #5758, .T. ) ;
#4543 = VERTEX_POINT ( 'NONE', #5802 ) ;
#4544 = CARTESIAN_POINT ( 'NONE',  ( 0.08530624072299212990, -0.2211628030640551412, -0.1057380558569291362 ) ) ;
#4545 = FACE_OUTER_BOUND ( 'NONE', #527, .T. ) ;
#4546 = AXIS2_PLACEMENT_3D ( 'NONE', #2071, #770, #5382 ) ;
#4547 = LINE ( 'NONE', #3930, #1766 ) ;
#4548 = ORIENTED_EDGE ( 'NONE', *, *, #2886, .F. ) ;
#4549 = EDGE_CURVE ( 'NONE', #1390, #4276, #5914, .T. ) ;
#4550 = AXIS2_PLACEMENT_3D ( 'NONE', #2401, #1220, #5865 ) ;
#4551 = ORIENTED_EDGE ( 'NONE', *, *, #4745, .F. ) ;
#4552 = ORIENTED_EDGE ( 'NONE', *, *, #7201, .T. ) ;
#4553 = CARTESIAN_POINT ( 'NONE',  ( -0.1161417322834645688, -0.1053924806672440900, -0.4507874015748031815 ) ) ;
#4554 = DIRECTION ( 'NONE',  ( 1.000000000000000000, 0.000000000000000000, 0.000000000000000000 ) ) ;
#4555 = EDGE_CURVE ( 'NONE', #2718, #5175, #2908, .T. ) ;
#4556 = EDGE_CURVE ( 'NONE', #607, #34, #49, .T. ) ;
#4557 = DIRECTION ( 'NONE',  ( 0.000000000000000000, 0.000000000000000000, 1.000000000000000000 ) ) ;
#4558 = AXIS2_PLACEMENT_3D ( 'NONE', #1658, #3905, #6303 ) ;
#4559 = AXIS2_PLACEMENT_3D ( 'NONE', #2167, #6122, #5709 ) ;
#4560 = CARTESIAN_POINT ( 'NONE',  ( 0.1388570475963779582, -0.1043307086614173318, -0.3523622047244094335 ) ) ;
#4561 = ORIENTED_EDGE ( 'NONE', *, *, #6410, .T. ) ;
#4562 = EDGE_CURVE ( 'NONE', #5533, #5130, #6929, .T. ) ;
#4563 = EDGE_LOOP ( 'NONE', ( #7013, #3271, #296, #254 ) ) ;
#4564 = CARTESIAN_POINT ( 'NONE',  ( 0.07423014473336482510, -0.07730053347169196787, -0.2390470010941165013 ) ) ;
#4565 = AXIS2_PLACEMENT_3D ( 'NONE', #3788, #3750, #3178 ) ;
#4566 = DIRECTION ( 'NONE',  ( 0.000000000000000000, 1.000000000000000000, 0.000000000000000000 ) ) ;
#4567 = ADVANCED_FACE ( 'NONE', ( #1756 ), #123, .T. ) ;
#4568 = AXIS2_PLACEMENT_3D ( 'NONE', #721, #4349, #6573 ) ;
#4569 = VECTOR ( 'NONE', #5553, 39.37007874015748143 ) ;
#4570 = FACE_OUTER_BOUND ( 'NONE', #1392, .T. ) ;
#4571 = AXIS2_PLACEMENT_3D ( 'NONE', #3889, #6813, #1030 ) ;
#4572 = AXIS2_PLACEMENT_3D ( 'NONE', #880, #4395, #2592 ) ;
#4573 = CARTESIAN_POINT ( 'NONE',  ( -0.08512907536866141933, -0.2143719086707873978, -0.09876419637366141979 ) ) ;
#4574 = VECTOR ( 'NONE', #226, 39.37007874015748143 ) ;
#4575 = ADVANCED_FACE ( 'NONE', ( #2328 ), #4088, .T. ) ;
#4576 = CARTESIAN_POINT ( 'NONE',  ( -0.01737570625135440375, -0.1171952454115336717, -0.3859748133591632269 ) ) ;
#4577 = CARTESIAN_POINT ( 'NONE',  ( -0.06604891939759842401, -0.1242764014196063027, -0.3480053362998425381 ) ) ;
#4578 = VERTEX_POINT ( 'NONE', #6438 ) ;
#4579 = ORIENTED_EDGE ( 'NONE', *, *, #5123, .F. ) ;
#4580 = CARTESIAN_POINT ( 'NONE',  ( 0.01374073219738628469, -0.1043307086614173596, -0.3977159221015244550 ) ) ;
#4581 = AXIS2_PLACEMENT_3D ( 'NONE', #3784, #1420, #734 ) ;
#4582 = EDGE_LOOP ( 'NONE', ( #3886, #7198, #1951, #4740, #2073 ) ) ;
#4583 = LINE ( 'NONE', #2960, #6724 ) ;
#4584 = CIRCLE ( 'NONE', #803, 0.01968503937007875723 ) ;
#4585 = DIRECTION ( 'NONE',  ( -1.000000000000000000, 0.000000000000000000, 0.000000000000000000 ) ) ;
#4586 = CARTESIAN_POINT ( 'NONE',  ( -0.1270460239743307074, -0.1053924806672440900, -0.4507874015748031815 ) ) ;
#4587 = CARTESIAN_POINT ( 'NONE',  ( -0.1150799602776378244, -0.1043307086614173318, -0.4704724409448819422 ) ) ;
#4588 = VECTOR ( 'NONE', #2844, 39.37007874015748143 ) ;
#4589 = EDGE_LOOP ( 'NONE', ( #6794, #4122, #6637, #6852, #5720, #6576, #23, #1282, #444, #4704, #2002, #3776 ) ) ;
#4590 = CARTESIAN_POINT ( 'NONE',  ( -0.06878740157480314754, -0.1237748550152362181, -0.3444327932580314444 ) ) ;
#4591 = EDGE_LOOP ( 'NONE', ( #2043, #4158, #3383, #94 ) ) ;
#4592 = CARTESIAN_POINT ( 'NONE',  ( 0.08477474465999999820, -0.1998684754076772152, -0.09159756323633859443 ) ) ;
#4593 = CIRCLE ( 'NONE', #5317, 0.01968503937007875723 ) ;
#4594 = CARTESIAN_POINT ( 'NONE',  ( 0.07504920018594488096, -0.08151669791893702277, -0.2194801003604330558 ) ) ;
#4595 = CARTESIAN_POINT ( 'NONE',  ( 0.1782271263365354241, 0.000000000000000000, -0.4704724409448819422 ) ) ;
#4596 = ORIENTED_EDGE ( 'NONE', *, *, #2320, .T. ) ;
#4597 = ORIENTED_EDGE ( 'NONE', *, *, #6137, .T. ) ;
#4598 = ORIENTED_EDGE ( 'NONE', *, *, #4703, .F. ) ;
#4599 = CARTESIAN_POINT ( 'NONE',  ( 0.009786377201745296434, -0.1043307086614173318, -0.4443190630128417418 ) ) ;
#4600 = CARTESIAN_POINT ( 'NONE',  ( -0.06200787401574803237, -0.2244094488188976555, -0.4789763779527559939 ) ) ;
#4601 = LINE ( 'NONE', #1007, #6728 ) ;
#4602 = DIRECTION ( 'NONE',  ( -1.000000000000000000, 0.000000000000000000, -2.531317973268703914E-12 ) ) ;
#4603 = EDGE_CURVE ( 'NONE', #6169, #7086, #653, .T. ) ;
#4604 = ORIENTED_EDGE ( 'NONE', *, *, #4562, .T. ) ;
#4605 = ORIENTED_EDGE ( 'NONE', *, *, #1543, .T. ) ;
#4606 = CARTESIAN_POINT ( 'NONE',  ( -0.1787401574803149651, 0.09842519685039370636, -0.03937007874015747977 ) ) ;
#4607 = CARTESIAN_POINT ( 'NONE',  ( -0.0004653688922492133905, 0.02361746277220140577, -0.5486002864806925894 ) ) ;
#4608 = CARTESIAN_POINT ( 'NONE',  ( 0.000000000000000000, 0.000000000000000000, -0.1082677165354330728 ) ) ;
#4609 = DIRECTION ( 'NONE',  ( -1.000000000000000000, -0.000000000000000000, -0.000000000000000000 ) ) ;
#4610 = ADVANCED_FACE ( 'NONE', ( #4856 ), #3660, .T. ) ;
#4611 = ADVANCED_FACE ( 'NONE', ( #3171 ), #4358, .T. ) ;
#4612 = CARTESIAN_POINT ( 'NONE',  ( -0.06102362204724410405, 7.473238341253534249E-18, -0.3740157480314960647 ) ) ;
#4613 = EDGE_LOOP ( 'NONE', ( #7079, #2904, #1126, #3700, #4624 ) ) ;
#4614 = DIRECTION ( 'NONE',  ( 1.000000000000000000, 0.000000000000000000, 0.000000000000000000 ) ) ;
#4615 = DIRECTION ( 'NONE',  ( -0.000000000000000000, -1.000000000000000000, -0.000000000000000000 ) ) ;
#4616 = VERTEX_POINT ( 'NONE', #6097 ) ;
#4617 = EDGE_CURVE ( 'NONE', #3336, #1870, #6865, .T. ) ;
#4618 = DIRECTION ( 'NONE',  ( 0.000000000000000000, 0.000000000000000000, -1.000000000000000000 ) ) ;
#4619 = CARTESIAN_POINT ( 'NONE',  ( 0.1574803149606299191, -0.2588976377952755814, -0.4704724409448819422 ) ) ;
#4620 = CARTESIAN_POINT ( 'NONE',  ( -0.05512154641550606748, -0.007291798376157870853, -0.3740157480314960647 ) ) ;
#4621 = ADVANCED_FACE ( 'NONE', ( #1949 ), #2640, .T. ) ;
#4622 = DIRECTION ( 'NONE',  ( 0.000000000000000000, -5.421010862427519089E-17, 1.000000000000000000 ) ) ;
#4623 = CARTESIAN_POINT ( 'NONE',  ( 0.1574803149606299191, -0.1299212598425196763, -0.5324027949232285062 ) ) ;
#4624 = ORIENTED_EDGE ( 'NONE', *, *, #3953, .F. ) ;
#4625 = VERTEX_POINT ( 'NONE', #6582 ) ;
#4626 = PLANE ( 'NONE',  #294 ) ;
#4627 = DIRECTION ( 'NONE',  ( 0.000000000000000000, 0.000000000000000000, 1.000000000000000000 ) ) ;
#4628 = DIRECTION ( 'NONE',  ( 1.391248227733399881E-15, 0.8987940462990938739, -0.4383711467892274505 ) ) ;
#4629 = VERTEX_POINT ( 'NONE', #1369 ) ;
#4630 = ORIENTED_EDGE ( 'NONE', *, *, #6580, .F. ) ;
#4631 = ORIENTED_EDGE ( 'NONE', *, *, #6735, .F. ) ;
#4632 = CARTESIAN_POINT ( 'NONE',  ( 0.0007025063976948818945, -0.09055118109441810670, -0.4535302601290448488 ) ) ;
#4633 = CARTESIAN_POINT ( 'NONE',  ( 0.08453852418755283815, -0.1889137364020080367, -0.08126408702382434401 ) ) ;
#4634 = CARTESIAN_POINT ( 'NONE',  ( 0.000000000000000000, 0.000000000000000000, -0.3779527559055118058 ) ) ;
#4635 = CARTESIAN_POINT ( 'NONE',  ( -0.01737879355264962747, -0.1042998764292602382, -0.4170586914689188851 ) ) ;
#4636 = VERTEX_POINT ( 'NONE', #2067 ) ;
#4637 = EDGE_LOOP ( 'NONE', ( #7503, #914, #6986, #4881, #2704, #6216, #5689, #1427, #5418, #474 ) ) ;
#4638 = CARTESIAN_POINT ( 'NONE',  ( -0.1515748031496063075, -0.1043307086614173318, -0.4694106689389763720 ) ) ;
#4639 = CARTESIAN_POINT ( 'NONE',  ( 0.000000000000000000, 0.000000000000000000, -0.3740157480314960647 ) ) ;
#4640 = DIRECTION ( 'NONE',  ( -1.000000000000000000, 0.000000000000000000, 0.000000000000000000 ) ) ;
#4641 = CARTESIAN_POINT ( 'NONE',  ( -0.08424324859700786650, -0.1784897389754330765, -0.09503150719338582242 ) ) ;
#4642 = VERTEX_POINT ( 'NONE', #7193 ) ;
#4643 = DIRECTION ( 'NONE',  ( 0.000000000000000000, -1.000000000000000000, 0.000000000000000000 ) ) ;
#4644 = EDGE_CURVE ( 'NONE', #3829, #6091, #4927, .T. ) ;
#4645 = LINE ( 'NONE', #3352, #199 ) ;
#4646 = ORIENTED_EDGE ( 'NONE', *, *, #7523, .T. ) ;
#4647 = LINE ( 'NONE', #2349, #2620 ) ;
#4648 = CARTESIAN_POINT ( 'NONE',  ( -0.003605085228960860748, 0.05730118883755971199, -0.5452755905511897927 ) ) ;
#4649 = EDGE_CURVE ( 'NONE', #6327, #2210, #4240, .T. ) ;
#4650 = EDGE_CURVE ( 'NONE', #3797, #6202, #4813, .T. ) ;
#4651 = DIRECTION ( 'NONE',  ( 0.000000000000000000, 1.000000000000000000, 0.000000000000000000 ) ) ;
#4652 = LINE ( 'NONE', #2965, #936 ) ;
#4653 = CARTESIAN_POINT ( 'NONE',  ( -0.08424702812456694168, -0.1753743654622441084, -0.09819715364996065010 ) ) ;
#4654 = ADVANCED_FACE ( 'NONE', ( #1916 ), #3781, .F. ) ;
#4655 = ORIENTED_EDGE ( 'NONE', *, *, #2955, .T. ) ;
#4656 = ORIENTED_EDGE ( 'NONE', *, *, #5075, .T. ) ;
#4657 = CARTESIAN_POINT ( 'NONE',  ( 0.000000000000000000, 0.000000000000000000, -0.3740157480314960647 ) ) ;
#4658 = LINE ( 'NONE', #6959, #5405 ) ;
#4659 = CARTESIAN_POINT ( 'NONE',  ( -0.007300105116403303104, 0.05511811023622047861, -0.3740157480314960647 ) ) ;
#4660 = ORIENTED_EDGE ( 'NONE', *, *, #3705, .T. ) ;
#4661 = EDGE_CURVE ( 'NONE', #708, #4629, #322, .T. ) ;
#4662 = ORIENTED_EDGE ( 'NONE', *, *, #6274, .T. ) ;
#4663 = EDGE_LOOP ( 'NONE', ( #6917, #6240, #198, #5504 ) ) ;
#4664 = CYLINDRICAL_SURFACE ( 'NONE', #5661, 0.02362204724409448092 ) ;
#4665 = AXIS2_PLACEMENT_3D ( 'NONE', #5272, #3555, #6588 ) ;
#4666 = DIRECTION ( 'NONE',  ( 0.000000000000000000, -1.000000000000000000, 0.000000000000000000 ) ) ;
#4667 = DIRECTION ( 'NONE',  ( 0.000000000000000000, -2.457524924300477559E-14, -1.000000000000000000 ) ) ;
#4668 = CIRCLE ( 'NONE', #651, 0.01968503936982326716 ) ;
#4669 = LENGTH_MEASURE_WITH_UNIT ( LENGTH_MEASURE( 0.02539999999999999897 ), #3029 );
#4670 = ORIENTED_EDGE ( 'NONE', *, *, #7522, .T. ) ;
#4671 = EDGE_LOOP ( 'NONE', ( #4338, #3202, #1976, #1371 ) ) ;
#4672 = CARTESIAN_POINT ( 'NONE',  ( 0.009975457349296073042, -0.1120939678542792611, -0.3678487349283772190 ) ) ;
#4673 = CARTESIAN_POINT ( 'NONE',  ( 0.08850554799114174198, -0.2115362300273621876, -0.1630922456801180975 ) ) ;
#4674 = AXIS2_PLACEMENT_3D ( 'NONE', #1443, #2807, #447 ) ;
#4675 = CARTESIAN_POINT ( 'NONE',  ( -0.1588582677165354395, -0.1259842519685039353, -0.4704724409448819422 ) ) ;
#4676 = CARTESIAN_POINT ( 'NONE',  ( -0.08404718683826770120, -0.1732562611903543381, -0.1013559694273622330 ) ) ;
#4677 = AXIS2_PLACEMENT_3D ( 'NONE', #7282, #7133, #816 ) ;
#4678 = ORIENTED_EDGE ( 'NONE', *, *, #2362, .T. ) ;
#4679 = DIRECTION ( 'NONE',  ( 0.000000000000000000, 1.000000000000000000, 0.000000000000000000 ) ) ;
#4680 = AXIS2_PLACEMENT_3D ( 'NONE', #4339, #1966, #2575 ) ;
#4681 = DIRECTION ( 'NONE',  ( -0.000000000000000000, -1.000000000000000000, -0.000000000000000000 ) ) ;
#4682 = ORIENTED_EDGE ( 'NONE', *, *, #5250, .F. ) ;
#4683 = CARTESIAN_POINT ( 'NONE',  ( 0.08858267716535433989, -0.1043307086614173318, -0.4704724409448819422 ) ) ;
#4684 = DIRECTION ( 'NONE',  ( 1.000000000000000000, 0.000000000000000000, 0.000000000000000000 ) ) ;
#4685 = DIRECTION ( 'NONE',  ( 0.9980267284316971521, 0.009822601323319055805, -0.06201746398528585474 ) ) ;
#4686 = VECTOR ( 'NONE', #4347, 39.37007874015748143 ) ;
#4687 = VECTOR ( 'NONE', #5774, 39.37007874015748143 ) ;
#4688 = FACE_OUTER_BOUND ( 'NONE', #2330, .T. ) ;
#4689 = CARTESIAN_POINT ( 'NONE',  ( 0.000000000000000000, -0.3444881889763780070, -0.5334645669291339098 ) ) ;
#4690 = EDGE_CURVE ( 'NONE', #4486, #2034, #6394, .T. ) ;
#4691 = ORIENTED_EDGE ( 'NONE', *, *, #4184, .T. ) ;
#4692 = VECTOR ( 'NONE', #1034, 39.37007874015748143 ) ;
#4693 = AXIS2_PLACEMENT_3D ( 'NONE', #2623, #3802, #6768 ) ;
#4694 = ORIENTED_EDGE ( 'NONE', *, *, #3622, .F. ) ;
#4695 = CARTESIAN_POINT ( 'NONE',  ( 0.08459757930566930151, -0.1924915035705118127, -0.09034653872051180701 ) ) ;
#4696 = DIRECTION ( 'NONE',  ( -1.000000000000000000, 0.000000000000000000, 0.000000000000000000 ) ) ;
#4697 = AXIS2_PLACEMENT_3D ( 'NONE', #5323, #1315, #3606 ) ;
#4698 = EDGE_CURVE ( 'NONE', #1187, #6525, #67, .T. ) ;
#4699 = VECTOR ( 'NONE', #5450, 39.37007874015748143 ) ;
#4700 = VECTOR ( 'NONE', #3619, 39.37007874015748143 ) ;
#4701 = CARTESIAN_POINT ( 'NONE',  ( -0.1377952755905511861, -0.2086614173228346636, -0.1633858267716535584 ) ) ;
#4702 = ORIENTED_EDGE ( 'NONE', *, *, #4228, .T. ) ;
#4703 = EDGE_CURVE ( 'NONE', #3810, #776, #1335, .T. ) ;
#4704 = ORIENTED_EDGE ( 'NONE', *, *, #469, .T. ) ;
#4705 = VECTOR ( 'NONE', #7105, 39.37007874015748143 ) ;
#4706 = ORIENTED_EDGE ( 'NONE', *, *, #3494, .F. ) ;
#4707 = CARTESIAN_POINT ( 'NONE',  ( 0.1782271263365354241, -0.09055118110236221041, -0.3720472440944881942 ) ) ;
#4708 = CARTESIAN_POINT ( 'NONE',  ( 0.04921259842519685318, -0.2244094488188976555, -0.2952755905511810774 ) ) ;
#4709 = CARTESIAN_POINT ( 'NONE',  ( -0.08858267716535433989, -0.2086614173228346636, -0.4704724409448819422 ) ) ;
#4710 = ADVANCED_FACE ( 'NONE', ( #7236 ), #2375, .T. ) ;
#4711 = VECTOR ( 'NONE', #2902, 39.37007874015748143 ) ;
#4712 = ORIENTED_EDGE ( 'NONE', *, *, #6797, .T. ) ;
#4713 = ORIENTED_EDGE ( 'NONE', *, *, #2700, .T. ) ;
#4714 = LINE ( 'NONE', #1094, #2268 ) ;
#4715 = CARTESIAN_POINT ( 'NONE',  ( -0.01602876569969383103, -0.1101823094369452916, -0.3752927616774358599 ) ) ;
#4716 = DIRECTION ( 'NONE',  ( 0.000000000000000000, 0.000000000000000000, 1.000000000000000000 ) ) ;
#4717 = VECTOR ( 'NONE', #3949, 39.37007874015748143 ) ;
#4718 = CARTESIAN_POINT ( 'NONE',  ( -0.03937007874015747977, 0.06819097667594488377, -0.5463373625570866476 ) ) ;
#4719 = CARTESIAN_POINT ( 'NONE',  ( -0.08477474465999999820, -0.2009730320414567228, -0.08838969784555121556 ) ) ;
#4720 = ORIENTED_EDGE ( 'NONE', *, *, #6952, .F. ) ;
#4721 = CARTESIAN_POINT ( 'NONE',  ( 0.1771653543307086798, -0.09145791303354332269, -0.3720472440944881942 ) ) ;
#4722 = LINE ( 'NONE', #7028, #6998 ) ;
#4723 = ORIENTED_EDGE ( 'NONE', *, *, #2503, .T. ) ;
#4724 = LINE ( 'NONE', #3075, #3235 ) ;
#4725 = CARTESIAN_POINT ( 'NONE',  ( -0.09187629053719005567, 0.03893304910610048686, -0.5515072208995817071 ) ) ;
#4726 = CARTESIAN_POINT ( 'NONE',  ( 0.0003862882449713779119, -0.08950248127185039815, -0.4609787275992126010 ) ) ;
#4727 = CARTESIAN_POINT ( 'NONE',  ( 0.1181102362204724532, -0.2086614173228346636, -0.1633858267716535584 ) ) ;
#4728 = CARTESIAN_POINT ( 'NONE',  ( 0.000000000000000000, 0.000000000000000000, -0.1377952755905511861 ) ) ;
#4729 = CARTESIAN_POINT ( 'NONE',  ( 0.06889763779527559306, -0.2125984251968504046, -0.2696850393700788162 ) ) ;
#4730 = ORIENTED_EDGE ( 'NONE', *, *, #6694, .T. ) ;
#4731 = ORIENTED_EDGE ( 'NONE', *, *, #928, .T. ) ;
#4732 = CARTESIAN_POINT ( 'NONE',  ( 0.1574803149606299191, -0.1062992125984252023, -0.4704724409448819422 ) ) ;
#4733 = DIRECTION ( 'NONE',  ( -1.000000000000000000, -0.000000000000000000, -0.000000000000000000 ) ) ;
#4734 = EDGE_CURVE ( 'NONE', #4110, #2643, #844, .T. ) ;
#4735 =( BOUNDED_SURFACE ( )  B_SPLINE_SURFACE ( 3, 3, ( 
 ( #3096, #423, #3786, #989, #4316, #2563, #5499 ),
 ( #1921, #2170, #3704, #1423, #1595, #2485, #3748 ),
 ( #164, #2035, #6067, #3920, #6027, #7167, #814 ),
 ( #849, #4819, #3176, #7243, #736, #4363, #5423 ) ),
 .UNSPECIFIED., .F., .F., .F. ) 
 B_SPLINE_SURFACE_WITH_KNOTS ( ( 4, 4 ),
 ( 4, 3, 4 ),
 ( 0.01411854123036508646, 0.9801219447765929793 ),
 ( 0.000000000000000000, 0.5000000000000000000, 1.000000000000000000 ),
 .UNSPECIFIED. ) 
 GEOMETRIC_REPRESENTATION_ITEM ( )  RATIONAL_B_SPLINE_SURFACE ( (
 ( 0.9971293367331089952, 0.7979725155060946040, 0.7979725155060946040, 0.9971293367331089952, 0.7979725155060946040, 0.7979725155060946040, 0.9971293367331089952),
 ( 0.9325958024104465949, 0.7463282755655971101, 0.7463282755655971101, 0.9325958024104465949, 0.7463282755655971101, 0.7463282755655971101, 0.9325958024104465949),
 ( 0.9322133204416005459, 0.7460221867889738068, 0.7460221867889738068, 0.9322133204416005459, 0.7460221867889738068, 0.7460221867889738068, 0.9322133204416005459),
 ( 0.9959818908265712922, 0.7970542491762251380, 0.7970542491762251380, 0.9959818908265712922, 0.7970542491762251380, 0.7970542491762251380, 0.9959818908265712922) ) ) 
 REPRESENTATION_ITEM ( '' )  SURFACE ( )  );
#4736 = CARTESIAN_POINT ( 'NONE',  ( -0.1358267716535433156, -0.2125984251968504046, -0.4766141732283464827 ) ) ;
#4737 = ORIENTED_EDGE ( 'NONE', *, *, #1243, .T. ) ;
#4738 = ORIENTED_EDGE ( 'NONE', *, *, #2402, .F. ) ;
#4739 = ADVANCED_FACE ( 'NONE', ( #1455 ), #5532, .T. ) ;
#4740 = ORIENTED_EDGE ( 'NONE', *, *, #4992, .T. ) ;
#4741 = DIRECTION ( 'NONE',  ( 0.000000000000000000, -2.602085213965226103E-14, 1.000000000000000000 ) ) ;
#4742 = CARTESIAN_POINT ( 'NONE',  ( -0.1594094488188976255, -0.1299212598425196763, -0.5324027949232285062 ) ) ;
#4743 = DIRECTION ( 'NONE',  ( -1.000000000000000000, 0.000000000000000000, 0.000000000000000000 ) ) ;
#4744 = EDGE_CURVE ( 'NONE', #4928, #1725, #2029, .T. ) ;
#4745 = EDGE_CURVE ( 'NONE', #34, #7259, #7391, .T. ) ;
#4746 = ORIENTED_EDGE ( 'NONE', *, *, #4603, .T. ) ;
#4747 = ORIENTED_EDGE ( 'NONE', *, *, #2890, .F. ) ;
#4748 = ADVANCED_FACE ( 'NONE', ( #5087 ), #5610, .T. ) ;
#4749 = CARTESIAN_POINT ( 'NONE',  ( -0.01585109265640449044, -0.1087079566349428289, -0.3846014589142570661 ) ) ;
#4750 = CARTESIAN_POINT ( 'NONE',  ( 0.08858740418125984895, -0.2115366647751968920, -0.1634038000743307517 ) ) ;
#4751 = CARTESIAN_POINT ( 'NONE',  ( 0.007419218405824940486, -0.09055118110236221041, -0.4611448253350125537 ) ) ;
#4752 = FACE_OUTER_BOUND ( 'NONE', #5298, .T. ) ;
#4753 = VERTEX_POINT ( 'NONE', #7310 ) ;
#4754 = CARTESIAN_POINT ( 'NONE',  ( -0.04921259842519685318, 0.000000000000000000, -0.1082677165354330728 ) ) ;
#4755 = CARTESIAN_POINT ( 'NONE',  ( 0.08523248504988188701, 0.02362204724409448786, -0.5334645669291339098 ) ) ;
#4756 = ORIENTED_EDGE ( 'NONE', *, *, #6309, .T. ) ;
#4757 = CARTESIAN_POINT ( 'NONE',  ( 0.01771653543307086937, -0.1128608923884645565, -0.5452755905511811330 ) ) ;
#4758 = CARTESIAN_POINT ( 'NONE',  ( 0.1377952755905511861, -0.2086614173228346636, -0.1572440944881889902 ) ) ;
#4759 = SURFACE_STYLE_USAGE ( .BOTH. , #6537 ) ;
#4760 = DIRECTION ( 'NONE',  ( -1.000000000000000000, 0.000000000000000000, 0.000000000000000000 ) ) ;
#4761 = DIRECTION ( 'NONE',  ( 1.000000000000000000, 0.000000000000000000, 0.000000000000000000 ) ) ;
#4762 = DIRECTION ( 'NONE',  ( 0.000000000000000000, 5.421010862427519089E-17, -1.000000000000000000 ) ) ;
#4763 = LINE ( 'NONE', #2471, #7484 ) ;
#4764 = EDGE_LOOP ( 'NONE', ( #3525, #5161, #3430, #4596 ) ) ;
#4765 = VERTEX_POINT ( 'NONE', #501 ) ;
#4766 = FACE_OUTER_BOUND ( 'NONE', #128, .T. ) ;
#4767 = PLANE ( 'NONE',  #1871 ) ;
#4768 = DIRECTION ( 'NONE',  ( -1.000000000000000000, 0.000000000000000000, 0.000000000000000000 ) ) ;
#4769 = VERTEX_POINT ( 'NONE', #4508 ) ;
#4770 = ORIENTED_EDGE ( 'NONE', *, *, #6333, .F. ) ;
#4771 = LINE ( 'NONE', #4204, #74 ) ;
#4772 = ORIENTED_EDGE ( 'NONE', *, *, #5630, .F. ) ;
#4773 = DIRECTION ( 'NONE',  ( 0.000000000000000000, -1.000000000000000000, 0.000000000000000000 ) ) ;
#4774 = CARTESIAN_POINT ( 'NONE',  ( 0.09040127955279547711, -0.09055118110236221041, -0.3740157480314960647 ) ) ;
#4775 = LINE ( 'NONE', #4209, #4792 ) ;
#4776 = APPLICATION_PROTOCOL_DEFINITION ( 'draft international standard', 'automotive_design', 1998, #951 ) ;
#4777 = ORIENTED_EDGE ( 'NONE', *, *, #7049, .F. ) ;
#4778 = VECTOR ( 'NONE', #7404, 39.37007874015748143 ) ;
#4779 = ORIENTED_EDGE ( 'NONE', *, *, #1998, .F. ) ;
#4780 = ADVANCED_FACE ( 'NONE', ( #1535, #3285 ), #6781, .T. ) ;
#4781 = EDGE_CURVE ( 'NONE', #2410, #6238, #7366, .T. ) ;
#4782 = CARTESIAN_POINT ( 'NONE',  ( -0.01623123123489068551, -0.1091668243720302633, -0.3846813920448664548 ) ) ;
#4783 = LINE ( 'NONE', #3560, #2341 ) ;
#4784 = CARTESIAN_POINT ( 'NONE',  ( 0.1782271263365354241, -0.1062992125984252023, -0.3720472440944881942 ) ) ;
#4785 = AXIS2_PLACEMENT_3D ( 'NONE', #2789, #4470, #5684 ) ;
#4786 = EDGE_CURVE ( 'NONE', #3135, #1496, #4084, .T. ) ;
#4787 = CARTESIAN_POINT ( 'NONE',  ( 0.1588976377952755759, -0.06692913385826770867, -0.5334645669291339098 ) ) ;
#4788 = EDGE_LOOP ( 'NONE', ( #5764, #1459, #6113, #6346 ) ) ;
#4789 = DIRECTION ( 'NONE',  ( 1.000000000000000000, 0.000000000000000000, -0.000000000000000000 ) ) ;
#4790 = EDGE_CURVE ( 'NONE', #2003, #6105, #1534, .T. ) ;
#4791 = DIRECTION ( 'NONE',  ( -0.000000000000000000, -1.000000000000000000, -0.000000000000000000 ) ) ;
#4792 = VECTOR ( 'NONE', #2414, 39.37007874015748143 ) ;
#4793 = ORIENTED_EDGE ( 'NONE', *, *, #1810, .F. ) ;
#4794 = DIRECTION ( 'NONE',  ( 7.228014483236698528E-16, 0.000000000000000000, 1.000000000000000000 ) ) ;
#4795 = VECTOR ( 'NONE', #1890, 39.37007874015748854 ) ;
#4796 = CARTESIAN_POINT ( 'NONE',  ( -0.1533070866141732214, -0.1043307086614173318, -0.4980314960629921295 ) ) ;
#4797 = DIRECTION ( 'NONE',  ( 0.000000000000000000, 0.000000000000000000, 1.000000000000000000 ) ) ;
#4798 = CARTESIAN_POINT ( 'NONE',  ( -0.1330708661417323024, -0.09492371360814960690, -0.3740157480314960647 ) ) ;
#4799 = EDGE_CURVE ( 'NONE', #3519, #1121, #7347, .T. ) ;
#4800 = AXIS2_PLACEMENT_3D ( 'NONE', #6018, #3087, #5490 ) ;
#4801 = PLANE ( 'NONE',  #5778 ) ;
#4802 = VECTOR ( 'NONE', #5938, 39.37007874015748143 ) ;
#4803 = DIRECTION ( 'NONE',  ( -0.000000000000000000, 1.000000000000000000, 0.000000000000000000 ) ) ;
#4804 = CARTESIAN_POINT ( 'NONE',  ( -0.01771653543307086937, -0.1128608923884645565, -0.5492125984251968740 ) ) ;
#4805 = ORIENTED_EDGE ( 'NONE', *, *, #4162, .F. ) ;
#4806 = ORIENTED_EDGE ( 'NONE', *, *, #6186, .T. ) ;
#4807 = CIRCLE ( 'NONE', #5055, 0.01181102362204724046 ) ;
#4808 = DIRECTION ( 'NONE',  ( 0.000000000000000000, -0.6000000000094840580, 0.7999999999928870675 ) ) ;
#4809 = AXIS2_PLACEMENT_3D ( 'NONE', #5105, #3947, #6271 ) ;
#4810 = CARTESIAN_POINT ( 'NONE',  ( 0.01771653543307086937, -0.1532808398948903583, -0.5366141732283559174 ) ) ;
#4811 = LINE ( 'NONE', #7124, #5199 ) ;
#4812 = VECTOR ( 'NONE', #2501, 39.37007874015748143 ) ;
#4813 = LINE ( 'NONE', #205, #6620 ) ;
#4814 = ORIENTED_EDGE ( 'NONE', *, *, #5173, .F. ) ;
#4815 = AXIS2_PLACEMENT_3D ( 'NONE', #5713, #1785, #5744 ) ;
#4816 = ORIENTED_EDGE ( 'NONE', *, *, #1014, .F. ) ;
#4817 = LINE ( 'NONE', #162, #2756 ) ;
#4818 = VERTEX_POINT ( 'NONE', #6175 ) ;
#4819 = CARTESIAN_POINT ( 'NONE',  ( 0.01603532126080911904, -0.1101905722322394504, -0.3752903736210468355 ) ) ;
#4820 = CARTESIAN_POINT ( 'NONE',  ( -0.01140971880852757747, -0.09251968503937008093, -0.4614566057292465717 ) ) ;
#4821 = VECTOR ( 'NONE', #7209, 39.37007874015748143 ) ;
#4822 = DIRECTION ( 'NONE',  ( 1.000000000000000000, 0.000000000000000000, 0.000000000000000000 ) ) ;
#4823 = VECTOR ( 'NONE', #1077, 39.37007874015748143 ) ;
#4824 = VECTOR ( 'NONE', #3773, 39.37007874015748143 ) ;
#4825 = ORIENTED_EDGE ( 'NONE', *, *, #912, .F. ) ;
#4826 = ORIENTED_EDGE ( 'NONE', *, *, #3868, .T. ) ;
#4827 = AXIS2_PLACEMENT_3D ( 'NONE', #1511, #3274, #4958 ) ;
#4828 = LINE ( 'NONE', #1170, #6858 ) ;
#4829 = CARTESIAN_POINT ( 'NONE',  ( 0.06978882653307087736, -0.1148989177447637816, -0.3069159708491338567 ) ) ;
#4830 = CIRCLE ( 'NONE', #4097, 0.02362204724409448092 ) ;
#4831 = CARTESIAN_POINT ( 'NONE',  ( -0.08842360016311025250, -0.2182067355249606433, -0.1630940222574409626 ) ) ;
#4832 = EDGE_CURVE ( 'NONE', #7136, #5558, #1568, .T. ) ;
#4833 = ORIENTED_EDGE ( 'NONE', *, *, #427, .T. ) ;
#4834 = DIRECTION ( 'NONE',  ( -0.000000000000000000, -1.000000000000000000, -0.000000000000000000 ) ) ;
#4835 = ORIENTED_EDGE ( 'NONE', *, *, #1298, .T. ) ;
#4836 = DIRECTION ( 'NONE',  ( 0.000000000000000000, 0.000000000000000000, 1.000000000000000000 ) ) ;
#4837 = CIRCLE ( 'NONE', #7134, 0.04921259842519685318 ) ;
#4838 = LINE ( 'NONE', #4175, #1662 ) ;
#4839 = LINE ( 'NONE', #6497, #4705 ) ;
#4840 = CARTESIAN_POINT ( 'NONE',  ( -0.07501883914818270604, -0.08848848678465526252, -0.2251120080801256029 ) ) ;
#4841 = EDGE_CURVE ( 'NONE', #6032, #6496, #5152, .T. ) ;
#4842 = LINE ( 'NONE', #5366, #5162 ) ;
#4843 = CYLINDRICAL_SURFACE ( 'NONE', #6379, 0.04133858267716536417 ) ;
#4844 = EDGE_CURVE ( 'NONE', #1223, #6932, #360, .T. ) ;
#4845 = CARTESIAN_POINT ( 'NONE',  ( -0.07423241448702906642, -0.07698111512582350713, -0.2389687012826319790 ) ) ;
#4846 = B_SPLINE_CURVE_WITH_KNOTS ( 'NONE', 3,
 ( #2287, #4620, #4034, #6352, #5793, #579, #2901, #3685, #4914, #7221 ),
 .UNSPECIFIED., .F., .F.,
 ( 4, 2, 2, 2, 4 ),
 ( 0.5000000000000081046, 0.6250000000000061062, 0.7500000000000039968, 0.8750000000000019984, 1.000000000000000000 ),
 .UNSPECIFIED. ) ;
#4847 = LINE ( 'NONE', #3045, #4699 ) ;
#4848 = EDGE_CURVE ( 'NONE', #1772, #1219, #2675, .T. ) ;
#4849 = DIRECTION ( 'NONE',  ( 0.000000000000000000, -1.000000000000000000, 0.000000000000000000 ) ) ;
#4850 = VERTEX_POINT ( 'NONE', #6245 ) ;
#4851 = VERTEX_POINT ( 'NONE', #6292 ) ;
#4852 = EDGE_CURVE ( 'NONE', #6974, #3102, #3715, .T. ) ;
#4853 = CARTESIAN_POINT ( 'NONE',  ( -0.01397971005697389718, -0.1043307086614173318, -0.4633272880955464634 ) ) ;
#4854 = CARTESIAN_POINT ( 'NONE',  ( 0.003352767883361342394, -0.05329071947294519024, -0.5478318230112877441 ) ) ;
#4855 = CARTESIAN_POINT ( 'NONE',  ( 0.003352767883361335022, -0.05329071947294519024, -0.5478318230112876330 ) ) ;
#4856 = FACE_OUTER_BOUND ( 'NONE', #2424, .T. ) ;
#4857 = VERTEX_POINT ( 'NONE', #4007 ) ;
#4858 = ORIENTED_EDGE ( 'NONE', *, *, #7522, .F. ) ;
#4859 = CARTESIAN_POINT ( 'NONE',  ( -0.07052125984251968183, -0.05730019962492125668, -0.3362958920717323275 ) ) ;
#4860 = EDGE_LOOP ( 'NONE', ( #724, #4118, #1539, #3835 ) ) ;
#4861 = CARTESIAN_POINT ( 'NONE',  ( -0.08858267716535433989, -0.2204724409448818867, -0.2696850393700788162 ) ) ;
#4862 = CARTESIAN_POINT ( 'NONE',  ( 0.04921259842519685318, -0.2220078740157480635, -0.2696850393700788162 ) ) ;
#4863 = CARTESIAN_POINT ( 'NONE',  ( 0.06102362204724410405, -0.1299212598425196763, -0.5669291338582678197 ) ) ;
#4864 = ORIENTED_EDGE ( 'NONE', *, *, #6580, .T. ) ;
#4865 = VERTEX_POINT ( 'NONE', #3891 ) ;
#4866 = DIRECTION ( 'NONE',  ( -1.000000000000000000, 0.000000000000000000, 0.000000000000000000 ) ) ;
#4867 = CARTESIAN_POINT ( 'NONE',  ( 0.06603794512047245213, -0.1242539866356299066, -0.3481320085204331893 ) ) ;
#4868 = CYLINDRICAL_SURFACE ( 'NONE', #3967, 0.05905511811023622659 ) ;
#4869 = CARTESIAN_POINT ( 'NONE',  ( 0.08501096513243440456, -0.2092449621640510571, -0.09597752970034295616 ) ) ;
#4870 = ORIENTED_EDGE ( 'NONE', *, *, #1061, .T. ) ;
#4871 = CARTESIAN_POINT ( 'NONE',  ( 0.09685039370078740717, 0.1771653543307086798, -0.03937007874015747977 ) ) ;
#4872 = CARTESIAN_POINT ( 'NONE',  ( -0.06878740157480314754, -0.1049288131639462690, -0.4634220185422361915 ) ) ;
#4873 = DIRECTION ( 'NONE',  ( -0.000000000000000000, -0.000000000000000000, -1.000000000000000000 ) ) ;
#4874 = DIRECTION ( 'NONE',  ( 1.000000000000000000, 0.000000000000000000, 0.000000000000000000 ) ) ;
#4875 = PLANE ( 'NONE',  #1993 ) ;
#4876 = CARTESIAN_POINT ( 'NONE',  ( -0.06180859153836180953, -0.1043307086614173318, -0.4168640244161425645 ) ) ;
#4877 = DIRECTION ( 'NONE',  ( 1.000000000000000000, 0.000000000000000000, 0.000000000000000000 ) ) ;
#4878 = EDGE_CURVE ( 'NONE', #6943, #3322, #6207, .T. ) ;
#4879 = CARTESIAN_POINT ( 'NONE',  ( 0.01771653543307086937, -0.1377952755905511861, -0.5334645669291339098 ) ) ;
#4880 = CYLINDRICAL_SURFACE ( 'NONE', #3847, 0.05905511811023622659 ) ;
#4881 = ORIENTED_EDGE ( 'NONE', *, *, #4841, .F. ) ;
#4882 = ADVANCED_FACE ( 'NONE', ( #924 ), #3401, .F. ) ;
#4883 = EDGE_CURVE ( 'NONE', #6058, #5283, #3970, .T. ) ;
#4884 = ORIENTED_EDGE ( 'NONE', *, *, #6820, .F. ) ;
#4885 = CARTESIAN_POINT ( 'NONE',  ( -0.1181102362204724532, -0.2086614173228346636, -0.1572440944881889902 ) ) ;
#4886 = CARTESIAN_POINT ( 'NONE',  ( 0.0004653688922492178900, -0.02361746277220155843, -0.5366618725208658347 ) ) ;
#4887 = EDGE_CURVE ( 'NONE', #6732, #3710, #7457, .T. ) ;
#4888 = DIRECTION ( 'NONE',  ( 0.000000000000000000, 0.000000000000000000, -1.000000000000000000 ) ) ;
#4889 = EDGE_CURVE ( 'NONE', #5924, #1606, #1042, .T. ) ;
#4890 = DIRECTION ( 'NONE',  ( -6.195440985631441512E-16, 5.757523350966282908E-31, -1.000000000000000000 ) ) ;
#4891 = ORIENTED_EDGE ( 'NONE', *, *, #6872, .F. ) ;
#4892 = EDGE_LOOP ( 'NONE', ( #2417, #6101, #1048, #2070 ) ) ;
#4893 = FACE_OUTER_BOUND ( 'NONE', #5010, .T. ) ;
#4894 = ORIENTED_EDGE ( 'NONE', *, *, #561, .F. ) ;
#4895 = DIRECTION ( 'NONE',  ( -1.000000000000000000, 0.000000000000000000, 0.000000000000000000 ) ) ;
#4896 = CARTESIAN_POINT ( 'NONE',  ( -0.003083939266269141236, 0.04901781096356032374, -0.5499179289026022710 ) ) ;
#4897 = FACE_OUTER_BOUND ( 'NONE', #4892, .T. ) ;
#4898 = EDGE_CURVE ( 'NONE', #604, #3921, #2499, .T. ) ;
#4899 = VERTEX_POINT ( 'NONE', #2290 ) ;
#4900 = ORIENTED_EDGE ( 'NONE', *, *, #4427, .T. ) ;
#4901 = CARTESIAN_POINT ( 'NONE',  ( -0.1270460239743307074, -0.09251968503937008093, -0.4507874015748031815 ) ) ;
#4902 = CARTESIAN_POINT ( 'NONE',  ( 0.06608351511862206595, -0.1177729017869291323, -0.3464970091125197382 ) ) ;
#4903 = CARTESIAN_POINT ( 'NONE',  ( 0.1377952755905511861, -0.09055118110236221041, -0.04527559055118110520 ) ) ;
#4904 = ORIENTED_EDGE ( 'NONE', *, *, #4555, .F. ) ;
#4905 = ORIENTED_EDGE ( 'NONE', *, *, #5088, .F. ) ;
#4906 = CARTESIAN_POINT ( 'NONE',  ( 0.08418419347889649629, -0.1756895497841874376, -0.09583111566419454108 ) ) ;
#4907 = ORIENTED_EDGE ( 'NONE', *, *, #2698, .F. ) ;
#4908 = DIRECTION ( 'NONE',  ( 0.000000000000000000, -0.9876883405954474116, -0.1564344650382761270 ) ) ;
#4909 = CARTESIAN_POINT ( 'NONE',  ( 0.05905511811023635843, 7.232166136696978071E-18, -0.4094488188976378451 ) ) ;
#4910 = CYLINDRICAL_SURFACE ( 'NONE', #79, 0.009842519685010818128 ) ;
#4911 = LINE ( 'NONE', #950, #6144 ) ;
#4912 = AXIS2_PLACEMENT_3D ( 'NONE', #4708, #5348, #1265 ) ;
#4913 = SURFACE_STYLE_FILL_AREA ( #1400 ) ;
#4914 = CARTESIAN_POINT ( 'NONE',  ( -0.007318106127804199085, -0.05511811023622047168, -0.3740157480314961203 ) ) ;
#4915 = DIRECTION ( 'NONE',  ( 0.000000000000000000, -1.000000000000000000, 0.000000000000000000 ) ) ;
#4916 = VECTOR ( 'NONE', #1709, 39.37007874015748854 ) ;
#4917 = CARTESIAN_POINT ( 'NONE',  ( 0.08858267716535433989, -0.2204724409448818867, -0.2696850393700788162 ) ) ;
#4918 = DIRECTION ( 'NONE',  ( 0.000000000000000000, 1.000000000000000000, 0.000000000000000000 ) ) ;
#4919 = ORIENTED_EDGE ( 'NONE', *, *, #1063, .T. ) ;
#4920 = ORIENTED_EDGE ( 'NONE', *, *, #1063, .F. ) ;
#4921 = DIRECTION ( 'NONE',  ( -1.356852694780501630E-16, -0.1564344650394034753, 0.9876883405952687767 ) ) ;
#4922 = DIRECTION ( 'NONE',  ( 0.000000000000000000, 5.421010862427519089E-17, -1.000000000000000000 ) ) ;
#4923 = VECTOR ( 'NONE', #4797, 39.37007874015748143 ) ;
#4924 = VECTOR ( 'NONE', #6167, 39.37007874015748143 ) ;
#4925 = EDGE_CURVE ( 'NONE', #5691, #4173, #582, .T. ) ;
#4926 = CARTESIAN_POINT ( 'NONE',  ( 0.1099342068292517710, -0.04658518370623566940, -0.5478318230110179599 ) ) ;
#4927 = LINE ( 'NONE', #6624, #2740 ) ;
#4928 = VERTEX_POINT ( 'NONE', #2355 ) ;
#4929 = VECTOR ( 'NONE', #4627, 39.37007874015748143 ) ;
#4930 = ORIENTED_EDGE ( 'NONE', *, *, #5530, .T. ) ;
#4931 = LINE ( 'NONE', #1985, #4083 ) ;
#4932 = VECTOR ( 'NONE', #3455, 39.37007874015748143 ) ;
#4933 = ORIENTED_EDGE ( 'NONE', *, *, #2690, .T. ) ;
#4934 = DIRECTION ( 'NONE',  ( 1.000000000000000000, 0.000000000000000000, 0.000000000000000000 ) ) ;
#4935 = DIRECTION ( 'NONE',  ( 0.000000000000000000, 1.000000000000000000, 0.000000000000000000 ) ) ;
#4936 = ADVANCED_FACE ( 'NONE', ( #3512 ), #5296, .F. ) ;
#4937 = LINE ( 'NONE', #1956, #2851 ) ;
#4938 = VECTOR ( 'NONE', #920, 39.37007874015748143 ) ;
#4939 = AXIS2_PLACEMENT_3D ( 'NONE', #1352, #1846, #4138 ) ;
#4940 = EDGE_CURVE ( 'NONE', #479, #69, #6923, .T. ) ;
#4941 = AXIS2_PLACEMENT_3D ( 'NONE', #5789, #2819, #2929 ) ;
#4942 = ORIENTED_EDGE ( 'NONE', *, *, #4134, .T. ) ;
#4943 = EDGE_LOOP ( 'NONE', ( #647, #963, #1918, #2616 ) ) ;
#4944 = ADVANCED_FACE ( 'NONE', ( #6954 ), #5260, .T. ) ;
#4945 = ORIENTED_EDGE ( 'NONE', *, *, #6651, .T. ) ;
#4946 = DIRECTION ( 'NONE',  ( 0.000000000000000000, 0.000000000000000000, -1.000000000000000000 ) ) ;
#4947 = CARTESIAN_POINT ( 'NONE',  ( 0.06614173228345841815, -0.1234053247828632988, -0.3467659153224493807 ) ) ;
#4948 = CIRCLE ( 'NONE', #4815, 0.05741448320507432784 ) ;
#4949 = ADVANCED_FACE ( 'NONE', ( #6432 ), #1824, .F. ) ;
#4950 = CARTESIAN_POINT ( 'NONE',  ( 0.08661417322834646937, -0.06692913385826770867, -0.4704724409448819422 ) ) ;
#4951 = VECTOR ( 'NONE', #244, 39.37007874015748143 ) ;
#4952 = ORIENTED_EDGE ( 'NONE', *, *, #2413, .T. ) ;
#4953 = VECTOR ( 'NONE', #3434, 39.37007874015748143 ) ;
#4954 = ORIENTED_EDGE ( 'NONE', *, *, #6464, .T. ) ;
#4955 = VECTOR ( 'NONE', #1908, 39.37007874015748143 ) ;
#4956 = CARTESIAN_POINT ( 'NONE',  ( 0.09842519685039370636, 0.1787401574803149651, -0.09960629921259843422 ) ) ;
#4957 = DIRECTION ( 'NONE',  ( 0.000000000000000000, 0.000000000000000000, -1.000000000000000000 ) ) ;
#4958 = DIRECTION ( 'NONE',  ( 0.000000000000000000, 0.000000000000000000, -1.000000000000000000 ) ) ;
#4959 = CARTESIAN_POINT ( 'NONE',  ( -0.06102362204724410405, -0.1299212598425196763, -0.5324027949232285062 ) ) ;
#4960 = CARTESIAN_POINT ( 'NONE',  ( -0.01771653543307086937, -0.1152230971129090675, -0.5460629921259378960 ) ) ;
#4961 = CARTESIAN_POINT ( 'NONE',  ( 0.004261181929096347770, -0.1043307086614173318, -0.4168640244162306052 ) ) ;
#4962 = AXIS2_PLACEMENT_3D ( 'NONE', #6050, #299, #2118 ) ;
#4963 = LINE ( 'NONE', #984, #1153 ) ;
#4964 = B_SPLINE_SURFACE_WITH_KNOTS ( 'NONE', 3, 3, ( 
 ( #105, #6598, #1388, #7091 ),
 ( #5962, #3069, #5392, #176 ),
 ( #2496, #4831, #7140, #7321 ),
 ( #4373, #6682, #4450, #1550 ) ),
 .UNSPECIFIED., .F., .F., .F.,
 ( 4, 4 ),
 ( 4, 4 ),
 ( 0.2997635253757000018, 0.7002364289826999988 ),
 ( -0.04077372665887999542, 1.040773758865000120 ),
 .UNSPECIFIED. ) ;
#4965 = AXIS2_PLACEMENT_3D ( 'NONE', #260, #2086, #487 ) ;
#4966 = CARTESIAN_POINT ( 'NONE',  ( -0.08543379916141731478, -0.2218165636596850510, -0.1126859131572047340 ) ) ;
#4967 = LINE ( 'NONE', #6010, #1019 ) ;
#4968 = CARTESIAN_POINT ( 'NONE',  ( 0.06102362204724410405, -0.1299212598425196763, -0.5334645669291339098 ) ) ;
#4969 = ORIENTED_EDGE ( 'NONE', *, *, #2279, .F. ) ;
#4970 = ORIENTED_EDGE ( 'NONE', *, *, #6872, .T. ) ;
#4971 = FACE_OUTER_BOUND ( 'NONE', #5422, .T. ) ;
#4972 = DIRECTION ( 'NONE',  ( 0.000000000000000000, 1.000000000000000000, 0.000000000000000000 ) ) ;
#4973 = DIRECTION ( 'NONE',  ( 1.000000000000000000, 0.000000000000000000, 0.000000000000000000 ) ) ;
#4974 = DIRECTION ( 'NONE',  ( 0.000000000000000000, 1.000000000000000000, 0.000000000000000000 ) ) ;
#4975 = ORIENTED_EDGE ( 'NONE', *, *, #3946, .T. ) ;
#4976 = ORIENTED_EDGE ( 'NONE', *, *, #127, .F. ) ;
#4977 = ORIENTED_EDGE ( 'NONE', *, *, #5859, .F. ) ;
#4978 = LINE ( 'NONE', #6675, #5271 ) ;
#4979 = EDGE_CURVE ( 'NONE', #6058, #7517, #1715, .T. ) ;
#4980 = DIRECTION ( 'NONE',  ( 0.000000000000000000, 0.000000000000000000, 1.000000000000000000 ) ) ;
#4981 = EDGE_LOOP ( 'NONE', ( #2242, #1127, #5722, #142 ) ) ;
#4982 = EDGE_CURVE ( 'NONE', #5439, #4516, #42, .T. ) ;
#4983 = VERTEX_POINT ( 'NONE', #4075 ) ;
#4984 = VERTEX_POINT ( 'NONE', #6398 ) ;
#4985 = DIRECTION ( 'NONE',  ( 0.000000000000000000, 0.000000000000000000, 1.000000000000000000 ) ) ;
#4986 = CARTESIAN_POINT ( 'NONE',  ( 0.06608351511862206595, -0.1243459170048031581, -0.3476058085401968478 ) ) ;
#4987 = EDGE_CURVE ( 'NONE', #6679, #3538, #1143, .T. ) ;
#4988 = EDGE_CURVE ( 'NONE', #3322, #2315, #1409, .T. ) ;
#4989 = CARTESIAN_POINT ( 'NONE',  ( -0.08548340607731029495, -0.2238106365497721795, -0.1155099221821724309 ) ) ;
#4990 = ORIENTED_EDGE ( 'NONE', *, *, #6867, .T. ) ;
#4991 = ORIENTED_EDGE ( 'NONE', *, *, #4314, .F. ) ;
#4992 = EDGE_CURVE ( 'NONE', #2293, #995, #1861, .T. ) ;
#4993 = CARTESIAN_POINT ( 'NONE',  ( -0.05905511811023622659, -0.3346456692913385988, -0.5452755905511811330 ) ) ;
#4994 = LINE ( 'NONE', #6765, #6972 ) ;
#4995 = DIRECTION ( 'NONE',  ( 0.000000000000000000, 0.000000000000000000, 1.000000000000000000 ) ) ;
#4996 = LINE ( 'NONE', #4959, #1414 ) ;
#4997 = CARTESIAN_POINT ( 'NONE',  ( 0.0003862882449713779119, -0.09251968503937108013, -0.4614566057292472934 ) ) ;
#4998 = CARTESIAN_POINT ( 'NONE',  ( 0.0004653688922492266720, -0.02361746277220224191, -0.5366618725208661678 ) ) ;
#4999 = CARTESIAN_POINT ( 'NONE',  ( -0.08543379916141731478, -0.2251720141450393731, -0.1126144196497244204 ) ) ;
#5000 = EDGE_CURVE ( 'NONE', #6526, #5211, #2903, .T. ) ;
#5001 = DIRECTION ( 'NONE',  ( 1.000000000000000000, 0.000000000000000000, 0.000000000000000000 ) ) ;
#5002 = PLANE ( 'NONE',  #5071 ) ;
#5003 = ORIENTED_EDGE ( 'NONE', *, *, #6190, .F. ) ;
#5004 = EDGE_LOOP ( 'NONE', ( #2427, #4212 ) ) ;
#5005 = LINE ( 'NONE', #2096, #7448 ) ;
#5006 = DIRECTION ( 'NONE',  ( 2.168404344971003346E-15, 0.000000000000000000, 1.000000000000000000 ) ) ;
#5007 = DIRECTION ( 'NONE',  ( 0.000000000000000000, 0.000000000000000000, 1.000000000000000000 ) ) ;
#5008 = DIRECTION ( 'NONE',  ( -0.000000000000000000, -0.000000000000000000, -1.000000000000000000 ) ) ;
#5009 = VERTEX_POINT ( 'NONE', #2863 ) ;
#5010 = EDGE_LOOP ( 'NONE', ( #7323, #3551, #404, #7306, #5697, #1815, #6357, #1757 ) ) ;
#5011 = ORIENTED_EDGE ( 'NONE', *, *, #6054, .F. ) ;
#5012 = CARTESIAN_POINT ( 'NONE',  ( -0.04133858267716536417, 5.062516295687877716E-18, -0.4704724409448819422 ) ) ;
#5013 = SPHERICAL_SURFACE ( 'NONE', #2730, 0.04921259842519685318 ) ;
#5014 = EDGE_LOOP ( 'NONE', ( #4814, #2377, #4068, #2572 ) ) ;
#5015 = ORIENTED_EDGE ( 'NONE', *, *, #2317, .T. ) ;
#5016 = VERTEX_POINT ( 'NONE', #5795 ) ;
#5017 = CARTESIAN_POINT ( 'NONE',  ( 0.1279527559055118335, 0.000000000000000000, 0.000000000000000000 ) ) ;
#5018 = CARTESIAN_POINT ( 'NONE',  ( 0.1574803149606299191, -0.1299212598425196763, -0.5334645669291339098 ) ) ;
#5019 = CARTESIAN_POINT ( 'NONE',  ( 0.1564185429548031470, -0.1062992125984252023, -0.4704724409448819422 ) ) ;
#5020 = ORIENTED_EDGE ( 'NONE', *, *, #1116, .F. ) ;
#5021 = EDGE_CURVE ( 'NONE', #1571, #2992, #116, .T. ) ;
#5022 = ORIENTED_EDGE ( 'NONE', *, *, #740, .T. ) ;
#5023 = DIRECTION ( 'NONE',  ( 0.000000000000000000, 0.000000000000000000, 1.000000000000000000 ) ) ;
#5024 = CARTESIAN_POINT ( 'NONE',  ( -0.07383773678597441159, -0.08806964221001278847, -0.2442836454718508021 ) ) ;
#5025 = DIRECTION ( 'NONE',  ( 1.000000000000000000, 0.000000000000000000, 0.000000000000000000 ) ) ;
#5026 = DIRECTION ( 'NONE',  ( 1.000000000000000000, 0.000000000000000000, 0.000000000000000000 ) ) ;
#5027 = DIRECTION ( 'NONE',  ( 0.000000000000000000, 0.000000000000000000, 1.000000000000000000 ) ) ;
#5028 = LINE ( 'NONE', #3277, #4435 ) ;
#5029 = EDGE_CURVE ( 'NONE', #3931, #2003, #4334, .T. ) ;
#5030 = EDGE_CURVE ( 'NONE', #3103, #6698, #1110, .T. ) ;
#5031 = CARTESIAN_POINT ( 'NONE',  ( -0.07442828796708662875, -0.08188139511582677443, -0.2345165493385039379 ) ) ;
#5032 = CARTESIAN_POINT ( 'NONE',  ( 0.04133858267716536417, 0.000000000000000000, -0.4133858267716535861 ) ) ;
#5033 = CARTESIAN_POINT ( 'NONE',  ( -0.03937007874015747977, 0.000000000000000000, -0.4133858267716535861 ) ) ;
#5034 = CONICAL_SURFACE ( 'NONE', #525, 39.37007874008125441, 0.7853981633964802755 ) ;
#5035 = EDGE_LOOP ( 'NONE', ( #433, #442, #2526, #3330, #2916, #5397 ) ) ;
#5036 = ORIENTED_EDGE ( 'NONE', *, *, #4841, .T. ) ;
#5037 = CARTESIAN_POINT ( 'NONE',  ( 0.1149606299212598409, -0.1003390190417452615, -0.3917322834645669549 ) ) ;
#5038 = CARTESIAN_POINT ( 'NONE',  ( 0.000000000000000000, 0.000000000000000000, -0.4133858267716535861 ) ) ;
#5039 = EDGE_CURVE ( 'NONE', #707, #4163, #6466, .T. ) ;
#5040 = AXIS2_PLACEMENT_3D ( 'NONE', #2147, #5693, #2104 ) ;
#5041 = LINE ( 'NONE', #5150, #1290 ) ;
#5042 = DIRECTION ( 'NONE',  ( 0.000000000000000000, 0.000000000000000000, 1.000000000000000000 ) ) ;
#5043 = VERTEX_POINT ( 'NONE', #5230 ) ;
#5044 = VERTEX_POINT ( 'NONE', #5483 ) ;
#5045 = EDGE_LOOP ( 'NONE', ( #5329, #4919, #3173, #6298 ) ) ;
#5046 = CARTESIAN_POINT ( 'NONE',  ( -0.06984251968503936425, -0.1043307086614173318, -0.4704724409448819422 ) ) ;
#5047 = CARTESIAN_POINT ( 'NONE',  ( 0.07442828796708662875, -0.07491921956972441565, -0.2340297065983464875 ) ) ;
#5048 = FACE_OUTER_BOUND ( 'NONE', #6705, .T. ) ;
#5049 = ORIENTED_EDGE ( 'NONE', *, *, #1384, .F. ) ;
#5050 = VECTOR ( 'NONE', #3389, 39.37007874015748143 ) ;
#5051 = EDGE_LOOP ( 'NONE', ( #7026, #3758, #7228, #1569 ) ) ;
#5052 = ORIENTED_EDGE ( 'NONE', *, *, #6075, .F. ) ;
#5053 = LINE ( 'NONE', #6826, #3350 ) ;
#5054 = CYLINDRICAL_SURFACE ( 'NONE', #1009, 0.02362204724409448786 ) ;
#5055 = AXIS2_PLACEMENT_3D ( 'NONE', #458, #5106, #1558 ) ;
#5056 = VECTOR ( 'NONE', #3511, 39.37007874015748143 ) ;
#5057 = AXIS2_PLACEMENT_3D ( 'NONE', #2729, #6939, #7375 ) ;
#5058 = EDGE_LOOP ( 'NONE', ( #6460, #1311, #3487, #4779, #2399, #6516, #6627, #2676, #6707, #1608, #6390, #5525 ) ) ;
#5059 = ORIENTED_EDGE ( 'NONE', *, *, #3906, .T. ) ;
#5060 = DIRECTION ( 'NONE',  ( -0.000000000000000000, -0.000000000000000000, -1.000000000000000000 ) ) ;
#5061 = DIRECTION ( 'NONE',  ( 0.000000000000000000, 0.000000000000000000, 1.000000000000000000 ) ) ;
#5062 = VECTOR ( 'NONE', #5309, 39.37007874015748143 ) ;
#5063 = VECTOR ( 'NONE', #5516, 39.37007874015748143 ) ;
#5064 = CARTESIAN_POINT ( 'NONE',  ( -0.04676955665215359187, -0.02454820055669983125, -0.5486002864806925894 ) ) ;
#5065 = CARTESIAN_POINT ( 'NONE',  ( 0.1377952755905511861, -0.09251968503937008093, -0.3523622047244094335 ) ) ;
#5066 = DIRECTION ( 'NONE',  ( 5.007192577233250420E-14, 0.9975640502598761561, 0.06975647374338200812 ) ) ;
#5067 = EDGE_CURVE ( 'NONE', #6203, #3760, #4847, .T. ) ;
#5068 = VECTOR ( 'NONE', #2613, 39.37007874015748143 ) ;
#5069 = LINE ( 'NONE', #7300, #5412 ) ;
#5070 = AXIS2_PLACEMENT_3D ( 'NONE', #6850, #994, #5042 ) ;
#5071 = AXIS2_PLACEMENT_3D ( 'NONE', #6774, #2061, #1449 ) ;
#5072 = CARTESIAN_POINT ( 'NONE',  ( -0.07380737226952756302, -0.07942761878177165280, -0.2493559868505118293 ) ) ;
#5073 = CARTESIAN_POINT ( 'NONE',  ( -0.01033307062352951597, -0.1199651298489644163, -0.3684864512968367145 ) ) ;
#5074 = AXIS2_PLACEMENT_3D ( 'NONE', #3765, #4294, #3191 ) ;
#5075 = EDGE_CURVE ( 'NONE', #3921, #5009, #6635, .T. ) ;
#5076 = DIRECTION ( 'NONE',  ( 0.000000000000000000, -0.9876883405954420825, -0.1564344650383094892 ) ) ;
#5077 = VERTEX_POINT ( 'NONE', #1938 ) ;
#5078 = LINE ( 'NONE', #246, #7238 ) ;
#5079 =( GEOMETRIC_REPRESENTATION_CONTEXT ( 3 ) GLOBAL_UNCERTAINTY_ASSIGNED_CONTEXT ( ( #3158 ) ) GLOBAL_UNIT_ASSIGNED_CONTEXT ( ( #5352, #706, #5876 ) ) REPRESENTATION_CONTEXT ( 'NONE', 'WORKASPACE' ) );
#5080 = ORIENTED_EDGE ( 'NONE', *, *, #5957, .F. ) ;
#5081 = DIRECTION ( 'NONE',  ( -0.000000000000000000, -1.000000000000000000, -0.000000000000000000 ) ) ;
#5082 = ADVANCED_FACE ( 'NONE', ( #836 ), #6056, .T. ) ;
#5083 = DIRECTION ( 'NONE',  ( 0.000000000000000000, 0.000000000000000000, 1.000000000000000000 ) ) ;
#5084 = VECTOR ( 'NONE', #1532, 39.37007874015748143 ) ;
#5085 = EDGE_CURVE ( 'NONE', #3270, #5950, #5674, .T. ) ;
#5086 = DIRECTION ( 'NONE',  ( 0.000000000000000000, -1.000000000000000000, 0.000000000000000000 ) ) ;
#5087 = FACE_OUTER_BOUND ( 'NONE', #3294, .T. ) ;
#5088 = EDGE_CURVE ( 'NONE', #2711, #3103, #2582, .T. ) ;
#5089 = VERTEX_POINT ( 'NONE', #4917 ) ;
#5090 = VECTOR ( 'NONE', #346, 39.37007874015748143 ) ;
#5091 = ORIENTED_EDGE ( 'NONE', *, *, #286, .F. ) ;
#5092 = CARTESIAN_POINT ( 'NONE',  ( 0.08551175068393701562, -0.2147830468641338808, -0.1160621985760629943 ) ) ;
#5093 = LINE ( 'NONE', #1647, #5884 ) ;
#5094 = LINE ( 'NONE', #4595, #1037 ) ;
#5095 = ORIENTED_EDGE ( 'NONE', *, *, #1446, .F. ) ;
#5096 = ORIENTED_EDGE ( 'NONE', *, *, #89, .T. ) ;
#5097 = ORIENTED_EDGE ( 'NONE', *, *, #3299, .F. ) ;
#5098 = CARTESIAN_POINT ( 'NONE',  ( 0.0006149735949879558180, -0.1094677434762437174, -0.3844310503141118995 ) ) ;
#5099 = DIRECTION ( 'NONE',  ( 1.000000000000000000, 0.000000000000000000, 0.000000000000000000 ) ) ;
#5100 = DIRECTION ( 'NONE',  ( -1.000000000000000000, 0.000000000000000000, 0.000000000000000000 ) ) ;
#5101 = DIRECTION ( 'NONE',  ( -1.000000000000000000, -0.000000000000000000, -0.000000000000000000 ) ) ;
#5102 = ORIENTED_EDGE ( 'NONE', *, *, #2795, .T. ) ;
#5103 = CARTESIAN_POINT ( 'NONE',  ( 0.1181102362204724532, -0.1039370078740157466, -0.4704724409448819422 ) ) ;
#5104 = CARTESIAN_POINT ( 'NONE',  ( 0.05511811023622046474, 1.379050006854594430E-15, -0.3740157480314961203 ) ) ;
#5105 = CARTESIAN_POINT ( 'NONE',  ( 0.0006754837608417325499, -0.1211350483420264024, -0.3862670153066614098 ) ) ;
#5106 = DIRECTION ( 'NONE',  ( -4.179535469590380418E-30, 2.891205793294690455E-15, -1.000000000000000000 ) ) ;
#5107 = CARTESIAN_POINT ( 'NONE',  ( -0.07442828796708662875, -0.08536248288885826818, -0.2347599707085827048 ) ) ;
#5108 = CARTESIAN_POINT ( 'NONE',  ( -0.1181102362204724532, -0.2125984251968504046, -0.1633858267716535584 ) ) ;
#5109 = CARTESIAN_POINT ( 'NONE',  ( -0.06978882653307087736, -0.1148989177447637816, -0.3069159708491338567 ) ) ;
#5110 = ORIENTED_EDGE ( 'NONE', *, *, #280, .T. ) ;
#5111 = CARTESIAN_POINT ( 'NONE',  ( -0.01771653543307086937, -0.1128608923884645565, -0.5452755905511811330 ) ) ;
#5112 = ORIENTED_EDGE ( 'NONE', *, *, #4087, .T. ) ;
#5113 = DIRECTION ( 'NONE',  ( -0.000000000000000000, -1.000000000000000000, -0.000000000000000000 ) ) ;
#5114 = LINE ( 'NONE', #6205, #1272 ) ;
#5115 = EDGE_CURVE ( 'NONE', #626, #1353, #722, .T. ) ;
#5116 = DIRECTION ( 'NONE',  ( 0.000000000000000000, 0.000000000000000000, 1.000000000000000000 ) ) ;
#5117 = CARTESIAN_POINT ( 'NONE',  ( -0.09842519685039370636, 0.09685039370078740717, -0.03818897637795275884 ) ) ;
#5118 = EDGE_CURVE ( 'NONE', #375, #1634, #2633, .T. ) ;
#5119 = EDGE_CURVE ( 'NONE', #1488, #4818, #3772, .T. ) ;
#5120 = ORIENTED_EDGE ( 'NONE', *, *, #6639, .F. ) ;
#5121 = VERTEX_POINT ( 'NONE', #4350 ) ;
#5122 = CARTESIAN_POINT ( 'NONE',  ( 0.08550230248173228131, -0.2148313116358661345, -0.1156714073196456749 ) ) ;
#5123 = EDGE_CURVE ( 'NONE', #6483, #3210, #4967, .T. ) ;
#5124 = LINE ( 'NONE', #6819, #3224 ) ;
#5125 = EDGE_CURVE ( 'NONE', #665, #54, #652, .T. ) ;
#5126 = PLANE ( 'NONE',  #4321 ) ;
#5127 = VERTEX_POINT ( 'NONE', #1292 ) ;
#5128 = EDGE_CURVE ( 'NONE', #3933, #2145, #3707, .T. ) ;
#5129 = VERTEX_POINT ( 'NONE', #6088 ) ;
#5130 = VERTEX_POINT ( 'NONE', #5369 ) ;
#5131 = CARTESIAN_POINT ( 'NONE',  ( 0.01090263424467871438, -0.1043307086614173318, -0.4529687496834129967 ) ) ;
#5132 = CARTESIAN_POINT ( 'NONE',  ( 0.1388570475963779582, -0.09251968503937008093, -0.3523622047244094335 ) ) ;
#5133 = CARTESIAN_POINT ( 'NONE',  ( 0.1783464566929134076, -0.1062992125984252023, -0.4789763779527559939 ) ) ;
#5134 = EDGE_CURVE ( 'NONE', #6469, #6203, #151, .T. ) ;
#5135 = PLANE ( 'NONE',  #2880 ) ;
#5136 = VERTEX_POINT ( 'NONE', #4231 ) ;
#5137 = ORIENTED_EDGE ( 'NONE', *, *, #6779, .F. ) ;
#5138 = CARTESIAN_POINT ( 'NONE',  ( 0.07481995525642991252, -0.07924314995712976317, -0.2247377469874039801 ) ) ;
#5139 = CARTESIAN_POINT ( 'NONE',  ( 0.08858267716535433989, -0.09055118110236221041, -0.5019685039370078705 ) ) ;
#5140 = CARTESIAN_POINT ( 'NONE',  ( 0.05909448818897637679, -0.1299212598425196763, -0.5669291338582678197 ) ) ;
#5141 = CARTESIAN_POINT ( 'NONE',  ( -0.08424324859700786650, -0.1743825596750393780, -0.08963032630165353176 ) ) ;
#5142 = CARTESIAN_POINT ( 'NONE',  ( 0.002802038465009833342, -0.04453712603599060266, -0.5515072208990252633 ) ) ;
#5143 = CARTESIAN_POINT ( 'NONE',  ( -0.06608351511862206595, -0.1177729017868897610, -0.3464970091124803253 ) ) ;
#5144 = ORIENTED_EDGE ( 'NONE', *, *, #4832, .F. ) ;
#5145 = ORIENTED_EDGE ( 'NONE', *, *, #3769, .T. ) ;
#5146 = CARTESIAN_POINT ( 'NONE',  ( 0.04921259842519685318, -0.2204724409448818867, -0.2981508264193700741 ) ) ;
#5147 = EDGE_LOOP ( 'NONE', ( #1451, #3902, #2936, #6870, #4009, #1770, #4833 ) ) ;
#5148 = LINE ( 'NONE', #5256, #2469 ) ;
#5149 = CARTESIAN_POINT ( 'NONE',  ( -0.04921259842519685318, -0.2244094488188976555, -0.2952755905511810774 ) ) ;
#5150 = CARTESIAN_POINT ( 'NONE',  ( 0.1556985821518519775, 0.02362204724409448786, -0.1377952755905511861 ) ) ;
#5151 = VECTOR ( 'NONE', #4102, 39.37007874015748143 ) ;
#5152 = LINE ( 'NONE', #1640, #2758 ) ;
#5153 = ORIENTED_EDGE ( 'NONE', *, *, #2800, .F. ) ;
#5154 = PLANE ( 'NONE',  #5191 ) ;
#5155 = EDGE_LOOP ( 'NONE', ( #5020, #6560, #4552, #5354 ) ) ;
#5156 = DIRECTION ( 'NONE',  ( 1.000000000000000000, 0.000000000000000000, 0.000000000000000000 ) ) ;
#5157 = CARTESIAN_POINT ( 'NONE',  ( 0.07482851638854330634, -0.07833908548484252998, -0.2240927026785039244 ) ) ;
#5158 = VECTOR ( 'NONE', #1497, 39.37007874015748143 ) ;
#5159 = EDGE_CURVE ( 'NONE', #2711, #1661, #755, .T. ) ;
#5160 = LINE ( 'NONE', #4013, #3475 ) ;
#5161 = ORIENTED_EDGE ( 'NONE', *, *, #3533, .T. ) ;
#5162 = VECTOR ( 'NONE', #1358, 39.37007874015748143 ) ;
#5163 = ORIENTED_EDGE ( 'NONE', *, *, #3950, .T. ) ;
#5164 = EDGE_CURVE ( 'NONE', #3217, #3629, #4188, .T. ) ;
#5165 = EDGE_LOOP ( 'NONE', ( #5821, #4737, #2041, #3828 ) ) ;
#5166 = LINE ( 'NONE', #1049, #4451 ) ;
#5167 = CARTESIAN_POINT ( 'NONE',  ( -0.05118110236220473064, -0.3971641579688976464, -0.3070866141732283561 ) ) ;
#5168 = CARTESIAN_POINT ( 'NONE',  ( -0.1574803149606299191, 8.854790310368957240E-18, -0.5334645669291339098 ) ) ;
#5169 = EDGE_CURVE ( 'NONE', #6966, #6192, #4264, .T. ) ;
#5170 = CIRCLE ( 'NONE', #3948, 0.03937007874015747977 ) ;
#5171 = AXIS2_PLACEMENT_3D ( 'NONE', #258, #182, #4908 ) ;
#5172 = LINE ( 'NONE', #7479, #3852 ) ;
#5173 = EDGE_CURVE ( 'NONE', #5904, #604, #106, .T. ) ;
#5174 = ORIENTED_EDGE ( 'NONE', *, *, #5759, .F. ) ;
#5175 = VERTEX_POINT ( 'NONE', #3126 ) ;
#5176 = ADVANCED_FACE ( 'NONE', ( #195, #7303 ), #1592, .T. ) ;
#5177 = DIRECTION ( 'NONE',  ( 8.260587980854567457E-16, 1.705932844735973596E-31, -1.000000000000000000 ) ) ;
#5178 = VECTOR ( 'NONE', #6890, 39.37007874015748143 ) ;
#5179 = CARTESIAN_POINT ( 'NONE',  ( 0.08858267716535433989, -0.09055118110236221041, -0.5030302759429134962 ) ) ;
#5180 = CIRCLE ( 'NONE', #435, 0.01737879355264960665 ) ;
#5181 = AXIS2_PLACEMENT_3D ( 'NONE', #3532, #2340, #2278 ) ;
#5182 = CARTESIAN_POINT ( 'NONE',  ( -0.08459757930566930151, -0.1925211095254330818, -0.08356119597062991455 ) ) ;
#5183 = VECTOR ( 'NONE', #112, 39.37007874015748143 ) ;
#5184 = ORIENTED_EDGE ( 'NONE', *, *, #4085, .F. ) ;
#5185 = CARTESIAN_POINT ( 'NONE',  ( -0.005799781764428717755, -0.1151989302047030095, -0.3754509620435094175 ) ) ;
#5186 = PLANE ( 'NONE',  #5792 ) ;
#5187 = ORIENTED_EDGE ( 'NONE', *, *, #7195, .F. ) ;
#5188 = DIRECTION ( 'NONE',  ( 0.000000000000000000, 0.000000000000000000, 1.000000000000000000 ) ) ;
#5189 = CIRCLE ( 'NONE', #2383, 0.01181102362204724046 ) ;
#5190 = CARTESIAN_POINT ( 'NONE',  ( -0.1771653543307086798, -0.2559055118110236671, 0.000000000000000000 ) ) ;
#5191 = AXIS2_PLACEMENT_3D ( 'NONE', #5752, #5364, #5401 ) ;
#5192 = CARTESIAN_POINT ( 'NONE',  ( 0.1358267716535433156, -0.2125984251968504046, -0.1572440944881889902 ) ) ;
#5193 = DIRECTION ( 'NONE',  ( 0.000000000000000000, -0.9876883405954474116, -0.1564344650382761825 ) ) ;
#5194 = AXIS2_PLACEMENT_3D ( 'NONE', #380, #3800, #3190 ) ;
#5195 = ORIENTED_EDGE ( 'NONE', *, *, #1481, .T. ) ;
#5196 = DIRECTION ( 'NONE',  ( 0.000000000000000000, 0.000000000000000000, 1.000000000000000000 ) ) ;
#5197 = VERTEX_POINT ( 'NONE', #4499 ) ;
#5198 = DIRECTION ( 'NONE',  ( 0.000000000000000000, 1.000000000000000000, -6.938893903907227392E-16 ) ) ;
#5199 = VECTOR ( 'NONE', #1915, 39.37007874015748143 ) ;
#5200 = CARTESIAN_POINT ( 'NONE',  ( 0.05905511811023622659, -0.2086614173228346636, -0.4737007874015748410 ) ) ;
#5201 = DIRECTION ( 'NONE',  ( 0.000000000000000000, 1.000000000000000000, 0.000000000000000000 ) ) ;
#5202 = ORIENTED_EDGE ( 'NONE', *, *, #5351, .T. ) ;
#5203 = CLOSED_SHELL ( 'NONE', ( #2174, #6550, #1858, #3498, #6450, #3542, #269, #7023, #7332, #3617, #6644, #2745, #3268, #1899, #4710, #2405, #5632, #3621, #1942, #6881, #1843, #2962, #3716, #6597, #319, #4936, #6365, #3207, #552, #6145, #4944, #5726, #1524, #7053, #6283, #2348, #5902, #416, #1700, #5780, #6449, #598, #5299, #7096, #5671, #611, #415, #4340, #4467, #4654, #1248, #5889, #934, #6911, #6089, #6405, #4323, #6860, #1172, #6829, #2522, #2354, #1849, #7017, #4611, #1162, #5491, #1204, #503, #5628, #4512, #6034, #692, #5340, #5444, #5258, #4419, #3584, #3580, #502, #4748, #5263, #7426, #1235, #6961, #1072, #2047, #2357, #6234, #1768, #1990, #1705, #2735, #771, #5176, #172, #5855, #3436, #971, #630, #1112, #3612, #3486, #4043, #7158, #3402, #4130, #7006, #1373, #943, #7333, #6962, #1839, #4172, #6788, #827, #7474, #1103, #4610, #7057, #1538, #1713, #2213, #6558, #4039, #7248, #2178, #43, #2894, #5082, #4882, #2080, #38, #2604, #1533, #4739, #1583, #7329, #2928, #2497, #3572, #4621, #5391, #2823, #3360, #5584, #509, #1003, #3941, #1380, #3167, #1200, #5386, #6180, #5247, #4326, #2559, #3528, #728, #5394, #1613, #2662, #1607, #3450, #457, #641, #2454, #1840, #4095, #3531, #3021, #975, #3435, #5213, #4780, #5983, #3067, #4418, #1710, #783, #4137, #1805, #3996, #4949, #407, #4575, #4104, #3524, #4567, #7055, #1525, #5812, #7094, #3215, #4506, #3397, #5767, #467, #5288, #6126, #6591, #1992, #4474, #967, #823, #372, #4514, #7299 ) ) ;
#5204 = ORIENTED_EDGE ( 'NONE', *, *, #4988, .F. ) ;
#5205 = ORIENTED_EDGE ( 'NONE', *, *, #3160, .F. ) ;
#5206 = DIRECTION ( 'NONE',  ( -1.000000000000000000, -0.000000000000000000, -0.000000000000000000 ) ) ;
#5207 = DIRECTION ( 'NONE',  ( -0.000000000000000000, 1.000000000000000000, 0.000000000000000000 ) ) ;
#5208 = PLANE ( 'NONE',  #3088 ) ;
#5209 = EDGE_CURVE ( 'NONE', #5043, #4276, #6840, .T. ) ;
#5210 = CARTESIAN_POINT ( 'NONE',  ( -0.05511811023622065903, 0.000000000000000000, -0.4094488188976375675 ) ) ;
#5211 = VERTEX_POINT ( 'NONE', #2128 ) ;
#5212 = VERTEX_POINT ( 'NONE', #4464 ) ;
#5213 = ADVANCED_FACE ( 'NONE', ( #3849, #1560 ), #2060, .T. ) ;
#5214 = EDGE_CURVE ( 'NONE', #5283, #4152, #2668, .T. ) ;
#5215 = CARTESIAN_POINT ( 'NONE',  ( 0.0004653688922492133363, -0.02361746277220155843, -0.5366618725208658347 ) ) ;
#5216 = FACE_OUTER_BOUND ( 'NONE', #2566, .T. ) ;
#5217 = EDGE_CURVE ( 'NONE', #5429, #6732, #2092, .T. ) ;
#5218 = CARTESIAN_POINT ( 'NONE',  ( -0.1377952755905511861, -0.1073609846042519744, -0.3720472440944881942 ) ) ;
#5219 = EDGE_CURVE ( 'NONE', #5121, #549, #657, .T. ) ;
#5220 = CARTESIAN_POINT ( 'NONE',  ( -0.08404718683826770120, -0.1676028643694488229, -0.09782333459921259411 ) ) ;
#5221 = ORIENTED_EDGE ( 'NONE', *, *, #7487, .T. ) ;
#5222 = CARTESIAN_POINT ( 'NONE',  ( -0.009862013584344726455, -0.1145513644288746191, -0.3795395314415032084 ) ) ;
#5223 = CARTESIAN_POINT ( 'NONE',  ( -0.07383773678600111245, -0.08003820937787663181, -0.2482008369969738448 ) ) ;
#5224 = VERTEX_POINT ( 'NONE', #911 ) ;
#5225 = FACE_OUTER_BOUND ( 'NONE', #2050, .T. ) ;
#5226 = CARTESIAN_POINT ( 'NONE',  ( 0.003352767883361367114, -0.05329071947294517636, -0.5478318230112877441 ) ) ;
#5227 = FACE_OUTER_BOUND ( 'NONE', #633, .T. ) ;
#5228 = EDGE_CURVE ( 'NONE', #6335, #6649, #6235, .T. ) ;
#5229 = LINE ( 'NONE', #2353, #3856 ) ;
#5230 = CARTESIAN_POINT ( 'NONE',  ( 0.06968503937008735383, -0.1103785881858965062, -0.3104078322219629427 ) ) ;
#5231 = ORIENTED_EDGE ( 'NONE', *, *, #6277, .T. ) ;
#5232 = EDGE_LOOP ( 'NONE', ( #6752, #2551, #271, #388 ) ) ;
#5233 = CARTESIAN_POINT ( 'NONE',  ( 0.08411569015858268161, -0.1747900917543307175, -0.09894713585381889609 ) ) ;
#5234 = LINE ( 'NONE', #2327, #2611 ) ;
#5235 = CARTESIAN_POINT ( 'NONE',  ( -0.05511467405693488975, 0.007291798376156046792, -0.3740157480314961758 ) ) ;
#5236 = ORIENTED_EDGE ( 'NONE', *, *, #5341, .F. ) ;
#5237 = ORIENTED_EDGE ( 'NONE', *, *, #4036, .F. ) ;
#5238 = VERTEX_POINT ( 'NONE', #6729 ) ;
#5239 = CARTESIAN_POINT ( 'NONE',  ( -0.0006149747631436519070, -0.1094677531449346208, -0.3844309892683997476 ) ) ;
#5240 = CARTESIAN_POINT ( 'NONE',  ( 0.08489285489620973513, -0.2091424241949391138, -0.08576985615360616100 ) ) ;
#5241 = DIRECTION ( 'NONE',  ( 0.000000000000000000, 0.000000000000000000, -1.000000000000000000 ) ) ;
#5242 = VERTEX_POINT ( 'NONE', #5032 ) ;
#5243 = ORIENTED_EDGE ( 'NONE', *, *, #5000, .T. ) ;
#5244 = CARTESIAN_POINT ( 'NONE',  ( -0.009652468580596429426, -0.1117542665253155876, -0.3683449252304050181 ) ) ;
#5245 = LINE ( 'NONE', #5278, #1735 ) ;
#5246 = LINE ( 'NONE', #4675, #3597 ) ;
#5247 = ADVANCED_FACE ( 'NONE', ( #7336 ), #1066, .T. ) ;
#5248 = CARTESIAN_POINT ( 'NONE',  ( -0.08403773863606298078, -0.1644838343822834503, -0.09654432191905512606 ) ) ;
#5249 = VERTEX_POINT ( 'NONE', #5142 ) ;
#5250 = EDGE_CURVE ( 'NONE', #4534, #7278, #6696, .T. ) ;
#5251 = CARTESIAN_POINT ( 'NONE',  ( -0.08850393790459326615, -0.2125984251968504046, -0.1631109718048494028 ) ) ;
#5252 = DIRECTION ( 'NONE',  ( 0.000000000000000000, 0.000000000000000000, 1.000000000000000000 ) ) ;
#5253 = ORIENTED_EDGE ( 'NONE', *, *, #6464, .F. ) ;
#5254 = LINE ( 'NONE', #5111, #5300 ) ;
#5255 = EDGE_CURVE ( 'NONE', #6202, #2762, #3806, .T. ) ;
#5256 = CARTESIAN_POINT ( 'NONE',  ( 0.1588976377952755759, -0.06692913385826770867, -0.4704724409448819422 ) ) ;
#5257 = CARTESIAN_POINT ( 'NONE',  ( 0.000000000000000000, -0.3444881889763780070, -0.5452755905511811330 ) ) ;
#5258 = ADVANCED_FACE ( 'NONE', ( #1024 ), #3351, .T. ) ;
#5259 = CARTESIAN_POINT ( 'NONE',  ( 0.007672871370000807281, -0.1119087360751933047, -0.3690182423543756363 ) ) ;
#5260 = CYLINDRICAL_SURFACE ( 'NONE', #6879, 0.1574803149606299191 ) ;
#5261 = ORIENTED_EDGE ( 'NONE', *, *, #2738, .F. ) ;
#5262 = EDGE_LOOP ( 'NONE', ( #5618, #938, #4098, #242 ) ) ;
#5263 = ADVANCED_FACE ( 'NONE', ( #460 ), #3884, .F. ) ;
#5264 = CARTESIAN_POINT ( 'NONE',  ( 0.08495191001433072264, -0.2126830326192913345, -0.08710573437999999391 ) ) ;
#5265 = DIRECTION ( 'NONE',  ( 1.000000000000000000, 0.000000000000000000, 0.000000000000000000 ) ) ;
#5266 = CARTESIAN_POINT ( 'NONE',  ( -0.1771653543307086798, 0.09842519685039370636, -0.09842519685039370636 ) ) ;
#5267 = ORIENTED_EDGE ( 'NONE', *, *, #1941, .F. ) ;
#5268 = ORIENTED_EDGE ( 'NONE', *, *, #834, .F. ) ;
#5269 = ORIENTED_EDGE ( 'NONE', *, *, #6912, .T. ) ;
#5270 = CARTESIAN_POINT ( 'NONE',  ( 0.01771653543307086937, -0.1244714648487007802, -0.5529992679279527312 ) ) ;
#5271 = VECTOR ( 'NONE', #1377, 39.37007874015748143 ) ;
#5272 = CARTESIAN_POINT ( 'NONE',  ( 0.01737879355264960665, -0.1075251456415503987, -0.3841115737608303271 ) ) ;
#5273 = CARTESIAN_POINT ( 'NONE',  ( -0.1574803149606299191, -0.2559055118110236671, -0.5669291338582678197 ) ) ;
#5274 = VECTOR ( 'NONE', #5488, 39.37007874015748143 ) ;
#5275 = ORIENTED_EDGE ( 'NONE', *, *, #1947, .T. ) ;
#5276 = VERTEX_POINT ( 'NONE', #5108 ) ;
#5277 = CARTESIAN_POINT ( 'NONE',  ( 0.009426405897365588635, -0.1112348003919739620, -0.3686475953159329966 ) ) ;
#5278 = CARTESIAN_POINT ( 'NONE',  ( 0.1771653543307086798, 0.1771653543307086798, -0.4798818897637795455 ) ) ;
#5279 = VECTOR ( 'NONE', #4161, 39.37007874015748854 ) ;
#5280 = DIRECTION ( 'NONE',  ( -1.000000000000000000, 0.000000000000000000, 0.000000000000000000 ) ) ;
#5281 = CARTESIAN_POINT ( 'NONE',  ( -0.08495191001433072264, -0.2106059604607086744, -0.08978830952984252767 ) ) ;
#5282 = AXIS2_PLACEMENT_3D ( 'NONE', #6557, #3098, #5426 ) ;
#5283 = VERTEX_POINT ( 'NONE', #5603 ) ;
#5284 = LINE ( 'NONE', #4721, #3463 ) ;
#5285 = VECTOR ( 'NONE', #3763, 39.37007874015748143 ) ;
#5286 = CARTESIAN_POINT ( 'NONE',  ( 0.0006754887989035413248, -0.1094694142397411446, -0.3844195142878894522 ) ) ;
#5287 = ORIENTED_EDGE ( 'NONE', *, *, #5992, .F. ) ;
#5288 = ADVANCED_FACE ( 'NONE', ( #6200 ), #3422, .F. ) ;
#5289 = DIRECTION ( 'NONE',  ( 0.000000000000000000, 1.000000000000000000, -1.445602896647339706E-15 ) ) ;
#5290 = CARTESIAN_POINT ( 'NONE',  ( -0.1771653543307086798, 0.000000000000000000, -0.4704724409448819422 ) ) ;
#5291 = DIRECTION ( 'NONE',  ( 1.000000000000000000, 0.000000000000000000, 0.000000000000000000 ) ) ;
#5292 = AXIS2_PLACEMENT_3D ( 'NONE', #7498, #5332, #1140 ) ;
#5293 = VECTOR ( 'NONE', #2111, 39.37007874015748143 ) ;
#5294 = CARTESIAN_POINT ( 'NONE',  ( -0.04133858267710917994, 8.884791457554678797E-34, -0.5426097466751969023 ) ) ;
#5295 = ADVANCED_FACE ( 'NONE', ( #5786 ), #5886, .T. ) ;
#5296 = CYLINDRICAL_SURFACE ( 'NONE', #2257, 0.02362204724409448786 ) ;
#5297 = CARTESIAN_POINT ( 'NONE',  ( -0.01771653543307086937, -0.1637914307984645601, -0.5463373625570866476 ) ) ;
#5298 = EDGE_LOOP ( 'NONE', ( #249, #7363, #145, #5753, #2885, #3662, #4536, #6664 ) ) ;
#5299 = ADVANCED_FACE ( 'NONE', ( #6915 ), #1209, .T. ) ;
#5300 = VECTOR ( 'NONE', #7496, 39.37007874015748143 ) ;
#5301 = ORIENTED_EDGE ( 'NONE', *, *, #5523, .F. ) ;
#5302 = PLANE ( 'NONE',  #4550 ) ;
#5303 = LINE ( 'NONE', #6471, #5536 ) ;
#5304 = EDGE_CURVE ( 'NONE', #2253, #1634, #677, .T. ) ;
#5305 = VECTOR ( 'NONE', #5781, 39.37007874015748143 ) ;
#5306 = VECTOR ( 'NONE', #2018, 39.37007874015748143 ) ;
#5307 = VECTOR ( 'NONE', #1974, 39.37007874015748143 ) ;
#5308 = EDGE_CURVE ( 'NONE', #3810, #707, #5284, .T. ) ;
#5309 = DIRECTION ( 'NONE',  ( -1.000000000000000000, -0.000000000000000000, -0.000000000000000000 ) ) ;
#5310 = ORIENTED_EDGE ( 'NONE', *, *, #275, .F. ) ;
#5311 = VERTEX_POINT ( 'NONE', #7027 ) ;
#5312 = VERTEX_POINT ( 'NONE', #4028 ) ;
#5313 = CARTESIAN_POINT ( 'NONE',  ( -0.009894297003001352453, -0.1145927156266375729, -0.3795272241007107694 ) ) ;
#5314 = CARTESIAN_POINT ( 'NONE',  ( 0.05905511811023622659, -0.3346456692913385988, -0.5463373625570866476 ) ) ;
#5315 = AXIS2_PLACEMENT_3D ( 'NONE', #2085, #7216, #3153 ) ;
#5316 = CARTESIAN_POINT ( 'NONE',  ( 0.06614173228346457989, -0.1145795514043165403, -0.3453680501454531315 ) ) ;
#5317 = AXIS2_PLACEMENT_3D ( 'NONE', #5794, #1215, #536 ) ;
#5318 = ORIENTED_EDGE ( 'NONE', *, *, #6000, .F. ) ;
#5319 = ORIENTED_EDGE ( 'NONE', *, *, #597, .F. ) ;
#5320 = LINE ( 'NONE', #4132, #6747 ) ;
#5321 = CARTESIAN_POINT ( 'NONE',  ( 0.04921259842519685318, -0.2244094488188976555, -0.3070866141732283561 ) ) ;
#5322 = AXIS2_PLACEMENT_3D ( 'NONE', #2083, #6719, #3838 ) ;
#5323 = CARTESIAN_POINT ( 'NONE',  ( 0.000000000000000000, 0.000000000000000000, -0.5366618725208661678 ) ) ;
#5324 = VERTEX_POINT ( 'NONE', #634 ) ;
#5325 = CARTESIAN_POINT ( 'NONE',  ( 0.08548340607730398055, -0.2159558015083408999, -0.1149606586093657040 ) ) ;
#5326 = ORIENTED_EDGE ( 'NONE', *, *, #6540, .F. ) ;
#5327 = DIRECTION ( 'NONE',  ( 1.000000000000000000, 0.000000000000000000, 0.000000000000000000 ) ) ;
#5328 = CARTESIAN_POINT ( 'NONE',  ( -0.04921259842519685318, -0.3468897637795275712, -0.3070866141732283561 ) ) ;
#5329 = ORIENTED_EDGE ( 'NONE', *, *, #6321, .F. ) ;
#5330 = CARTESIAN_POINT ( 'NONE',  ( -0.09685039370078740717, 0.09842519685039370636, -0.09842519685039370636 ) ) ;
#5331 =( CONVERSION_BASED_UNIT ( 'INCH', #3614 ) LENGTH_UNIT ( ) NAMED_UNIT ( #7506 ) );
#5332 = DIRECTION ( 'NONE',  ( 0.000000000000000000, -0.1564344650407965276, 0.9876883405950482864 ) ) ;
#5333 = CARTESIAN_POINT ( 'NONE',  ( -0.01249388700962330775, -0.1043307086614173318, -0.3917322834645669549 ) ) ;
#5334 = DIRECTION ( 'NONE',  ( 0.000000000000000000, 1.000000000000000000, 0.000000000000000000 ) ) ;
#5335 = CARTESIAN_POINT ( 'NONE',  ( -0.08964567083019371607, -0.2244094488188976555, -0.1633858267716535584 ) ) ;
#5336 = ORIENTED_EDGE ( 'NONE', *, *, #273, .F. ) ;
#5337 = EDGE_LOOP ( 'NONE', ( #2641, #91, #656, #679, #4904, #2864, #424, #1374, #4211, #5236, #401, #2298 ) ) ;
#5338 = CARTESIAN_POINT ( 'NONE',  ( 0.1588976377952755759, -0.06692913385826770867, -0.5347244094488189381 ) ) ;
#5339 = CARTESIAN_POINT ( 'NONE',  ( 0.1783464566929134076, -0.1062992125984252023, -0.4704724409448819422 ) ) ;
#5340 = ADVANCED_FACE ( 'NONE', ( #3505 ), #3001, .F. ) ;
#5341 = EDGE_CURVE ( 'NONE', #2953, #333, #1816, .T. ) ;
#5342 = CARTESIAN_POINT ( 'NONE',  ( 0.1433070866141732402, -0.2244094488188976555, -0.4789763779527559939 ) ) ;
#5343 = ORIENTED_EDGE ( 'NONE', *, *, #6225, .F. ) ;
#5344 = ORIENTED_EDGE ( 'NONE', *, *, #3803, .F. ) ;
#5345 = CARTESIAN_POINT ( 'NONE',  ( -0.009786360543310491239, -0.1137114379654443203, -0.3850913400780189288 ) ) ;
#5346 = ORIENTED_EDGE ( 'NONE', *, *, #1207, .F. ) ;
#5347 = CARTESIAN_POINT ( 'NONE',  ( -0.007488600705401385511, -0.1109399370566285237, -0.3847953424610726647 ) ) ;
#5348 = DIRECTION ( 'NONE',  ( -1.000000000000000000, 0.000000000000000000, 3.614007241618350250E-16 ) ) ;
#5349 = EDGE_CURVE ( 'NONE', #1749, #13, #1134, .T. ) ;
#5350 = CARTESIAN_POINT ( 'NONE',  ( 0.08858267716535433989, -0.2110236220472441193, -0.5030302759429134962 ) ) ;
#5351 = EDGE_CURVE ( 'NONE', #5380, #2179, #2853, .T. ) ;
#5352 =( CONVERSION_BASED_UNIT ( 'INCH', #4669 ) LENGTH_UNIT ( ) NAMED_UNIT ( #24 ) );
#5353 = ORIENTED_EDGE ( 'NONE', *, *, #4644, .T. ) ;
#5354 = ORIENTED_EDGE ( 'NONE', *, *, #1304, .F. ) ;
#5355 = FACE_OUTER_BOUND ( 'NONE', #3483, .T. ) ;
#5356 = DIRECTION ( 'NONE',  ( 0.000000000000000000, 0.000000000000000000, 1.000000000000000000 ) ) ;
#5357 = EDGE_CURVE ( 'NONE', #3620, #1011, #6388, .T. ) ;
#5358 = CARTESIAN_POINT ( 'NONE',  ( -0.05511811023622005534, 0.000000000000000000, -0.3779527559055118613 ) ) ;
#5359 = LINE ( 'NONE', #3564, #7351 ) ;
#5360 = ORIENTED_EDGE ( 'NONE', *, *, #7523, .F. ) ;
#5361 = CARTESIAN_POINT ( 'NONE',  ( 0.01737879355264960665, -0.1075251456415506068, -0.3841115737608291614 ) ) ;
#5362 = FACE_OUTER_BOUND ( 'NONE', #337, .T. ) ;
#5363 = ORIENTED_EDGE ( 'NONE', *, *, #5085, .T. ) ;
#5364 = DIRECTION ( 'NONE',  ( 1.000000000000000000, 0.000000000000000000, -0.000000000000000000 ) ) ;
#5365 = FACE_OUTER_BOUND ( 'NONE', #7272, .T. ) ;
#5366 = CARTESIAN_POINT ( 'NONE',  ( 0.04133858267716536417, 5.062516295687877716E-18, -0.5334645669291339098 ) ) ;
#5367 = CARTESIAN_POINT ( 'NONE',  ( 0.04921259842519685318, 6.026805113914140175E-18, -0.3740157480314960647 ) ) ;
#5368 = CARTESIAN_POINT ( 'NONE',  ( -0.07504560747409450006, -0.08146363436062992180, -0.2195542626190551128 ) ) ;
#5369 = CARTESIAN_POINT ( 'NONE',  ( 0.07501883914817839005, -0.08848848678465573436, -0.2251120080801248535 ) ) ;
#5370 = FACE_BOUND ( 'NONE', #290, .T. ) ;
#5371 = ORIENTED_EDGE ( 'NONE', *, *, #1980, .T. ) ;
#5372 = ORIENTED_EDGE ( 'NONE', *, *, #5591, .F. ) ;
#5373 = DIRECTION ( 'NONE',  ( 1.000000000000000000, 0.000000000000000000, 0.000000000000000000 ) ) ;
#5374 = LINE ( 'NONE', #2637, #2119 ) ;
#5375 = DIRECTION ( 'NONE',  ( 0.000000000000000000, 0.000000000000000000, 1.000000000000000000 ) ) ;
#5376 = CARTESIAN_POINT ( 'NONE',  ( -0.06889763779527559306, -0.2125984251968504046, -0.2696850393700788162 ) ) ;
#5377 = ORIENTED_EDGE ( 'NONE', *, *, #3992, .T. ) ;
#5378 = ORIENTED_EDGE ( 'NONE', *, *, #1439, .T. ) ;
#5379 = FACE_OUTER_BOUND ( 'NONE', #1895, .T. ) ;
#5380 = VERTEX_POINT ( 'NONE', #605 ) ;
#5381 = LINE ( 'NONE', #5463, #7111 ) ;
#5382 = DIRECTION ( 'NONE',  ( 0.000000000000000000, -1.000000000000000000, 0.000000000000000000 ) ) ;
#5383 = EDGE_CURVE ( 'NONE', #716, #5466, #3400, .T. ) ;
#5384 = DIRECTION ( 'NONE',  ( -1.000000000000000000, 0.000000000000000000, 0.000000000000000000 ) ) ;
#5385 = ORIENTED_EDGE ( 'NONE', *, *, #566, .T. ) ;
#5386 = ADVANCED_FACE ( 'NONE', ( #5822 ), #4220, .T. ) ;
#5387 = VECTOR ( 'NONE', #97, 39.37007874015748143 ) ;
#5388 = ORIENTED_EDGE ( 'NONE', *, *, #3868, .F. ) ;
#5389 = CARTESIAN_POINT ( 'NONE',  ( -0.01737570625135111818, -0.1094181718635414691, -0.3847430459178982076 ) ) ;
#5390 = CARTESIAN_POINT ( 'NONE',  ( 0.08842360015062991629, -0.2182067352179133946, -0.1630940222201181511 ) ) ;
#5391 = ADVANCED_FACE ( 'NONE', ( #1438 ), #7099, .T. ) ;
#5392 = CARTESIAN_POINT ( 'NONE',  ( -0.08850554278838583533, -0.2148688604129527779, -0.1631682419355117986 ) ) ;
#5393 = AXIS2_PLACEMENT_3D ( 'NONE', #5413, #4808, #726 ) ;
#5394 = ADVANCED_FACE ( 'NONE', ( #7215, #1931 ), #3678, .F. ) ;
#5395 = CARTESIAN_POINT ( 'NONE',  ( 0.000000000000000000, 0.000000000000000000, -0.4094488188976378451 ) ) ;
#5396 = EDGE_CURVE ( 'NONE', #1002, #5885, #2539, .T. ) ;
#5397 = ORIENTED_EDGE ( 'NONE', *, *, #4617, .F. ) ;
#5398 = LINE ( 'NONE', #4292, #3094 ) ;
#5399 = CARTESIAN_POINT ( 'NONE',  ( 0.1909448818897638289, -0.3444881889763780070, -0.3720472440944881942 ) ) ;
#5400 = VECTOR ( 'NONE', #5826, 39.37007874015748143 ) ;
#5401 = DIRECTION ( 'NONE',  ( 0.000000000000000000, 0.000000000000000000, 1.000000000000000000 ) ) ;
#5402 = LINE ( 'NONE', #718, #6386 ) ;
#5403 = LINE ( 'NONE', #3042, #896 ) ;
#5404 = CARTESIAN_POINT ( 'NONE',  ( -0.1181102362204724532, -0.08948940909653543829, -0.3720472440944881942 ) ) ;
#5405 = VECTOR ( 'NONE', #760, 39.37007874015748143 ) ;
#5406 = FACE_OUTER_BOUND ( 'NONE', #3484, .T. ) ;
#5407 = VECTOR ( 'NONE', #7143, 39.37007874015748143 ) ;
#5408 = CARTESIAN_POINT ( 'NONE',  ( -0.0006754870908340848343, -0.1019036802110709905, -0.3818534016361045946 ) ) ;
#5409 = DIRECTION ( 'NONE',  ( 0.000000000000000000, 0.000000000000000000, -1.000000000000000000 ) ) ;
#5410 = VERTEX_POINT ( 'NONE', #4754 ) ;
#5411 = VERTEX_POINT ( 'NONE', #5999 ) ;
#5412 = VECTOR ( 'NONE', #7379, 39.37007874015748143 ) ;
#5413 = CARTESIAN_POINT ( 'NONE',  ( 0.01877830743888582801, -0.1315580790219291196, -0.5435504490303150193 ) ) ;
#5414 = AXIS2_PLACEMENT_3D ( 'NONE', #2877, #7044, #4741 ) ;
#5415 = CARTESIAN_POINT ( 'NONE',  ( -0.06614173228346385824, -0.1156282512348751623, -0.3455341478812011813 ) ) ;
#5416 = CARTESIAN_POINT ( 'NONE',  ( 0.003605085228961045496, -0.05730118883755971199, -0.5452755905511719181 ) ) ;
#5417 = DIRECTION ( 'NONE',  ( -0.000000000000000000, 1.000000000000000000, 0.000000000000000000 ) ) ;
#5418 = ORIENTED_EDGE ( 'NONE', *, *, #6075, .T. ) ;
#5419 = AXIS2_PLACEMENT_3D ( 'NONE', #3508, #1741, #2787 ) ;
#5420 = ORIENTED_EDGE ( 'NONE', *, *, #2690, .F. ) ;
#5421 = DIRECTION ( 'NONE',  ( -1.000000000000000000, -1.015047361688643986E-45, -1.734723475976799206E-15 ) ) ;
#5422 = EDGE_LOOP ( 'NONE', ( #6710, #6907, #5550, #7469, #2585, #7284, #6594, #970, #124, #2209, #210 ) ) ;
#5423 = CARTESIAN_POINT ( 'NONE',  ( -0.01585747458572882296, -0.1087155650831377052, -0.3846032022431643549 ) ) ;
#5424 = CARTESIAN_POINT ( 'NONE',  ( -0.008192684716137623585, -0.09251968503937008093, -0.4480786773680062174 ) ) ;
#5425 = CIRCLE ( 'NONE', #1047, 0.02362204724409448092 ) ;
#5426 = DIRECTION ( 'NONE',  ( 0.000000000000000000, 0.000000000000000000, -1.000000000000000000 ) ) ;
#5427 = VECTOR ( 'NONE', #4791, 39.37007874015748143 ) ;
#5428 = ORIENTED_EDGE ( 'NONE', *, *, #6952, .T. ) ;
#5429 = VERTEX_POINT ( 'NONE', #749 ) ;
#5430 = AXIS2_PLACEMENT_3D ( 'NONE', #3679, #5933, #6459 ) ;
#5431 = DIRECTION ( 'NONE',  ( 1.000000000000000000, 0.000000000000000000, 0.000000000000000000 ) ) ;
#5432 = DIRECTION ( 'NONE',  ( 1.000000000000000000, 0.000000000000000000, 0.000000000000000000 ) ) ;
#5433 = VECTOR ( 'NONE', #274, 39.37007874015748143 ) ;
#5434 = CARTESIAN_POINT ( 'NONE',  ( 0.1181102362204724532, -0.1062992125984252023, -0.4789763779527559939 ) ) ;
#5435 = EDGE_CURVE ( 'NONE', #708, #6526, #1848, .T. ) ;
#5436 = EDGE_CURVE ( 'NONE', #4234, #962, #5398, .T. ) ;
#5437 = DIRECTION ( 'NONE',  ( 1.000000000000000000, 0.000000000000000000, 0.000000000000000000 ) ) ;
#5438 = EDGE_CURVE ( 'NONE', #945, #5679, #3726, .T. ) ;
#5439 = VERTEX_POINT ( 'NONE', #5965 ) ;
#5440 = PLANE ( 'NONE',  #6488 ) ;
#5441 = CLOSED_SHELL ( 'NONE', ( #6947, #4081, #2932, #7253, #785, #4368 ) ) ;
#5442 = LINE ( 'NONE', #224, #1542 ) ;
#5443 = CARTESIAN_POINT ( 'NONE',  ( -0.02362204724407003173, 0.000000000000000000, -0.4763779527559283133 ) ) ;
#5444 = ADVANCED_FACE ( 'NONE', ( #4257 ), #1893, .T. ) ;
#5445 = DIRECTION ( 'NONE',  ( 0.000000000000000000, 0.000000000000000000, -1.000000000000000000 ) ) ;
#5446 = CARTESIAN_POINT ( 'NONE',  ( -0.08964567121025530938, -0.2204820312599988230, -0.1631111955314171191 ) ) ;
#5447 = CARTESIAN_POINT ( 'NONE',  ( 0.1771653543307086798, 0.1771653543307086798, -0.1377952755905511861 ) ) ;
#5448 = EDGE_CURVE ( 'NONE', #4578, #6679, #6603, .T. ) ;
#5449 = CARTESIAN_POINT ( 'NONE',  ( -0.07491939720228739386, -0.08060189091972938535, -0.2227233306699358262 ) ) ;
#5450 = DIRECTION ( 'NONE',  ( -1.000000000000000000, 0.000000000000000000, 0.000000000000000000 ) ) ;
#5451 = CARTESIAN_POINT ( 'NONE',  ( 0.08752090550417324089, -0.2204724409448818867, -0.1633858267716535584 ) ) ;
#5452 = ORIENTED_EDGE ( 'NONE', *, *, #6419, .T. ) ;
#5453 = EDGE_LOOP ( 'NONE', ( #4376, #4756, #3796, #2062 ) ) ;
#5454 = LINE ( 'NONE', #238, #6361 ) ;
#5455 = FACE_OUTER_BOUND ( 'NONE', #5035, .T. ) ;
#5456 = EDGE_CURVE ( 'NONE', #5763, #5242, #3115, .T. ) ;
#5457 = CARTESIAN_POINT ( 'NONE',  ( 0.05909448818897637679, -0.1299212598425196763, -0.5324027949232285062 ) ) ;
#5458 = DIRECTION ( 'NONE',  ( -1.000000000000000000, -0.000000000000000000, -0.000000000000000000 ) ) ;
#5459 = EDGE_LOOP ( 'NONE', ( #2895, #1683, #5221, #4655 ) ) ;
#5460 = VERTEX_POINT ( 'NONE', #109 ) ;
#5461 = DIRECTION ( 'NONE',  ( 0.000000000000000000, 0.000000000000000000, 1.000000000000000000 ) ) ;
#5462 = ORIENTED_EDGE ( 'NONE', *, *, #3993, .F. ) ;
#5463 = CARTESIAN_POINT ( 'NONE',  ( 0.05708661417322834220, -0.09251968503937008093, -0.4704724409448819422 ) ) ;
#5464 = PLANE ( 'NONE',  #2106 ) ;
#5465 = CARTESIAN_POINT ( 'NONE',  ( -0.01737879355264960665, -0.09520747122868268575, -0.4618823092405535680 ) ) ;
#5466 = VERTEX_POINT ( 'NONE', #6046 ) ;
#5467 = ORIENTED_EDGE ( 'NONE', *, *, #1754, .T. ) ;
#5468 = DIRECTION ( 'NONE',  ( 0.000000000000000000, 1.000000000000000000, 0.000000000000000000 ) ) ;
#5469 = CARTESIAN_POINT ( 'NONE',  ( 0.1429133858267716550, -0.09055118110236221041, -0.04527559055118110520 ) ) ;
#5470 = CARTESIAN_POINT ( 'NONE',  ( -0.1574803149606299191, -0.09055118110236221041, -0.5019685039370078705 ) ) ;
#5471 = ORIENTED_EDGE ( 'NONE', *, *, #3116, .T. ) ;
#5472 = ORIENTED_EDGE ( 'NONE', *, *, #6921, .F. ) ;
#5473 = DIRECTION ( 'NONE',  ( -1.000000000000000000, -0.000000000000000000, -0.000000000000000000 ) ) ;
#5474 = ORIENTED_EDGE ( 'NONE', *, *, #2890, .T. ) ;
#5475 = DIRECTION ( 'NONE',  ( -0.000000000000000000, 1.000000000000000000, 0.000000000000000000 ) ) ;
#5476 = LINE ( 'NONE', #6001, #6880 ) ;
#5477 = FACE_OUTER_BOUND ( 'NONE', #6066, .T. ) ;
#5478 = LINE ( 'NONE', #6723, #6270 ) ;
#5479 = CARTESIAN_POINT ( 'NONE',  ( -0.05905511811023622659, -0.2569672838168504114, -0.3090551181102362266 ) ) ;
#5480 = EDGE_CURVE ( 'NONE', #1496, #3135, #2122, .T. ) ;
#5481 = DIRECTION ( 'NONE',  ( 0.000000000000000000, -1.000000000000000000, 0.000000000000000000 ) ) ;
#5482 = CARTESIAN_POINT ( 'NONE',  ( 2.892866454678786221E-18, -0.3681102362204724532, -0.2992125984251968185 ) ) ;
#5483 = CARTESIAN_POINT ( 'NONE',  ( 0.1791338582677165503, -0.1043307086614173318, -0.4704724409448819422 ) ) ;
#5484 = EDGE_CURVE ( 'NONE', #6377, #1724, #6009, .T. ) ;
#5485 = LINE ( 'NONE', #267, #4824 ) ;
#5486 = ORIENTED_EDGE ( 'NONE', *, *, #6173, .T. ) ;
#5487 = ORIENTED_EDGE ( 'NONE', *, *, #2594, .F. ) ;
#5488 = DIRECTION ( 'NONE',  ( -1.000000000000000000, 0.000000000000000000, 0.000000000000000000 ) ) ;
#5489 = EDGE_CURVE ( 'NONE', #3437, #1463, #2726, .T. ) ;
#5490 = DIRECTION ( 'NONE',  ( -1.000000000000000000, -1.224646799147354193E-16, 0.000000000000000000 ) ) ;
#5491 = ADVANCED_FACE ( 'NONE', ( #7059 ), #5440, .T. ) ;
#5492 = DIRECTION ( 'NONE',  ( 1.000000000000000000, 0.000000000000000000, 0.000000000000000000 ) ) ;
#5493 = DIRECTION ( 'NONE',  ( -1.000000000000000000, 3.091434332506595503E-46, 6.195440985631441512E-16 ) ) ;
#5494 = EDGE_LOOP ( 'NONE', ( #312, #1303, #3461, #7239, #7360, #2710, #3367, #7076, #7171, #5934, #6184, #3870, #5097, #3973 ) ) ;
#5495 = EDGE_CURVE ( 'NONE', #4857, #5511, #5843, .T. ) ;
#5496 = ORIENTED_EDGE ( 'NONE', *, *, #6790, .F. ) ;
#5497 = LINE ( 'NONE', #847, #1406 ) ;
#5498 = ORIENTED_EDGE ( 'NONE', *, *, #2413, .F. ) ;
#5499 = CARTESIAN_POINT ( 'NONE',  ( -0.0005747150105299370050, -0.1016908975029992279, -0.3831985041864294228 ) ) ;
#5500 = DIRECTION ( 'NONE',  ( -0.000000000000000000, 0.9975640502598079884, 0.06975647374435879622 ) ) ;
#5501 = DIRECTION ( 'NONE',  ( -0.000000000000000000, 1.000000000000000000, 0.000000000000000000 ) ) ;
#5502 = ORIENTED_EDGE ( 'NONE', *, *, #336, .T. ) ;
#5503 = ORIENTED_EDGE ( 'NONE', *, *, #5250, .T. ) ;
#5504 = ORIENTED_EDGE ( 'NONE', *, *, #6314, .T. ) ;
#5505 = DIRECTION ( 'NONE',  ( -1.000000000000000000, 0.000000000000000000, 0.000000000000000000 ) ) ;
#5506 = CARTESIAN_POINT ( 'NONE',  ( 0.06670866202070865891, -0.1155021558002362198, -0.3397753185207873505 ) ) ;
#5507 = CARTESIAN_POINT ( 'NONE',  ( -0.08453852418755658515, -0.1897831263975250649, -0.08927628224062508777 ) ) ;
#5508 = ORIENTED_EDGE ( 'NONE', *, *, #4650, .T. ) ;
#5509 =( BOUNDED_CURVE ( )  B_SPLINE_CURVE ( 3, ( #3466, #4580, #3999, #1708 ),
 .UNSPECIFIED., .F., .F. ) 
 B_SPLINE_CURVE_WITH_KNOTS ( ( 4, 4 ),
 ( 3.785562451078168245, 4.022613287777764057 ),
 .UNSPECIFIED. ) 
 CURVE ( )  GEOMETRIC_REPRESENTATION_ITEM ( )  RATIONAL_B_SPLINE_CURVE ( ( 1.000000000000000000, 0.9953227212247732769, 0.9953227212247732769, 1.000000000000000000 ) ) 
 REPRESENTATION_ITEM ( '' )  );
#5510 = AXIS2_PLACEMENT_3D ( 'NONE', #3755, #1962, #2535 ) ;
#5511 = VERTEX_POINT ( 'NONE', #410 ) ;
#5512 = DIRECTION ( 'NONE',  ( -0.000000000000000000, -0.000000000000000000, -1.000000000000000000 ) ) ;
#5513 = CARTESIAN_POINT ( 'NONE',  ( 0.04413289933872069359, -0.03382073918106281302, -0.3740157480314961758 ) ) ;
#5514 = DIRECTION ( 'NONE',  ( -1.000000000000000000, 0.000000000000000000, 0.000000000000000000 ) ) ;
#5515 = CARTESIAN_POINT ( 'NONE',  ( -0.07591906521796733254, -0.1048081240396850633, -0.2361197424004330969 ) ) ;
#5516 = DIRECTION ( 'NONE',  ( 0.000000000000000000, 1.000000000000000000, 0.000000000000000000 ) ) ;
#5517 = VECTOR ( 'NONE', #1912, 39.37007874015748143 ) ;
#5518 = CARTESIAN_POINT ( 'NONE',  ( 0.01771653543307086937, -0.1448818897638529668, -0.5429133858267527479 ) ) ;
#5519 = FACE_OUTER_BOUND ( 'NONE', #3593, .T. ) ;
#5520 = CARTESIAN_POINT ( 'NONE',  ( -0.07442828796708662875, -0.07491921956972441565, -0.2340297065983464875 ) ) ;
#5521 = VECTOR ( 'NONE', #6094, 39.37007874015748143 ) ;
#5522 = CARTESIAN_POINT ( 'NONE',  ( 0.0006754837608417325499, -0.1003390190416633826, -0.3917322834645669549 ) ) ;
#5523 = EDGE_CURVE ( 'NONE', #6649, #2794, #5665, .T. ) ;
#5524 = CARTESIAN_POINT ( 'NONE',  ( 0.000000000000000000, -0.3346456692913385988, -0.5452755905511811330 ) ) ;
#5525 = ORIENTED_EDGE ( 'NONE', *, *, #7432, .F. ) ;
#5526 = VERTEX_POINT ( 'NONE', #2054 ) ;
#5527 = CARTESIAN_POINT ( 'NONE',  ( -0.007419218405655984491, -0.09055118110236221041, -0.4611448253349259563 ) ) ;
#5528 = VECTOR ( 'NONE', #5970, 39.37007874015748143 ) ;
#5529 = AXIS2_PLACEMENT_3D ( 'NONE', #2313, #2237, #4643 ) ;
#5530 = EDGE_CURVE ( 'NONE', #3654, #3336, #7345, .T. ) ;
#5531 = DIRECTION ( 'NONE',  ( 1.000000000000000000, 0.000000000000000000, 0.000000000000000000 ) ) ;
#5532 = PLANE ( 'NONE',  #7235 ) ;
#5533 = VERTEX_POINT ( 'NONE', #3839 ) ;
#5534 = EDGE_CURVE ( 'NONE', #995, #1347, #1013, .T. ) ;
#5535 = EDGE_CURVE ( 'NONE', #1253, #5924, #1515, .T. ) ;
#5536 = VECTOR ( 'NONE', #88, 39.37007874015748143 ) ;
#5537 = ORIENTED_EDGE ( 'NONE', *, *, #2223, .F. ) ;
#5538 = VECTOR ( 'NONE', #4230, 39.37007874015748143 ) ;
#5539 = VECTOR ( 'NONE', #4327, 39.37007874015748143 ) ;
#5540 = VERTEX_POINT ( 'NONE', #947 ) ;
#5541 = FACE_OUTER_BOUND ( 'NONE', #2796, .T. ) ;
#5542 = EDGE_CURVE ( 'NONE', #1507, #804, #6160, .T. ) ;
#5543 = LINE ( 'NONE', #329, #1267 ) ;
#5544 = AXIS2_PLACEMENT_3D ( 'NONE', #906, #351, #3845 ) ;
#5545 = EDGE_CURVE ( 'NONE', #1724, #6447, #2161, .T. ) ;
#5546 = VECTOR ( 'NONE', #2858, 39.37007874015748143 ) ;
#5547 = VECTOR ( 'NONE', #1982, 39.37007874015748143 ) ;
#5548 = VECTOR ( 'NONE', #1244, 39.37007874015748143 ) ;
#5549 = ORIENTED_EDGE ( 'NONE', *, *, #7354, .T. ) ;
#5550 = ORIENTED_EDGE ( 'NONE', *, *, #6323, .T. ) ;
#5551 = VECTOR ( 'NONE', #208, 39.37007874015748143 ) ;
#5552 = VERTEX_POINT ( 'NONE', #5562 ) ;
#5553 = DIRECTION ( 'NONE',  ( 0.000000000000000000, 1.000000000000000000, 0.000000000000000000 ) ) ;
#5554 = CARTESIAN_POINT ( 'NONE',  ( 0.06977785225594487772, -0.1179263497670866162, -0.3055161485720866432 ) ) ;
#5555 = VECTOR ( 'NONE', #2433, 39.37007874015748143 ) ;
#5556 = VECTOR ( 'NONE', #2669, 39.37007874015748143 ) ;
#5557 = CARTESIAN_POINT ( 'NONE',  ( -0.08489285489621584135, -0.2049546422422274805, -0.09265560908796072193 ) ) ;
#5558 = VERTEX_POINT ( 'NONE', #1473 ) ;
#5559 = ORIENTED_EDGE ( 'NONE', *, *, #1485, .T. ) ;
#5560 = VECTOR ( 'NONE', #5252, 39.37007874015748143 ) ;
#5561 = LINE ( 'NONE', #6686, #4355 ) ;
#5562 = CARTESIAN_POINT ( 'NONE',  ( -0.05905511811023614333, -4.883322935201743089E-47, -0.3779527559055118058 ) ) ;
#5563 = LINE ( 'NONE', #4872, #689 ) ;
#5564 = CARTESIAN_POINT ( 'NONE',  ( -0.04133858267716536417, 0.000000000000000000, -0.5334645669291339098 ) ) ;
#5565 = LINE ( 'NONE', #6607, #5063 ) ;
#5566 = VECTOR ( 'NONE', #1968, 39.37007874015748143 ) ;
#5567 = DIRECTION ( 'NONE',  ( 0.000000000000000000, 1.000000000000000000, 0.000000000000000000 ) ) ;
#5568 = VECTOR ( 'NONE', #5060, 39.37007874015748143 ) ;
#5569 = CARTESIAN_POINT ( 'NONE',  ( -0.07380737226952756302, -0.08829563533452756963, -0.2447312075687795296 ) ) ;
#5570 = CARTESIAN_POINT ( 'NONE',  ( -0.06141732283464567538, -0.2569672838168504114, -0.3090551181102362266 ) ) ;
#5571 = DIRECTION ( 'NONE',  ( 0.000000000000000000, 0.000000000000000000, 1.000000000000000000 ) ) ;
#5572 = ORIENTED_EDGE ( 'NONE', *, *, #6321, .T. ) ;
#5573 = ORIENTED_EDGE ( 'NONE', *, *, #7341, .T. ) ;
#5574 = DIRECTION ( 'NONE',  ( 0.000000000000000000, 0.000000000000000000, -1.000000000000000000 ) ) ;
#5575 = DIRECTION ( 'NONE',  ( 0.000000000000000000, 0.000000000000000000, -1.000000000000000000 ) ) ;
#5576 = CARTESIAN_POINT ( 'NONE',  ( 0.01771653543307086937, -0.1627296587926377880, -0.5492125984251968740 ) ) ;
#5577 = CARTESIAN_POINT ( 'NONE',  ( 0.04724409448818793489, 5.785732909357446871E-18, -0.5374015748031498729 ) ) ;
#5578 = ORIENTED_EDGE ( 'NONE', *, *, #7046, .T. ) ;
#5579 = ORIENTED_EDGE ( 'NONE', *, *, #265, .T. ) ;
#5580 = ORIENTED_EDGE ( 'NONE', *, *, #5859, .T. ) ;
#5581 = CARTESIAN_POINT ( 'NONE',  ( -0.1191720082262992114, -0.2215342129643700642, -0.1633858267716535584 ) ) ;
#5582 = DIRECTION ( 'NONE',  ( 1.000000000000000000, 0.000000000000000000, 0.000000000000000000 ) ) ;
#5583 = EDGE_CURVE ( 'NONE', #3900, #7251, #3945, .T. ) ;
#5584 = ADVANCED_FACE ( 'NONE', ( #5627 ), #4493, .F. ) ;
#5585 = ORIENTED_EDGE ( 'NONE', *, *, #2456, .F. ) ;
#5586 = EDGE_LOOP ( 'NONE', ( #3302, #6300, #5319, #4123, #1920, #1320, #1464, #2874, #5318, #1501, #1953, #5095, #4403, #1552, #6149, #449, #4151, #2911, #4245, #5052, #6134, #1508, #7130, #5772, #4409, #3972, #5144, #7311, #3014, #4630, #5301, #5743, #5372, #4825 ) ) ;
#5587 = EDGE_CURVE ( 'NONE', #4173, #1219, #6613, .T. ) ;
#5588 = EDGE_LOOP ( 'NONE', ( #2788, #3960, #6045, #2146 ) ) ;
#5589 = PLANE ( 'NONE',  #2010 ) ;
#5590 = DIRECTION ( 'NONE',  ( 0.000000000000000000, 0.000000000000000000, 1.000000000000000000 ) ) ;
#5591 = EDGE_CURVE ( 'NONE', #5885, #6335, #6115, .T. ) ;
#5592 = CARTESIAN_POINT ( 'NONE',  ( -0.08406608324267707266, -0.1728077316780754213, -0.1001035867066723678 ) ) ;
#5593 = ORIENTED_EDGE ( 'NONE', *, *, #5624, .F. ) ;
#5594 = EDGE_LOOP ( 'NONE', ( #7312, #215, #7387, #6629 ) ) ;
#5595 = CARTESIAN_POINT ( 'NONE',  ( -0.04921259842519685318, -0.2244094488188976555, -0.3070866141732283561 ) ) ;
#5596 = DIRECTION ( 'NONE',  ( -1.000000000000000000, -0.000000000000000000, -0.000000000000000000 ) ) ;
#5597 = EDGE_CURVE ( 'NONE', #4625, #7254, #4994, .T. ) ;
#5598 = FACE_OUTER_BOUND ( 'NONE', #988, .T. ) ;
#5599 = DIRECTION ( 'NONE',  ( -6.784263473961651269E-16, -0.1564344650393885150, 0.9876883405952712192 ) ) ;
#5600 = CARTESIAN_POINT ( 'NONE',  ( 0.0004653688922492266720, -0.02361746277220224191, -0.5366618725208661678 ) ) ;
#5601 = FACE_BOUND ( 'NONE', #1718, .T. ) ;
#5602 = CARTESIAN_POINT ( 'NONE',  ( -0.07482851638854330634, -0.07833908548484252998, -0.2240927026785039244 ) ) ;
#5603 = CARTESIAN_POINT ( 'NONE',  ( -0.07501883914818270604, -0.08848848678465526252, -0.2251120080801256029 ) ) ;
#5604 = CYLINDRICAL_SURFACE ( 'NONE', #7117, 0.1279527559055118335 ) ;
#5605 = VERTEX_POINT ( 'NONE', #900 ) ;
#5606 = ORIENTED_EDGE ( 'NONE', *, *, #6505, .F. ) ;
#5607 = CARTESIAN_POINT ( 'NONE',  ( -0.05905511811023622659, 0.000000000000000000, -0.3779527559055118058 ) ) ;
#5608 = PLANE ( 'NONE',  #2488 ) ;
#5609 = CARTESIAN_POINT ( 'NONE',  ( 0.06200787401574803237, -0.2244094488188976555, -0.4789763779527559939 ) ) ;
#5610 = PLANE ( 'NONE',  #4329 ) ;
#5611 = ORIENTED_EDGE ( 'NONE', *, *, #545, .T. ) ;
#5612 = VERTEX_POINT ( 'NONE', #3799 ) ;
#5613 = ORIENTED_EDGE ( 'NONE', *, *, #6735, .T. ) ;
#5614 = FACE_OUTER_BOUND ( 'NONE', #1279, .T. ) ;
#5615 = CARTESIAN_POINT ( 'NONE',  ( 0.07382108702972441094, -0.08224219856413386709, -0.2475412744120866204 ) ) ;
#5616 = CARTESIAN_POINT ( 'NONE',  ( 0.1594094488188976255, -0.2559055118110236671, -0.5669291338582678197 ) ) ;
#5617 = ORIENTED_EDGE ( 'NONE', *, *, #2886, .T. ) ;
#5618 = ORIENTED_EDGE ( 'NONE', *, *, #7121, .F. ) ;
#5619 = EDGE_CURVE ( 'NONE', #5077, #5904, #3343, .T. ) ;
#5620 = ORIENTED_EDGE ( 'NONE', *, *, #2098, .F. ) ;
#5621 = CARTESIAN_POINT ( 'NONE',  ( 0.03937007874015747977, 4.941980193405728508E-18, -0.5374015748031496509 ) ) ;
#5622 = CARTESIAN_POINT ( 'NONE',  ( 0.08406608324267816901, -0.1662798767760750029, -0.09570049297852263603 ) ) ;
#5623 = ORIENTED_EDGE ( 'NONE', *, *, #2269, .F. ) ;
#5624 = EDGE_CURVE ( 'NONE', #5136, #7086, #2661, .T. ) ;
#5625 = ORIENTED_EDGE ( 'NONE', *, *, #2325, .F. ) ;
#5626 = DIRECTION ( 'NONE',  ( 1.000000000000000000, 0.000000000000000000, 0.000000000000000000 ) ) ;
#5627 = FACE_OUTER_BOUND ( 'NONE', #1609, .T. ) ;
#5628 = ADVANCED_FACE ( 'NONE', ( #2084 ), #1586, .T. ) ;
#5629 = CARTESIAN_POINT ( 'NONE',  ( 0.1181102362204724532, -0.2244094488188976555, -0.1633858267716535584 ) ) ;
#5630 = EDGE_CURVE ( 'NONE', #5311, #2958, #1554, .T. ) ;
#5631 = CARTESIAN_POINT ( 'NONE',  ( -0.01771653543307086937, -0.1377952755905511861, -0.5452755905511811330 ) ) ;
#5632 = ADVANCED_FACE ( 'NONE', ( #7374 ), #6042, .F. ) ;
#5633 = CARTESIAN_POINT ( 'NONE',  ( -0.07380737226952756302, -0.08533962981692913563, -0.2462728006626772048 ) ) ;
#5634 = CARTESIAN_POINT ( 'NONE',  ( -5.600288387011740880E-15, -0.1199651298489649021, -0.3684864512968334394 ) ) ;
#5635 = CARTESIAN_POINT ( 'NONE',  ( -0.1181102362204724532, -0.1062992125984252023, -0.4724409448818898127 ) ) ;
#5636 = EDGE_LOOP ( 'NONE', ( #3594, #3355, #1882, #1370 ) ) ;
#5637 = VERTEX_POINT ( 'NONE', #1015 ) ;
#5638 = DIRECTION ( 'NONE',  ( 0.000000000000000000, -1.000000000000000000, 0.000000000000000000 ) ) ;
#5639 = EDGE_LOOP ( 'NONE', ( #2068, #3520, #3151, #5976 ) ) ;
#5640 = FACE_OUTER_BOUND ( 'NONE', #6246, .T. ) ;
#5641 = DIRECTION ( 'NONE',  ( 0.000000000000000000, 0.000000000000000000, 1.000000000000000000 ) ) ;
#5642 = AXIS2_PLACEMENT_3D ( 'NONE', #3692, #5373, #6015 ) ;
#5643 = CARTESIAN_POINT ( 'NONE',  ( 0.1771653543307086798, -0.09251968503937008093, -0.3720472440944881942 ) ) ;
#5644 = DIRECTION ( 'NONE',  ( -1.000000000000000000, -0.000000000000000000, -0.000000000000000000 ) ) ;
#5645 = ORIENTED_EDGE ( 'NONE', *, *, #1796, .F. ) ;
#5646 = ORIENTED_EDGE ( 'NONE', *, *, #5809, .F. ) ;
#5647 = AXIS2_PLACEMENT_3D ( 'NONE', #7018, #5874, #4743 ) ;
#5648 = FACE_OUTER_BOUND ( 'NONE', #5232, .T. ) ;
#5649 = CARTESIAN_POINT ( 'NONE',  ( 0.07503548712811024257, -0.08131519147102363176, -0.2197639021067716303 ) ) ;
#5650 = VECTOR ( 'NONE', #2680, 39.37007874015748143 ) ;
#5651 = DIRECTION ( 'NONE',  ( -0.000000000000000000, -1.000000000000000000, -0.000000000000000000 ) ) ;
#5652 = ORIENTED_EDGE ( 'NONE', *, *, #2447, .T. ) ;
#5653 = AXIS2_PLACEMENT_3D ( 'NONE', #3989, #411, #7519 ) ;
#5654 = ORIENTED_EDGE ( 'NONE', *, *, #1429, .F. ) ;
#5655 = ORIENTED_EDGE ( 'NONE', *, *, #6874, .T. ) ;
#5656 = FACE_OUTER_BOUND ( 'NONE', #3752, .T. ) ;
#5657 = CARTESIAN_POINT ( 'NONE',  ( -0.0006754837608417303815, -0.09032622188566928612, -0.4549505966740157170 ) ) ;
#5658 = CARTESIAN_POINT ( 'NONE',  ( -0.1515748031496063075, -0.1053924806672440900, -0.4980314960629921295 ) ) ;
#5659 = VECTOR ( 'NONE', #1822, 39.37007874015748143 ) ;
#5660 = CIRCLE ( 'NONE', #6381, 0.07874015748031909512 ) ;
#5661 = AXIS2_PLACEMENT_3D ( 'NONE', #5919, #55, #4159 ) ;
#5662 = DIRECTION ( 'NONE',  ( -1.000000000000000000, 0.000000000000000000, 0.000000000000000000 ) ) ;
#5663 = VERTEX_POINT ( 'NONE', #3419 ) ;
#5664 = CARTESIAN_POINT ( 'NONE',  ( -0.01771653543307086937, -0.1448818897635454905, -0.5429133858267275459 ) ) ;
#5665 = LINE ( 'NONE', #3305, #3218 ) ;
#5666 = AXIS2_PLACEMENT_3D ( 'NONE', #5376, #2478, #1417 ) ;
#5667 = VECTOR ( 'NONE', #2697, 39.37007874015748143 ) ;
#5668 = FACE_OUTER_BOUND ( 'NONE', #6583, .T. ) ;
#5669 = LINE ( 'NONE', #454, #214 ) ;
#5670 = CARTESIAN_POINT ( 'NONE',  ( -0.01877830743888582801, -0.1532808398949649931, -0.5366141732283000731 ) ) ;
#5671 = ADVANCED_FACE ( 'NONE', ( #1587 ), #5736, .F. ) ;
#5672 = AXIS2_PLACEMENT_3D ( 'NONE', #6422, #1205, #5280 ) ;
#5673 = CARTESIAN_POINT ( 'NONE',  ( -0.05905511811023622659, -0.05208171872174015976, -0.5324027949232285062 ) ) ;
#5674 = CIRCLE ( 'NONE', #1656, 0.01181102362181297993 ) ;
#5675 = EDGE_CURVE ( 'NONE', #6299, #1223, #522, .T. ) ;
#5676 = CARTESIAN_POINT ( 'NONE',  ( -0.07503548712811024257, -0.08678752053543307976, -0.2235737517264567709 ) ) ;
#5677 = CARTESIAN_POINT ( 'NONE',  ( -0.1771653543307086798, 0.09842519685039370636, -0.03818897637795275884 ) ) ;
#5678 = CARTESIAN_POINT ( 'NONE',  ( -0.06791338582677165780, -0.1255989895095669384, -0.3260885695325197453 ) ) ;
#5679 = VERTEX_POINT ( 'NONE', #6836 ) ;
#5680 = LINE ( 'NONE', #6990, #6023 ) ;
#5681 = PRODUCT_DEFINITION_FORMATION_WITH_SPECIFIED_SOURCE ( 'ANY', '', #2039, .NOT_KNOWN. ) ;
#5682 = VERTEX_POINT ( 'NONE', #2307 ) ;
#5683 = ADVANCED_FACE ( 'NONE', ( #5668 ), #4073, .F. ) ;
#5684 = DIRECTION ( 'NONE',  ( 0.000000000000000000, 0.000000000000000000, 1.000000000000000000 ) ) ;
#5685 = LINE ( 'NONE', #2173, #4938 ) ;
#5686 = AXIS2_PLACEMENT_3D ( 'NONE', #993, #5116, #7421 ) ;
#5687 = CARTESIAN_POINT ( 'NONE',  ( -0.07501883914818681387, -0.08196063188263917609, -0.2207089143520086783 ) ) ;
#5688 = CARTESIAN_POINT ( 'NONE',  ( 0.06102362204724410405, -0.2584251968503937236, -0.5334645669291339098 ) ) ;
#5689 = ORIENTED_EDGE ( 'NONE', *, *, #926, .F. ) ;
#5690 = VECTOR ( 'NONE', #1096, 39.37007874015748143 ) ;
#5691 = VERTEX_POINT ( 'NONE', #1058 ) ;
#5692 = EDGE_CURVE ( 'NONE', #7450, #2481, #6909, .T. ) ;
#5693 = DIRECTION ( 'NONE',  ( 3.877310122438879426E-12, 0.9876883405947167738, 0.1564344650428889372 ) ) ;
#5694 = DIRECTION ( 'NONE',  ( 0.000000000000000000, 0.000000000000000000, 1.000000000000000000 ) ) ;
#5695 = LINE ( 'NONE', #5616, #191 ) ;
#5696 = ORIENTED_EDGE ( 'NONE', *, *, #1288, .F. ) ;
#5697 = ORIENTED_EDGE ( 'NONE', *, *, #5217, .F. ) ;
#5698 = ORIENTED_EDGE ( 'NONE', *, *, #3719, .T. ) ;
#5699 = CARTESIAN_POINT ( 'NONE',  ( 0.0003657610523503249046, -0.1095657840284613993, -0.3838120466290627641 ) ) ;
#5700 = CARTESIAN_POINT ( 'NONE',  ( 0.08858267716535433989, -0.2086614173228346636, -0.4704724409448819422 ) ) ;
#5701 = DIRECTION ( 'NONE',  ( -0.000000000000000000, -1.000000000000000000, -0.000000000000000000 ) ) ;
#5702 = CARTESIAN_POINT ( 'NONE',  ( 0.1433070866141732402, -0.2244094488188976555, -0.4704724409448819422 ) ) ;
#5703 = ORIENTED_EDGE ( 'NONE', *, *, #4982, .T. ) ;
#5704 = ORIENTED_EDGE ( 'NONE', *, *, #1668, .T. ) ;
#5705 = CARTESIAN_POINT ( 'NONE',  ( 0.1358267716535433156, -0.2125984251968504046, -0.1633858267716535584 ) ) ;
#5706 = CARTESIAN_POINT ( 'NONE',  ( -0.08489285489621514746, -0.2091424241949404739, -0.08576985615360650794 ) ) ;
#5707 = CARTESIAN_POINT ( 'NONE',  ( 0.0004653688922492115474, -0.02361746277220150986, -0.5486002864806927004 ) ) ;
#5708 = CARTESIAN_POINT ( 'NONE',  ( -0.08411569015858268161, -0.1721899764869685157, -0.09682497660492127289 ) ) ;
#5709 = DIRECTION ( 'NONE',  ( -1.000000000000000000, 0.000000000000000000, 0.000000000000000000 ) ) ;
#5710 = CARTESIAN_POINT ( 'NONE',  ( -0.06974325653492126353, -0.1151288263965354330, -0.3073689513938976936 ) ) ;
#5711 = ORIENTED_EDGE ( 'NONE', *, *, #3724, .F. ) ;
#5712 = EDGE_CURVE ( 'NONE', #1121, #5429, #1698, .T. ) ;
#5713 = CARTESIAN_POINT ( 'NONE',  ( 1.022147994111466416E-16, 0.000000000000000000, -0.5452755905511811330 ) ) ;
#5714 = EDGE_LOOP ( 'NONE', ( #4730, #1312, #5915, #5287 ) ) ;
#5715 = CARTESIAN_POINT ( 'NONE',  ( -0.1259842519685039353, -0.1053924806672440900, -0.3905511811023621993 ) ) ;
#5716 = FACE_BOUND ( 'NONE', #206, .T. ) ;
#5717 = LINE ( 'NONE', #6740, #342 ) ;
#5718 = EDGE_CURVE ( 'NONE', #824, #4899, #790, .T. ) ;
#5719 = CARTESIAN_POINT ( 'NONE',  ( 0.06102362204724410405, 0.000000000000000000, -0.4133858267716535861 ) ) ;
#5720 = ORIENTED_EDGE ( 'NONE', *, *, #7285, .F. ) ;
#5721 = EDGE_CURVE ( 'NONE', #6092, #5197, #2489, .T. ) ;
#5722 = ORIENTED_EDGE ( 'NONE', *, *, #3779, .T. ) ;
#5723 = DIRECTION ( 'NONE',  ( 0.000000000000000000, 0.000000000000000000, 1.000000000000000000 ) ) ;
#5724 = CARTESIAN_POINT ( 'NONE',  ( 0.07504560747409450006, -0.08962026161389763379, -0.2253422856474016078 ) ) ;
#5725 = EDGE_CURVE ( 'NONE', #6409, #2171, #567, .T. ) ;
#5726 = ADVANCED_FACE ( 'NONE', ( #3306 ), #2888, .T. ) ;
#5727 = DIRECTION ( 'NONE',  ( 0.9982048454657793668, 0.03349134394762937755, -0.04965295931987372124 ) ) ;
#5728 = ORIENTED_EDGE ( 'NONE', *, *, #2763, .T. ) ;
#5729 = ORIENTED_EDGE ( 'NONE', *, *, #5619, .T. ) ;
#5730 = VERTEX_POINT ( 'NONE', #5705 ) ;
#5731 = DIRECTION ( 'NONE',  ( 1.000000000000000000, 0.000000000000000000, 0.000000000000000000 ) ) ;
#5732 = PLANE ( 'NONE',  #6472 ) ;
#5733 = CARTESIAN_POINT ( 'NONE',  ( -0.1191720082262992114, -0.2125984251968504046, -0.1633858267716535584 ) ) ;
#5734 = ORIENTED_EDGE ( 'NONE', *, *, #7301, .T. ) ;
#5735 = VERTEX_POINT ( 'NONE', #488 ) ;
#5736 = PLANE ( 'NONE',  #5653 ) ;
#5737 = CARTESIAN_POINT ( 'NONE',  ( -0.08524718560487469510, -0.2224479827709478497, -0.1016589680310994309 ) ) ;
#5738 = DIRECTION ( 'NONE',  ( 0.000000000000000000, 1.000000000000000000, 0.000000000000000000 ) ) ;
#5739 = CARTESIAN_POINT ( 'NONE',  ( -0.08424324859700786650, -0.1723289700248818723, -0.08692973585582676466 ) ) ;
#5740 = ORIENTED_EDGE ( 'NONE', *, *, #2800, .T. ) ;
#5741 = CARTESIAN_POINT ( 'NONE',  ( -0.009752696747394314775, -0.1136442398483624022, -0.3852668906357187284 ) ) ;
#5742 = CYLINDRICAL_SURFACE ( 'NONE', #2143, 0.04921259842519686012 ) ;
#5743 = ORIENTED_EDGE ( 'NONE', *, *, #5228, .F. ) ;
#5744 = DIRECTION ( 'NONE',  ( -1.000000000000000000, 0.000000000000000000, -2.531317973268703914E-12 ) ) ;
#5745 = LINE ( 'NONE', #4619, #1141 ) ;
#5746 = CARTESIAN_POINT ( 'NONE',  ( -0.1574803149606299191, -0.2110236220472441193, -0.5019685039370078705 ) ) ;
#5747 = EDGE_CURVE ( 'NONE', #5533, #6169, #3496, .T. ) ;
#5748 = LINE ( 'NONE', #7033, #6645 ) ;
#5749 = AXIS2_PLACEMENT_3D ( 'NONE', #4399, #2645, #4317 ) ;
#5750 = CARTESIAN_POINT ( 'NONE',  ( -0.1181102362204724532, -0.2270866141732283405, -0.4704724409448819422 ) ) ;
#5751 = VERTEX_POINT ( 'NONE', #6420 ) ;
#5752 = CARTESIAN_POINT ( 'NONE',  ( -0.06496062992125983815, -0.09145791303354332269, -0.4990932680688976442 ) ) ;
#5753 = ORIENTED_EDGE ( 'NONE', *, *, #2415, .T. ) ;
#5754 = DIRECTION ( 'NONE',  ( 0.000000000000000000, 1.000000000000000000, 0.000000000000000000 ) ) ;
#5755 = EDGE_CURVE ( 'NONE', #5121, #326, #1232, .T. ) ;
#5756 = CARTESIAN_POINT ( 'NONE',  ( 0.07482851638854330634, -0.08758743848850394920, -0.2282949825878346772 ) ) ;
#5757 = AXIS2_PLACEMENT_3D ( 'NONE', #6734, #1527, #3854 ) ;
#5758 = EDGE_CURVE ( 'NONE', #5380, #4426, #3559, .T. ) ;
#5759 = EDGE_CURVE ( 'NONE', #6238, #6105, #5926, .T. ) ;
#5760 = CARTESIAN_POINT ( 'NONE',  ( -0.01771653543307086937, -0.1236220472439651524, -0.5523622047243489375 ) ) ;
#5761 = EDGE_LOOP ( 'NONE', ( #7237, #4561 ) ) ;
#5762 = AXIS2_PLACEMENT_3D ( 'NONE', #1228, #593, #4667 ) ;
#5763 = VERTEX_POINT ( 'NONE', #3032 ) ;
#5764 = ORIENTED_EDGE ( 'NONE', *, *, #4979, .F. ) ;
#5765 = LINE ( 'NONE', #1654, #910 ) ;
#5766 = CYLINDRICAL_SURFACE ( 'NONE', #4912, 0.01181102362204724046 ) ;
#5767 = ADVANCED_FACE ( 'NONE', ( #5355 ), #3222, .T. ) ;
#5768 = LINE ( 'NONE', #5658, #6366 ) ;
#5769 = VECTOR ( 'NONE', #4400, 39.37007874015748143 ) ;
#5770 = VECTOR ( 'NONE', #3910, 39.37007874015748143 ) ;
#5771 = CARTESIAN_POINT ( 'NONE',  ( -0.01877830743888582801, -0.1603674540681933047, -0.5460629921259378960 ) ) ;
#5772 = ORIENTED_EDGE ( 'NONE', *, *, #5712, .F. ) ;
#5773 = ORIENTED_EDGE ( 'NONE', *, *, #3073, .T. ) ;
#5774 = DIRECTION ( 'NONE',  ( 0.000000000000000000, 0.000000000000000000, 1.000000000000000000 ) ) ;
#5775 = AXIS2_PLACEMENT_3D ( 'NONE', #3804, #3951, #6770 ) ;
#5776 = DIRECTION ( 'NONE',  ( -1.000000000000000000, 0.000000000000000000, 0.000000000000000000 ) ) ;
#5777 = CIRCLE ( 'NONE', #3234, 0.05905511811023622659 ) ;
#5778 = AXIS2_PLACEMENT_3D ( 'NONE', #7223, #1447, #2581 ) ;
#5779 = VECTOR ( 'NONE', #3105, 39.37007874015748143 ) ;
#5780 = ADVANCED_FACE ( 'NONE', ( #3529 ), #5845, .T. ) ;
#5781 = DIRECTION ( 'NONE',  ( -0.000000000000000000, -1.000000000000000000, -0.000000000000000000 ) ) ;
#5782 = VECTOR ( 'NONE', #5473, 39.37007874015748143 ) ;
#5783 = CARTESIAN_POINT ( 'NONE',  ( -0.08477474465999999820, -0.2020775886752362027, -0.08518183245472440990 ) ) ;
#5784 = VECTOR ( 'NONE', #751, 39.37007874015748143 ) ;
#5785 = ORIENTED_EDGE ( 'NONE', *, *, #4898, .T. ) ;
#5786 = FACE_OUTER_BOUND ( 'NONE', #1093, .T. ) ;
#5787 = CARTESIAN_POINT ( 'NONE',  ( -0.06977785225594487772, -0.1179263497671653588, -0.3055161485720472303 ) ) ;
#5788 = EDGE_LOOP ( 'NONE', ( #6156, #3655, #5428, #4335, #4723, #4712 ) ) ;
#5789 = CARTESIAN_POINT ( 'NONE',  ( 0.1388570475963779582, -0.2075996453170078637, -0.1633858267716535584 ) ) ;
#5790 = VECTOR ( 'NONE', #343, 39.37007874015748143 ) ;
#5791 = DIRECTION ( 'NONE',  ( 0.000000000000000000, 0.000000000000000000, -1.000000000000000000 ) ) ;
#5792 = AXIS2_PLACEMENT_3D ( 'NONE', #3391, #1025, #2314 ) ;
#5793 = CARTESIAN_POINT ( 'NONE',  ( -0.04412803984737385249, -0.03381587968971556252, -0.3740157480314961203 ) ) ;
#5794 = CARTESIAN_POINT ( 'NONE',  ( -0.06889763779527559306, -0.2204724409448818867, -0.2696850393700788162 ) ) ;
#5795 = CARTESIAN_POINT ( 'NONE',  ( -0.05905511811023630292, -4.671221925780464437E-46, -0.4094488188976378451 ) ) ;
#5796 = AXIS2_PLACEMENT_3D ( 'NONE', #6533, #4222, #4258 ) ;
#5797 = EDGE_LOOP ( 'NONE', ( #6673, #5613, #1045, #3301 ) ) ;
#5798 = ORIENTED_EDGE ( 'NONE', *, *, #32, .F. ) ;
#5799 = CARTESIAN_POINT ( 'NONE',  ( 0.08424324859700786650, -0.1743825596750393780, -0.08963032630165353176 ) ) ;
#5800 = CARTESIAN_POINT ( 'NONE',  ( -0.1279527559055118335, 1.566969329617676476E-17, -0.3740157480314960647 ) ) ;
#5801 =( BOUNDED_SURFACE ( )  B_SPLINE_SURFACE ( 3, 3, ( 
 ( #6579, #1413, #1978, #2588 ),
 ( #6061, #6701, #1332, #3204 ),
 ( #806, #2555, #1491, #3693 ),
 ( #841, #5978, #6666, #4886 ) ),
 .UNSPECIFIED., .F., .F., .F. ) 
 B_SPLINE_SURFACE_WITH_KNOTS ( ( 4, 4 ),
 ( 4, 4 ),
 ( 0.03877785518529227454, 0.9612278540064894683 ),
 ( 0.000000000000000000, 1.000000000000000000 ),
 .UNSPECIFIED. ) 
 GEOMETRIC_REPRESENTATION_ITEM ( )  RATIONAL_B_SPLINE_SURFACE ( (
 ( 0.9642809449701263969, 0.3214269816567089100, 0.3214269816567089100, 0.9642809449701263969),
 ( 0.6924780141204079920, 0.2308260047068027287, 0.2308260047068027287, 0.6924780141204079920),
 ( 0.6924796963629852309, 0.2308265654543284751, 0.2308265654543284751, 0.6924796963629852309),
 ( 0.9642859916978578916, 0.3214286638992860379, 0.3214286638992860379, 0.9642859916978578916) ) ) 
 REPRESENTATION_ITEM ( '' )  SURFACE ( )  );
#5802 = CARTESIAN_POINT ( 'NONE',  ( -0.03937007874015747977, 0.000000000000000000, -0.4704724409448819422 ) ) ;
#5803 = EDGE_LOOP ( 'NONE', ( #4038, #7020, #4143, #4156 ) ) ;
#5804 = VECTOR ( 'NONE', #5512, 39.37007874015748143 ) ;
#5805 = ORIENTED_EDGE ( 'NONE', *, *, #1298, .F. ) ;
#5806 = ORIENTED_EDGE ( 'NONE', *, *, #2652, .T. ) ;
#5807 = FACE_OUTER_BOUND ( 'NONE', #1831, .T. ) ;
#5808 = CARTESIAN_POINT ( 'NONE',  ( 0.08846456961455297086, -0.2204772006770078785, -0.1632485097437663679 ) ) ;
#5809 = EDGE_CURVE ( 'NONE', #7093, #4534, #5320, .T. ) ;
#5810 = CARTESIAN_POINT ( 'NONE',  ( 0.1102362204724409434, -0.09251968503937008093, -0.3513004327185827447 ) ) ;
#5811 = ORIENTED_EDGE ( 'NONE', *, *, #4375, .T. ) ;
#5812 = ADVANCED_FACE ( 'NONE', ( #2948 ), #2492, .T. ) ;
#5813 = ORIENTED_EDGE ( 'NONE', *, *, #6926, .F. ) ;
#5814 = CARTESIAN_POINT ( 'NONE',  ( 0.000000000000000000, 0.000000000000000000, -0.4763779527559054983 ) ) ;
#5815 = CARTESIAN_POINT ( 'NONE',  ( -0.06614173228346457989, -0.1234053247828553329, -0.3467659153224440516 ) ) ;
#5816 = LINE ( 'NONE', #2919, #6354 ) ;
#5817 = EDGE_CURVE ( 'NONE', #1055, #5612, #5960, .T. ) ;
#5818 = FACE_OUTER_BOUND ( 'NONE', #4764, .T. ) ;
#5819 = DIRECTION ( 'NONE',  ( 0.000000000000000000, 0.000000000000000000, 1.000000000000000000 ) ) ;
#5820 = EDGE_CURVE ( 'NONE', #3514, #1225, #7051, .T. ) ;
#5821 = ORIENTED_EDGE ( 'NONE', *, *, #3299, .T. ) ;
#5822 = FACE_OUTER_BOUND ( 'NONE', #691, .T. ) ;
#5823 = DIRECTION ( 'NONE',  ( 6.784263472649886024E-16, -0.1564344650383069080, 0.9876883405954425266 ) ) ;
#5824 = ORIENTED_EDGE ( 'NONE', *, *, #738, .F. ) ;
#5825 = CARTESIAN_POINT ( 'NONE',  ( 0.1377952755905511861, -0.1043307086614173318, -0.3523622047244094335 ) ) ;
#5826 = DIRECTION ( 'NONE',  ( 0.000000000000000000, 1.000000000000000000, 0.000000000000000000 ) ) ;
#5827 = CARTESIAN_POINT ( 'NONE',  ( 0.000000000000000000, 5.667580291930354688E-50, -0.1377952755905511861 ) ) ;
#5828 = DIRECTION ( 'NONE',  ( 0.000000000000000000, 1.000000000000000000, 0.000000000000000000 ) ) ;
#5829 = ORIENTED_EDGE ( 'NONE', *, *, #5758, .F. ) ;
#5830 = EDGE_LOOP ( 'NONE', ( #7508, #6888, #1984, #7509 ) ) ;
#5831 = CARTESIAN_POINT ( 'NONE',  ( 0.08477474465999999820, -0.2009730320414567228, -0.08838969784555121556 ) ) ;
#5832 = DIRECTION ( 'NONE',  ( -1.000000000000000000, 0.000000000000000000, 0.000000000000000000 ) ) ;
#5833 = DIRECTION ( 'NONE',  ( 1.000000000000000000, 0.000000000000000000, -0.000000000000000000 ) ) ;
#5834 = ORIENTED_EDGE ( 'NONE', *, *, #2879, .F. ) ;
#5835 = EDGE_LOOP ( 'NONE', ( #2593, #6306, #7286, #4805 ) ) ;
#5836 = VERTEX_POINT ( 'NONE', #743 ) ;
#5837 = CARTESIAN_POINT ( 'NONE',  ( 4.917790859440445206E-07, -0.1152423640298834706, -0.3754255055108102757 ) ) ;
#5838 = CARTESIAN_POINT ( 'NONE',  ( 0.09842519685039370636, 0.1771653543307086798, -0.03937007874015747977 ) ) ;
#5839 = DIRECTION ( 'NONE',  ( 1.000000000000000000, 0.000000000000000000, 0.000000000000000000 ) ) ;
#5840 =( BOUNDED_SURFACE ( )  B_SPLINE_SURFACE ( 3, 3, ( 
 ( #7074, #807, #3089, #5416 ),
 ( #204, #2523, #4926, #4855 ),
 ( #3133, #6623, #6019, #2556 ),
 ( #158, #1454, #4272, #6581 ) ),
 .UNSPECIFIED., .F., .F., .F. ) 
 B_SPLINE_SURFACE_WITH_KNOTS ( ( 4, 4 ),
 ( 4, 4 ),
 ( 0.06496702746304870713, 0.9350259221201204785 ),
 ( 0.000000000000000000, 1.000000000000000000 ),
 .UNSPECIFIED. ) 
 GEOMETRIC_REPRESENTATION_ITEM ( )  RATIONAL_B_SPLINE_SURFACE ( (
 ( 0.9989744782359200048, 0.3329914927453065387, 0.3329914927453065387, 0.9989744782359200048),
 ( 0.9947145279944532570, 0.3315715093314842710, 0.3315715093314842710, 0.9947145279944532570),
 ( 0.9947144934747423894, 0.3315714978249140188, 0.3315714978249140188, 0.9947144934747423894),
 ( 0.9989743746767875132, 0.3329914582255957267, 0.3329914582255957267, 0.9989743746767875132) ) ) 
 REPRESENTATION_ITEM ( '' )  SURFACE ( )  );
#5841 = EDGE_CURVE ( 'NONE', #485, #1353, #4828, .T. ) ;
#5842 = EDGE_LOOP ( 'NONE', ( #5487, #6387, #5998, #1336 ) ) ;
#5844 = VERTEX_POINT ( 'NONE', #3266 ) ;
#5843 = B_SPLINE_CURVE_WITH_KNOTS ( 'NONE', 3,
 ( #1318, #3609, #3037, #2460, #3879, #5513, #2195, #298, #4455, #5104 ),
 .UNSPECIFIED., .F., .F.,
 ( 4, 2, 2, 2, 4 ),
 ( 0.000000000000000000, 0.1250000000000019706, 0.2500000000000039413, 0.3750000000000059397, 0.5000000000000079936 ),
 .UNSPECIFIED. ) ;
#5845 = PLANE ( 'NONE',  #2614 ) ;
#5846 = CARTESIAN_POINT ( 'NONE',  ( -0.05905511811023622659, -0.05208171872174512107, -0.5452755905511811330 ) ) ;
#5847 = DIRECTION ( 'NONE',  ( 0.000000000000000000, 0.000000000000000000, -1.000000000000000000 ) ) ;
#5848 = EDGE_CURVE ( 'NONE', #2762, #854, #338, .T. ) ;
#5849 = EDGE_CURVE ( 'NONE', #17, #1634, #2045, .T. ) ;
#5850 = CARTESIAN_POINT ( 'NONE',  ( -0.08404718683826770120, -0.1704295627798818880, -0.09958965201326773486 ) ) ;
#5851 = ORIENTED_EDGE ( 'NONE', *, *, #137, .F. ) ;
#5852 = CARTESIAN_POINT ( 'NONE',  ( -2.800144193505871229E-15, -0.1177962144816772083, -0.3739376059580742373 ) ) ;
#5853 = LINE ( 'NONE', #5328, #5427 ) ;
#5854 = EDGE_LOOP ( 'NONE', ( #1194, #6925, #2336, #2441, #6293, #5452, #2390, #7516 ) ) ;
#5855 = ADVANCED_FACE ( 'NONE', ( #4370 ), #6642, .F. ) ;
#5856 = CYLINDRICAL_SURFACE ( 'NONE', #6751, 0.01181102362204724046 ) ;
#5857 = DIRECTION ( 'NONE',  ( -1.000000000000000000, 0.000000000000000000, 0.000000000000000000 ) ) ;
#5858 = CARTESIAN_POINT ( 'NONE',  ( 0.1791338582677165503, -0.09251968503937008093, -0.4704724409448819422 ) ) ;
#5859 = EDGE_CURVE ( 'NONE', #3518, #1211, #3586, .T. ) ;
#5860 = CARTESIAN_POINT ( 'NONE',  ( 0.1791338582677165503, -0.1043307086614173318, -0.4704724409448819422 ) ) ;
#5861 = CARTESIAN_POINT ( 'NONE',  ( 0.05905511811025099256, -0.1043307086614173318, -0.4633272880952763462 ) ) ;
#5862 = CARTESIAN_POINT ( 'NONE',  ( 0.000000000000000000, 0.000000000000000000, -0.4704724409448819422 ) ) ;
#5863 = ORIENTED_EDGE ( 'NONE', *, *, #2310, .T. ) ;
#5864 = ORIENTED_EDGE ( 'NONE', *, *, #1229, .T. ) ;
#5865 = DIRECTION ( 'NONE',  ( 1.000000000000000000, 0.000000000000000000, 0.000000000000000000 ) ) ;
#5866 = CARTESIAN_POINT ( 'NONE',  ( -0.1574803149606299191, 0.005118110236220472370, -0.4685433070866141803 ) ) ;
#5867 = LINE ( 'NONE', #7075, #6384 ) ;
#5868 = ORIENTED_EDGE ( 'NONE', *, *, #2363, .F. ) ;
#5869 = ORIENTED_EDGE ( 'NONE', *, *, #6132, .T. ) ;
#5870 = EDGE_LOOP ( 'NONE', ( #4662, #7115, #511, #6786 ) ) ;
#5871 = CARTESIAN_POINT ( 'NONE',  ( -0.007376526233114940982, -0.1119310052838214664, -0.3688776401046685582 ) ) ;
#5872 = VECTOR ( 'NONE', #815, 39.37007874015748143 ) ;
#5873 = LINE ( 'NONE', #2446, #3325 ) ;
#5874 = DIRECTION ( 'NONE',  ( 0.000000000000000000, 1.000000000000000000, 0.000000000000000000 ) ) ;
#5875 = CIRCLE ( 'NONE', #7210, 0.1279527559055118335 ) ;
#5876 =( NAMED_UNIT ( * ) SI_UNIT ( $, .STERADIAN. ) SOLID_ANGLE_UNIT ( ) );
#5877 = ORIENTED_EDGE ( 'NONE', *, *, #427, .F. ) ;
#5878 = ORIENTED_EDGE ( 'NONE', *, *, #4832, .T. ) ;
#5879 = CARTESIAN_POINT ( 'NONE',  ( 0.03937007874015747977, 4.821444091131311524E-18, -0.5334645669291339098 ) ) ;
#5880 = CARTESIAN_POINT ( 'NONE',  ( 0.1181102362204724532, -0.2244094488188976555, -0.04527559055118110520 ) ) ;
#5881 = CARTESIAN_POINT ( 'NONE',  ( -0.06102362204724410405, -0.2641732280977165392, -0.5334645669291339098 ) ) ;
#5882 = AXIS2_PLACEMENT_3D ( 'NONE', #4388, #3312, #2815 ) ;
#5883 = LINE ( 'NONE', #4218, #7477 ) ;
#5884 = VECTOR ( 'NONE', #3896, 39.37007874015748143 ) ;
#5885 = VERTEX_POINT ( 'NONE', #1503 ) ;
#5886 = CYLINDRICAL_SURFACE ( 'NONE', #1262, 0.03937007874015747977 ) ;
#5887 = AXIS2_PLACEMENT_3D ( 'NONE', #5827, #4622, #6951 ) ;
#5888 = AXIS2_PLACEMENT_3D ( 'NONE', #4214, #627, #3639 ) ;
#5889 = ADVANCED_FACE ( 'NONE', ( #3145 ), #2568, .F. ) ;
#5890 = DIRECTION ( 'NONE',  ( 0.000000000000000000, 0.1564344650409648652, -0.9876883405950214190 ) ) ;
#5891 = ORIENTED_EDGE ( 'NONE', *, *, #5939, .T. ) ;
#5892 = DIRECTION ( 'NONE',  ( 1.000000000000000000, 0.000000000000000000, 0.000000000000000000 ) ) ;
#5893 = EDGE_CURVE ( 'NONE', #1537, #7136, #217, .T. ) ;
#5894 = EDGE_CURVE ( 'NONE', #3710, #3286, #7207, .T. ) ;
#5895 = CARTESIAN_POINT ( 'NONE',  ( 0.03382073918106923149, 0.04413289933871659965, -0.3740157480314960092 ) ) ;
#5896 = VECTOR ( 'NONE', #5481, 39.37007874015748143 ) ;
#5897 = VECTOR ( 'NONE', #7507, 39.37007874015748143 ) ;
#5898 = AXIS2_PLACEMENT_3D ( 'NONE', #1104, #5188, #6844 ) ;
#5899 = DIRECTION ( 'NONE',  ( 1.000000000000000000, 0.000000000000000000, 0.000000000000000000 ) ) ;
#5900 = CARTESIAN_POINT ( 'NONE',  ( 0.1771653543307086798, -0.08948940909653543829, -0.3720472440944881942 ) ) ;
#5901 = AXIS2_PLACEMENT_3D ( 'NONE', #6554, #3174, #279 ) ;
#5902 = ADVANCED_FACE ( 'NONE', ( #3753 ), #5589, .F. ) ;
#5903 = CYLINDRICAL_SURFACE ( 'NONE', #2872, 0.04921259842519685318 ) ;
#5904 = VERTEX_POINT ( 'NONE', #370 ) ;
#5905 = AXIS2_PLACEMENT_3D ( 'NONE', #1186, #2322, #5193 ) ;
#5906 = VECTOR ( 'NONE', #800, 39.37007874015748143 ) ;
#5907 = ORIENTED_EDGE ( 'NONE', *, *, #2048, .T. ) ;
#5908 = CARTESIAN_POINT ( 'NONE',  ( 0.08512907536866141933, -0.2200301652485039672, -0.09501907247826771319 ) ) ;
#5909 = EDGE_CURVE ( 'NONE', #3887, #1661, #1466, .T. ) ;
#5910 = CARTESIAN_POINT ( 'NONE',  ( 0.05905511811025767471, -0.1049407752540157529, -0.4634239131511811438 ) ) ;
#5911 = AXIS2_PLACEMENT_3D ( 'NONE', #3701, #5982, #6025 ) ;
#5912 = VECTOR ( 'NONE', #3473, 39.37007874015748143 ) ;
#5913 = AXIS2_PLACEMENT_3D ( 'NONE', #5862, #1252, #1939 ) ;
#5914 = LINE ( 'NONE', #587, #3955 ) ;
#5915 = ORIENTED_EDGE ( 'NONE', *, *, #1293, .T. ) ;
#5916 = EDGE_CURVE ( 'NONE', #3797, #3247, #7352, .T. ) ;
#5917 = ORIENTED_EDGE ( 'NONE', *, *, #472, .T. ) ;
#5918 = ORIENTED_EDGE ( 'NONE', *, *, #1810, .T. ) ;
#5919 = CARTESIAN_POINT ( 'NONE',  ( 0.000000000000000000, -0.3444881889763780070, -0.2992125984251968740 ) ) ;
#5920 = CARTESIAN_POINT ( 'NONE',  ( 0.1574803149606299191, 0.000000000000000000, -0.1377952755905511861 ) ) ;
#5921 = VECTOR ( 'NONE', #678, 39.37007874015748143 ) ;
#5922 = DIRECTION ( 'NONE',  ( 0.000000000000000000, 1.000000000000000000, 0.000000000000000000 ) ) ;
#5923 = VECTOR ( 'NONE', #3083, 39.37007874015748143 ) ;
#5924 = VERTEX_POINT ( 'NONE', #5993 ) ;
#5925 = ORIENTED_EDGE ( 'NONE', *, *, #5209, .F. ) ;
#5926 = LINE ( 'NONE', #5879, #1760 ) ;
#5927 = DIRECTION ( 'NONE',  ( 0.000000000000000000, 0.000000000000000000, 1.000000000000000000 ) ) ;
#5928 = CARTESIAN_POINT ( 'NONE',  ( 0.000000000000000000, 0.000000000000000000, -0.3779527559055118058 ) ) ;
#5929 = EDGE_LOOP ( 'NONE', ( #774, #1917, #944, #5698 ) ) ;
#5930 = DIRECTION ( 'NONE',  ( 0.000000000000000000, 0.000000000000000000, 1.000000000000000000 ) ) ;
#5931 = ORIENTED_EDGE ( 'NONE', *, *, #4087, .F. ) ;
#5932 = DIRECTION ( 'NONE',  ( -1.356852694780501630E-16, -0.1564344650394034753, 0.9876883405952687767 ) ) ;
#5933 = DIRECTION ( 'NONE',  ( 1.000000000000000000, 0.000000000000000000, 0.000000000000000000 ) ) ;
#5934 = ORIENTED_EDGE ( 'NONE', *, *, #6877, .F. ) ;
#5935 = DIRECTION ( 'NONE',  ( 1.000000000000000000, 0.000000000000000000, 0.000000000000000000 ) ) ;
#5936 = DIRECTION ( 'NONE',  ( 0.000000000000000000, -1.000000000000000000, 0.000000000000000000 ) ) ;
#5937 = CARTESIAN_POINT ( 'NONE',  ( -0.07504920018594488096, -0.08965478462271654625, -0.2252940358807480337 ) ) ;
#5938 = DIRECTION ( 'NONE',  ( 0.000000000000000000, 1.000000000000000000, 0.000000000000000000 ) ) ;
#5939 = EDGE_CURVE ( 'NONE', #3257, #3129, #2686, .T. ) ;
#5940 = DIRECTION ( 'NONE',  ( -1.000000000000000000, 0.000000000000000000, 0.000000000000000000 ) ) ;
#5941 = ORIENTED_EDGE ( 'NONE', *, *, #6824, .T. ) ;
#5942 = VERTEX_POINT ( 'NONE', #2534 ) ;
#5943 = FACE_OUTER_BOUND ( 'NONE', #2845, .T. ) ;
#5944 = CARTESIAN_POINT ( 'NONE',  ( 0.1771653543307086798, -0.2559055118110236671, 0.000000000000000000 ) ) ;
#5945 = EDGE_CURVE ( 'NONE', #549, #6187, #3221, .T. ) ;
#5946 = PLANE ( 'NONE',  #2768 ) ;
#5947 = FACE_OUTER_BOUND ( 'NONE', #4589, .T. ) ;
#5948 = ORIENTED_EDGE ( 'NONE', *, *, #5747, .F. ) ;
#5949 = EDGE_CURVE ( 'NONE', #1986, #4047, #291, .T. ) ;
#5950 = VERTEX_POINT ( 'NONE', #7287 ) ;
#5951 = CARTESIAN_POINT ( 'NONE',  ( -0.06496062992125983815, -0.1053924806672440900, -0.4980314960629921295 ) ) ;
#5952 = EDGE_LOOP ( 'NONE', ( #2723, #4977, #1883, #4930, #2299 ) ) ;
#5953 = CARTESIAN_POINT ( 'NONE',  ( -0.009784629103807266151, -0.1136825862559910777, -0.3852735547930412618 ) ) ;
#5954 = CARTESIAN_POINT ( 'NONE',  ( -0.0006754837608417325499, -0.1043307086474732359, -0.4168640245043385706 ) ) ;
#5955 = EDGE_CURVE ( 'NONE', #4129, #1707, #3830, .T. ) ;
#5956 = DIRECTION ( 'NONE',  ( 0.000000000000000000, 0.7999999999928930627, 0.6000000000094759534 ) ) ;
#5957 = EDGE_CURVE ( 'NONE', #2228, #5211, #6561, .T. ) ;
#5958 = ORIENTED_EDGE ( 'NONE', *, *, #5, .F. ) ;
#5959 = ORIENTED_EDGE ( 'NONE', *, *, #3533, .F. ) ;
#5960 = LINE ( 'NONE', #103, #2981 ) ;
#5961 = CARTESIAN_POINT ( 'NONE',  ( 0.08850554276267717790, -0.2148688597975590697, -0.1631682418490157382 ) ) ;
#5962 = CARTESIAN_POINT ( 'NONE',  ( -0.08850553233141732201, -0.2215341193372047657, -0.1633202342086220726 ) ) ;
#5963 = CARTESIAN_POINT ( 'NONE',  ( 0.08465663442377530101, -0.1952091231774789326, -0.08929995776812853225 ) ) ;
#5964 = ORIENTED_EDGE ( 'NONE', *, *, #3861, .T. ) ;
#5965 = CARTESIAN_POINT ( 'NONE',  ( -0.1377952755905511861, -0.2244094488188976555, -0.1633858267716535584 ) ) ;
#5966 = DIRECTION ( 'NONE',  ( -1.000000000000000000, 0.000000000000000000, 0.000000000000000000 ) ) ;
#5967 = ORIENTED_EDGE ( 'NONE', *, *, #3563, .F. ) ;
#5968 = DIRECTION ( 'NONE',  ( 1.000000000000000000, 0.000000000000000000, 0.000000000000000000 ) ) ;
#5969 = CARTESIAN_POINT ( 'NONE',  ( 0.1771653543307086798, -0.09055118110236221041, -0.4704724409448819422 ) ) ;
#5970 = DIRECTION ( 'NONE',  ( 0.000000000000000000, 0.000000000000000000, 1.000000000000000000 ) ) ;
#5971 = DIRECTION ( 'NONE',  ( 0.05989229072786949465, -0.1561536410006374720, 0.9859152873921837035 ) ) ;
#5972 = CARTESIAN_POINT ( 'NONE',  ( -0.06141732283464567538, -0.2559055118110236671, -0.5334645669291339098 ) ) ;
#5973 = DIRECTION ( 'NONE',  ( -8.514890181832159201E-15, -0.9975640502598075443, -0.06975647374436289017 ) ) ;
#5974 = CARTESIAN_POINT ( 'NONE',  ( 0.05708661417322834220, -0.2592125984251968385, -0.4704724409448819422 ) ) ;
#5975 = ORIENTED_EDGE ( 'NONE', *, *, #3441, .T. ) ;
#5976 = ORIENTED_EDGE ( 'NONE', *, *, #3759, .F. ) ;
#5977 = LINE ( 'NONE', #7071, #2108 ) ;
#5978 = CARTESIAN_POINT ( 'NONE',  ( 0.04676955665215389024, 0.02454820055669998738, -0.5366618725208659457 ) ) ;
#5979 = DIRECTION ( 'NONE',  ( -1.000000000000000000, 0.000000000000000000, 0.000000000000000000 ) ) ;
#5980 = ORIENTED_EDGE ( 'NONE', *, *, #1680, .T. ) ;
#5981 = ORIENTED_EDGE ( 'NONE', *, *, #6867, .F. ) ;
#5982 = DIRECTION ( 'NONE',  ( 1.000000000000000000, 0.000000000000000000, 0.000000000000000000 ) ) ;
#5983 = ADVANCED_FACE ( 'NONE', ( #3713 ), #6036, .F. ) ;
#5984 = ORIENTED_EDGE ( 'NONE', *, *, #1109, .T. ) ;
#5985 = DIRECTION ( 'NONE',  ( -6.784263472649886024E-16, 0.1564344650383068802, -0.9876883405954424155 ) ) ;
#5986 = DIRECTION ( 'NONE',  ( 0.000000000000000000, 0.000000000000000000, -1.000000000000000000 ) ) ;
#5987 = EDGE_CURVE ( 'NONE', #694, #3495, #631, .T. ) ;
#5988 = EDGE_CURVE ( 'NONE', #7385, #287, #2154, .T. ) ;
#5989 = ORIENTED_CLOSED_SHELL ( 'NONE', *, #5441, .F. );
#5990 = ORIENTED_EDGE ( 'NONE', *, *, #7004, .T. ) ;
#5991 = ORIENTED_EDGE ( 'NONE', *, *, #4650, .F. ) ;
#5992 = EDGE_CURVE ( 'NONE', #3286, #3519, #3447, .T. ) ;
#5993 = CARTESIAN_POINT ( 'NONE',  ( 0.000000000000000000, 0.1574803149606299746, -0.5334645669291339098 ) ) ;
#5994 = CARTESIAN_POINT ( 'NONE',  ( 0.06911810963283465670, -0.1213625147812598531, -0.3124443681551181129 ) ) ;
#5995 = CARTESIAN_POINT ( 'NONE',  ( 0.002981630235771717992, -0.09055118110236221041, -0.4535302600790735994 ) ) ;
#5996 = VECTOR ( 'NONE', #4481, 39.37007874015748143 ) ;
#5997 = CARTESIAN_POINT ( 'NONE',  ( -0.06850393700787731077, -0.1156499601347769912, -0.3212157463791245893 ) ) ;
#5998 = ORIENTED_EDGE ( 'NONE', *, *, #1446, .T. ) ;
#5999 = CARTESIAN_POINT ( 'NONE',  ( 0.09842519685039370636, 0.09842519685039370636, -0.09842519685039370636 ) ) ;
#6000 = EDGE_CURVE ( 'NONE', #6496, #619, #4287, .T. ) ;
#6001 = CARTESIAN_POINT ( 'NONE',  ( 0.1388570475963779582, -0.2244094488188976555, -0.1633858267716535584 ) ) ;
#6002 = VECTOR ( 'NONE', #262, 39.37007874015748143 ) ;
#6003 = CARTESIAN_POINT ( 'NONE',  ( -0.01771653543307086937, -0.1377952755905511861, -0.5334645669291339098 ) ) ;
#6004 = CARTESIAN_POINT ( 'NONE',  ( -0.05118110236220473064, -0.3971641579688976464, -0.2992125984251968740 ) ) ;
#6005 = LINE ( 'NONE', #188, #2236 ) ;
#6006 = DIRECTION ( 'NONE',  ( 1.000000000000000000, 0.000000000000000000, 0.000000000000000000 ) ) ;
#6007 = CIRCLE ( 'NONE', #6971, 0.003937007874015724558 ) ;
#6008 = CARTESIAN_POINT ( 'NONE',  ( 0.1377952755905511861, -0.1062992125984252023, -0.3720472440944881942 ) ) ;
#6009 = CIRCLE ( 'NONE', #2001, 0.009842519685010818128 ) ;
#6010 = CARTESIAN_POINT ( 'NONE',  ( 0.01771653543307086937, -0.1603674540681934990, -0.5460629921259378960 ) ) ;
#6011 = DIRECTION ( 'NONE',  ( 1.000000000000000000, 0.000000000000000000, 0.000000000000000000 ) ) ;
#6012 = ORIENTED_EDGE ( 'NONE', *, *, #775, .F. ) ;
#6013 = VERTEX_POINT ( 'NONE', #2771 ) ;
#6014 = VECTOR ( 'NONE', #3432, 39.37007874015748143 ) ;
#6015 = DIRECTION ( 'NONE',  ( 0.000000000000000000, -1.000000000000000000, 0.000000000000000000 ) ) ;
#6016 = AXIS2_PLACEMENT_3D ( 'NONE', #6669, #3090, #5979 ) ;
#6017 = VECTOR ( 'NONE', #5431, 39.37007874015748143 ) ;
#6018 = CARTESIAN_POINT ( 'NONE',  ( 0.05511811023622078393, 6.750021727583867256E-18, -0.4094488188976374565 ) ) ;
#6019 = CARTESIAN_POINT ( 'NONE',  ( 0.1011195611934053995, -0.04284993243099488591, -0.5499179289023404804 ) ) ;
#6020 = AXIS2_PLACEMENT_3D ( 'NONE', #7125, #4974, #7277 ) ;
#6021 = DIRECTION ( 'NONE',  ( 2.478176394252578577E-15, -1.535339560257676785E-30, 1.000000000000000000 ) ) ;
#6022 = EDGE_LOOP ( 'NONE', ( #1730, #897, #4894, #2484, #1487 ) ) ;
#6023 = VECTOR ( 'NONE', #1070, 39.37007874015748143 ) ;
#6024 = ORIENTED_EDGE ( 'NONE', *, *, #5125, .F. ) ;
#6025 = DIRECTION ( 'NONE',  ( 0.000000000000000000, 0.000000000000000000, -1.000000000000000000 ) ) ;
#6026 = ORIENTED_EDGE ( 'NONE', *, *, #2841, .F. ) ;
#6027 = CARTESIAN_POINT ( 'NONE',  ( -0.007154713742386629646, -0.1060623730049737590, -0.3716970529245757771 ) ) ;
#6028 = CARTESIAN_POINT ( 'NONE',  ( -0.003352767883348307682, 0.05329071947294706374, -0.5478318230113036202 ) ) ;
#6029 = VECTOR ( 'NONE', #3226, 39.37007874015748143 ) ;
#6030 = DIRECTION ( 'NONE',  ( -6.195440985631441512E-16, 5.757523350966282908E-31, -1.000000000000000000 ) ) ;
#6031 = CIRCLE ( 'NONE', #3113, 0.04133858267716536417 ) ;
#6032 = VERTEX_POINT ( 'NONE', #6862 ) ;
#6033 = VERTEX_POINT ( 'NONE', #2219 ) ;
#6034 = ADVANCED_FACE ( 'NONE', ( #4520 ), #6188, .T. ) ;
#6035 = AXIS2_PLACEMENT_3D ( 'NONE', #1346, #2335, #6973 ) ;
#6036 = CYLINDRICAL_SURFACE ( 'NONE', #1268, 0.003937007874015758385 ) ;
#6037 = CARTESIAN_POINT ( 'NONE',  ( 0.06974325653492126353, -0.1091672022615354509, -0.3103510652244488854 ) ) ;
#6038 = VECTOR ( 'NONE', #4307, 39.37007874015748143 ) ;
#6039 = DIRECTION ( 'NONE',  ( 0.000000000000000000, 0.000000000000000000, -1.000000000000000000 ) ) ;
#6040 = ORIENTED_EDGE ( 'NONE', *, *, #6725, .F. ) ;
#6041 = EDGE_CURVE ( 'NONE', #716, #6698, #5765, .T. ) ;
#6042 =( BOUNDED_SURFACE ( )  B_SPLINE_SURFACE ( 3, 3, ( 
 ( #3912, #4494, #6802, #7485 ),
 ( #3880, #6307, #4528, #2162 ),
 ( #2275, #5064, #6229, #4607 ),
 ( #5215, #1095, #7410, #2196 ) ),
 .UNSPECIFIED., .F., .F., .F. ) 
 B_SPLINE_SURFACE_WITH_KNOTS ( ( 4, 4 ),
 ( 4, 4 ),
 ( 0.03877785518529227454, 0.9612278540064894683 ),
 ( 0.000000000000000000, 1.000000000000000000 ),
 .UNSPECIFIED. ) 
 GEOMETRIC_REPRESENTATION_ITEM ( )  RATIONAL_B_SPLINE_SURFACE ( (
 ( 0.9642809449701263969, 0.3214269816567089100, 0.3214269816567089100, 0.9642809449701263969),
 ( 0.6924780141204079920, 0.2308260047068027287, 0.2308260047068027287, 0.6924780141204079920),
 ( 0.6924796963629852309, 0.2308265654543284751, 0.2308265654543284751, 0.6924796963629852309),
 ( 0.9642859916978578916, 0.3214286638992860379, 0.3214286638992860379, 0.9642859916978578916) ) ) 
 REPRESENTATION_ITEM ( '' )  SURFACE ( )  );
#6043 = VERTEX_POINT ( 'NONE', #2838 ) ;
#6044 = CARTESIAN_POINT ( 'NONE',  ( -0.04921259842519685318, -0.3971641579688976464, -0.2992125984251968740 ) ) ;
#6045 = ORIENTED_EDGE ( 'NONE', *, *, #4036, .T. ) ;
#6046 = CARTESIAN_POINT ( 'NONE',  ( -0.08834645652674429084, -0.2126271962423704476, -0.1625619316184856444 ) ) ;
#6047 = EDGE_CURVE ( 'NONE', #5283, #5130, #5053, .T. ) ;
#6048 = PRODUCT_DEFINITION_SHAPE ( 'NONE', 'NONE',  #548 ) ;
#6049 = AXIS2_PLACEMENT_3D ( 'NONE', #3307, #4495, #2889 ) ;
#6050 = CARTESIAN_POINT ( 'NONE',  ( -0.1637795275590551158, -0.2641732280977165392, -0.5334645669291339098 ) ) ;
#6051 = DIRECTION ( 'NONE',  ( 0.000000000000000000, 0.000000000000000000, -1.000000000000000000 ) ) ;
#6052 = CARTESIAN_POINT ( 'NONE',  ( 0.06960198542177165049, -0.1100310814046850383, -0.3121174223383070268 ) ) ;
#6053 = CARTESIAN_POINT ( 'NONE',  ( -0.07383773678597441159, -0.08711532785265532763, -0.2447490956836712583 ) ) ;
#6054 = EDGE_CURVE ( 'NONE', #60, #7292, #663, .T. ) ;
#6055 = CARTESIAN_POINT ( 'NONE',  ( 0.000000000000000000, 0.000000000000000000, -0.5452755905511811330 ) ) ;
#6056 = PLANE ( 'NONE',  #683 ) ;
#6057 = DIRECTION ( 'NONE',  ( 1.000000000000000000, 0.000000000000000000, 0.000000000000000000 ) ) ;
#6058 = VERTEX_POINT ( 'NONE', #4446 ) ;
#6059 = ORIENTED_EDGE ( 'NONE', *, *, #2135, .T. ) ;
#6060 = PLANE ( 'NONE',  #1860 ) ;
#6061 = CARTESIAN_POINT ( 'NONE',  ( -0.0006574303890526798011, 0.03336458022306031806, -0.5554910693024455171 ) ) ;
#6062 = FACE_OUTER_BOUND ( 'NONE', #1580, .T. ) ;
#6063 = ORIENTED_EDGE ( 'NONE', *, *, #566, .F. ) ;
#6064 = ORIENTED_EDGE ( 'NONE', *, *, #3311, .F. ) ;
#6065 = DIRECTION ( 'NONE',  ( 1.000000000000000000, 0.000000000000000000, 0.000000000000000000 ) ) ;
#6066 = EDGE_LOOP ( 'NONE', ( #5829, #5202, #1663, #990, #257 ) ) ;
#6067 = CARTESIAN_POINT ( 'NONE',  ( 0.007154522634669572938, -0.1060623907806689248, -0.3716969406932530973 ) ) ;
#6068 = LINE ( 'NONE', #212, #6717 ) ;
#6069 = DIRECTION ( 'NONE',  ( -1.000000000000000000, 0.000000000000000000, 0.000000000000000000 ) ) ;
#6070 = ORIENTED_EDGE ( 'NONE', *, *, #280, .F. ) ;
#6071 = EDGE_LOOP ( 'NONE', ( #1792, #6099, #3944, #4256, #44, #119 ) ) ;
#6072 = DIRECTION ( 'NONE',  ( -1.000000000000000000, -0.000000000000000000, -0.000000000000000000 ) ) ;
#6073 = CARTESIAN_POINT ( 'NONE',  ( 0.06977785225594487772, -0.1090108673979921228, -0.3100425164818503831 ) ) ;
#6074 = CARTESIAN_POINT ( 'NONE',  ( -0.08418419347889731508, -0.1756895497841768905, -0.09583111566420364491 ) ) ;
#6075 = EDGE_CURVE ( 'NONE', #1463, #3747, #1581, .T. ) ;
#6076 = ORIENTED_EDGE ( 'NONE', *, *, #2955, .F. ) ;
#6077 = ORIENTED_EDGE ( 'NONE', *, *, #178, .F. ) ;
#6078 = ORIENTED_EDGE ( 'NONE', *, *, #4786, .T. ) ;
#6079 = CARTESIAN_POINT ( 'NONE',  ( 0.05905511811023622659, -0.2569672838168504114, -0.4737007874015748410 ) ) ;
#6080 = FACE_OUTER_BOUND ( 'NONE', #7510, .T. ) ;
#6081 = CARTESIAN_POINT ( 'NONE',  ( 0.01397971005685905849, -0.1043307086614712609, -0.4633272880952000183 ) ) ;
#6082 = DIRECTION ( 'NONE',  ( -1.000000000000000000, 0.000000000000000000, 0.000000000000000000 ) ) ;
#6083 = EDGE_CURVE ( 'NONE', #2846, #5089, #5166, .T. ) ;
#6084 = CARTESIAN_POINT ( 'NONE',  ( -6.750021727583838753E-18, 0.05511811023622047168, -0.3740157480314960647 ) ) ;
#6085 = FACE_OUTER_BOUND ( 'NONE', #2069, .T. ) ;
#6086 = EDGE_CURVE ( 'NONE', #1724, #4190, #5180, .T. ) ;
#6087 = CARTESIAN_POINT ( 'NONE',  ( -0.08550230248173228131, -0.2181462339655511617, -0.1160198195167716773 ) ) ;
#6088 = CARTESIAN_POINT ( 'NONE',  ( -0.05905511811023898827, -0.1043307086613876056, -0.4633272880955417450 ) ) ;
#6089 = ADVANCED_FACE ( 'NONE', ( #4017 ), #554, .T. ) ;
#6090 = DIRECTION ( 'NONE',  ( -1.000000000000000000, 0.000000000000000000, 0.000000000000000000 ) ) ;
#6091 = VERTEX_POINT ( 'NONE', #6336 ) ;
#6092 = VERTEX_POINT ( 'NONE', #5017 ) ;
#6093 = EDGE_CURVE ( 'NONE', #995, #6496, #973, .T. ) ;
#6094 = DIRECTION ( 'NONE',  ( 1.000000000000000000, 0.000000000000000000, 0.000000000000000000 ) ) ;
#6095 = DIRECTION ( 'NONE',  ( 0.000000000000000000, 0.000000000000000000, 1.000000000000000000 ) ) ;
#6096 = LINE ( 'NONE', #4197, #6290 ) ;
#6097 = CARTESIAN_POINT ( 'NONE',  ( 0.04921259842519685318, -0.3444881889763780070, -0.2992125984251968740 ) ) ;
#6098 = ORIENTED_EDGE ( 'NONE', *, *, #5030, .F. ) ;
#6099 = ORIENTED_EDGE ( 'NONE', *, *, #1845, .T. ) ;
#6100 = CARTESIAN_POINT ( 'NONE',  ( -0.003605085228960852508, 0.05730118883755980913, -0.5452755905511902368 ) ) ;
#6101 = ORIENTED_EDGE ( 'NONE', *, *, #2317, .F. ) ;
#6102 = LINE ( 'NONE', #1341, #2252 ) ;
#6103 = FACE_OUTER_BOUND ( 'NONE', #4563, .T. ) ;
#6104 = LINE ( 'NONE', #284, #5769 ) ;
#6105 = VERTEX_POINT ( 'NONE', #5621 ) ;
#6106 = ORIENTED_EDGE ( 'NONE', *, *, #6831, .T. ) ;
#6107 = VERTEX_POINT ( 'NONE', #3377 ) ;
#6108 = CARTESIAN_POINT ( 'NONE',  ( -0.1377952755905511861, -0.09145791303354332269, -0.4704724409448819422 ) ) ;
#6109 = CARTESIAN_POINT ( 'NONE',  ( 0.06670866202070865891, -0.1221919232631889923, -0.3401752458664961121 ) ) ;
#6110 = DIRECTION ( 'NONE',  ( 1.000000000000000000, 0.000000000000000000, 0.000000000000000000 ) ) ;
#6111 = VERTEX_POINT ( 'NONE', #402 ) ;
#6112 = VECTOR ( 'NONE', #6903, 39.37007874015748143 ) ;
#6113 = ORIENTED_EDGE ( 'NONE', *, *, #6047, .T. ) ;
#6114 = DIRECTION ( 'NONE',  ( 0.000000000000000000, 0.000000000000000000, 1.000000000000000000 ) ) ;
#6115 = LINE ( 'NONE', #2618, #2734 ) ;
#6116 = CARTESIAN_POINT ( 'NONE',  ( -0.04921259842519685318, -0.2204724409448818867, -0.2952755905511810774 ) ) ;
#6117 = DIRECTION ( 'NONE',  ( 0.000000000000000000, 1.000000000000000000, 0.000000000000000000 ) ) ;
#6118 = DIRECTION ( 'NONE',  ( 1.000000000000000000, 0.000000000000000000, 0.000000000000000000 ) ) ;
#6119 = AXIS2_PLACEMENT_3D ( 'NONE', #4537, #2064, #5574 ) ;
#6120 = DIRECTION ( 'NONE',  ( 0.000000000000000000, -1.000000000000000000, 0.000000000000000000 ) ) ;
#6121 = CARTESIAN_POINT ( 'NONE',  ( -0.08551175068393701562, -0.2213986318210629800, -0.1168744812396063232 ) ) ;
#6122 = DIRECTION ( 'NONE',  ( 0.000000000000000000, 1.000000000000000000, 0.000000000000000000 ) ) ;
#6123 = FACE_OUTER_BOUND ( 'NONE', #531, .T. ) ;
#6124 = ORIENTED_EDGE ( 'NONE', *, *, #518, .F. ) ;
#6125 = EDGE_CURVE ( 'NONE', #3892, #5044, #2720, .T. ) ;
#6126 = ADVANCED_FACE ( 'NONE', ( #5656 ), #3179, .T. ) ;
#6127 = EDGE_LOOP ( 'NONE', ( #2442, #473 ) ) ;
#6128 = DIRECTION ( 'NONE',  ( 0.000000000000000000, 0.000000000000000000, 1.000000000000000000 ) ) ;
#6129 = DIRECTION ( 'NONE',  ( 1.000000000000000000, 0.000000000000000000, 0.000000000000000000 ) ) ;
#6130 = VECTOR ( 'NONE', #6512, 39.37007874015748143 ) ;
#6131 = CARTESIAN_POINT ( 'NONE',  ( 0.06102362204724410405, -0.1299212598425196763, -0.5324027949232285062 ) ) ;
#6132 = EDGE_CURVE ( 'NONE', #6718, #6441, #622, .T. ) ;
#6133 = CARTESIAN_POINT ( 'NONE',  ( 0.1771653543307086798, -0.2645669291338583196, -0.1377952755905511861 ) ) ;
#6134 = ORIENTED_EDGE ( 'NONE', *, *, #5489, .F. ) ;
#6135 = AXIS2_PLACEMENT_3D ( 'NONE', #833, #6006, #6659 ) ;
#6136 = ORIENTED_EDGE ( 'NONE', *, *, #1619, .F. ) ;
#6137 = EDGE_CURVE ( 'NONE', #6483, #7206, #7102, .T. ) ;
#6138 = AXIS2_PLACEMENT_3D ( 'NONE', #909, #3916, #868 ) ;
#6139 = VECTOR ( 'NONE', #3554, 39.37007874015748143 ) ;
#6140 = ORIENTED_EDGE ( 'NONE', *, *, #6173, .F. ) ;
#6141 = CARTESIAN_POINT ( 'NONE',  ( 0.08530624072299212990, -0.2146010026120866165, -0.1074656124142519681 ) ) ;
#6142 = CARTESIAN_POINT ( 'NONE',  ( -0.1377952755905511861, -0.09055118110236221041, -0.4724409448818898127 ) ) ;
#6143 = CIRCLE ( 'NONE', #4939, 0.009842519685324168169 ) ;
#6144 = VECTOR ( 'NONE', #6690, 39.37007874015748143 ) ;
#6145 = ADVANCED_FACE ( 'NONE', ( #5807 ), #4664, .F. ) ;
#6146 = ORIENTED_EDGE ( 'NONE', *, *, #558, .F. ) ;
#6147 = VERTEX_POINT ( 'NONE', #5871 ) ;
#6148 = TOROIDAL_SURFACE ( 'NONE', #2139, 0.04724409448818793489, 0.007874015748030588693 ) ;
#6149 = ORIENTED_EDGE ( 'NONE', *, *, #3028, .F. ) ;
#6150 = DIRECTION ( 'NONE',  ( 1.000000000000000000, 0.000000000000000000, 0.000000000000000000 ) ) ;
#6151 = FACE_OUTER_BOUND ( 'NONE', #4433, .T. ) ;
#6152 = VECTOR ( 'NONE', #2557, 39.37007874015748143 ) ;
#6153 = VECTOR ( 'NONE', #84, 39.37007874015748143 ) ;
#6154 = DIRECTION ( 'NONE',  ( 0.000000000000000000, 0.000000000000000000, -1.000000000000000000 ) ) ;
#6155 = AXIS2_PLACEMENT_3D ( 'NONE', #381, #6117, #1475 ) ;
#6156 = ORIENTED_EDGE ( 'NONE', *, *, #7085, .T. ) ;
#6157 = ORIENTED_EDGE ( 'NONE', *, *, #237, .T. ) ;
#6158 = CIRCLE ( 'NONE', #933, 0.04133858267716536417 ) ;
#6159 = CARTESIAN_POINT ( 'NONE',  ( 0.1771653543307086798, 0.000000000000000000, -0.4771259842519685046 ) ) ;
#6160 = LINE ( 'NONE', #4412, #5770 ) ;
#6161 = CARTESIAN_POINT ( 'NONE',  ( -0.04921259842519685318, -0.2125984251968504046, -0.2696850393700788162 ) ) ;
#6162 = LINE ( 'NONE', #903, #7368 ) ;
#6163 = DIRECTION ( 'NONE',  ( 0.000000000000000000, 0.000000000000000000, 1.000000000000000000 ) ) ;
#6164 = AXIS2_PLACEMENT_3D ( 'NONE', #4539, #2757, #2140 ) ;
#6165 = DIRECTION ( 'NONE',  ( -1.000000000000000000, -0.000000000000000000, -0.000000000000000000 ) ) ;
#6166 = FACE_BOUND ( 'NONE', #5004, .T. ) ;
#6167 = DIRECTION ( 'NONE',  ( 0.000000000000000000, 1.000000000000000000, 0.000000000000000000 ) ) ;
#6168 = PLANE ( 'NONE',  #2994 ) ;
#6169 = VERTEX_POINT ( 'NONE', #20 ) ;
#6170 = ORIENTED_EDGE ( 'NONE', *, *, #3261, .F. ) ;
#6171 = PLANE ( 'NONE',  #1500 ) ;
#6172 = DIRECTION ( 'NONE',  ( 0.000000000000000000, 0.000000000000000000, -1.000000000000000000 ) ) ;
#6173 = EDGE_CURVE ( 'NONE', #6377, #3270, #3834, .T. ) ;
#6174 = CARTESIAN_POINT ( 'NONE',  ( 0.08406608324267635102, -0.1662798767760588492, -0.09570049297854657522 ) ) ;
#6175 = CARTESIAN_POINT ( 'NONE',  ( 0.1102362204724409434, -0.1043307086614173318, -0.3917322834645669549 ) ) ;
#6176 = EDGE_LOOP ( 'NONE', ( #5231, #852, #7166, #6294 ) ) ;
#6177 = VERTEX_POINT ( 'NONE', #3595 ) ;
#6178 = ORIENTED_EDGE ( 'NONE', *, *, #3051, .T. ) ;
#6179 = LINE ( 'NONE', #3289, #6599 ) ;
#6180 = ADVANCED_FACE ( 'NONE', ( #4093 ), #6521, .F. ) ;
#6181 = CARTESIAN_POINT ( 'NONE',  ( 0.07402805892885826189, -0.07692284302271654162, -0.2443459735214173201 ) ) ;
#6182 = EDGE_CURVE ( 'NONE', #5612, #620, #1876, .T. ) ;
#6183 = CARTESIAN_POINT ( 'NONE',  ( 0.000000000000000000, 0.000000000000000000, -0.4133858267716535861 ) ) ;
#6184 = ORIENTED_EDGE ( 'NONE', *, *, #6739, .T. ) ;
#6185 = ORIENTED_EDGE ( 'NONE', *, *, #1888, .T. ) ;
#6186 = EDGE_CURVE ( 'NONE', #3601, #6469, #2985, .T. ) ;
#6187 = VERTEX_POINT ( 'NONE', #7511 ) ;
#6188 = PLANE ( 'NONE',  #7232 ) ;
#6189 = DIRECTION ( 'NONE',  ( -1.000000000000000000, 0.000000000000000000, 0.000000000000000000 ) ) ;
#6190 = EDGE_CURVE ( 'NONE', #85, #2820, #2300, .T. ) ;
#6191 = ORIENTED_EDGE ( 'NONE', *, *, #7390, .F. ) ;
#6192 = VERTEX_POINT ( 'NONE', #6369 ) ;
#6193 = DIRECTION ( 'NONE',  ( 0.000000000000000000, -1.000000000000000000, 0.000000000000000000 ) ) ;
#6194 = DIRECTION ( 'NONE',  ( 0.05989229072786949465, -0.1561536410006374720, 0.9859152873921837035 ) ) ;
#6195 = DIRECTION ( 'NONE',  ( 0.000000000000000000, 0.000000000000000000, 1.000000000000000000 ) ) ;
#6196 = CARTESIAN_POINT ( 'NONE',  ( -0.08536529584109453506, -0.2242899594400833418, -0.1086552854984847716 ) ) ;
#6197 = LINE ( 'NONE', #1476, #1767 ) ;
#6198 = CARTESIAN_POINT ( 'NONE',  ( 0.05905511811023622659, 7.232166136696968827E-18, -0.3779527559055118058 ) ) ;
#6199 = FACE_BOUND ( 'NONE', #2605, .T. ) ;
#6200 = FACE_OUTER_BOUND ( 'NONE', #1685, .T. ) ;
#6201 = DIRECTION ( 'NONE',  ( 0.000000000000000000, 0.000000000000000000, 1.000000000000000000 ) ) ;
#6202 = VERTEX_POINT ( 'NONE', #2372 ) ;
#6203 = VERTEX_POINT ( 'NONE', #1763 ) ;
#6204 = DIRECTION ( 'NONE',  ( -1.000000000000000000, 0.000000000000000000, 0.000000000000000000 ) ) ;
#6205 = CARTESIAN_POINT ( 'NONE',  ( 0.01771653543307086937, -0.1231591288909836684, -0.5372512364319370626 ) ) ;
#6206 = DIRECTION ( 'NONE',  ( 0.000000000000000000, 1.000000000000000000, 0.000000000000000000 ) ) ;
#6207 = LINE ( 'NONE', #4432, #4692 ) ;
#6208 = ORIENTED_EDGE ( 'NONE', *, *, #1614, .T. ) ;
#6209 = VERTEX_POINT ( 'NONE', #2912 ) ;
#6210 = CARTESIAN_POINT ( 'NONE',  ( -0.1624015748031496231, -0.09055118110236221041, -0.5019685039370078705 ) ) ;
#6211 = CARTESIAN_POINT ( 'NONE',  ( -0.1574803149606299191, -0.2559055118110236671, -0.4685433070866141803 ) ) ;
#6212 = DIRECTION ( 'NONE',  ( 0.05989229072863551384, -0.06963125009422703460, 0.9957732686317661841 ) ) ;
#6213 = EDGE_LOOP ( 'NONE', ( #6775, #6482, #1364, #7452, #4907, #3410, #1502 ) ) ;
#6214 = EDGE_CURVE ( 'NONE', #1651, #2329, #2332, .T. ) ;
#6215 = ORIENTED_EDGE ( 'NONE', *, *, #4001, .F. ) ;
#6216 = ORIENTED_EDGE ( 'NONE', *, *, #100, .F. ) ;
#6217 = CARTESIAN_POINT ( 'NONE',  ( 0.01624060367186319978, -0.1043307086614173318, -0.4152350445398049761 ) ) ;
#6218 = CARTESIAN_POINT ( 'NONE',  ( 0.06603794512047245213, -0.1144079827868897670, -0.3463914281392520000 ) ) ;
#6219 = EDGE_CURVE ( 'NONE', #5691, #1772, #2136, .T. ) ;
#6220 = EDGE_CURVE ( 'NONE', #6584, #4205, #4502, .T. ) ;
#6221 = CARTESIAN_POINT ( 'NONE',  ( -0.01877830743888582801, -0.1511190863324015921, -0.5529992679279527312 ) ) ;
#6222 = B_SPLINE_CURVE_WITH_KNOTS ( 'NONE', 3,
 ( #6767, #3341, #3913, #1699, #7411, #5706, #523, #5737, #6196, #6803 ),
 .UNSPECIFIED., .F., .F.,
 ( 4, 2, 2, 2, 4 ),
 ( 0.000000000000000000, 0.2500000000000000000, 0.5000000000000000000, 0.7500000000000000000, 1.000000000000000000 ),
 .UNSPECIFIED. ) ;
#6223 = CARTESIAN_POINT ( 'NONE',  ( 0.000000000000000000, 0.000000000000000000, -0.5334645669291339098 ) ) ;
#6224 = ORIENTED_EDGE ( 'NONE', *, *, #5894, .T. ) ;
#6225 = EDGE_CURVE ( 'NONE', #7449, #1036, #2529, .T. ) ;
#6226 = DIRECTION ( 'NONE',  ( 0.000000000000000000, -1.000000000000000000, 0.000000000000000000 ) ) ;
#6227 = CARTESIAN_POINT ( 'NONE',  ( 0.000000000000000000, 0.000000000000000000, -0.3740157480314960647 ) ) ;
#6228 = B_SPLINE_SURFACE_WITH_KNOTS ( 'NONE', 3, 3, ( 
 ( #6348, #1135, #5109, #2168 ),
 ( #3464, #4500, #2854, #5787 ),
 ( #3506, #575, #5710, #3426 ),
 ( #3, #3959, #2201, #4533 ),
 ( #6389, #6808, #6841, #5678 ),
 ( #493, #3918, #1631, #6236 ),
 ( #2816, #5143, #2897, #6945 ),
 ( #1179, #7447, #2239, #4577 ),
 ( #6884, #1672, #3997, #6315 ) ),
 .UNSPECIFIED., .F., .F., .F.,
 ( 4, 1, 1, 1, 1, 1, 4 ),
 ( 4, 4 ),
 ( -0.008934195934131999861, 0.000000000000000000, 0.01923029690402999758, 0.5000000000006999956, 0.9807697030972999386, 1.000000000000000000, 1.008934195931999955 ),
 ( -0.04077375506016000378, 1.040895435733999896 ),
 .UNSPECIFIED. ) ;
#6229 = CARTESIAN_POINT ( 'NONE',  ( -0.04770029443665202429, 0.02268672498770298376, -0.5486002864806925894 ) ) ;
#6230 = DIRECTION ( 'NONE',  ( -1.000000000000000000, -0.000000000000000000, -0.000000000000000000 ) ) ;
#6231 = LINE ( 'NONE', #4496, #3971 ) ;
#6232 = DIRECTION ( 'NONE',  ( 0.000000000000000000, 0.000000000000000000, -1.000000000000000000 ) ) ;
#6233 = CARTESIAN_POINT ( 'NONE',  ( -0.08530624072299212990, -0.2244437032900787610, -0.1048742775782283559 ) ) ;
#6234 = ADVANCED_FACE ( 'NONE', ( #2749 ), #768, .T. ) ;
#6235 = LINE ( 'NONE', #386, #6738 ) ;
#6236 = CARTESIAN_POINT ( 'NONE',  ( -0.06670866202070865891, -0.1255368069946456722, -0.3403752095393701160 ) ) ;
#6237 = VECTOR ( 'NONE', #7089, 39.37007874015748143 ) ;
#6238 = VERTEX_POINT ( 'NONE', #282 ) ;
#6239 = CARTESIAN_POINT ( 'NONE',  ( 0.1909448818897638289, -0.3444881889763780070, -0.4448818897637795144 ) ) ;
#6240 = ORIENTED_EDGE ( 'NONE', *, *, #4556, .T. ) ;
#6241 = LINE ( 'NONE', #5037, #413 ) ;
#6242 = CARTESIAN_POINT ( 'NONE',  ( -0.01249388700962330775, -0.1043307086614173318, -0.3917322834645669549 ) ) ;
#6243 = VECTOR ( 'NONE', #3130, 39.37007874015748143 ) ;
#6244 = DIRECTION ( 'NONE',  ( 0.000000000000000000, 0.000000000000000000, 1.000000000000000000 ) ) ;
#6245 = CARTESIAN_POINT ( 'NONE',  ( -0.04133858267716536417, 5.062516295687877716E-18, -0.4133858267716535861 ) ) ;
#6246 = EDGE_LOOP ( 'NONE', ( #2473, #885, #5269, #2451 ) ) ;
#6247 = ORIENTED_EDGE ( 'NONE', *, *, #5849, .F. ) ;
#6248 = AXIS2_PLACEMENT_3D ( 'NONE', #99, #739, #6414 ) ;
#6249 = CARTESIAN_POINT ( 'NONE',  ( 0.08551175068393701562, -0.2247064242995275574, -0.1172806225713779738 ) ) ;
#6250 = VECTOR ( 'NONE', #5061, 39.37007874015748143 ) ;
#6251 = CARTESIAN_POINT ( 'NONE',  ( -0.08858267716535433989, -0.1243307086614173357, -0.4704724409448819422 ) ) ;
#6252 = VECTOR ( 'NONE', #1866, 39.37007874015748143 ) ;
#6253 = PLANE ( 'NONE',  #918 ) ;
#6254 = VERTEX_POINT ( 'NONE', #4861 ) ;
#6255 = AXIS2_PLACEMENT_3D ( 'NONE', #1185, #2289, #2321 ) ;
#6256 = AXIS2_PLACEMENT_3D ( 'NONE', #7262, #1621, #6268 ) ;
#6257 = VERTEX_POINT ( 'NONE', #211 ) ;
#6258 = ORIENTED_EDGE ( 'NONE', *, *, #3575, .F. ) ;
#6259 = CARTESIAN_POINT ( 'NONE',  ( -0.06889763779527559306, -0.2125984251968504046, -0.2696850393700788162 ) ) ;
#6260 = DIRECTION ( 'NONE',  ( 1.000000000000000000, 0.000000000000000000, 0.000000000000000000 ) ) ;
#6261 = VECTOR ( 'NONE', #2351, 39.37007874015748143 ) ;
#6262 = AXIS2_PLACEMENT_3D ( 'NONE', #6490, #6565, #3035 ) ;
#6263 = VECTOR ( 'NONE', #599, 39.37007874015748854 ) ;
#6264 = LINE ( 'NONE', #2192, #4588 ) ;
#6265 = EDGE_CURVE ( 'NONE', #6526, #1340, #5078, .T. ) ;
#6266 = ORIENTED_EDGE ( 'NONE', *, *, #7185, .F. ) ;
#6267 = ORIENTED_EDGE ( 'NONE', *, *, #1151, .T. ) ;
#6268 = DIRECTION ( 'NONE',  ( 1.000000000000000000, 0.000000000000000000, 0.000000000000000000 ) ) ;
#6269 = AXIS2_PLACEMENT_3D ( 'NONE', #1493, #6021, #6551 ) ;
#6270 = VECTOR ( 'NONE', #3843, 39.37007874015748143 ) ;
#6271 = DIRECTION ( 'NONE',  ( 0.000000000000000000, 0.9876883405951698558, 0.1564344650400281422 ) ) ;
#6272 = DIRECTION ( 'NONE',  ( 1.000000000000000000, 0.000000000000000000, 0.000000000000000000 ) ) ;
#6273 = DIRECTION ( 'NONE',  ( 0.000000000000000000, 0.000000000000000000, 1.000000000000000000 ) ) ;
#6274 = EDGE_CURVE ( 'NONE', #5410, #3000, #7358, .T. ) ;
#6275 = VECTOR ( 'NONE', #3579, 39.37007874015748143 ) ;
#6276 = VECTOR ( 'NONE', #5066, 39.37007874015748854 ) ;
#6277 = EDGE_CURVE ( 'NONE', #4765, #935, #5381, .T. ) ;
#6278 = CARTESIAN_POINT ( 'NONE',  ( -0.08495191001433072264, -0.2064518161435432986, -0.09515345982956692483 ) ) ;
#6279 = DIRECTION ( 'NONE',  ( 0.000000000000000000, 1.000000000000000000, 0.000000000000000000 ) ) ;
#6280 = VECTOR ( 'NONE', #3404, 39.37007874015748143 ) ;
#6281 = FACE_OUTER_BOUND ( 'NONE', #2685, .T. ) ;
#6282 = ORIENTED_EDGE ( 'NONE', *, *, #4386, .T. ) ;
#6283 = ADVANCED_FACE ( 'NONE', ( #7199 ), #4735, .F. ) ;
#6284 = CARTESIAN_POINT ( 'NONE',  ( -0.1181102362204724532, -0.09055118110236221041, -0.4789763779527559939 ) ) ;
#6285 = VECTOR ( 'NONE', #3038, 39.37007874015748143 ) ;
#6286 = ORIENTED_EDGE ( 'NONE', *, *, #6589, .F. ) ;
#6287 = DIRECTION ( 'NONE',  ( 1.000000000000000000, 0.000000000000000000, 0.000000000000000000 ) ) ;
#6288 = CARTESIAN_POINT ( 'NONE',  ( -0.04133858267716536417, 5.062516295687877716E-18, -0.4704724409448819422 ) ) ;
#6289 = EDGE_CURVE ( 'NONE', #6299, #1863, #6102, .T. ) ;
#6290 = VECTOR ( 'NONE', #6514, 39.37007874015748143 ) ;
#6291 = FACE_OUTER_BOUND ( 'NONE', #3020, .T. ) ;
#6292 = CARTESIAN_POINT ( 'NONE',  ( -0.08858267716535433989, -0.2125984251968504046, -0.4704724409448819422 ) ) ;
#6293 = ORIENTED_EDGE ( 'NONE', *, *, #738, .T. ) ;
#6294 = ORIENTED_EDGE ( 'NONE', *, *, #3123, .F. ) ;
#6295 = CARTESIAN_POINT ( 'NONE',  ( 0.08550230248173228131, -0.2181462339655511617, -0.1160198195167716773 ) ) ;
#6296 = FACE_OUTER_BOUND ( 'NONE', #7440, .T. ) ;
#6297 = DIRECTION ( 'NONE',  ( -1.000000000000000000, 0.000000000000000000, 0.000000000000000000 ) ) ;
#6298 = ORIENTED_EDGE ( 'NONE', *, *, #5228, .T. ) ;
#6299 = VERTEX_POINT ( 'NONE', #3059 ) ;
#6300 = ORIENTED_EDGE ( 'NONE', *, *, #3298, .T. ) ;
#6301 = CARTESIAN_POINT ( 'NONE',  ( 0.01586030217804025588, -0.1043307086614173318, -0.4122881138679117541 ) ) ;
#6302 = DIRECTION ( 'NONE',  ( 1.000000000000000000, 0.000000000000000000, 0.000000000000000000 ) ) ;
#6303 = DIRECTION ( 'NONE',  ( 0.000000000000000000, 1.000000000000000000, -1.445602896647339706E-15 ) ) ;
#6304 = CARTESIAN_POINT ( 'NONE',  ( 1.022147994111466416E-16, 0.000000000000000000, -0.5452755905511811330 ) ) ;
#6305 = ORIENTED_EDGE ( 'NONE', *, *, #1669, .F. ) ;
#6306 = ORIENTED_EDGE ( 'NONE', *, *, #5383, .T. ) ;
#6307 = CARTESIAN_POINT ( 'NONE',  ( -0.06607173005706795665, -0.03467944100116567702, -0.5554910693024455171 ) ) ;
#6308 = LINE ( 'NONE', #6343, #1184 ) ;
#6309 = EDGE_CURVE ( 'NONE', #3921, #3437, #6556, .T. ) ;
#6310 = LINE ( 'NONE', #5218, #3230 ) ;
#6311 = DIRECTION ( 'NONE',  ( -1.000000000000000000, 0.000000000000000000, 0.000000000000000000 ) ) ;
#6312 = ORIENTED_EDGE ( 'NONE', *, *, #4010, .T. ) ;
#6313 = CARTESIAN_POINT ( 'NONE',  ( 0.01436899143645473630, -0.1172041124224283970, -0.3859188292557016453 ) ) ;
#6314 = EDGE_CURVE ( 'NONE', #7259, #6177, #3961, .T. ) ;
#6315 = CARTESIAN_POINT ( 'NONE',  ( -0.06603794512047245213, -0.1242539866357480344, -0.3481320085204331893 ) ) ;
#6316 = EDGE_LOOP ( 'NONE', ( #4884, #4579, #5549, #1596 ) ) ;
#6317 = CARTESIAN_POINT ( 'NONE',  ( -0.08858267716535433989, -0.1259842519685039353, -0.4704724409448819422 ) ) ;
#6318 = EDGE_LOOP ( 'NONE', ( #839, #2837, #7009, #3382 ) ) ;
#6319 = CARTESIAN_POINT ( 'NONE',  ( -0.08627221360718806409, -0.05014120296610446309, -0.5515072208995672742 ) ) ;
#6320 = EDGE_CURVE ( 'NONE', #7279, #1983, #4647, .T. ) ;
#6321 = EDGE_CURVE ( 'NONE', #2958, #6649, #2285, .T. ) ;
#6322 = LINE ( 'NONE', #39, #2125 ) ;
#6323 = EDGE_CURVE ( 'NONE', #915, #5312, #35, .T. ) ;
#6324 = CYLINDRICAL_SURFACE ( 'NONE', #2368, 0.03149606299213067451 ) ;
#6325 = DIRECTION ( 'NONE',  ( 0.000000000000000000, 0.000000000000000000, -1.000000000000000000 ) ) ;
#6326 = EDGE_CURVE ( 'NONE', #3629, #3327, #5254, .T. ) ;
#6327 = VERTEX_POINT ( 'NONE', #6948 ) ;
#6328 = ORIENTED_EDGE ( 'NONE', *, *, #4416, .F. ) ;
#6329 = DIRECTION ( 'NONE',  ( 0.000000000000000000, 0.000000000000000000, 1.000000000000000000 ) ) ;
#6330 = CARTESIAN_POINT ( 'NONE',  ( 0.07442828796708662875, -0.08536248288885826818, -0.2347599707085827048 ) ) ;
#6331 = DIRECTION ( 'NONE',  ( -1.000000000000000000, 0.000000000000000000, 0.000000000000000000 ) ) ;
#6332 = ORIENTED_EDGE ( 'NONE', *, *, #2223, .T. ) ;
#6333 = EDGE_CURVE ( 'NONE', #1762, #7164, #675, .T. ) ;
#6334 = VERTEX_POINT ( 'NONE', #5825 ) ;
#6335 = VERTEX_POINT ( 'NONE', #4683 ) ;
#6336 = CARTESIAN_POINT ( 'NONE',  ( -0.08406608324267608734, -0.1662798767760583774, -0.09570049297855361126 ) ) ;
#6337 = CARTESIAN_POINT ( 'NONE',  ( -0.1150799602776378244, -0.09145791303354332269, -0.4704724409448819422 ) ) ;
#6338 = DIRECTION ( 'NONE',  ( 0.000000000000000000, -0.1564344653426334719, 0.9876883405472418609 ) ) ;
#6339 = LINE ( 'NONE', #484, #6513 ) ;
#6340 = EDGE_LOOP ( 'NONE', ( #7260, #929, #5578, #6258, #2371, #2659, #6012, #5275, #2595, #7118 ) ) ;
#6341 = ORIENTED_EDGE ( 'NONE', *, *, #2421, .F. ) ;
#6342 = DIRECTION ( 'NONE',  ( 1.000000000000000000, 0.000000000000000000, 0.000000000000000000 ) ) ;
#6343 = CARTESIAN_POINT ( 'NONE',  ( 0.1358267716535433156, -0.2215342129507086866, -0.4704724409448819422 ) ) ;
#6344 = DIRECTION ( 'NONE',  ( 1.000000000000000000, 0.000000000000000000, 0.000000000000000000 ) ) ;
#6345 = DIRECTION ( 'NONE',  ( 0.000000000000000000, 0.000000000000000000, -1.000000000000000000 ) ) ;
#6346 = ORIENTED_EDGE ( 'NONE', *, *, #6874, .F. ) ;
#6347 = CARTESIAN_POINT ( 'NONE',  ( -0.09842519685039370636, 0.1771653543307086798, -0.03818897637795275884 ) ) ;
#6348 = CARTESIAN_POINT ( 'NONE',  ( -0.06978882653307087736, -0.1089609951749212768, -0.3099447830001968440 ) ) ;
#6349 = ORIENTED_EDGE ( 'NONE', *, *, #6054, .T. ) ;
#6350 = CARTESIAN_POINT ( 'NONE',  ( -0.1358267716535433156, -0.2204724409448818867, -0.4766141732283464827 ) ) ;
#6351 = CARTESIAN_POINT ( 'NONE',  ( -0.06968503937008622973, -0.1174557066606844863, -0.3069560909086848088 ) ) ;
#6352 = CARTESIAN_POINT ( 'NONE',  ( -0.04813521810295524200, -0.02783084585448784842, -0.3740157480314961758 ) ) ;
#6353 = DIRECTION ( 'NONE',  ( 0.000000000000000000, 0.000000000000000000, 1.000000000000000000 ) ) ;
#6354 = VECTOR ( 'NONE', #6485, 39.37007874015748143 ) ;
#6355 = DIRECTION ( 'NONE',  ( 0.000000000000000000, 0.000000000000000000, 1.000000000000000000 ) ) ;
#6356 = EDGE_CURVE ( 'NONE', #3135, #4442, #3429, .T. ) ;
#6357 = ORIENTED_EDGE ( 'NONE', *, *, #3761, .T. ) ;
#6358 = ORIENTED_EDGE ( 'NONE', *, *, #1660, .T. ) ;
#6359 = DIRECTION ( 'NONE',  ( 1.000000000000000000, 0.000000000000000000, 0.000000000000000000 ) ) ;
#6360 = DIRECTION ( 'NONE',  ( 0.000000000000000000, -1.000000000000000000, 0.000000000000000000 ) ) ;
#6361 = VECTOR ( 'NONE', #3656, 39.37007874015748143 ) ;
#6362 = EDGE_CURVE ( 'NONE', #7187, #590, #5680, .T. ) ;
#6363 = DIRECTION ( 'NONE',  ( 0.000000000000000000, 0.000000000000000000, 1.000000000000000000 ) ) ;
#6364 = ORIENTED_EDGE ( 'NONE', *, *, #2968, .F. ) ;
#6365 = ADVANCED_FACE ( 'NONE', ( #496 ), #1138, .F. ) ;
#6366 = VECTOR ( 'NONE', #517, 39.37007874015748143 ) ;
#6367 = EDGE_LOOP ( 'NONE', ( #7070, #4525, #6286, #5611, #1594, #436, #1994, #2152 ) ) ;
#6368 = ORIENTED_EDGE ( 'NONE', *, *, #5848, .T. ) ;
#6369 = CARTESIAN_POINT ( 'NONE',  ( -0.01771653543307086937, -0.1603674540683592553, -0.5460629921260693465 ) ) ;
#6370 = LINE ( 'NONE', #130, #7444 ) ;
#6371 = DIRECTION ( 'NONE',  ( 0.000000000000000000, -1.000000000000000000, 0.000000000000000000 ) ) ;
#6372 = EDGE_CURVE ( 'NONE', #6107, #3212, #4948, .T. ) ;
#6373 = CIRCLE ( 'NONE', #6611, 0.07874015748030728512 ) ;
#6374 = VECTOR ( 'NONE', #1521, 39.37007874015748143 ) ;
#6375 = CARTESIAN_POINT ( 'NONE',  ( -0.09040127955279547711, -0.09055118110236221041, -0.3740157480314960647 ) ) ;
#6376 = ORIENTED_EDGE ( 'NONE', *, *, #3390, .F. ) ;
#6377 = VERTEX_POINT ( 'NONE', #532 ) ;
#6378 = CARTESIAN_POINT ( 'NONE',  ( 0.01677435710442879910, -0.1094199452839543091, -0.3847318489820646392 ) ) ;
#6379 = AXIS2_PLACEMENT_3D ( 'NONE', #190, #1902, #263 ) ;
#6380 = CARTESIAN_POINT ( 'NONE',  ( 0.08834173161374017647, -0.2148933505685039214, -0.1627070429206299573 ) ) ;
#6381 = AXIS2_PLACEMENT_3D ( 'NONE', #6055, #3771, #7183 ) ;
#6382 = AXIS2_PLACEMENT_3D ( 'NONE', #3024, #591, #4773 ) ;
#6383 = LINE ( 'NONE', #1667, #7473 ) ;
#6384 = VECTOR ( 'NONE', #5201, 39.37007874015748143 ) ;
#6385 = DIRECTION ( 'NONE',  ( -1.000000000000000000, -0.000000000000000000, -0.000000000000000000 ) ) ;
#6386 = VECTOR ( 'NONE', #4260, 39.37007874015748143 ) ;
#6387 = ORIENTED_EDGE ( 'NONE', *, *, #1109, .F. ) ;
#6388 = LINE ( 'NONE', #1177, #3940 ) ;
#6389 = CARTESIAN_POINT ( 'NONE',  ( -0.06791338582677165780, -0.1155551939588976423, -0.3275896248349605688 ) ) ;
#6390 = ORIENTED_EDGE ( 'NONE', *, *, #698, .F. ) ;
#6391 = CARTESIAN_POINT ( 'NONE',  ( 0.01771653543307086937, -0.1236220472439651524, -0.5523622047243489375 ) ) ;
#6392 = VECTOR ( 'NONE', #1928, 39.37007874015748143 ) ;
#6393 = DIRECTION ( 'NONE',  ( 0.000000000000000000, 0.000000000000000000, 1.000000000000000000 ) ) ;
#6394 = CIRCLE ( 'NONE', #7116, 0.04921259842519682542 ) ;
#6395 = AXIS2_PLACEMENT_3D ( 'NONE', #462, #7383, #6916 ) ;
#6396 = DIRECTION ( 'NONE',  ( -1.000000000000000000, -1.015047361688643986E-45, -1.734723475976799206E-15 ) ) ;
#6397 = CARTESIAN_POINT ( 'NONE',  ( 0.0006754837608417325499, -0.1003390190416633826, -0.3917322834645669549 ) ) ;
#6398 = CARTESIAN_POINT ( 'NONE',  ( 0.06200787401574803237, -0.2559055118110236671, -0.2972440944881890035 ) ) ;
#6399 = VECTOR ( 'NONE', #4681, 39.37007874015748143 ) ;
#6400 = ORIENTED_EDGE ( 'NONE', *, *, #4265, .F. ) ;
#6401 = ORIENTED_EDGE ( 'NONE', *, *, #1014, .T. ) ;
#6402 = CARTESIAN_POINT ( 'NONE',  ( 0.08495191001433072264, -0.2064518161435432986, -0.09515345982956692483 ) ) ;
#6403 = AXIS2_PLACEMENT_3D ( 'NONE', #3742, #3170, #5492 ) ;
#6404 = CARTESIAN_POINT ( 'NONE',  ( 0.07380737226952756302, -0.08829563533452756963, -0.2447312075687795296 ) ) ;
#6405 = ADVANCED_FACE ( 'NONE', ( #4069 ), #3393, .F. ) ;
#6406 = DIRECTION ( 'NONE',  ( 0.000000000000000000, 0.000000000000000000, 1.000000000000000000 ) ) ;
#6407 = ORIENTED_EDGE ( 'NONE', *, *, #698, .T. ) ;
#6408 = CIRCLE ( 'NONE', #2395, 0.009842519685324162965 ) ;
#6409 = VERTEX_POINT ( 'NONE', #6317 ) ;
#6410 = EDGE_CURVE ( 'NONE', #6238, #2410, #7478, .T. ) ;
#6411 = ORIENTED_EDGE ( 'NONE', *, *, #2589, .T. ) ;
#6412 = CARTESIAN_POINT ( 'NONE',  ( 2.121733821280803940E-07, -0.1101118500480933182, -0.3802464021041392916 ) ) ;
#6413 = CARTESIAN_POINT ( 'NONE',  ( 0.08501096513242867303, -0.2148628507573785429, -0.09019908363678899588 ) ) ;
#6414 = DIRECTION ( 'NONE',  ( 1.000000000000000000, 0.000000000000000000, 0.000000000000000000 ) ) ;
#6415 = EDGE_CURVE ( 'NONE', #5836, #485, #2899, .T. ) ;
#6416 = EDGE_CURVE ( 'NONE', #295, #6257, #7416, .T. ) ;
#6417 = EDGE_LOOP ( 'NONE', ( #957, #2867, #6440, #1307, #3872, #6761, #399, #520, #5813, #95, #3871, #1057, #5011, #3978, #3513, #1965 ) ) ;
#6418 = ORIENTED_EDGE ( 'NONE', *, *, #5755, .F. ) ;
#6419 = EDGE_CURVE ( 'NONE', #3373, #853, #1633, .T. ) ;
#6420 = CARTESIAN_POINT ( 'NONE',  ( 0.05905511811023622659, -0.3346456692913385988, -0.5334645669291339098 ) ) ;
#6421 = CARTESIAN_POINT ( 'NONE',  ( 0.000000000000000000, 0.000000000000000000, -39.82283464566929609 ) ) ;
#6422 = CARTESIAN_POINT ( 'NONE',  ( 0.000000000000000000, 0.000000000000000000, -0.4133858267716535861 ) ) ;
#6423 = CARTESIAN_POINT ( 'NONE',  ( 0.08858268035219213354, -0.2125984251968504046, -0.1633858267716535584 ) ) ;
#6424 = ORIENTED_EDGE ( 'NONE', *, *, #5349, .F. ) ;
#6425 = CARTESIAN_POINT ( 'NONE',  ( -0.01436899143645468599, -0.1172041124224271758, -0.3859188292557095279 ) ) ;
#6426 = PLANE ( 'NONE',  #2998 ) ;
#6427 = ORIENTED_EDGE ( 'NONE', *, *, #4031, .F. ) ;
#6428 = CARTESIAN_POINT ( 'NONE',  ( -0.1574803149606299191, -0.09055118110236221041, -0.4704724409448819422 ) ) ;
#6429 = CARTESIAN_POINT ( 'NONE',  ( -0.003352767883348204032, 0.05329071947294517636, -0.5478318230113048415 ) ) ;
#6430 = LINE ( 'NONE', #5746, #5546 ) ;
#6431 = CARTESIAN_POINT ( 'NONE',  ( 0.1791338582677165503, -0.1043307086614173318, -0.3720472440944881942 ) ) ;
#6432 = FACE_OUTER_BOUND ( 'NONE', #3353, .T. ) ;
#6433 = LINE ( 'NONE', #3082, #6759 ) ;
#6434 = ORIENTED_EDGE ( 'NONE', *, *, #3259, .T. ) ;
#6435 = ORIENTED_EDGE ( 'NONE', *, *, #6416, .T. ) ;
#6436 = CARTESIAN_POINT ( 'NONE',  ( 0.08403773863606298078, -0.1730536992280708730, -0.1016936319003937106 ) ) ;
#6437 = CARTESIAN_POINT ( 'NONE',  ( 0.1791338582677165503, -0.3444881889763780070, -0.3720472440944881942 ) ) ;
#6438 = CARTESIAN_POINT ( 'NONE',  ( -0.1377952755905511861, -0.2086614173228346636, -0.4704724409448819422 ) ) ;
#6439 = ORIENTED_EDGE ( 'NONE', *, *, #6454, .F. ) ;
#6440 = ORIENTED_EDGE ( 'NONE', *, *, #7007, .F. ) ;
#6441 = VERTEX_POINT ( 'NONE', #6391 ) ;
#6442 = CARTESIAN_POINT ( 'NONE',  ( 3.763798437396712025E-07, -0.1121337025855948383, -0.3772582035445773418 ) ) ;
#6443 = LINE ( 'NONE', #3488, #6593 ) ;
#6444 = CARTESIAN_POINT ( 'NONE',  ( -0.01140971880852757747, -0.09251968503937008093, -0.4614566057292465717 ) ) ;
#6445 = B_SPLINE_CURVE_WITH_KNOTS ( 'NONE', 3,
 ( #5325, #784, #7175, #4869, #1964, #5963, #3607, #2457, #4906, #1277 ),
 .UNSPECIFIED., .F., .F.,
 ( 4, 2, 2, 2, 4 ),
 ( 0.000000000000000000, 0.2500000000000000000, 0.5000000000000000000, 0.7500000000000000000, 1.000000000000000000 ),
 .UNSPECIFIED. ) ;
#6446 = EDGE_CURVE ( 'NONE', #2145, #619, #5509, .T. ) ;
#6447 = VERTEX_POINT ( 'NONE', #7451 ) ;
#6448 = EDGE_LOOP ( 'NONE', ( #5310, #6024, #6546, #2215, #1348, #2347 ) ) ;
#6449 = ADVANCED_FACE ( 'NONE', ( #4032, #5225 ), #1181, .T. ) ;
#6450 = ADVANCED_FACE ( 'NONE', ( #5365 ), #5856, .F. ) ;
#6451 = CARTESIAN_POINT ( 'NONE',  ( 0.01696237891091086428, -0.1109801733978636185, -0.3748809563646176568 ) ) ;
#6452 = CARTESIAN_POINT ( 'NONE',  ( 0.06968503937008735383, -0.1103785881858965062, -0.3104078322219629427 ) ) ;
#6453 = DIRECTION ( 'NONE',  ( 0.000000000000000000, 0.000000000000000000, 1.000000000000000000 ) ) ;
#6454 = EDGE_CURVE ( 'NONE', #694, #6377, #1357, .T. ) ;
#6455 = FACE_OUTER_BOUND ( 'NONE', #6677, .T. ) ;
#6456 = VERTEX_POINT ( 'NONE', #6428 ) ;
#6457 = CARTESIAN_POINT ( 'NONE',  ( 0.01453005178054657918, -0.1185406109998767415, -0.3774805093379649534 ) ) ;
#6458 = EDGE_CURVE ( 'NONE', #3093, #7104, #793, .T. ) ;
#6459 = DIRECTION ( 'NONE',  ( 0.000000000000000000, 0.000000000000000000, -1.000000000000000000 ) ) ;
#6460 = ORIENTED_EDGE ( 'NONE', *, *, #2648, .F. ) ;
#6461 = CARTESIAN_POINT ( 'NONE',  ( -0.07462107929592956546, -0.08460644715513535030, -0.2308673685130850917 ) ) ;
#6462 = CARTESIAN_POINT ( 'NONE',  ( -0.01771653543307086937, -0.1128608923884645565, -0.5334645669291339098 ) ) ;
#6463 = CARTESIAN_POINT ( 'NONE',  ( 0.04813521810295894737, 0.02783084585448535736, -0.3740157480314961203 ) ) ;
#6464 = EDGE_CURVE ( 'NONE', #1408, #7136, #5402, .T. ) ;
#6465 = DIRECTION ( 'NONE',  ( -0.000000000000000000, -1.000000000000000000, -0.000000000000000000 ) ) ;
#6466 = LINE ( 'NONE', #5900, #4953 ) ;
#6467 = CARTESIAN_POINT ( 'NONE',  ( -0.01771653543307086937, -0.1128608923884645565, -0.5492125984251968740 ) ) ;
#6468 = EDGE_LOOP ( 'NONE', ( #3281, #110, #5593, #3638 ) ) ;
#6469 = VERTEX_POINT ( 'NONE', #3119 ) ;
#6470 = CARTESIAN_POINT ( 'NONE',  ( 0.000000000000000000, 0.000000000000000000, -0.5515072208990252633 ) ) ;
#6471 = CARTESIAN_POINT ( 'NONE',  ( -0.07052125984251968183, -0.1156282512348870140, -0.3455341478811881917 ) ) ;
#6472 = AXIS2_PLACEMENT_3D ( 'NONE', #5167, #1877, #1727 ) ;
#6473 = DIRECTION ( 'NONE',  ( 1.000000000000000000, 0.000000000000000000, 0.000000000000000000 ) ) ;
#6474 = ORIENTED_EDGE ( 'NONE', *, *, #2415, .F. ) ;
#6475 = EDGE_LOOP ( 'NONE', ( #4131, #3894, #1224, #576 ) ) ;
#6476 = ORIENTED_EDGE ( 'NONE', *, *, #4275, .F. ) ;
#6477 = CARTESIAN_POINT ( 'NONE',  ( -0.0003656992346575233758, -0.1095657897785105028, -0.3838120103246814852 ) ) ;
#6478 = VECTOR ( 'NONE', #3282, 39.37007874015748143 ) ;
#6479 = DIRECTION ( 'NONE',  ( 0.000000000000000000, 0.000000000000000000, 1.000000000000000000 ) ) ;
#6480 = FACE_OUTER_BOUND ( 'NONE', #4268, .T. ) ;
#6481 = AXIS2_PLACEMENT_3D ( 'NONE', #609, #2543, #3649 ) ;
#6482 = ORIENTED_EDGE ( 'NONE', *, *, #4001, .T. ) ;
#6483 = VERTEX_POINT ( 'NONE', #187 ) ;
#6484 = CARTESIAN_POINT ( 'NONE',  ( 0.01602876569969423695, -0.1101823094369452638, -0.3752927616774365815 ) ) ;
#6485 = DIRECTION ( 'NONE',  ( -1.000000000000000000, 0.000000000000000000, 1.084202172485502067E-15 ) ) ;
#6486 = VECTOR ( 'NONE', #3523, 39.37007874015748854 ) ;
#6487 = DIRECTION ( 'NONE',  ( -1.000000000000000000, -0.000000000000000000, -0.000000000000000000 ) ) ;
#6488 = AXIS2_PLACEMENT_3D ( 'NONE', #223, #5475, #1280 ) ;
#6489 = EDGE_CURVE ( 'NONE', #5466, #3980, #2542, .T. ) ;
#6490 = CARTESIAN_POINT ( 'NONE',  ( 0.000000000000000000, 0.000000000000000000, -0.3740157480314960647 ) ) ;
#6491 = VECTOR ( 'NONE', #3407, 39.37007874015748143 ) ;
#6492 = EDGE_LOOP ( 'NONE', ( #6076, #4969, #3535, #6699 ) ) ;
#6493 = CARTESIAN_POINT ( 'NONE',  ( -0.01737879355264960665, -0.1043307086614317092, -0.4168640244162913344 ) ) ;
#6494 = VECTOR ( 'NONE', #981, 39.37007874015748143 ) ;
#6495 = DIRECTION ( 'NONE',  ( 0.000000000000000000, 0.000000000000000000, 1.000000000000000000 ) ) ;
#6496 = VERTEX_POINT ( 'NONE', #2429 ) ;
#6497 = CARTESIAN_POINT ( 'NONE',  ( -0.1170484642146456811, -0.09055118110236221041, -0.3720472440944881942 ) ) ;
#6498 = CARTESIAN_POINT ( 'NONE',  ( 0.05708661417322834220, -0.2592125984251968385, -0.4704724409448819422 ) ) ;
#6499 = EDGE_CURVE ( 'NONE', #6559, #4636, #4724, .T. ) ;
#6500 = CARTESIAN_POINT ( 'NONE',  ( 0.1909448818897638289, -0.1043307086614173318, -0.4724409448818898127 ) ) ;
#6501 = AXIS2_PLACEMENT_3D ( 'NONE', #2467, #1401, #5971 ) ;
#6502 = EDGE_CURVE ( 'NONE', #345, #976, #3717, .T. ) ;
#6503 = CARTESIAN_POINT ( 'NONE',  ( 0.06968503937008610483, -0.1174557066606737310, -0.3069560909086816447 ) ) ;
#6504 = CARTESIAN_POINT ( 'NONE',  ( 0.004975699685040267661, -0.1003390190416242056, -0.3917322834645669549 ) ) ;
#6505 = EDGE_CURVE ( 'NONE', #4516, #5324, #7180, .T. ) ;
#6506 = AXIS2_PLACEMENT_3D ( 'NONE', #4144, #1852, #3040 ) ;
#6507 = LINE ( 'NONE', #1362, #565 ) ;
#6508 = ORIENTED_EDGE ( 'NONE', *, *, #6274, .F. ) ;
#6509 = AXIS2_PLACEMENT_3D ( 'NONE', #5297, #3127, #117 ) ;
#6510 = EDGE_LOOP ( 'NONE', ( #6531, #4891 ) ) ;
#6511 = EDGE_CURVE ( 'NONE', #767, #3465, #1212, .T. ) ;
#6512 = DIRECTION ( 'NONE',  ( -0.000000000000000000, -0.000000000000000000, -1.000000000000000000 ) ) ;
#6513 = VECTOR ( 'NONE', #4054, 39.37007874015748143 ) ;
#6514 = DIRECTION ( 'NONE',  ( 0.000000000000000000, 0.000000000000000000, -1.000000000000000000 ) ) ;
#6515 = CARTESIAN_POINT ( 'NONE',  ( -0.01435472936685191006, 0.05370976973294208645, -0.3740157480314960647 ) ) ;
#6516 = ORIENTED_EDGE ( 'NONE', *, *, #5591, .T. ) ;
#6517 = ORIENTED_EDGE ( 'NONE', *, *, #5029, .F. ) ;
#6518 = CARTESIAN_POINT ( 'NONE',  ( 0.1857480314960630041, -0.1043307086614173318, -0.3720472440944881942 ) ) ;
#6519 = VECTOR ( 'NONE', #6244, 39.37007874015748143 ) ;
#6520 = ORIENTED_EDGE ( 'NONE', *, *, #3057, .F. ) ;
#6521 = PLANE ( 'NONE',  #6382 ) ;
#6522 = DIRECTION ( 'NONE',  ( 0.000000000000000000, 0.000000000000000000, 1.000000000000000000 ) ) ;
#6523 = PLANE ( 'NONE',  #5647 ) ;
#6524 = VECTOR ( 'NONE', #6226, 39.37007874015748143 ) ;
#6525 = VERTEX_POINT ( 'NONE', #1897 ) ;
#6526 = VERTEX_POINT ( 'NONE', #7146 ) ;
#6527 = CARTESIAN_POINT ( 'NONE',  ( -0.01033307062352201849, -0.1121880563009713810, -0.3672546838555766358 ) ) ;
#6528 = LINE ( 'NONE', #1733, #5151 ) ;
#6529 = DIRECTION ( 'NONE',  ( 0.000000000000000000, -1.000000000000000000, 0.000000000000000000 ) ) ;
#6530 = DIRECTION ( 'NONE',  ( 1.000000000000000000, 2.795782057078234819E-17, 5.732202691850869138E-17 ) ) ;
#6531 = ORIENTED_EDGE ( 'NONE', *, *, #3911, .F. ) ;
#6532 = DIRECTION ( 'NONE',  ( 1.000000000000000000, 0.000000000000000000, 0.000000000000000000 ) ) ;
#6533 = CARTESIAN_POINT ( 'NONE',  ( 0.04094488188976377896, 0.06819097667594488377, -0.5463373625570866476 ) ) ;
#6534 = ORIENTED_EDGE ( 'NONE', *, *, #2922, .F. ) ;
#6535 = PLANE ( 'NONE',  #7122 ) ;
#6536 = DIRECTION ( 'NONE',  ( 1.000000000000000000, 0.000000000000000000, 0.000000000000000000 ) ) ;
#6537 = SURFACE_SIDE_STYLE ('',( #4913 ) ) ;
#6538 = CARTESIAN_POINT ( 'NONE',  ( 0.1787401574803149651, 0.1787401574803149651, -0.09842519685039370636 ) ) ;
#6539 = CARTESIAN_POINT ( 'NONE',  ( -0.07462643120081172143, -0.07797563112190041001, -0.2293926549078313948 ) ) ;
#6540 = EDGE_CURVE ( 'NONE', #6177, #607, #3539, .T. ) ;
#6541 = DIRECTION ( 'NONE',  ( 1.000000000000000000, 0.000000000000000000, 0.000000000000000000 ) ) ;
#6542 = DIRECTION ( 'NONE',  ( 0.000000000000000000, 0.9876883405951696338, 0.1564344650400291969 ) ) ;
#6543 = ORIENTED_EDGE ( 'NONE', *, *, #7428, .T. ) ;
#6544 = EDGE_CURVE ( 'NONE', #5283, #5136, #3695, .T. ) ;
#6545 = EDGE_CURVE ( 'NONE', #4534, #5460, #4225, .T. ) ;
#6546 = ORIENTED_EDGE ( 'NONE', *, *, #2601, .F. ) ;
#6547 = LINE ( 'NONE', #4304, #5274 ) ;
#6548 = PLANE ( 'NONE',  #3460 ) ;
#6549 = CARTESIAN_POINT ( 'NONE',  ( -0.1637795275590551158, -0.2641732280977165392, -0.5334645669291339098 ) ) ;
#6550 = ADVANCED_FACE ( 'NONE', ( #3041 ), #3648, .F. ) ;
#6551 = DIRECTION ( 'NONE',  ( -1.548860246407864076E-16, 1.000000000000000000, 0.000000000000000000 ) ) ;
#6552 = VERTEX_POINT ( 'NONE', #73 ) ;
#6553 = ORIENTED_EDGE ( 'NONE', *, *, #5820, .F. ) ;
#6554 = CARTESIAN_POINT ( 'NONE',  ( 0.0006754837608417325499, -0.1088173499379222614, -0.4640379022629882999 ) ) ;
#6555 = EDGE_LOOP ( 'NONE', ( #5975, #5811, #3292, #5112 ) ) ;
#6556 = LINE ( 'NONE', #3665, #559 ) ;
#6557 = CARTESIAN_POINT ( 'NONE',  ( 0.01771653543307086937, -0.1377952755905511861, -0.5334645669291339098 ) ) ;
#6558 = ADVANCED_FACE ( 'NONE', ( #7063 ), #1853, .T. ) ;
#6559 = VERTEX_POINT ( 'NONE', #147 ) ;
#6560 = ORIENTED_EDGE ( 'NONE', *, *, #2684, .T. ) ;
#6561 = LINE ( 'NONE', #6595, #5779 ) ;
#6562 = CARTESIAN_POINT ( 'NONE',  ( 0.06978882653307087736, -0.1178678790296062984, -0.3054015647736614825 ) ) ;
#6563 = FACE_OUTER_BOUND ( 'NONE', #5636, .T. ) ;
#6564 =( BOUNDED_CURVE ( )  B_SPLINE_CURVE ( 3, ( #4751, #3675, #5995, #6646 ),
 .UNSPECIFIED., .F., .F. ) 
 B_SPLINE_CURVE_WITH_KNOTS ( ( 4, 4 ),
 ( 2.791929120768928740, 3.141592653589793116 ),
 .UNSPECIFIED. ) 
 CURVE ( )  GEOMETRIC_REPRESENTATION_ITEM ( )  RATIONAL_B_SPLINE_CURVE ( ( 1.000000000000000000, 0.9898372105377495345, 0.9898372105377495345, 1.000000000000000000 ) ) 
 REPRESENTATION_ITEM ( '' )  );
#6565 = DIRECTION ( 'NONE',  ( 0.000000000000000000, 0.000000000000000000, 1.000000000000000000 ) ) ;
#6566 = ORIENTED_EDGE ( 'NONE', *, *, #638, .T. ) ;
#6567 = CARTESIAN_POINT ( 'NONE',  ( -0.01678117826767907758, -0.1043307086614173318, -0.4168640244164340536 ) ) ;
#6568 = DIRECTION ( 'NONE',  ( 0.000000000000000000, 0.9876883406407943600, 0.1564344647519660680 ) ) ;
#6569 = FACE_OUTER_BOUND ( 'NONE', #6367, .T. ) ;
#6570 = DIRECTION ( 'NONE',  ( 0.000000000000000000, 0.000000000000000000, 1.000000000000000000 ) ) ;
#6571 = DIRECTION ( 'NONE',  ( 0.000000000000000000, 0.000000000000000000, -1.000000000000000000 ) ) ;
#6572 = CARTESIAN_POINT ( 'NONE',  ( 0.1574803149606299191, 0.000000000000000000, -0.4771259842519685046 ) ) ;
#6573 = DIRECTION ( 'NONE',  ( 0.01970061643855055417, -0.9998059240232282097, 0.000000000000000000 ) ) ;
#6574 = DIRECTION ( 'NONE',  ( 0.000000000000000000, -0.8000000000163252079, 0.5999999999782330562 ) ) ;
#6575 = CARTESIAN_POINT ( 'NONE',  ( 0.000000000000000000, 0.000000000000000000, -0.4133858267716535861 ) ) ;
#6576 = ORIENTED_EDGE ( 'NONE', *, *, #7092, .F. ) ;
#6577 = ORIENTED_EDGE ( 'NONE', *, *, #4168, .T. ) ;
#6578 = PLANE ( 'NONE',  #5393 ) ;
#6579 = CARTESIAN_POINT ( 'NONE',  ( -0.0008791436264359775085, 0.04461652296615235824, -0.5515072208990251523 ) ) ;
#6580 = EDGE_CURVE ( 'NONE', #2794, #7450, #2464, .T. ) ;
#6581 = CARTESIAN_POINT ( 'NONE',  ( 0.002802038465016851599, -0.04453712603610249232, -0.5515072208993418990 ) ) ;
#6582 = CARTESIAN_POINT ( 'NONE',  ( -0.1574803149606299191, -0.2559055118110236671, -0.4704724409448819422 ) ) ;
#6583 = EDGE_LOOP ( 'NONE', ( #4858, #3411, #2567, #1078 ) ) ;
#6584 = VERTEX_POINT ( 'NONE', #5969 ) ;
#6585 = FACE_OUTER_BOUND ( 'NONE', #1450, .T. ) ;
#6586 = EDGE_LOOP ( 'NONE', ( #4367, #3826, #2826, #5798 ) ) ;
#6587 = DIRECTION ( 'NONE',  ( 1.000000000000000000, 0.000000000000000000, 0.000000000000000000 ) ) ;
#6588 = DIRECTION ( 'NONE',  ( 0.000000000000000000, 0.9876883405952724404, 0.1564344650393805769 ) ) ;
#6589 = EDGE_CURVE ( 'NONE', #6640, #3030, #5565, .T. ) ;
#6590 = CYLINDRICAL_SURFACE ( 'NONE', #3216, 0.02362204724409448092 ) ;
#6591 = ADVANCED_FACE ( 'NONE', ( #2578 ), #3276, .T. ) ;
#6592 = ORIENTED_EDGE ( 'NONE', *, *, #1903, .F. ) ;
#6593 = VECTOR ( 'NONE', #21, 39.37007874015748143 ) ;
#6594 = ORIENTED_EDGE ( 'NONE', *, *, #928, .F. ) ;
#6595 = CARTESIAN_POINT ( 'NONE',  ( 0.1771653543307086798, -0.2645669291338583196, 0.000000000000000000 ) ) ;
#6596 = FACE_OUTER_BOUND ( 'NONE', #6417, .T. ) ;
#6597 = ADVANCED_FACE ( 'NONE', ( #3729 ), #350, .F. ) ;
#6598 = CARTESIAN_POINT ( 'NONE',  ( -0.08858740755673227829, -0.2182016991471260048, -0.1633944917035039801 ) ) ;
#6599 = VECTOR ( 'NONE', #1082, 39.37007874015748143 ) ;
#6600 = ORIENTED_EDGE ( 'NONE', *, *, #6125, .T. ) ;
#6601 = CARTESIAN_POINT ( 'NONE',  ( 0.1564185429548031470, -0.2559055118110236671, -0.4704724409448819422 ) ) ;
#6602 = ORIENTED_EDGE ( 'NONE', *, *, #5357, .T. ) ;
#6603 = LINE ( 'NONE', #861, #3702 ) ;
#6604 = CARTESIAN_POINT ( 'NONE',  ( 2.892866454678786221E-18, -0.3681102362204724532, -0.2992125984251968185 ) ) ;
#6605 = AXIS2_PLACEMENT_3D ( 'NONE', #3379, #2302, #5100 ) ;
#6606 = PLANE ( 'NONE',  #209 ) ;
#6607 = CARTESIAN_POINT ( 'NONE',  ( 0.1181102362204724532, -0.2075996453170078637, -0.1633858267716535584 ) ) ;
#6608 = PRESENTATION_STYLE_ASSIGNMENT (( #4759 ) ) ;
#6609 = LINE ( 'NONE', #5404, #4686 ) ;
#6610 =( BOUNDED_CURVE ( )  B_SPLINE_CURVE ( 3, ( #1932, #3567, #1783, #5286 ),
 .UNSPECIFIED., .F., .F. ) 
 B_SPLINE_CURVE_WITH_KNOTS ( ( 4, 4 ),
 ( 0.000000000000000000, 1.000000000000000000 ),
 .UNSPECIFIED. ) 
 CURVE ( )  GEOMETRIC_REPRESENTATION_ITEM ( )  RATIONAL_B_SPLINE_CURVE ( ( 1.000000000000000000, 0.3333364371304714524, 0.3333364371304714524, 1.000000000000000000 ) ) 
 REPRESENTATION_ITEM ( '' )  );
#6611 = AXIS2_PLACEMENT_3D ( 'NONE', #2065, #7275, #2475 ) ;
#6612 = PLANE ( 'NONE',  #2126 ) ;
#6613 = CIRCLE ( 'NONE', #782, 0.06102362204724410405 ) ;
#6614 = CARTESIAN_POINT ( 'NONE',  ( 0.000000000000000000, 5.667580291930354688E-50, -0.1377952755905511861 ) ) ;
#6615 = LINE ( 'NONE', #1407, #1774 ) ;
#6616 = VERTEX_POINT ( 'NONE', #5600 ) ;
#6617 = ORIENTED_EDGE ( 'NONE', *, *, #5597, .F. ) ;
#6618 = CIRCLE ( 'NONE', #168, 0.01181102362204724046 ) ;
#6619 = B_SPLINE_CURVE_WITH_KNOTS ( 'NONE', 3,
 ( #603, #1779, #1206, #6913 ),
 .UNSPECIFIED., .F., .F.,
 ( 4, 4 ),
 ( 0.000000000000000000, 1.000000000000000000 ),
 .UNSPECIFIED. ) ;
#6620 = VECTOR ( 'NONE', #2524, 39.37007874015748143 ) ;
#6621 = VECTOR ( 'NONE', #6933, 39.37007874015748143 ) ;
#6622 = LINE ( 'NONE', #2026, #6737 ) ;
#6623 = CARTESIAN_POINT ( 'NONE',  ( 0.09495168266084391684, 0.05518568949611790675, -0.5499179289023561346 ) ) ;
#6624 = CARTESIAN_POINT ( 'NONE',  ( -0.08650920695025079987, -0.1662798767760655383, -0.09570049297854507642 ) ) ;
#6625 = ORIENTED_EDGE ( 'NONE', *, *, #3934, .F. ) ;
#6626 = VECTOR ( 'NONE', #1027, 39.37007874015748143 ) ;
#6627 = ORIENTED_EDGE ( 'NONE', *, *, #4139, .F. ) ;
#6628 = CARTESIAN_POINT ( 'NONE',  ( -0.08406608324267678123, -0.1736879805643718466, -0.1006973220774360078 ) ) ;
#6629 = ORIENTED_EDGE ( 'NONE', *, *, #2048, .F. ) ;
#6630 = DIRECTION ( 'NONE',  ( 1.000000000000000000, 0.000000000000000000, 0.000000000000000000 ) ) ;
#6631 = CARTESIAN_POINT ( 'NONE',  ( -0.003605085228960852508, 0.05730118883755980913, -0.5452755905511902368 ) ) ;
#6632 = EDGE_CURVE ( 'NONE', #5130, #5238, #4530, .T. ) ;
#6633 = VECTOR ( 'NONE', #1276, 39.37007874015748143 ) ;
#6634 = CARTESIAN_POINT ( 'NONE',  ( 0.1909448818897638289, -0.3444881889763780070, -0.4212598425196850127 ) ) ;
#6635 = CIRCLE ( 'NONE', #1051, 0.001968503937356538228 ) ;
#6636 = AXIS2_PLACEMENT_3D ( 'NONE', #2780, #7377, #2164 ) ;
#6637 = ORIENTED_EDGE ( 'NONE', *, *, #2500, .F. ) ;
#6638 = AXIS2_PLACEMENT_3D ( 'NONE', #2577, #5026, #2664 ) ;
#6639 = EDGE_CURVE ( 'NONE', #7292, #3900, #4911, .T. ) ;
#6640 = VERTEX_POINT ( 'NONE', #5629 ) ;
#6641 = VECTOR ( 'NONE', #1440, 39.37007874015748143 ) ;
#6642 = PLANE ( 'NONE',  #2743 ) ;
#6643 = DIRECTION ( 'NONE',  ( 0.000000000000000000, 0.9876883405951696338, 0.1564344650400289194 ) ) ;
#6644 = ADVANCED_FACE ( 'NONE', ( #3155 ), #3882, .F. ) ;
#6645 = VECTOR ( 'NONE', #1745, 39.37007874015748143 ) ;
#6646 = CARTESIAN_POINT ( 'NONE',  ( 0.0006754837608417325499, -0.09055118109839016549, -0.4535302601039661319 ) ) ;
#6647 = EDGE_CURVE ( 'NONE', #7278, #4983, #6197, .T. ) ;
#6648 = ORIENTED_EDGE ( 'NONE', *, *, #2583, .T. ) ;
#6649 = VERTEX_POINT ( 'NONE', #1969 ) ;
#6650 = DIRECTION ( 'NONE',  ( -1.000000000000000000, -0.000000000000000000, -0.000000000000000000 ) ) ;
#6651 = EDGE_CURVE ( 'NONE', #2762, #3514, #2754, .T. ) ;
#6652 = ORIENTED_EDGE ( 'NONE', *, *, #5725, .F. ) ;
#6653 = DIRECTION ( 'NONE',  ( 1.000000000000000000, 0.000000000000000000, 0.000000000000000000 ) ) ;
#6654 = CIRCLE ( 'NONE', #2040, 0.04921259842519685318 ) ;
#6655 = CARTESIAN_POINT ( 'NONE',  ( 0.1909448818897638289, -0.3444881889763780070, -0.4704724409448819422 ) ) ;
#6656 = CYLINDRICAL_SURFACE ( 'NONE', #456, 0.01968503937008609858 ) ;
#6657 = CARTESIAN_POINT ( 'NONE',  ( -0.009786370402772283372, -0.1043307086614173318, -0.4443190103295024396 ) ) ;
#6658 = CARTESIAN_POINT ( 'NONE',  ( 0.1102362204724409434, -0.09251968503937008093, -0.3917322834645669549 ) ) ;
#6659 = DIRECTION ( 'NONE',  ( 0.000000000000000000, 0.000000000000000000, -1.000000000000000000 ) ) ;
#6660 = CARTESIAN_POINT ( 'NONE',  ( -0.07452673224269942831, -0.07748461092798569760, -0.2317992657555142666 ) ) ;
#6661 = DIRECTION ( 'NONE',  ( 0.000000000000000000, 0.1564344650407965276, -0.9876883405950482864 ) ) ;
#6662 = DIRECTION ( 'NONE',  ( -0.000000000000000000, -0.000000000000000000, -1.000000000000000000 ) ) ;
#6663 = VERTEX_POINT ( 'NONE', #3238 ) ;
#6664 = ORIENTED_EDGE ( 'NONE', *, *, #2500, .T. ) ;
#6665 = CARTESIAN_POINT ( 'NONE',  ( 0.1181102362204724532, -0.2125984251968504046, -0.1633858267716535584 ) ) ;
#6666 = CARTESIAN_POINT ( 'NONE',  ( 0.04770029443665232960, -0.02268672498770312254, -0.5366618725208659457 ) ) ;
#6667 = DIRECTION ( 'NONE',  ( -1.000000000000000000, 0.000000000000000000, 0.000000000000000000 ) ) ;
#6668 = B_SPLINE_CURVE_WITH_KNOTS ( 'NONE', 3,
 ( #2301, #2878, #1196, #6413, #5240, #4160, #4633, #6934, #7015, #7082 ),
 .UNSPECIFIED., .F., .F.,
 ( 4, 2, 2, 2, 4 ),
 ( 0.000000000000000000, 0.2500000000000000000, 0.5000000000000000000, 0.7500000000000000000, 1.000000000000000000 ),
 .UNSPECIFIED. ) ;
#6669 = CARTESIAN_POINT ( 'NONE',  ( 0.0007025063976948818945, -0.09032622188566928612, -0.4549505966740157170 ) ) ;
#6670 = ORIENTED_EDGE ( 'NONE', *, *, #3063, .F. ) ;
#6671 = ORIENTED_EDGE ( 'NONE', *, *, #4179, .T. ) ;
#6672 = PLANE ( 'NONE',  #196 ) ;
#6673 = ORIENTED_EDGE ( 'NONE', *, *, #2792, .F. ) ;
#6674 = DIRECTION ( 'NONE',  ( 1.000000000000000000, 0.000000000000000000, 0.000000000000000000 ) ) ;
#6675 = CARTESIAN_POINT ( 'NONE',  ( -0.1574803149606299191, -0.1274015748031496198, -0.5669291338582678197 ) ) ;
#6676 = CYLINDRICAL_SURFACE ( 'NONE', #4677, 0.02362204724409728424 ) ;
#6677 = EDGE_LOOP ( 'NONE', ( #4975, #2875, #3712, #463 ) ) ;
#6678 = ORIENTED_EDGE ( 'NONE', *, *, #2363, .T. ) ;
#6679 = VERTEX_POINT ( 'NONE', #4343 ) ;
#6680 = DIRECTION ( 'NONE',  ( -1.000000000000000000, 0.000000000000000000, 0.000000000000000000 ) ) ;
#6681 = CARTESIAN_POINT ( 'NONE',  ( 0.06604891939763779529, -0.1177102013573622097, -0.3468573680460236286 ) ) ;
#6682 = CARTESIAN_POINT ( 'NONE',  ( -0.08834173016421259517, -0.2182174254467716679, -0.1629441492355512000 ) ) ;
#6683 = ORIENTED_EDGE ( 'NONE', *, *, #5115, .T. ) ;
#6684 = EDGE_CURVE ( 'NONE', #3102, #7449, #4382, .T. ) ;
#6685 = ORIENTED_EDGE ( 'NONE', *, *, #2191, .F. ) ;
#6686 = CARTESIAN_POINT ( 'NONE',  ( 0.08523248504988188701, 0.02362204724409448786, -0.4704724409448819422 ) ) ;
#6687 = DIRECTION ( 'NONE',  ( -1.000000000000000000, -0.000000000000000000, -0.000000000000000000 ) ) ;
#6688 = LINE ( 'NONE', #5771, #4346 ) ;
#6689 = FACE_OUTER_BOUND ( 'NONE', #4981, .T. ) ;
#6690 = DIRECTION ( 'NONE',  ( 0.000000000000000000, -1.000000000000000000, 0.000000000000000000 ) ) ;
#6691 = DIRECTION ( 'NONE',  ( -0.000000000000000000, -0.000000000000000000, -1.000000000000000000 ) ) ;
#6692 = CARTESIAN_POINT ( 'NONE',  ( 0.01771653543307086937, -0.1377952755905511861, -0.5334645669291339098 ) ) ;
#6693 = EDGE_CURVE ( 'NONE', #5526, #1673, #2013, .T. ) ;
#6694 = EDGE_CURVE ( 'NONE', #3286, #3789, #2376, .T. ) ;
#6695 = CARTESIAN_POINT ( 'NONE',  ( -0.08543379916141731478, -0.2184611131742913992, -0.1127574066646850476 ) ) ;
#6696 = LINE ( 'NONE', #5677, #3827 ) ;
#6697 = FACE_OUTER_BOUND ( 'NONE', #6318, .T. ) ;
#6698 = VERTEX_POINT ( 'NONE', #4459 ) ;
#6699 = ORIENTED_EDGE ( 'NONE', *, *, #469, .F. ) ;
#6700 = DIRECTION ( 'NONE',  ( 0.000000000000000000, 0.000000000000000000, -1.000000000000000000 ) ) ;
#6701 = CARTESIAN_POINT ( 'NONE',  ( 0.06607173005706795665, 0.03467944100116569089, -0.5554910693024455171 ) ) ;
#6702 = EDGE_CURVE ( 'NONE', #3829, #7517, #5478, .T. ) ;
#6703 = DIRECTION ( 'NONE',  ( 1.000000000000000000, 0.000000000000000000, 0.000000000000000000 ) ) ;
#6704 = CARTESIAN_POINT ( 'NONE',  ( 0.1574803149606299191, -0.2596850393700787518, -0.4704724409448819422 ) ) ;
#6705 = EDGE_LOOP ( 'NONE', ( #964, #3790 ) ) ;
#6706 = ORIENTED_EDGE ( 'NONE', *, *, #3163, .F. ) ;
#6707 = ORIENTED_EDGE ( 'NONE', *, *, #5357, .F. ) ;
#6708 = CARTESIAN_POINT ( 'NONE',  ( 0.08543379916141731478, -0.2151056626888976364, -0.1128289001721259899 ) ) ;
#6709 = CARTESIAN_POINT ( 'NONE',  ( -0.0004653688922492298162, 0.02361746277220224191, -0.5366618725208661678 ) ) ;
#6710 = ORIENTED_EDGE ( 'NONE', *, *, #6956, .F. ) ;
#6711 = VERTEX_POINT ( 'NONE', #2087 ) ;
#6712 = VERTEX_POINT ( 'NONE', #6657 ) ;
#6713 = DIRECTION ( 'NONE',  ( 1.000000000000000000, 0.000000000000000000, 0.000000000000000000 ) ) ;
#6714 = CARTESIAN_POINT ( 'NONE',  ( 0.0006754837608417325499, -0.1211350322229192839, -0.3862671170786984298 ) ) ;
#6715 = CARTESIAN_POINT ( 'NONE',  ( -0.09040127955279547711, -0.09055118110236221041, -0.04527559055118110520 ) ) ;
#6716 = ORIENTED_EDGE ( 'NONE', *, *, #4887, .T. ) ;
#6717 = VECTOR ( 'NONE', #4935, 39.37007874015748143 ) ;
#6718 = VERTEX_POINT ( 'NONE', #382 ) ;
#6719 = DIRECTION ( 'NONE',  ( 0.000000000000000000, 0.000000000000000000, 1.000000000000000000 ) ) ;
#6720 = CARTESIAN_POINT ( 'NONE',  ( -0.1377952755905511861, -0.2254712208247244276, -0.4766141732283464827 ) ) ;
#6721 = PLANE ( 'NONE',  #4962 ) ;
#6722 = LINE ( 'NONE', #863, #3369 ) ;
#6723 = CARTESIAN_POINT ( 'NONE',  ( 0.08406608324267678123, -0.1653996278897661709, -0.09510675760778898591 ) ) ;
#6724 = VECTOR ( 'NONE', #6393, 39.37007874015748143 ) ;
#6725 = EDGE_CURVE ( 'NONE', #935, #1437, #983, .T. ) ;
#6726 = FACE_OUTER_BOUND ( 'NONE', #5045, .T. ) ;
#6727 = CARTESIAN_POINT ( 'NONE',  ( -0.07402805892885826189, -0.08666603493799213132, -0.2414717063228346561 ) ) ;
#6728 = VECTOR ( 'NONE', #5701, 39.37007874015748143 ) ;
#6729 = CARTESIAN_POINT ( 'NONE',  ( 0.07383773678600090429, -0.08711532785266659640, -0.2447490956836690379 ) ) ;
#6730 = EDGE_CURVE ( 'NONE', #620, #3980, #1557, .T. ) ;
#6731 = CARTESIAN_POINT ( 'NONE',  ( -0.1515748031496063075, -0.09251968503937008093, -0.4704724409448819422 ) ) ;
#6732 = VERTEX_POINT ( 'NONE', #261 ) ;
#6733 = ORIENTED_EDGE ( 'NONE', *, *, #4127, .T. ) ;
#6734 = CARTESIAN_POINT ( 'NONE',  ( -0.1358267716535433156, -0.2115366531910236603, -0.4766141732283464827 ) ) ;
#6735 = EDGE_CURVE ( 'NONE', #5679, #1717, #7219, .T. ) ;
#6736 = DIRECTION ( 'NONE',  ( -1.000000000000000000, -0.000000000000000000, -0.000000000000000000 ) ) ;
#6737 = VECTOR ( 'NONE', #202, 39.37007874015748143 ) ;
#6738 = VECTOR ( 'NONE', #3958, 39.37007874015748143 ) ;
#6739 = EDGE_CURVE ( 'NONE', #3725, #4391, #864, .T. ) ;
#6740 = CARTESIAN_POINT ( 'NONE',  ( -0.1170484642146456811, -0.1062992125984252023, -0.4704724409448819422 ) ) ;
#6741 = CARTESIAN_POINT ( 'NONE',  ( -0.08406608324267618448, -0.1728077316780692874, -0.1001035867066917412 ) ) ;
#6742 = ORIENTED_EDGE ( 'NONE', *, *, #1067, .F. ) ;
#6743 = EDGE_CURVE ( 'NONE', #3931, #1169, #324, .T. ) ;
#6744 = CIRCLE ( 'NONE', #3469, 0.003937007874015758385 ) ;
#6745 = ORIENTED_EDGE ( 'NONE', *, *, #6182, .T. ) ;
#6746 = VECTOR ( 'NONE', #4263, 39.37007874015748143 ) ;
#6747 = VECTOR ( 'NONE', #1884, 39.37007874015748143 ) ;
#6748 = ORIENTED_EDGE ( 'NONE', *, *, #4799, .T. ) ;
#6749 = CARTESIAN_POINT ( 'NONE',  ( 0.1791338582677165503, -0.3444881889763780070, -0.3976377952755905665 ) ) ;
#6750 = DIRECTION ( 'NONE',  ( 1.000000000000000000, 0.000000000000000000, 0.000000000000000000 ) ) ;
#6751 = AXIS2_PLACEMENT_3D ( 'NONE', #4145, #2391, #5445 ) ;
#6752 = ORIENTED_EDGE ( 'NONE', *, *, #5909, .T. ) ;
#6753 = ORIENTED_EDGE ( 'NONE', *, *, #7152, .F. ) ;
#6754 = VECTOR ( 'NONE', #3108, 39.37007874015748143 ) ;
#6755 = ORIENTED_EDGE ( 'NONE', *, *, #3211, .T. ) ;
#6756 = CARTESIAN_POINT ( 'NONE',  ( 0.08752090550417324089, -0.2215342129507086866, -0.1633858267716535584 ) ) ;
#6757 = DIRECTION ( 'NONE',  ( -1.000000000000000000, 0.000000000000000000, 0.000000000000000000 ) ) ;
#6758 = VECTOR ( 'NONE', #6355, 39.37007874015748143 ) ;
#6759 = VECTOR ( 'NONE', #1825, 39.37007874015748143 ) ;
#6760 = CARTESIAN_POINT ( 'NONE',  ( -0.08465663442377631409, -0.1952091231774783497, -0.08929995776812778285 ) ) ;
#6761 = ORIENTED_EDGE ( 'NONE', *, *, #3875, .F. ) ;
#6762 = ORIENTED_EDGE ( 'NONE', *, *, #6684, .T. ) ;
#6763 = CIRCLE ( 'NONE', #203, 0.04921259842519686012 ) ;
#6764 = CARTESIAN_POINT ( 'NONE',  ( -0.1377952755905511861, -0.09055118110236221041, -0.3720472440944881942 ) ) ;
#6765 = CARTESIAN_POINT ( 'NONE',  ( -0.1842519685039370192, -0.2559055118110236671, -0.4704724409448819422 ) ) ;
#6766 = DIRECTION ( 'NONE',  ( 1.000000000000000000, 0.000000000000000000, 0.000000000000000000 ) ) ;
#6767 = CARTESIAN_POINT ( 'NONE',  ( -0.08406608324267608734, -0.1662798767760583774, -0.09570049297855361126 ) ) ;
#6768 = DIRECTION ( 'NONE',  ( 1.000000000000000000, 0.000000000000000000, 0.000000000000000000 ) ) ;
#6769 = AXIS2_PLACEMENT_3D ( 'NONE', #2028, #1946, #6667 ) ;
#6770 = DIRECTION ( 'NONE',  ( 1.000000000000000000, 0.000000000000000000, 0.000000000000000000 ) ) ;
#6771 = CIRCLE ( 'NONE', #580, 0.05905511811023622659 ) ;
#6772 = CARTESIAN_POINT ( 'NONE',  ( -0.07382108702972441094, -0.07926755025598423987, -0.2490468648170472699 ) ) ;
#6773 = DIRECTION ( 'NONE',  ( 0.000000000000000000, 0.000000000000000000, 1.000000000000000000 ) ) ;
#6774 = CARTESIAN_POINT ( 'NONE',  ( -0.1771653543307086798, 0.1858267716535433600, 0.009409448818897639746 ) ) ;
#6775 = ORIENTED_EDGE ( 'NONE', *, *, #3298, .F. ) ;
#6776 = ORIENTED_EDGE ( 'NONE', *, *, #385, .F. ) ;
#6777 = CARTESIAN_POINT ( 'NONE',  ( 0.1556985821518519775, 0.02362204724409448786, -0.5334645669291339098 ) ) ;
#6778 = CARTESIAN_POINT ( 'NONE',  ( -0.1787401574803149651, 0.1771653543307086798, -0.03937007874015747977 ) ) ;
#6779 = EDGE_CURVE ( 'NONE', #3247, #17, #6231, .T. ) ;
#6780 = CARTESIAN_POINT ( 'NONE',  ( -0.01771653543307086937, -0.1627296587926377880, -0.5334645669291339098 ) ) ;
#6781 = PLANE ( 'NONE',  #3964 ) ;
#6782 = ORIENTED_EDGE ( 'NONE', *, *, #7191, .F. ) ;
#6783 = EDGE_CURVE ( 'NONE', #5763, #2386, #6031, .T. ) ;
#6784 = EDGE_CURVE ( 'NONE', #3247, #2253, #3342, .T. ) ;
#6785 = ORIENTED_EDGE ( 'NONE', *, *, #2082, .T. ) ;
#6786 = ORIENTED_EDGE ( 'NONE', *, *, #1543, .F. ) ;
#6787 = CARTESIAN_POINT ( 'NONE',  ( -0.1181102362204724532, -0.2270866141732283405, -0.04527559055118110520 ) ) ;
#6788 = ADVANCED_FACE ( 'NONE', ( #234 ), #7035, .T. ) ;
#6789 = CARTESIAN_POINT ( 'NONE',  ( 0.07482851638854330634, -0.08450465415397638569, -0.2268942226180708788 ) ) ;
#6790 = EDGE_CURVE ( 'NONE', #620, #3030, #1862, .T. ) ;
#6791 = CARTESIAN_POINT ( 'NONE',  ( -0.04299212598425197068, -0.04299212598425197068, -0.4704724409448819422 ) ) ;
#6792 = ORIENTED_EDGE ( 'NONE', *, *, #1489, .F. ) ;
#6793 = ORIENTED_EDGE ( 'NONE', *, *, #2915, .F. ) ;
#6794 = ORIENTED_EDGE ( 'NONE', *, *, #1333, .F. ) ;
#6795 = DIRECTION ( 'NONE',  ( 0.000000000000000000, 0.000000000000000000, -1.000000000000000000 ) ) ;
#6796 = FACE_OUTER_BOUND ( 'NONE', #4591, .T. ) ;
#6797 = EDGE_CURVE ( 'NONE', #3424, #2171, #756, .T. ) ;
#6798 = DIRECTION ( 'NONE',  ( 0.000000000000000000, -0.8000000000163250968, 0.5999999999782330562 ) ) ;
#6799 = ORIENTED_EDGE ( 'NONE', *, *, #3901, .F. ) ;
#6800 = CARTESIAN_POINT ( 'NONE',  ( -0.05905511811023622659, -0.2086614173228346636, -0.4704724409448819422 ) ) ;
#6801 = CARTESIAN_POINT ( 'NONE',  ( 0.0006754837608417325499, -0.1211350483420264024, -0.3862670153066614098 ) ) ;
#6802 = CARTESIAN_POINT ( 'NONE',  ( -0.09011218955874066017, 0.04285823571328040149, -0.5515072208990250413 ) ) ;
#6803 = CARTESIAN_POINT ( 'NONE',  ( -0.08548340607731029495, -0.2238106365497721795, -0.1155099221821724309 ) ) ;
#6804 = DIRECTION ( 'NONE',  ( 0.000000000000000000, 0.8000000000163252079, -0.5999999999782330562 ) ) ;
#6805 = CARTESIAN_POINT ( 'NONE',  ( -0.0006754837608417303815, -0.09055118109839016549, -0.4535302601039661319 ) ) ;
#6806 = CARTESIAN_POINT ( 'NONE',  ( -0.07503548712811024257, -0.08131519147098426048, -0.2197639021067716303 ) ) ;
#6807 = CARTESIAN_POINT ( 'NONE',  ( -0.07679124625744095101, -0.1103785881858952989, -0.3104078322219732122 ) ) ;
#6808 = CARTESIAN_POINT ( 'NONE',  ( -0.06791338582677165780, -0.1189031258091338555, -0.3270892730674803128 ) ) ;
#6809 = ORIENTED_EDGE ( 'NONE', *, *, #3627, .F. ) ;
#6810 = CARTESIAN_POINT ( 'NONE',  ( -0.06102362204724410405, -0.1274015748031496198, -0.5324027949232285062 ) ) ;
#6811 = ORIENTED_EDGE ( 'NONE', *, *, #3311, .T. ) ;
#6812 = FACE_OUTER_BOUND ( 'NONE', #3071, .T. ) ;
#6813 = DIRECTION ( 'NONE',  ( 0.000000000000000000, 0.000000000000000000, 1.000000000000000000 ) ) ;
#6814 = DIRECTION ( 'NONE',  ( -1.000000000000000000, 0.000000000000000000, 0.000000000000000000 ) ) ;
#6815 = CARTESIAN_POINT ( 'NONE',  ( -0.05741191928027558622, 0.05732283464566929193, -0.3740157480314960647 ) ) ;
#6816 = ORIENTED_EDGE ( 'NONE', *, *, #4649, .F. ) ;
#6817 = ORIENTED_EDGE ( 'NONE', *, *, #6743, .T. ) ;
#6818 = LINE ( 'NONE', #5012, #5158 ) ;
#6819 = CARTESIAN_POINT ( 'NONE',  ( -0.1170484642146456811, -0.1062992125984252023, -0.3720472440944881942 ) ) ;
#6820 = EDGE_CURVE ( 'NONE', #3210, #6966, #6507, .T. ) ;
#6821 = DIRECTION ( 'NONE',  ( 0.000000000000000000, 0.000000000000000000, 1.000000000000000000 ) ) ;
#6822 = ORIENTED_EDGE ( 'NONE', *, *, #1937, .F. ) ;
#6823 = ORIENTED_EDGE ( 'NONE', *, *, #5721, .T. ) ;
#6824 = EDGE_CURVE ( 'NONE', #1340, #495, #3545, .T. ) ;
#6825 = ORIENTED_EDGE ( 'NONE', *, *, #5456, .T. ) ;
#6826 = CARTESIAN_POINT ( 'NONE',  ( -0.08742872657240158274, -0.08848848678464743545, -0.2251120080801193579 ) ) ;
#6827 = CARTESIAN_POINT ( 'NONE',  ( 0.1388570475963779582, -0.2204724409448818867, -0.1633858267716535584 ) ) ;
#6828 = CARTESIAN_POINT ( 'NONE',  ( 0.05905511811023622659, -0.2086614173228346636, -0.3090551181102362266 ) ) ;
#6829 = ADVANCED_FACE ( 'NONE', ( #2398 ), #3653, .F. ) ;
#6830 = LINE ( 'NONE', #5733, #4468 ) ;
#6831 = EDGE_CURVE ( 'NONE', #6257, #4543, #1657, .T. ) ;
#6832 = ORIENTED_EDGE ( 'NONE', *, *, #1229, .F. ) ;
#6833 = LINE ( 'NONE', #409, #1299 ) ;
#6834 = CARTESIAN_POINT ( 'NONE',  ( 0.01737879355264960665, -0.1237748550152362181, -0.3444327932580314444 ) ) ;
#6835 = EDGE_CURVE ( 'NONE', #7353, #3851, #4189, .T. ) ;
#6836 = CARTESIAN_POINT ( 'NONE',  ( -0.06102362204724410405, -0.2559055118110236671, -0.5669291338582678197 ) ) ;
#6837 = CARTESIAN_POINT ( 'NONE',  ( -0.1515748031496063075, -0.1053924806672440900, -0.4694106689389763720 ) ) ;
#6838 = CARTESIAN_POINT ( 'NONE',  ( -0.08548340607731036433, -0.2159558015083546667, -0.1149606586093796096 ) ) ;
#6839 = CARTESIAN_POINT ( 'NONE',  ( -0.07382108702972441094, -0.08521684687232283784, -0.2460356840071259710 ) ) ;
#6840 = LINE ( 'NONE', #6807, #5050 ) ;
#6841 = CARTESIAN_POINT ( 'NONE',  ( -0.06791338582677165780, -0.1222510576593307113, -0.3265889213000000013 ) ) ;
#6842 = VECTOR ( 'NONE', #600, 39.37007874015748143 ) ;
#6843 = ORIENTED_EDGE ( 'NONE', *, *, #5039, .T. ) ;
#6844 = DIRECTION ( 'NONE',  ( -1.000000000000000000, 0.000000000000000000, 0.000000000000000000 ) ) ;
#6845 = EDGE_LOOP ( 'NONE', ( #3454, #6517, #6817, #4691 ) ) ;
#6846 = DIRECTION ( 'NONE',  ( 1.000000000000000000, 0.000000000000000000, 0.000000000000000000 ) ) ;
#6847 = CARTESIAN_POINT ( 'NONE',  ( 0.04921259842519685318, -0.2244094488188976555, -0.2992125984251968740 ) ) ;
#6848 = CIRCLE ( 'NONE', #5040, 0.01737879355265497389 ) ;
#6849 = LINE ( 'NONE', #2175, #2388 ) ;
#6850 = CARTESIAN_POINT ( 'NONE',  ( 0.1909448818897638289, -0.3444881889763780070, -0.4212598425196850127 ) ) ;
#6851 = EDGE_LOOP ( 'NONE', ( #7029, #6652, #1799, #2905 ) ) ;
#6852 = ORIENTED_EDGE ( 'NONE', *, *, #545, .F. ) ;
#6853 = CARTESIAN_POINT ( 'NONE',  ( 0.08530624072299212990, -0.2244437032900787610, -0.1048742775782283559 ) ) ;
#6854 = VECTOR ( 'NONE', #2344, 39.37007874015748143 ) ;
#6855 = CARTESIAN_POINT ( 'NONE',  ( 0.1149606299212598409, -0.09251968503937008093, -0.3917322834645669549 ) ) ;
#6856 = DIRECTION ( 'NONE',  ( -1.000000000000000000, -0.000000000000000000, -0.000000000000000000 ) ) ;
#6857 = EDGE_LOOP ( 'NONE', ( #1001, #245, #3919 ) ) ;
#6858 = VECTOR ( 'NONE', #2076, 39.37007874015748143 ) ;
#6859 = ORIENTED_EDGE ( 'NONE', *, *, #882, .T. ) ;
#6860 = ADVANCED_FACE ( 'NONE', ( #5370, #7114 ), #4233, .T. ) ;
#6861 = ORIENTED_EDGE ( 'NONE', *, *, #5630, .T. ) ;
#6862 = CARTESIAN_POINT ( 'NONE',  ( 0.01737879355264986339, -0.1094694140277887862, -0.3844195156259153090 ) ) ;
#6863 = LINE ( 'NONE', #4447, #1616 ) ;
#6864 = VECTOR ( 'NONE', #2545, 39.37007874015748143 ) ;
#6865 = CIRCLE ( 'NONE', #4572, 0.02362204724409448786 ) ;
#6866 = VECTOR ( 'NONE', #6, 39.37007874015748143 ) ;
#6867 = EDGE_CURVE ( 'NONE', #7001, #3518, #6433, .T. ) ;
#6868 = DIRECTION ( 'NONE',  ( -1.000000000000000000, 0.000000000000000000, 0.000000000000000000 ) ) ;
#6869 = EDGE_LOOP ( 'NONE', ( #5344, #3893, #2574, #1465 ) ) ;
#6870 = ORIENTED_EDGE ( 'NONE', *, *, #3897, .F. ) ;
#6871 = VECTOR ( 'NONE', #961, 39.37007874015748143 ) ;
#6872 = EDGE_CURVE ( 'NONE', #295, #7041, #3241, .T. ) ;
#6873 = AXIS2_PLACEMENT_3D ( 'NONE', #5974, #645, #6011 ) ;
#6874 = EDGE_CURVE ( 'NONE', #7517, #5130, #1217, .T. ) ;
#6875 = CARTESIAN_POINT ( 'NONE',  ( 0.07403419317830257917, -0.07821774889034126266, -0.2437478700693468670 ) ) ;
#6876 = LINE ( 'NONE', #1665, #5690 ) ;
#6877 = EDGE_CURVE ( 'NONE', #3725, #3629, #7367, .T. ) ;
#6878 = LINE ( 'NONE', #3421, #4208 ) ;
#6879 = AXIS2_PLACEMENT_3D ( 'NONE', #4728, #4762, #537 ) ;
#6880 = VECTOR ( 'NONE', #5514, 39.37007874015748143 ) ;
#6881 = ADVANCED_FACE ( 'NONE', ( #3581 ), #5903, .T. ) ;
#6882 = CARTESIAN_POINT ( 'NONE',  ( 0.01771653543307086937, -0.1627296587926377880, -0.5492125984251968740 ) ) ;
#6883 = DIRECTION ( 'NONE',  ( -1.000000000000000000, 0.000000000000000000, 0.000000000000000000 ) ) ;
#6884 = CARTESIAN_POINT ( 'NONE',  ( -0.06603794512047245213, -0.1144079827868897670, -0.3463914281392520000 ) ) ;
#6885 = ORIENTED_EDGE ( 'NONE', *, *, #3345, .T. ) ;
#6886 = CARTESIAN_POINT ( 'NONE',  ( -0.01771653543307086937, -0.1377952755905511861, -0.5334645669291339098 ) ) ;
#6887 = CIRCLE ( 'NONE', #5430, 0.02362204724409448092 ) ;
#6888 = ORIENTED_EDGE ( 'NONE', *, *, #4925, .T. ) ;
#6889 = DIRECTION ( 'NONE',  ( 0.000000000000000000, 0.1564344650308109597, -0.9876883405966297991 ) ) ;
#6890 = DIRECTION ( 'NONE',  ( 0.000000000000000000, 0.000000000000000000, -1.000000000000000000 ) ) ;
#6891 = DIRECTION ( 'NONE',  ( 0.000000000000000000, 0.000000000000000000, 1.000000000000000000 ) ) ;
#6892 = DIRECTION ( 'NONE',  ( 0.000000000000000000, -1.000000000000000000, 0.000000000000000000 ) ) ;
#6893 = ORIENTED_EDGE ( 'NONE', *, *, #7148, .F. ) ;
#6894 = CARTESIAN_POINT ( 'NONE',  ( -0.08964567121025530938, -0.2204724409448818867, -0.1633858267716535584 ) ) ;
#6895 = ORIENTED_EDGE ( 'NONE', *, *, #5523, .T. ) ;
#6896 = CARTESIAN_POINT ( 'NONE',  ( 0.08459757930566930151, -0.1925211095254330818, -0.08356119597062991455 ) ) ;
#6897 = CARTESIAN_POINT ( 'NONE',  ( 0.08858267716535433989, -0.2086614173228346636, -0.5019685039370078705 ) ) ;
#6898 = CYLINDRICAL_SURFACE ( 'NONE', #2753, 0.003937007874015758385 ) ;
#6899 = ORIENTED_EDGE ( 'NONE', *, *, #680, .T. ) ;
#6900 = ORIENTED_EDGE ( 'NONE', *, *, #1579, .F. ) ;
#6901 = ORIENTED_EDGE ( 'NONE', *, *, #4427, .F. ) ;
#6902 = CARTESIAN_POINT ( 'NONE',  ( 0.01737879355264962747, -0.1043307086614309320, -0.4168640244162795105 ) ) ;
#6903 = DIRECTION ( 'NONE',  ( -1.000000000000000000, 0.000000000000000000, 0.000000000000000000 ) ) ;
#6904 = CARTESIAN_POINT ( 'NONE',  ( 0.08548340607730398055, -0.2159558015083408999, -0.1149606586093657040 ) ) ;
#6905 = DIRECTION ( 'NONE',  ( 0.000000000000000000, -1.755404897227929844E-30, -1.000000000000000000 ) ) ;
#6906 = VERTEX_POINT ( 'NONE', #2434 ) ;
#6907 = ORIENTED_EDGE ( 'NONE', *, *, #2544, .F. ) ;
#6908 = DIRECTION ( 'NONE',  ( -1.000000000000000000, 0.000000000000000000, 0.000000000000000000 ) ) ;
#6909 = LINE ( 'NONE', #4638, #4687 ) ;
#6910 = DIRECTION ( 'NONE',  ( -0.000000000000000000, -0.000000000000000000, -1.000000000000000000 ) ) ;
#6911 = ADVANCED_FACE ( 'NONE', ( #690 ), #3013, .T. ) ;
#6912 = EDGE_CURVE ( 'NONE', #2187, #2504, #4763, .T. ) ;
#6913 = CARTESIAN_POINT ( 'NONE',  ( -0.06614173228346423294, -0.1234053247828630212, -0.3467659153224508795 ) ) ;
#6914 = ORIENTED_EDGE ( 'NONE', *, *, #6918, .T. ) ;
#6915 = FACE_OUTER_BOUND ( 'NONE', #5854, .T. ) ;
#6916 = DIRECTION ( 'NONE',  ( 0.000000000000000000, -0.7999999999928865124, 0.6000000000094845021 ) ) ;
#6917 = ORIENTED_EDGE ( 'NONE', *, *, #6540, .T. ) ;
#6918 = EDGE_CURVE ( 'NONE', #854, #1225, #927, .T. ) ;
#6919 = LINE ( 'NONE', #1786, #4916 ) ;
#6920 = CARTESIAN_POINT ( 'NONE',  ( 0.05511811023622046474, 1.379050006854594430E-15, -0.3740157480314961203 ) ) ;
#6921 = EDGE_CURVE ( 'NONE', #977, #2186, #3808, .T. ) ;
#6922 = CARTESIAN_POINT ( 'NONE',  ( -0.08650920695025079987, -0.1923912963840944956, -0.1133128678910236137 ) ) ;
#6923 = LINE ( 'NONE', #4623, #5555 ) ;
#6924 = ORIENTED_EDGE ( 'NONE', *, *, #7354, .F. ) ;
#6925 = ORIENTED_EDGE ( 'NONE', *, *, #6362, .T. ) ;
#6926 = EDGE_CURVE ( 'NONE', #804, #2846, #4584, .T. ) ;
#6927 = FACE_OUTER_BOUND ( 'NONE', #3698, .T. ) ;
#6928 = DIRECTION ( 'NONE',  ( 1.000000000000000000, 0.000000000000000000, 0.000000000000000000 ) ) ;
#6929 = LINE ( 'NONE', #7040, #2365 ) ;
#6930 = ORIENTED_EDGE ( 'NONE', *, *, #2262, .T. ) ;
#6931 = ORIENTED_EDGE ( 'NONE', *, *, #4386, .F. ) ;
#6932 = VERTEX_POINT ( 'NONE', #4968 ) ;
#6933 = DIRECTION ( 'NONE',  ( -1.000000000000000000, 0.000000000000000000, 0.000000000000000000 ) ) ;
#6934 = CARTESIAN_POINT ( 'NONE',  ( 0.08430230371511492071, -0.1758811614745335317, -0.08562472559561377927 ) ) ;
#6935 = CARTESIAN_POINT ( 'NONE',  ( 0.0006754837608417325499, -0.09251968503721574866, -0.4411016153786221361 ) ) ;
#6936 = LINE ( 'NONE', #3452, #3246 ) ;
#6937 = ORIENTED_EDGE ( 'NONE', *, *, #6277, .F. ) ;
#6938 = ORIENTED_EDGE ( 'NONE', *, *, #3062, .F. ) ;
#6939 = DIRECTION ( 'NONE',  ( 0.000000000000000000, -5.421010862427519089E-17, 1.000000000000000000 ) ) ;
#6940 = LINE ( 'NONE', #3500, #3076 ) ;
#6941 = LINE ( 'NONE', #569, #189 ) ;
#6942 = CARTESIAN_POINT ( 'NONE',  ( -0.07501883914818170684, -0.08196063188263730259, -0.2207089143520113428 ) ) ;
#6943 = VERTEX_POINT ( 'NONE', #871 ) ;
#6944 = CARTESIAN_POINT ( 'NONE',  ( 0.008545022639874062798, -0.1194946924532861443, -0.3714566761163702324 ) ) ;
#6945 = CARTESIAN_POINT ( 'NONE',  ( -0.06608351511862206595, -0.1243459170048031581, -0.3476058085401574904 ) ) ;
#6946 = ORIENTED_EDGE ( 'NONE', *, *, #2177, .T. ) ;
#6947 = ADVANCED_FACE ( 'NONE', ( #7271 ), #4301, .F. ) ;
#6948 = CARTESIAN_POINT ( 'NONE',  ( 0.1574803149606299191, -0.06692913385826770867, -0.4704724409448819422 ) ) ;
#6949 = CARTESIAN_POINT ( 'NONE',  ( -0.1377952755905511861, -0.1062992125984252023, -0.4704724409448819422 ) ) ;
#6950 = DIRECTION ( 'NONE',  ( 0.000000000000000000, 0.000000000000000000, 1.000000000000000000 ) ) ;
#6951 = DIRECTION ( 'NONE',  ( 0.000000000000000000, 1.000000000000000000, 0.000000000000000000 ) ) ;
#6952 = EDGE_CURVE ( 'NONE', #1983, #236, #1486, .T. ) ;
#6953 = VECTOR ( 'NONE', #2806, 39.37007874015748143 ) ;
#6954 = FACE_OUTER_BOUND ( 'NONE', #6448, .T. ) ;
#6955 = EDGE_LOOP ( 'NONE', ( #6349, #3943, #5964, #6753 ) ) ;
#6956 = EDGE_CURVE ( 'NONE', #2400, #1383, #987, .T. ) ;
#6957 = ORIENTED_EDGE ( 'NONE', *, *, #3993, .T. ) ;
#6958 = FACE_OUTER_BOUND ( 'NONE', #5714, .T. ) ;
#6959 = CARTESIAN_POINT ( 'NONE',  ( 0.05905511811023622659, -0.05208171872173228412, -0.5452755905511811330 ) ) ;
#6960 = AXIS2_PLACEMENT_3D ( 'NONE', #542, #2868, #5198 ) ;
#6961 = ADVANCED_FACE ( 'NONE', ( #7304 ), #5002, .F. ) ;
#6962 = ADVANCED_FACE ( 'NONE', ( #6123 ), #3850, .T. ) ;
#6963 = CARTESIAN_POINT ( 'NONE',  ( -0.05371611896435923850, 0.01435735930462272818, -0.3740157480314961203 ) ) ;
#6964 = EDGE_LOOP ( 'NONE', ( #6305, #7371, #5502, #1433 ) ) ;
#6965 = PRESENTATION_LAYER_ASSIGNMENT (  '', '', ( #1260 ) ) ;
#6966 = VERTEX_POINT ( 'NONE', #4465 ) ;
#6967 = ORIENTED_EDGE ( 'NONE', *, *, #4228, .F. ) ;
#6968 = DIRECTION ( 'NONE',  ( 0.000000000000000000, -0.9876883405945522387, -0.1564344650439280227 ) ) ;
#6969 = FACE_OUTER_BOUND ( 'NONE', #6964, .T. ) ;
#6970 = DIRECTION ( 'NONE',  ( 0.000000000000000000, 0.000000000000000000, -1.000000000000000000 ) ) ;
#6971 = AXIS2_PLACEMENT_3D ( 'NONE', #3318, #7454, #5575 ) ;
#6972 = VECTOR ( 'NONE', #6687, 39.37007874015748143 ) ;
#6973 = DIRECTION ( 'NONE',  ( 1.000000000000000000, 0.000000000000000000, 0.000000000000000000 ) ) ;
#6974 = VERTEX_POINT ( 'NONE', #3244 ) ;
#6975 = EDGE_LOOP ( 'NONE', ( #6332, #441, #5941, #6577 ) ) ;
#6976 = CARTESIAN_POINT ( 'NONE',  ( 2.731847993664262725E-16, -0.1120939678542793166, -0.3678487349283771080 ) ) ;
#6977 = CIRCLE ( 'NONE', #1035, 0.02362204724409448092 ) ;
#6978 = CARTESIAN_POINT ( 'NONE',  ( -0.09842519685039370636, 0.1771653543307086798, -0.09842519685039370636 ) ) ;
#6979 = VECTOR ( 'NONE', #699, 39.37007874015748143 ) ;
#6980 = VECTOR ( 'NONE', #2952, 39.37007874015748143 ) ;
#6981 = VECTOR ( 'NONE', #3792, 39.37007874015748854 ) ;
#6982 = FACE_OUTER_BOUND ( 'NONE', #6213, .T. ) ;
#6983 = VECTOR ( 'NONE', #3924, 39.37007874015748143 ) ;
#6984 = DIRECTION ( 'NONE',  ( 1.000000000000000000, 0.000000000000000000, 0.000000000000000000 ) ) ;
#6985 = VECTOR ( 'NONE', #2856, 39.37007874015748143 ) ;
#6986 = ORIENTED_EDGE ( 'NONE', *, *, #6093, .T. ) ;
#6987 = CARTESIAN_POINT ( 'NONE',  ( -0.08842519712320219549, -0.2126080233388195628, -0.1628361169468381664 ) ) ;
#6988 = DIRECTION ( 'NONE',  ( -1.000000000000000000, 0.000000000000000000, 0.000000000000000000 ) ) ;
#6989 = ORIENTED_EDGE ( 'NONE', *, *, #6047, .F. ) ;
#6990 = CARTESIAN_POINT ( 'NONE',  ( 0.04921259842519685318, -0.2220078740157480635, -0.3070866141732283561 ) ) ;
#6991 = AXIS2_PLACEMENT_3D ( 'NONE', #7488, #6910, #1701 ) ;
#6992 = LINE ( 'NONE', #2318, #3815 ) ;
#6993 = VECTOR ( 'NONE', #2248, 39.37007874015748143 ) ;
#6994 = VECTOR ( 'NONE', #6662, 39.37007874015748143 ) ;
#6995 = DIRECTION ( 'NONE',  ( 1.000000000000000000, 0.000000000000000000, 0.000000000000000000 ) ) ;
#6996 = DIRECTION ( 'NONE',  ( 1.000000000000000000, 0.000000000000000000, 0.000000000000000000 ) ) ;
#6997 = DIRECTION ( 'NONE',  ( 0.000000000000000000, 0.000000000000000000, 1.000000000000000000 ) ) ;
#6998 = VECTOR ( 'NONE', #6495, 39.37007874015748143 ) ;
#6999 = CARTESIAN_POINT ( 'NONE',  ( -0.1624015748031496231, -0.1259842519685039353, -0.5019685039370078705 ) ) ;
#7000 = ORIENTED_EDGE ( 'NONE', *, *, #5341, .T. ) ;
#7001 = VERTEX_POINT ( 'NONE', #2584 ) ;
#7002 = CARTESIAN_POINT ( 'NONE',  ( 0.08403773863606298078, -0.1673404559975590900, -0.09826075857948822490 ) ) ;
#7003 = CIRCLE ( 'NONE', #1904, 0.05905511811023622659 ) ;
#7004 = EDGE_CURVE ( 'NONE', #7206, #3217, #354, .T. ) ;
#7005 = CARTESIAN_POINT ( 'NONE',  ( 0.07381096552417322487, -0.08530723483129921958, -0.2462107929671653594 ) ) ;
#7006 = ADVANCED_FACE ( 'NONE', ( #6697 ), #4880, .T. ) ;
#7007 = EDGE_CURVE ( 'NONE', #5612, #716, #4423, .T. ) ;
#7008 = CARTESIAN_POINT ( 'NONE',  ( 0.1857480314960630041, -0.09251968503937008093, -0.4704724409448819422 ) ) ;
#7009 = ORIENTED_EDGE ( 'NONE', *, *, #270, .T. ) ;
#7010 = AXIS2_PLACEMENT_3D ( 'NONE', #6837, #3420, #7376 ) ;
#7011 = VERTEX_POINT ( 'NONE', #6731 ) ;
#7012 = EDGE_CURVE ( 'NONE', #5129, #5663, #6615, .T. ) ;
#7013 = ORIENTED_EDGE ( 'NONE', *, *, #2052, .T. ) ;
#7014 = CARTESIAN_POINT ( 'NONE',  ( 0.004453903865474037431, -0.1121336675761583773, -0.3772584245854594398 ) ) ;
#7015 = CARTESIAN_POINT ( 'NONE',  ( 0.08418419347889595505, -0.1701223009175457934, -0.09000386492192170851 ) ) ;
#7016 = B_SPLINE_CURVE_WITH_KNOTS ( 'NONE', 3,
 ( #895, #7289, #1468, #2113, #5557, #6760, #5507, #3874, #6074, #5592 ),
 .UNSPECIFIED., .F., .F.,
 ( 4, 2, 2, 2, 4 ),
 ( 0.000000000000000000, 0.2500000000000000000, 0.5000000000000000000, 0.7500000000000000000, 1.000000000000000000 ),
 .UNSPECIFIED. ) ;
#7017 = ADVANCED_FACE ( 'NONE', ( #2020 ), #6168, .F. ) ;
#7018 = CARTESIAN_POINT ( 'NONE',  ( -0.1564185429548031470, 0.000000000000000000, -0.4771259842519685046 ) ) ;
#7019 = EDGE_LOOP ( 'NONE', ( #6885, #4397 ) ) ;
#7020 = ORIENTED_EDGE ( 'NONE', *, *, #3390, .T. ) ;
#7021 = CARTESIAN_POINT ( 'NONE',  ( 0.1782271263365354241, 0.000000000000000000, -0.4771259842519685046 ) ) ;
#7022 = CARTESIAN_POINT ( 'NONE',  ( 0.08858740918614174675, -0.2215342158694882102, -0.1633898374116141694 ) ) ;
#7023 = ADVANCED_FACE ( 'NONE', ( #3280 ), #5604, .F. ) ;
#7024 = DIRECTION ( 'NONE',  ( 0.000000000000000000, 0.000000000000000000, 1.000000000000000000 ) ) ;
#7025 = LINE ( 'NONE', #3388, #2860 ) ;
#7026 = ORIENTED_EDGE ( 'NONE', *, *, #4744, .T. ) ;
#7027 = CARTESIAN_POINT ( 'NONE',  ( -0.06496062992125983815, -0.09251968503937008093, -0.4980314960629921295 ) ) ;
#7028 = CARTESIAN_POINT ( 'NONE',  ( -0.09842519685039370636, 0.09842519685039370636, -0.03818897637795275884 ) ) ;
#7029 = ORIENTED_EDGE ( 'NONE', *, *, #7085, .F. ) ;
#7030 = CARTESIAN_POINT ( 'NONE',  ( -0.07423549663831006951, -0.08407205932403108428, -0.2385094705284027394 ) ) ;
#7031 = DIRECTION ( 'NONE',  ( 1.000000000000000000, 0.000000000000000000, 0.000000000000000000 ) ) ;
#7032 = CARTESIAN_POINT ( 'NONE',  ( 0.1429133858267716550, -0.09055118110236221041, -0.04527559055118110520 ) ) ;
#7033 = CARTESIAN_POINT ( 'NONE',  ( -0.03937007874015747977, 0.000000000000000000, -0.5334645669291339098 ) ) ;
#7034 = CARTESIAN_POINT ( 'NONE',  ( -0.06102362204724410405, 7.473238341253534249E-18, -0.4133858267716535861 ) ) ;
#7035 = PLANE ( 'NONE',  #6509 ) ;
#7036 = ORIENTED_EDGE ( 'NONE', *, *, #6041, .F. ) ;
#7037 = ORIENTED_EDGE ( 'NONE', *, *, #2694, .F. ) ;
#7038 = DIRECTION ( 'NONE',  ( -1.000000000000000000, 0.000000000000000000, 0.000000000000000000 ) ) ;
#7039 = DIRECTION ( 'NONE',  ( 0.000000000000000000, 0.000000000000000000, 1.000000000000000000 ) ) ;
#7040 = CARTESIAN_POINT ( 'NONE',  ( 0.07501883914818997801, -0.08108038299634232060, -0.2201151789812570980 ) ) ;
#7041 = VERTEX_POINT ( 'NONE', #5033 ) ;
#7042 = ORIENTED_EDGE ( 'NONE', *, *, #1481, .F. ) ;
#7043 = ORIENTED_EDGE ( 'NONE', *, *, #5304, .F. ) ;
#7044 = DIRECTION ( 'NONE',  ( 1.000000000000000000, 0.000000000000000000, 0.000000000000000000 ) ) ;
#7045 = PLANE ( 'NONE',  #3198 ) ;
#7046 = EDGE_CURVE ( 'NONE', #6456, #626, #7338, .T. ) ;
#7047 = DIRECTION ( 'NONE',  ( 1.000000000000000000, 0.000000000000000000, 0.000000000000000000 ) ) ;
#7048 = ORIENTED_EDGE ( 'NONE', *, *, #3711, .T. ) ;
#7049 = EDGE_CURVE ( 'NONE', #3000, #2658, #5485, .T. ) ;
#7050 = ORIENTED_EDGE ( 'NONE', *, *, #834, .T. ) ;
#7051 = LINE ( 'NONE', #1271, #7467 ) ;
#7052 = CARTESIAN_POINT ( 'NONE',  ( 0.08834173306248033208, -0.2115692759985039473, -0.1624699366262598588 ) ) ;
#7053 = ADVANCED_FACE ( 'NONE', ( #7414 ), #1068, .F. ) ;
#7054 = LINE ( 'NONE', #1351, #6392 ) ;
#7055 = ADVANCED_FACE ( 'NONE', ( #7494 ), #5186, .F. ) ;
#7056 = CARTESIAN_POINT ( 'NONE',  ( -0.06968503937008621585, -0.1103785881858967144, -0.3104078322219632202 ) ) ;
#7057 = ADVANCED_FACE ( 'NONE', ( #6281 ), #1706, .T. ) ;
#7058 = ORIENTED_EDGE ( 'NONE', *, *, #6356, .F. ) ;
#7059 = FACE_OUTER_BOUND ( 'NONE', #6022, .T. ) ;
#7060 = LINE ( 'NONE', #2506, #1056 ) ;
#7061 = ORIENTED_EDGE ( 'NONE', *, *, #5448, .F. ) ;
#7062 = DIRECTION ( 'NONE',  ( 0.000000000000000000, 0.000000000000000000, -1.000000000000000000 ) ) ;
#7063 = FACE_OUTER_BOUND ( 'NONE', #6176, .T. ) ;
#7064 = LINE ( 'NONE', #5446, #3576 ) ;
#7065 = DIRECTION ( 'NONE',  ( 1.000000000000000000, 0.000000000000000000, 0.000000000000000000 ) ) ;
#7066 = CARTESIAN_POINT ( 'NONE',  ( -0.07504920018594488096, -0.08151669791889765149, -0.2194801003604724132 ) ) ;
#7067 = DIRECTION ( 'NONE',  ( 1.000000000000000000, 0.000000000000000000, 0.000000000000000000 ) ) ;
#7068 = DIRECTION ( 'NONE',  ( -0.000000000000000000, -1.000000000000000000, -0.000000000000000000 ) ) ;
#7069 = VERTEX_POINT ( 'NONE', #2283 ) ;
#7070 = ORIENTED_EDGE ( 'NONE', *, *, #2447, .F. ) ;
#7071 = CARTESIAN_POINT ( 'NONE',  ( 0.08661417322834646937, -0.06692913385826770867, -0.5347244094488189381 ) ) ;
#7072 = FACE_OUTER_BOUND ( 'NONE', #6340, .T. ) ;
#7073 = AXIS2_PLACEMENT_3D ( 'NONE', #3448, #6479, #4126 ) ;
#7074 = CARTESIAN_POINT ( 'NONE',  ( -0.003605085228960862483, 0.05730118883755971199, -0.5452755905511897927 ) ) ;
#7075 = CARTESIAN_POINT ( 'NONE',  ( -0.1574803149606299191, 0.005118110236220472370, -0.4704724409448819422 ) ) ;
#7076 = ORIENTED_EDGE ( 'NONE', *, *, #6918, .F. ) ;
#7077 = EDGE_LOOP ( 'NONE', ( #4203, #1925, #313, #4309 ) ) ;
#7078 = CARTESIAN_POINT ( 'NONE',  ( -0.01771653543307086937, -0.1532808398951364115, -0.5366141732281709542 ) ) ;
#7079 = ORIENTED_EDGE ( 'NONE', *, *, #3992, .F. ) ;
#7080 = CARTESIAN_POINT ( 'NONE',  ( -0.1842519685039370192, -0.2559055118110236671, -0.4704724409448819422 ) ) ;
#7081 = VECTOR ( 'NONE', #2254, 39.37007874015748143 ) ;
#7082 = CARTESIAN_POINT ( 'NONE',  ( 0.08406608324267635102, -0.1662798767760588492, -0.09570049297854657522 ) ) ;
#7083 = PLANE ( 'NONE',  #4438 ) ;
#7084 = AXIS2_PLACEMENT_3D ( 'NONE', #3467, #578, #2900 ) ;
#7085 = EDGE_CURVE ( 'NONE', #2171, #7279, #2784, .T. ) ;
#7086 = VERTEX_POINT ( 'NONE', #5223 ) ;
#7087 = ORIENTED_EDGE ( 'NONE', *, *, #133, .T. ) ;
#7088 = CARTESIAN_POINT ( 'NONE',  ( -0.009426405897364906888, -0.1112348003919740452, -0.3686475953159325525 ) ) ;
#7089 = DIRECTION ( 'NONE',  ( 0.000000000000000000, -1.000000000000000000, 0.000000000000000000 ) ) ;
#7090 = VECTOR ( 'NONE', #1720, 39.37007874015748143 ) ;
#7091 = CARTESIAN_POINT ( 'NONE',  ( -0.08858740422015749794, -0.2115366657023228236, -0.1634038002211023466 ) ) ;
#7092 = EDGE_CURVE ( 'NONE', #5540, #2063, #4645, .T. ) ;
#7093 = VERTEX_POINT ( 'NONE', #4029 ) ;
#7094 = ADVANCED_FACE ( 'NONE', ( #1593 ), #6228, .T. ) ;
#7095 = LINE ( 'NONE', #2423, #4795 ) ;
#7096 = ADVANCED_FACE ( 'NONE', ( #1101 ), #5742, .T. ) ;
#7097 = CIRCLE ( 'NONE', #7349, 0.01586027832957614611 ) ;
#7098 = ORIENTED_EDGE ( 'NONE', *, *, #2795, .F. ) ;
#7099 = CYLINDRICAL_SURFACE ( 'NONE', #5171, 0.01968503936982328797 ) ;
#7100 = VECTOR ( 'NONE', #141, 39.37007874015748143 ) ;
#7101 = VECTOR ( 'NONE', #4877, 39.37007874015748143 ) ;
#7102 = CIRCLE ( 'NONE', #5414, 0.003937007874015724558 ) ;
#7103 = CARTESIAN_POINT ( 'NONE',  ( -0.1377952755905511861, -0.1043307086614173318, -0.4704724409448819422 ) ) ;
#7104 = VERTEX_POINT ( 'NONE', #5399 ) ;
#7105 = DIRECTION ( 'NONE',  ( 1.000000000000000000, 0.000000000000000000, 0.000000000000000000 ) ) ;
#7106 = EDGE_CURVE ( 'NONE', #101, #810, #5853, .T. ) ;
#7107 = DIRECTION ( 'NONE',  ( -1.000000000000000000, -0.000000000000000000, -0.000000000000000000 ) ) ;
#7108 = DIRECTION ( 'NONE',  ( 1.000000000000000000, 0.000000000000000000, 0.000000000000000000 ) ) ;
#7109 = EDGE_CURVE ( 'NONE', #495, #2718, #635, .T. ) ;
#7110 = AXIS2_PLACEMENT_3D ( 'NONE', #6183, #3977, #2214 ) ;
#7111 = VECTOR ( 'NONE', #4934, 39.37007874015748143 ) ;
#7112 = CARTESIAN_POINT ( 'NONE',  ( 0.05905511811023622659, -0.2559055118110236671, -0.5334645669291339098 ) ) ;
#7113 = CARTESIAN_POINT ( 'NONE',  ( -0.01771653543307086937, -0.1595180364634931069, -0.5467000553299393717 ) ) ;
#7114 = FACE_OUTER_BOUND ( 'NONE', #5058, .T. ) ;
#7115 = ORIENTED_EDGE ( 'NONE', *, *, #7049, .T. ) ;
#7116 = AXIS2_PLACEMENT_3D ( 'NONE', #7161, #5458, #3743 ) ;
#7117 = AXIS2_PLACEMENT_3D ( 'NONE', #311, #387, #2703 ) ;
#7118 = ORIENTED_EDGE ( 'NONE', *, *, #561, .T. ) ;
#7119 = LINE ( 'NONE', #4885, #5517 ) ;
#7120 = LINE ( 'NONE', #7343, #3092 ) ;
#7121 = EDGE_CURVE ( 'NONE', #5950, #1707, #6610, .T. ) ;
#7122 = AXIS2_PLACEMENT_3D ( 'NONE', #4590, #505, #7459 ) ;
#7123 = AXIS2_PLACEMENT_3D ( 'NONE', #2011, #4341, #3841 ) ;
#7124 = CARTESIAN_POINT ( 'NONE',  ( 0.1377952755905511861, -0.2075996453170078637, -0.1633858267716535584 ) ) ;
#7125 = CARTESIAN_POINT ( 'NONE',  ( 0.09212598425196850960, -0.2086614173228346636, -0.5058267716535433944 ) ) ;
#7126 = ORIENTED_EDGE ( 'NONE', *, *, #4162, .T. ) ;
#7127 = ORIENTED_EDGE ( 'NONE', *, *, #336, .F. ) ;
#7128 = CARTESIAN_POINT ( 'NONE',  ( -0.01771653543307086937, -0.1377952755905511861, -0.5334645669291339098 ) ) ;
#7129 = AXIS2_PLACEMENT_3D ( 'NONE', #642, #2862, #3433 ) ;
#7130 = ORIENTED_EDGE ( 'NONE', *, *, #3018, .T. ) ;
#7131 = DIRECTION ( 'NONE',  ( 1.000000000000000000, 0.000000000000000000, 0.000000000000000000 ) ) ;
#7132 = CARTESIAN_POINT ( 'NONE',  ( -0.004513320484484960315, -0.09251968503937008093, -0.4411016153650978988 ) ) ;
#7133 = DIRECTION ( 'NONE',  ( 1.000000000000000000, 0.000000000000000000, 0.000000000000000000 ) ) ;
#7134 = AXIS2_PLACEMENT_3D ( 'NONE', #4608, #4024, #5776 ) ;
#7135 = PRODUCT_CONTEXT ( 'NONE', #951, 'mechanical' ) ;
#7136 = VERTEX_POINT ( 'NONE', #7103 ) ;
#7137 = ORIENTED_EDGE ( 'NONE', *, *, #6326, .F. ) ;
#7138 = CARTESIAN_POINT ( 'NONE',  ( -0.01771653543307086937, -0.1448818897637795255, -0.5429133858267717327 ) ) ;
#7139 = CARTESIAN_POINT ( 'NONE',  ( 0.06977785225594487772, -0.1149545223107480280, -0.3070249378753149294 ) ) ;
#7140 = CARTESIAN_POINT ( 'NONE',  ( -0.08842359471551182459, -0.2148769229130315372, -0.1629373620555511493 ) ) ;
#7141 = DIRECTION ( 'NONE',  ( 0.000000000000000000, 0.000000000000000000, -1.000000000000000000 ) ) ;
#7142 = EDGE_LOOP ( 'NONE', ( #3445, #2107, #4048, #3166 ) ) ;
#7143 = DIRECTION ( 'NONE',  ( 0.000000000000000000, 0.000000000000000000, 1.000000000000000000 ) ) ;
#7144 = CARTESIAN_POINT ( 'NONE',  ( 2.892866454678786221E-18, -0.3681102362204724532, -0.3070866141732283006 ) ) ;
#7145 = CARTESIAN_POINT ( 'NONE',  ( 0.02362204724409448786, -0.3444881889763780070, -0.5334645669291339098 ) ) ;
#7146 = CARTESIAN_POINT ( 'NONE',  ( 0.1771653543307086798, 0.1771653543307086798, -0.03937007874015747977 ) ) ;
#7147 = FACE_OUTER_BOUND ( 'NONE', #1642, .T. ) ;
#7148 = EDGE_CURVE ( 'NONE', #5904, #3933, #4142, .T. ) ;
#7149 = CARTESIAN_POINT ( 'NONE',  ( -0.06878740157480314754, -0.1049288131639462690, -0.4634220185422361915 ) ) ;
#7150 = CARTESIAN_POINT ( 'NONE',  ( -0.07482238275587933807, -0.07953815477563765113, -0.2248651861803868390 ) ) ;
#7151 = CARTESIAN_POINT ( 'NONE',  ( 0.1102362204724409434, -0.1053924806672440900, -0.3917322834645669549 ) ) ;
#7152 = EDGE_CURVE ( 'NONE', #60, #6254, #185, .T. ) ;
#7153 = DIRECTION ( 'NONE',  ( -0.000000000000000000, -0.000000000000000000, -1.000000000000000000 ) ) ;
#7154 = CARTESIAN_POINT ( 'NONE',  ( -0.1574803149606299191, -2.892866454678787531E-17, -0.1377952755905511861 ) ) ;
#7155 = ORIENTED_EDGE ( 'NONE', *, *, #2217, .T. ) ;
#7156 = ORIENTED_EDGE ( 'NONE', *, *, #32, .T. ) ;
#7157 = CARTESIAN_POINT ( 'NONE',  ( -0.03937007874015747977, 0.000000000000000000, -0.4133858267716535861 ) ) ;
#7158 = ADVANCED_FACE ( 'NONE', ( #1850 ), #2956, .T. ) ;
#7159 = CARTESIAN_POINT ( 'NONE',  ( -0.05905511811023622659, -0.2086614173228346636, -0.5058267716535433944 ) ) ;
#7160 = CARTESIAN_POINT ( 'NONE',  ( 0.05905511811023622659, -0.2559055118110236671, -0.4704724409448819422 ) ) ;
#7161 = CARTESIAN_POINT ( 'NONE',  ( 0.1791338582677165503, -0.3444881889763780070, -0.4212598425196850127 ) ) ;
#7162 = EDGE_LOOP ( 'NONE', ( #2876, #3375, #395, #2946 ) ) ;
#7163 = EDGE_CURVE ( 'NONE', #4426, #5129, #7060, .T. ) ;
#7164 = VERTEX_POINT ( 'NONE', #7144 ) ;
#7165 = DIRECTION ( 'NONE',  ( 1.552855066755400153E-13, 0.8290375725550969133, 0.5591929034706649704 ) ) ;
#7166 = ORIENTED_EDGE ( 'NONE', *, *, #2402, .T. ) ;
#7167 = CARTESIAN_POINT ( 'NONE',  ( -0.01216580161873516246, -0.1052635217612343244, -0.3767408011749085461 ) ) ;
#7168 = DIRECTION ( 'NONE',  ( 1.000000000000000000, 0.000000000000000000, 0.000000000000000000 ) ) ;
#7169 = FACE_OUTER_BOUND ( 'NONE', #891, .T. ) ;
#7170 = ORIENTED_EDGE ( 'NONE', *, *, #134, .T. ) ;
#7171 = ORIENTED_EDGE ( 'NONE', *, *, #1379, .T. ) ;
#7172 = DIRECTION ( 'NONE',  ( 0.000000000000000000, 0.000000000000000000, -1.000000000000000000 ) ) ;
#7173 = CARTESIAN_POINT ( 'NONE',  ( 0.06974325653492126353, -0.1181096384640551167, -0.3058778944785826570 ) ) ;
#7174 = CARTESIAN_POINT ( 'NONE',  ( -0.09842519685039370636, 0.09842519685039370636, -0.03937007874015747977 ) ) ;
#7175 = CARTESIAN_POINT ( 'NONE',  ( 0.08524718560487380692, -0.2149338111742269131, -0.1045724429960647600 ) ) ;
#7176 = EDGE_LOOP ( 'NONE', ( #3149, #5655, #3497, #702 ) ) ;
#7177 = DIRECTION ( 'NONE',  ( 0.000000000000000000, 0.000000000000000000, 1.000000000000000000 ) ) ;
#7178 = CARTESIAN_POINT ( 'NONE',  ( 0.06200787401574803237, -0.2559055118110236671, -0.4704724409448819422 ) ) ;
#7179 = DIRECTION ( 'NONE',  ( 1.000000000000000000, 0.000000000000000000, 0.000000000000000000 ) ) ;
#7180 = LINE ( 'NONE', #4111, #5548 ) ;
#7181 = DIRECTION ( 'NONE',  ( 0.000000000000000000, 0.8987940462990940960, -0.4383711467892270064 ) ) ;
#7182 = FACE_OUTER_BOUND ( 'NONE', #4582, .T. ) ;
#7183 = DIRECTION ( 'NONE',  ( 1.000000000000000000, 0.000000000000000000, 0.000000000000000000 ) ) ;
#7184 = CARTESIAN_POINT ( 'NONE',  ( 0.009054923925706320070, -0.1017167852859635485, -0.3917322834645669549 ) ) ;
#7185 = EDGE_CURVE ( 'NONE', #514, #1253, #71, .T. ) ;
#7186 = DIRECTION ( 'NONE',  ( 1.000000000000000000, 0.000000000000000000, 0.000000000000000000 ) ) ;
#7187 = VERTEX_POINT ( 'NONE', #2389 ) ;
#7188 = ORIENTED_EDGE ( 'NONE', *, *, #3051, .F. ) ;
#7189 = CARTESIAN_POINT ( 'NONE',  ( -0.06984251968503936425, -0.09251968503937008093, -0.4704724409448819422 ) ) ;
#7190 = CARTESIAN_POINT ( 'NONE',  ( 0.01771653543307086937, -0.1307086614173090522, -0.5429133858267717327 ) ) ;
#7191 = EDGE_CURVE ( 'NONE', #2971, #243, #4838, .T. ) ;
#7192 = LINE ( 'NONE', #1981, #6038 ) ;
#7193 = CARTESIAN_POINT ( 'NONE',  ( 0.05905511811025197094, -0.1049288131639462690, -0.4634220185422361915 ) ) ;
#7194 = EDGE_LOOP ( 'NONE', ( #3986, #5851 ) ) ;
#7195 = EDGE_CURVE ( 'NONE', #5460, #3023, #4722, .T. ) ;
#7196 = ORIENTED_EDGE ( 'NONE', *, *, #5119, .T. ) ;
#7197 = CARTESIAN_POINT ( 'NONE',  ( 0.1149606299212598409, -0.09145791303354332269, -0.3917322834645669549 ) ) ;
#7198 = ORIENTED_EDGE ( 'NONE', *, *, #730, .F. ) ;
#7199 = FACE_OUTER_BOUND ( 'NONE', #3721, .T. ) ;
#7200 = CARTESIAN_POINT ( 'NONE',  ( -0.002802038464978198924, 0.04453712603599258718, -0.5515072208990252633 ) ) ;
#7201 = EDGE_CURVE ( 'NONE', #1390, #4090, #1355, .T. ) ;
#7202 = CYLINDRICAL_SURFACE ( 'NONE', #3340, 0.009842519685324162965 ) ;
#7203 = EDGE_CURVE ( 'NONE', #4015, #6441, #6887, .T. ) ;
#7204 = ORIENTED_EDGE ( 'NONE', *, *, #2090, .F. ) ;
#7205 = VECTOR ( 'NONE', #5432, 39.37007874015748143 ) ;
#7206 = VERTEX_POINT ( 'NONE', #3003 ) ;
#7207 = LINE ( 'NONE', #4901, #1395 ) ;
#7208 = FACE_OUTER_BOUND ( 'NONE', #1208, .T. ) ;
#7209 = DIRECTION ( 'NONE',  ( -1.000000000000000000, 0.000000000000000000, 0.000000000000000000 ) ) ;
#7210 = AXIS2_PLACEMENT_3D ( 'NONE', #4657, #1719, #6359 ) ;
#7211 = ORIENTED_EDGE ( 'NONE', *, *, #1304, .T. ) ;
#7212 = ORIENTED_EDGE ( 'NONE', *, *, #4883, .F. ) ;
#7213 = FACE_BOUND ( 'NONE', #1338, .T. ) ;
#7214 = EDGE_LOOP ( 'NONE', ( #5918, #5036, #1674, #3453 ) ) ;
#7215 = FACE_BOUND ( 'NONE', #7194, .T. ) ;
#7216 = DIRECTION ( 'NONE',  ( 0.000000000000000000, 0.000000000000000000, 1.000000000000000000 ) ) ;
#7217 = VECTOR ( 'NONE', #6970, 39.37007874015748143 ) ;
#7218 = DIRECTION ( 'NONE',  ( 1.356852694780501630E-16, 0.1564344650394034753, -0.9876883405952687767 ) ) ;
#7219 = LINE ( 'NONE', #1442, #4086 ) ;
#7220 = VECTOR ( 'NONE', #6195, 39.37007874015748143 ) ;
#7221 = CARTESIAN_POINT ( 'NONE',  ( 0.000000000000000000, -0.05511811023622047168, -0.3740157480314960647 ) ) ;
#7222 = AXIS2_PLACEMENT_3D ( 'NONE', #1923, #5501, #5582 ) ;
#7223 = CARTESIAN_POINT ( 'NONE',  ( -0.06984251968503936425, -0.1053924806672440900, -0.4704724409448819422 ) ) ;
#7224 = VECTOR ( 'NONE', #1996, 39.37007874015748143 ) ;
#7225 = CARTESIAN_POINT ( 'NONE',  ( -0.1564185429548031470, 0.000000000000000000, -0.4704724409448819422 ) ) ;
#7226 = CARTESIAN_POINT ( 'NONE',  ( 0.08858267716535433989, -0.2110236220472441193, -0.5019685039370078705 ) ) ;
#7227 = VERTEX_POINT ( 'NONE', #1281 ) ;
#7228 = ORIENTED_EDGE ( 'NONE', *, *, #6190, .T. ) ;
#7229 = AXIS2_PLACEMENT_3D ( 'NONE', #6538, #795, #3122 ) ;
#7230 = LINE ( 'NONE', #3203, #4430 ) ;
#7231 = AXIS2_PLACEMENT_3D ( 'NONE', #3628, #5833, #6363 ) ;
#7232 = AXIS2_PLACEMENT_3D ( 'NONE', #4488, #5731, #3982 ) ;
#7233 = CARTESIAN_POINT ( 'NONE',  ( 0.01249388700970553365, -0.1043307086614173318, -0.3917322834645669549 ) ) ;
#7234 = DIRECTION ( 'NONE',  ( 0.000000000000000000, -7.228014483236700500E-16, -1.000000000000000000 ) ) ;
#7235 = AXIS2_PLACEMENT_3D ( 'NONE', #3053, #5417, #276 ) ;
#7236 = FACE_OUTER_BOUND ( 'NONE', #4040, .T. ) ;
#7237 = ORIENTED_EDGE ( 'NONE', *, *, #4781, .T. ) ;
#7238 = VECTOR ( 'NONE', #1954, 39.37007874015748143 ) ;
#7239 = ORIENTED_EDGE ( 'NONE', *, *, #6779, .T. ) ;
#7240 = CARTESIAN_POINT ( 'NONE',  ( 0.08661417322834646937, 0.02362204724409448786, -0.4704724409448819422 ) ) ;
#7241 = EDGE_CURVE ( 'NONE', #4089, #243, #2926, .T. ) ;
#7242 = ORIENTED_EDGE ( 'NONE', *, *, #4320, .T. ) ;
#7243 = CARTESIAN_POINT ( 'NONE',  ( -1.259473653022270565E-07, -0.1112434917519062316, -0.3686425014086917584 ) ) ;
#7244 = CARTESIAN_POINT ( 'NONE',  ( 0.1771653543307086798, -0.2588976377952755814, -0.4704724409448819422 ) ) ;
#7245 = VECTOR ( 'NONE', #7062, 39.37007874015748143 ) ;
#7246 = FACE_OUTER_BOUND ( 'NONE', #160, .T. ) ;
#7247 = VECTOR ( 'NONE', #5334, 39.37007874015748143 ) ;
#7248 = ADVANCED_FACE ( 'NONE', ( #5362 ), #6426, .F. ) ;
#7249 = ADVANCED_FACE ( 'NONE', ( #606 ), #33, .T. ) ;
#7250 = EDGE_CURVE ( 'NONE', #478, #540, #4109, .T. ) ;
#7251 = VERTEX_POINT ( 'NONE', #6116 ) ;
#7252 = ORIENTED_EDGE ( 'NONE', *, *, #1434, .T. ) ;
#7253 = ADVANCED_FACE ( 'NONE', ( #5598 ), #2621, .F. ) ;
#7254 = VERTEX_POINT ( 'NONE', #4457 ) ;
#7255 = CARTESIAN_POINT ( 'NONE',  ( 0.06608351511862206595, -0.1144863941779527550, -0.3459426093986615602 ) ) ;
#7256 = EDGE_CURVE ( 'NONE', #1211, #3518, #3732, .T. ) ;
#7257 = AXIS2_PLACEMENT_3D ( 'NONE', #5457, #240, #5531 ) ;
#7258 = CARTESIAN_POINT ( 'NONE',  ( 0.02362204724409448786, 2.892866454678786991E-18, -0.4763779527559054983 ) ) ;
#7259 = VERTEX_POINT ( 'NONE', #3236 ) ;
#7260 = ORIENTED_EDGE ( 'NONE', *, *, #2503, .F. ) ;
#7261 = CARTESIAN_POINT ( 'NONE',  ( -0.08858267716535433989, -0.2125984251968504046, -0.2696850393700788162 ) ) ;
#7262 = CARTESIAN_POINT ( 'NONE',  ( -0.1533070866141732214, -0.1053924806672440900, -0.4980314960629921295 ) ) ;
#7263 = EDGE_CURVE ( 'NONE', #4426, #5682, #5563, .T. ) ;
#7264 = CARTESIAN_POINT ( 'NONE',  ( -0.1279527559055118335, 1.566969329617676476E-17, -0.3740157480314960647 ) ) ;
#7265 = CYLINDRICAL_SURFACE ( 'NONE', #3374, 0.02362204724409448092 ) ;
#7266 = CARTESIAN_POINT ( 'NONE',  ( 0.07462107929592962097, -0.08460644715513419845, -0.2308673685130842035 ) ) ;
#7267 = FACE_OUTER_BOUND ( 'NONE', #6316, .T. ) ;
#7268 = DIRECTION ( 'NONE',  ( 1.000000000000000000, 0.000000000000000000, -1.084202172485502067E-15 ) ) ;
#7269 = CARTESIAN_POINT ( 'NONE',  ( -0.08550230248173228131, -0.2247760786249212994, -0.1167166439109842552 ) ) ;
#7270 = DIRECTION ( 'NONE',  ( 1.000000000000000000, 0.000000000000000000, 0.000000000000000000 ) ) ;
#7271 = FACE_OUTER_BOUND ( 'NONE', #6869, .T. ) ;
#7272 = EDGE_LOOP ( 'NONE', ( #3058, #2607, #7098, #5472 ) ) ;
#7273 = EDGE_LOOP ( 'NONE', ( #2094, #4410, #3745, #2185 ) ) ;
#7274 = DIRECTION ( 'NONE',  ( 0.000000000000000000, 0.000000000000000000, 1.000000000000000000 ) ) ;
#7275 = DIRECTION ( 'NONE',  ( 2.868529319312520260E-16, 3.252606517457149814E-16, -1.000000000000000000 ) ) ;
#7276 = CARTESIAN_POINT ( 'NONE',  ( -0.1161417322834645688, -0.09251968503937008093, -0.4704724409448819422 ) ) ;
#7277 = DIRECTION ( 'NONE',  ( -1.000000000000000000, 0.000000000000000000, 0.000000000000000000 ) ) ;
#7278 = VERTEX_POINT ( 'NONE', #4380 ) ;
#7279 = VERTEX_POINT ( 'NONE', #2663 ) ;
#7280 = ORIENTED_EDGE ( 'NONE', *, *, #98, .F. ) ;
#7281 = PLANE ( 'NONE',  #2590 ) ;
#7282 = CARTESIAN_POINT ( 'NONE',  ( -0.08650920695025079987, -0.1923912963840944956, -0.1133128678910236137 ) ) ;
#7283 = ORIENTED_EDGE ( 'NONE', *, *, #1207, .T. ) ;
#7284 = ORIENTED_EDGE ( 'NONE', *, *, #1485, .F. ) ;
#7285 = EDGE_CURVE ( 'NONE', #2063, #6640, #5476, .T. ) ;
#7286 = ORIENTED_EDGE ( 'NONE', *, *, #6489, .T. ) ;
#7287 = CARTESIAN_POINT ( 'NONE',  ( -0.0006754837608417325499, -0.1094694282835267790, -0.3844194256184787495 ) ) ;
#7288 = DIRECTION ( 'NONE',  ( 1.000000000000000000, 0.000000000000000000, 0.000000000000000000 ) ) ;
#7289 = CARTESIAN_POINT ( 'NONE',  ( -0.08536529584109482649, -0.2163152936760850409, -0.1098196810966173276 ) ) ;
#7290 = ORIENTED_EDGE ( 'NONE', *, *, #2684, .F. ) ;
#7291 = EDGE_CURVE ( 'NONE', #7187, #4616, #829, .T. ) ;
#7292 = VERTEX_POINT ( 'NONE', #6161 ) ;
#7293 = CARTESIAN_POINT ( 'NONE',  ( -0.1358267716535433156, -0.2125984251968504046, -0.4704724409448819422 ) ) ;
#7294 = DIRECTION ( 'NONE',  ( 1.391248227733399881E-15, 0.8987940462990938739, -0.4383711467892274505 ) ) ;
#7295 = ADVANCED_FACE ( 'NONE', ( #901, #6080 ), #1555, .F. ) ;
#7296 = LINE ( 'NONE', #1967, #2638 ) ;
#7297 = CARTESIAN_POINT ( 'NONE',  ( -0.1170484642146456811, -0.08948940909653543829, -0.3720472440944881942 ) ) ;
#7298 = CARTESIAN_POINT ( 'NONE',  ( -0.1161417322834645688, -0.09251968503937008093, -0.4606299212598425896 ) ) ;
#7299 = ADVANCED_FACE ( 'NONE', ( #4293 ), #948, .T. ) ;
#7300 = CARTESIAN_POINT ( 'NONE',  ( -0.0006754837608417303815, -0.1000323861645783519, -0.4440025645911197527 ) ) ;
#7301 = EDGE_CURVE ( 'NONE', #7104, #7353, #3976, .T. ) ;
#7302 = DIRECTION ( 'NONE',  ( 0.000000000000000000, 0.000000000000000000, 1.000000000000000000 ) ) ;
#7303 = FACE_OUTER_BOUND ( 'NONE', #1544, .T. ) ;
#7304 = FACE_OUTER_BOUND ( 'NONE', #3428, .T. ) ;
#7305 = VERTEX_POINT ( 'NONE', #7178 ) ;
#7306 = ORIENTED_EDGE ( 'NONE', *, *, #1941, .T. ) ;
#7307 = DIRECTION ( 'NONE',  ( 1.000000000000000000, 0.000000000000000000, 0.000000000000000000 ) ) ;
#7308 = DIRECTION ( 'NONE',  ( 0.000000000000000000, 0.000000000000000000, 1.000000000000000000 ) ) ;
#7309 = DIRECTION ( 'NONE',  ( 0.000000000000000000, 0.000000000000000000, 1.000000000000000000 ) ) ;
#7310 = CARTESIAN_POINT ( 'NONE',  ( -0.002802038464978198924, 0.04453712603599258718, -0.5515072208990252633 ) ) ;
#7311 = ORIENTED_EDGE ( 'NONE', *, *, #1288, .T. ) ;
#7312 = ORIENTED_EDGE ( 'NONE', *, *, #5480, .T. ) ;
#7313 = ORIENTED_EDGE ( 'NONE', *, *, #878, .T. ) ;
#7314 = CARTESIAN_POINT ( 'NONE',  ( 0.01771653543307086937, -0.1627296587926377880, -0.5492125984251968740 ) ) ;
#7315 = CARTESIAN_POINT ( 'NONE',  ( 0.07402805892885826189, -0.08666603493799213132, -0.2414717063228346561 ) ) ;
#7316 = ORIENTED_EDGE ( 'NONE', *, *, #3636, .F. ) ;
#7317 = ORIENTED_EDGE ( 'NONE', *, *, #5484, .T. ) ;
#7318 = VERTEX_POINT ( 'NONE', #6604 ) ;
#7319 = CARTESIAN_POINT ( 'NONE',  ( -0.06878740157480314754, -0.1043307086614303214, -0.4168640244161456732 ) ) ;
#7320 = DIRECTION ( 'NONE',  ( 0.000000000000000000, 0.000000000000000000, 1.000000000000000000 ) ) ;
#7321 = CARTESIAN_POINT ( 'NONE',  ( -0.08842358926791336893, -0.2115471103011023757, -0.1627807018536614192 ) ) ;
#7322 = ORIENTED_EDGE ( 'NONE', *, *, #5219, .F. ) ;
#7323 = ORIENTED_EDGE ( 'NONE', *, *, #5128, .T. ) ;
#7324 = LINE ( 'NONE', #4993, #5568 ) ;
#7325 = DIRECTION ( 'NONE',  ( 0.000000000000000000, 1.000000000000000000, 0.000000000000000000 ) ) ;
#7326 = FACE_OUTER_BOUND ( 'NONE', #813, .T. ) ;
#7327 = LINE ( 'NONE', #4342, #3730 ) ;
#7328 = CARTESIAN_POINT ( 'NONE',  ( -0.09040127955279547711, -0.09055118110236221041, -0.3740157480314960647 ) ) ;
#7329 = ADVANCED_FACE ( 'NONE', ( #7326 ), #3117, .F. ) ;
#7330 = AXIS2_PLACEMENT_3D ( 'NONE', #3922, #6846, #357 ) ;
#7331 = PLANE ( 'NONE',  #5544 ) ;
#7332 = ADVANCED_FACE ( 'NONE', ( #862 ), #3727, .F. ) ;
#7333 = ADVANCED_FACE ( 'NONE', ( #1474 ), #6721, .F. ) ;
#7334 = FACE_OUTER_BOUND ( 'NONE', #2075, .T. ) ;
#7335 = AXIS2_PLACEMENT_3D ( 'NONE', #4634, #1090, #3193 ) ;
#7336 = FACE_OUTER_BOUND ( 'NONE', #2444, .T. ) ;
#7337 = EDGE_CURVE ( 'NONE', #2762, #3327, #5442, .T. ) ;
#7338 = LINE ( 'NONE', #3164, #2023 ) ;
#7339 = ORIENTED_EDGE ( 'NONE', *, *, #4005, .F. ) ;
#7340 = VERTEX_POINT ( 'NONE', #7264 ) ;
#7341 = EDGE_CURVE ( 'NONE', #4578, #4516, #7296, .T. ) ;
#7342 = DIRECTION ( 'NONE',  ( 1.000000000000000000, 0.000000000000000000, 0.000000000000000000 ) ) ;
#7343 = CARTESIAN_POINT ( 'NONE',  ( 0.05905511811023622659, -0.3402969483027165620, -0.5334645669291339098 ) ) ;
#7344 = VECTOR ( 'NONE', #2097, 39.37007874015748854 ) ;
#7345 = CIRCLE ( 'NONE', #7462, 0.02362204724409448786 ) ;
#7346 = CARTESIAN_POINT ( 'NONE',  ( -0.06180859153836221198, -0.1043307086614238127, -0.4168640244161865849 ) ) ;
#7347 = LINE ( 'NONE', #2100, #1773 ) ;
#7348 = ORIENTED_EDGE ( 'NONE', *, *, #6137, .F. ) ;
#7349 = AXIS2_PLACEMENT_3D ( 'NONE', #1107, #1183, #4685 ) ;
#7350 = VERTEX_POINT ( 'NONE', #4909 ) ;
#7351 = VECTOR ( 'NONE', #5437, 39.37007874015748143 ) ;
#7352 = CIRCLE ( 'NONE', #2246, 0.01574803149606296415 ) ;
#7353 = VERTEX_POINT ( 'NONE', #6655 ) ;
#7354 = EDGE_CURVE ( 'NONE', #6483, #6192, #6688, .T. ) ;
#7355 = DIRECTION ( 'NONE',  ( -0.000000000000000000, -1.000000000000000000, -0.000000000000000000 ) ) ;
#7356 = CARTESIAN_POINT ( 'NONE',  ( 0.07382108702972441094, -0.07926755025598423987, -0.2490468648170472699 ) ) ;
#7357 = CIRCLE ( 'NONE', #1274, 0.06102362204724410405 ) ;
#7358 = CIRCLE ( 'NONE', #3965, 0.04921259842519685318 ) ;
#7359 = DIRECTION ( 'NONE',  ( -1.548860246407864076E-16, 1.000000000000000000, 0.000000000000000000 ) ) ;
#7360 = ORIENTED_EDGE ( 'NONE', *, *, #4134, .F. ) ;
#7361 = ORIENTED_EDGE ( 'NONE', *, *, #4237, .F. ) ;
#7362 = VECTOR ( 'NONE', #6529, 39.37007874015748143 ) ;
#7363 = ORIENTED_EDGE ( 'NONE', *, *, #461, .T. ) ;
#7364 = CARTESIAN_POINT ( 'NONE',  ( 0.01233351288314707417, -0.1043307086614173318, -0.4594548704292369390 ) ) ;
#7365 = CARTESIAN_POINT ( 'NONE',  ( 0.1771653543307086798, 0.09842519685039370636, -0.09842519685039370636 ) ) ;
#7366 = CIRCLE ( 'NONE', #3111, 0.03937007874015747977 ) ;
#7367 = CIRCLE ( 'NONE', #1278, 0.003937007874015724558 ) ;
#7368 = VECTOR ( 'NONE', #5599, 39.37007874015748143 ) ;
#7369 = ORIENTED_EDGE ( 'NONE', *, *, #5438, .F. ) ;
#7370 = DIRECTION ( 'NONE',  ( 1.000000000000000000, 0.000000000000000000, 0.000000000000000000 ) ) ;
#7371 = ORIENTED_EDGE ( 'NONE', *, *, #3347, .F. ) ;
#7372 = VECTOR ( 'NONE', #3907, 39.37007874015748143 ) ;
#7373 = CARTESIAN_POINT ( 'NONE',  ( 0.1574803149606299191, -0.1299212598425196763, -0.5669291338582678197 ) ) ;
#7374 = FACE_OUTER_BOUND ( 'NONE', #6071, .T. ) ;
#7375 = DIRECTION ( 'NONE',  ( 1.421085471520200372E-14, 1.000000000000000000, 0.000000000000000000 ) ) ;
#7376 = DIRECTION ( 'NONE',  ( 0.000000000000000000, 0.000000000000000000, -1.000000000000000000 ) ) ;
#7377 = DIRECTION ( 'NONE',  ( 1.409200835337102416E-46, -1.000000000000000000, -1.705932844735973596E-31 ) ) ;
#7378 = VECTOR ( 'NONE', #7518, 39.37007874015748143 ) ;
#7379 = DIRECTION ( 'NONE',  ( 0.000000000000000000, -0.1564344650407965276, 0.9876883405950480643 ) ) ;
#7380 = VECTOR ( 'NONE', #7486, 39.37007874015748143 ) ;
#7381 = CARTESIAN_POINT ( 'NONE',  ( -0.07442828796708662875, -0.07840030734279528069, -0.2342731279684251988 ) ) ;
#7382 = CARTESIAN_POINT ( 'NONE',  ( -0.01757046851007993543, -0.1188114066285401310, -0.3757707730273165958 ) ) ;
#7383 = DIRECTION ( 'NONE',  ( 0.000000000000000000, 0.6000000000094846131, 0.7999999999928866234 ) ) ;
#7384 = ORIENTED_EDGE ( 'NONE', *, *, #4522, .F. ) ;
#7385 = VERTEX_POINT ( 'NONE', #1125 ) ;
#7386 = EDGE_CURVE ( 'NONE', #5212, #6334, #3415, .T. ) ;
#7387 = ORIENTED_EDGE ( 'NONE', *, *, #137, .T. ) ;
#7388 = DIRECTION ( 'NONE',  ( 1.000000000000000000, 0.000000000000000000, 0.000000000000000000 ) ) ;
#7389 = LINE ( 'NONE', #3966, #7344 ) ;
#7390 = EDGE_CURVE ( 'NONE', #810, #7187, #6763, .T. ) ;
#7391 = LINE ( 'NONE', #431, #2871 ) ;
#7392 = EDGE_LOOP ( 'NONE', ( #6745, #3783, #5728, #3632 ) ) ;
#7393 = EDGE_CURVE ( 'NONE', #5730, #1055, #6264, .T. ) ;
#7394 = ORIENTED_EDGE ( 'NONE', *, *, #1067, .T. ) ;
#7395 = CARTESIAN_POINT ( 'NONE',  ( 0.08530624072299212990, -0.2178819028380708511, -0.1066018341355905591 ) ) ;
#7396 = CARTESIAN_POINT ( 'NONE',  ( 0.05905511811023622659, -0.05208171872173228412, -0.5334645669291339098 ) ) ;
#7397 =( BOUNDED_CURVE ( )  B_SPLINE_CURVE ( 3, ( #4853, #3086, #1297, #3777 ),
 .UNSPECIFIED., .F., .F. ) 
 B_SPLINE_CURVE_WITH_KNOTS ( ( 4, 4 ),
 ( 3.494201037802914023, 4.022615513577068036 ),
 .UNSPECIFIED. ) 
 CURVE ( )  GEOMETRIC_REPRESENTATION_ITEM ( )  RATIONAL_B_SPLINE_CURVE ( ( 1.000000000000000000, 0.9768665528918100138, 0.9768665528918100138, 1.000000000000000000 ) ) 
 REPRESENTATION_ITEM ( '' )  );
#7398 = EDGE_CURVE ( 'NONE', #3212, #6107, #1287, .T. ) ;
#7399 = CARTESIAN_POINT ( 'NONE',  ( 0.04921259842519685318, -0.2244094488188976555, -0.2952755905511810774 ) ) ;
#7400 = ORIENTED_EDGE ( 'NONE', *, *, #6912, .F. ) ;
#7401 = ORIENTED_EDGE ( 'NONE', *, *, #7263, .F. ) ;
#7402 = ORIENTED_EDGE ( 'NONE', *, *, #1286, .T. ) ;
#7403 = CARTESIAN_POINT ( 'NONE',  ( 0.0006219030941337736233, -0.1095249460053362989, -0.3840698877594190264 ) ) ;
#7404 = DIRECTION ( 'NONE',  ( 0.000000000000000000, 0.000000000000000000, -1.000000000000000000 ) ) ;
#7405 = PLANE ( 'NONE',  #3694 ) ;
#7406 = FACE_OUTER_BOUND ( 'NONE', #2528, .T. ) ;
#7407 = EDGE_LOOP ( 'NONE', ( #4816, #3263, #4303, #1703 ) ) ;
#7408 = FACE_OUTER_BOUND ( 'NONE', #2810, .T. ) ;
#7409 = DIRECTION ( 'NONE',  ( 0.000000000000000000, 0.1564344650402395287, -0.9876883405951363271 ) ) ;
#7410 = CARTESIAN_POINT ( 'NONE',  ( -0.04770029443665232960, 0.02268672498770313295, -0.5366618725208659457 ) ) ;
#7411 = CARTESIAN_POINT ( 'NONE',  ( -0.08465663442377545367, -0.1961483987752743741, -0.08129565439382829828 ) ) ;
#7412 = DIRECTION ( 'NONE',  ( -1.000000000000000000, -0.000000000000000000, -0.000000000000000000 ) ) ;
#7413 = CARTESIAN_POINT ( 'NONE',  ( -0.08189205381299215214, -0.4029385161165355278, -0.5452755905511811330 ) ) ;
#7414 = FACE_OUTER_BOUND ( 'NONE', #5453, .T. ) ;
#7415 = ORIENTED_EDGE ( 'NONE', *, *, #233, .T. ) ;
#7416 = LINE ( 'NONE', #577, #4456 ) ;
#7417 = ORIENTED_EDGE ( 'NONE', *, *, #7515, .T. ) ;
#7418 = CARTESIAN_POINT ( 'NONE',  ( -0.1574803149606299191, -0.1299212598425196763, -0.5324027949232285062 ) ) ;
#7419 = LINE ( 'NONE', #6778, #2617 ) ;
#7420 = EDGE_CURVE ( 'NONE', #1463, #5009, #3942, .T. ) ;
#7421 = DIRECTION ( 'NONE',  ( 1.000000000000000000, 0.000000000000000000, 0.000000000000000000 ) ) ;
#7422 = DIRECTION ( 'NONE',  ( 1.000000000000000000, 0.000000000000000000, 0.000000000000000000 ) ) ;
#7423 = ORIENTED_EDGE ( 'NONE', *, *, #5841, .F. ) ;
#7424 = EDGE_LOOP ( 'NONE', ( #6706, #2909, #6602, #3987 ) ) ;
#7425 = CARTESIAN_POINT ( 'NONE',  ( 0.08543379916141731478, -0.2184611131742913992, -0.1127574066646850476 ) ) ;
#7426 = ADVANCED_FACE ( 'NONE', ( #7406 ), #2158, .T. ) ;
#7427 = CARTESIAN_POINT ( 'NONE',  ( 0.07504920018594488096, -0.08422939348685039296, -0.2214180788672047429 ) ) ;
#7428 = EDGE_CURVE ( 'NONE', #2131, #3187, #6158, .T. ) ;
#7429 = FACE_OUTER_BOUND ( 'NONE', #588, .T. ) ;
#7430 = ORIENTED_EDGE ( 'NONE', *, *, #1469, .T. ) ;
#7431 = ORIENTED_EDGE ( 'NONE', *, *, #3396, .T. ) ;
#7432 = EDGE_CURVE ( 'NONE', #5540, #4401, #560, .T. ) ;
#7433 = ORIENTED_EDGE ( 'NONE', *, *, #6220, .F. ) ;
#7434 = CARTESIAN_POINT ( 'NONE',  ( 0.01397971005685905849, -0.1043307086614712609, -0.4633272880952000183 ) ) ;
#7435 = CARTESIAN_POINT ( 'NONE',  ( -0.06200787401574803237, -0.2244094488188976555, -0.2972440944881890035 ) ) ;
#7436 = EDGE_CURVE ( 'NONE', #1317, #1144, #6339, .T. ) ;
#7437 = CARTESIAN_POINT ( 'NONE',  ( 0.01631702154683464800, -0.1049407752540157529, -0.4634239131511811438 ) ) ;
#7438 = DIRECTION ( 'NONE',  ( -1.000000000000000000, 0.000000000000000000, 0.000000000000000000 ) ) ;
#7439 = ORIENTED_EDGE ( 'NONE', *, *, #4698, .T. ) ;
#7440 = EDGE_LOOP ( 'NONE', ( #4604, #3664, #2689, #5948 ) ) ;
#7441 = LINE ( 'NONE', #4606, #7378 ) ;
#7442 = CARTESIAN_POINT ( 'NONE',  ( 0.07462416144714692501, -0.07764842410584787968, -0.2294257382692324876 ) ) ;
#7443 = CARTESIAN_POINT ( 'NONE',  ( 0.1801956302735433224, -0.09145791303354332269, -0.3720472440944881942 ) ) ;
#7444 = VECTOR ( 'NONE', #2986, 39.37007874015748143 ) ;
#7445 = CARTESIAN_POINT ( 'NONE',  ( 0.09685039370078740717, 0.09842519685039370636, -0.09842519685039370636 ) ) ;
#7446 = DIRECTION ( 'NONE',  ( 0.000000000000000000, -1.000000000000000000, 0.000000000000000000 ) ) ;
#7447 = CARTESIAN_POINT ( 'NONE',  ( -0.06604891939759842401, -0.1177102013573622097, -0.3468573680460236286 ) ) ;
#7448 = VECTOR ( 'NONE', #7388, 39.37007874015748143 ) ;
#7449 = VERTEX_POINT ( 'NONE', #6375 ) ;
#7450 = VERTEX_POINT ( 'NONE', #4490 ) ;
#7451 = CARTESIAN_POINT ( 'NONE',  ( 0.01737879355264960665, -0.1049288131639559141, -0.4634220185421747962 ) ) ;
#7452 = ORIENTED_EDGE ( 'NONE', *, *, #6458, .F. ) ;
#7453 = LINE ( 'NONE', #1678, #530 ) ;
#7454 = DIRECTION ( 'NONE',  ( 1.000000000000000000, 0.000000000000000000, 0.000000000000000000 ) ) ;
#7455 = VECTOR ( 'NONE', #5922, 39.37007874015748143 ) ;
#7456 = DIRECTION ( 'NONE',  ( 4.179535469590380418E-30, -2.891205793294690455E-15, 1.000000000000000000 ) ) ;
#7457 = LINE ( 'NONE', #3859, #6871 ) ;
#7458 = EDGE_LOOP ( 'NONE', ( #7466, #6900, #4491, #5388 ) ) ;
#7459 = DIRECTION ( 'NONE',  ( 1.000000000000000000, 0.000000000000000000, 0.000000000000000000 ) ) ;
#7460 = ORIENTED_EDGE ( 'NONE', *, *, #7341, .F. ) ;
#7461 = CARTESIAN_POINT ( 'NONE',  ( -0.01771653543307086937, -0.1128608923884645565, -0.5334645669291339098 ) ) ;
#7462 = AXIS2_PLACEMENT_3D ( 'NONE', #2777, #979, #379 ) ;
#7463 = LINE ( 'NONE', #6211, #6491 ) ;
#7464 = VECTOR ( 'NONE', #7039, 39.37007874015748143 ) ;
#7465 = CARTESIAN_POINT ( 'NONE',  ( -0.05905511811023622659, -0.2559055118110236671, -0.5334645669291339098 ) ) ;
#7466 = ORIENTED_EDGE ( 'NONE', *, *, #2089, .F. ) ;
#7467 = VECTOR ( 'NONE', #3603, 39.37007874015748143 ) ;
#7468 = EDGE_LOOP ( 'NONE', ( #3144, #5498, #1176, #1826 ) ) ;
#7469 = ORIENTED_EDGE ( 'NONE', *, *, #921, .T. ) ;
#7470 = DIRECTION ( 'NONE',  ( 0.000000000000000000, -1.000000000000000000, 0.000000000000000000 ) ) ;
#7471 = CARTESIAN_POINT ( 'NONE',  ( -0.1388570475963779582, -0.2086614173228346636, -0.1572440944881889902 ) ) ;
#7472 = EDGE_CURVE ( 'NONE', #3980, #1661, #6936, .T. ) ;
#7473 = VECTOR ( 'NONE', #1734, 39.37007874015748143 ) ;
#7474 = ADVANCED_FACE ( 'NONE', ( #7514 ), #5135, .F. ) ;
#7475 = FACE_OUTER_BOUND ( 'NONE', #5842, .T. ) ;
#7476 = VECTOR ( 'NONE', #4229, 39.37007874015748143 ) ;
#7477 = VECTOR ( 'NONE', #6530, 39.37007874015748143 ) ;
#7478 = CIRCLE ( 'NONE', #5898, 0.03937007874015747977 ) ;
#7479 = CARTESIAN_POINT ( 'NONE',  ( 0.0003862882449713779119, -0.09055118110236221041, -0.4611448253349267890 ) ) ;
#7480 = ORIENTED_EDGE ( 'NONE', *, *, #3200, .F. ) ;
#7481 = AXIS2_PLACEMENT_3D ( 'NONE', #7443, #7521, #601 ) ;
#7482 = EDGE_CURVE ( 'NONE', #4243, #7227, #5172, .T. ) ;
#7483 = ORIENTED_EDGE ( 'NONE', *, *, #3946, .F. ) ;
#7484 = VECTOR ( 'NONE', #7068, 39.37007874015748143 ) ;
#7485 = CARTESIAN_POINT ( 'NONE',  ( -0.0008791436264359795685, 0.04461652296615235824, -0.5515072208990251523 ) ) ;
#7486 = DIRECTION ( 'NONE',  ( 0.000000000000000000, -7.228014483236700500E-16, -1.000000000000000000 ) ) ;
#7487 = EDGE_CURVE ( 'NONE', #4984, #7069, #1010, .T. ) ;
#7488 = CARTESIAN_POINT ( 'NONE',  ( 0.000000000000000000, 0.000000000000000000, -0.4133858267716535861 ) ) ;
#7489 = CARTESIAN_POINT ( 'NONE',  ( -0.08477474465999999820, -0.1998684754076772152, -0.09159756323637796571 ) ) ;
#7490 = EDGE_CURVE ( 'NONE', #5016, #1187, #3489, .T. ) ;
#7491 = ORIENTED_EDGE ( 'NONE', *, *, #779, .T. ) ;
#7492 = CARTESIAN_POINT ( 'NONE',  ( -0.01165338797130674280, -0.1159385324100461884, -0.3856665489516351020 ) ) ;
#7493 = CIRCLE ( 'NONE', #7129, 0.03937007874015747977 ) ;
#7494 = FACE_OUTER_BOUND ( 'NONE', #4201, .T. ) ;
#7495 = EDGE_LOOP ( 'NONE', ( #1238, #1653, #2297, #3288, #1085, #2769, #3446, #4542 ) ) ;
#7496 = DIRECTION ( 'NONE',  ( 1.000000000000000000, 0.000000000000000000, 0.000000000000000000 ) ) ;
#7497 = FACE_OUTER_BOUND ( 'NONE', #4480, .T. ) ;
#7498 = CARTESIAN_POINT ( 'NONE',  ( -0.0006754837608417325499, -0.1116979964863356323, -0.4458502157529826704 ) ) ;
#7499 = LINE ( 'NONE', #1823, #5056 ) ;
#7500 = CARTESIAN_POINT ( 'NONE',  ( 0.000000000000000000, 2.144927526275456706E-17, -0.5334645669291339098 ) ) ;
#7501 = ORIENTED_EDGE ( 'NONE', *, *, #7256, .T. ) ;
#7502 = DIRECTION ( 'NONE',  ( 1.000000000000000000, 0.000000000000000000, 0.000000000000000000 ) ) ;
#7503 = ORIENTED_EDGE ( 'NONE', *, *, #2082, .F. ) ;
#7504 = CARTESIAN_POINT ( 'NONE',  ( 0.05905511811023622659, -0.2086614173228346636, -0.4704724409448819422 ) ) ;
#7505 = DIRECTION ( 'NONE',  ( -1.000000000000000000, 0.000000000000000000, 0.000000000000000000 ) ) ;
#7506 = DIMENSIONAL_EXPONENTS ( 1.000000000000000000, 0.000000000000000000, 0.000000000000000000, 0.000000000000000000, 0.000000000000000000, 0.000000000000000000, 0.000000000000000000 ) ;
#7507 = DIRECTION ( 'NONE',  ( -0.000000000000000000, -0.000000000000000000, -1.000000000000000000 ) ) ;
#7508 = ORIENTED_EDGE ( 'NONE', *, *, #6219, .F. ) ;
#7509 = ORIENTED_EDGE ( 'NONE', *, *, #4848, .F. ) ;
#7510 = EDGE_LOOP ( 'NONE', ( #4548, #3314 ) ) ;
#7511 = CARTESIAN_POINT ( 'NONE',  ( 0.05905511811023622659, -0.05208171872173228412, -0.5452755905511811330 ) ) ;
#7512 = DIRECTION ( 'NONE',  ( -1.000000000000000000, 0.000000000000000000, 0.000000000000000000 ) ) ;
#7513 = CARTESIAN_POINT ( 'NONE',  ( -0.1377952755905511861, -0.09251968503937008093, -0.4704724409448819422 ) ) ;
#7514 = FACE_OUTER_BOUND ( 'NONE', #5494, .T. ) ;
#7515 = EDGE_CURVE ( 'NONE', #716, #5276, #6830, .T. ) ;
#7516 = ORIENTED_EDGE ( 'NONE', *, *, #693, .F. ) ;
#7517 = VERTEX_POINT ( 'NONE', #2303 ) ;
#7518 = DIRECTION ( 'NONE',  ( -1.000000000000000000, -0.000000000000000000, -0.000000000000000000 ) ) ;
#7519 = DIRECTION ( 'NONE',  ( 0.000000000000000000, 1.000000000000000000, 0.000000000000000000 ) ) ;
#7520 = CARTESIAN_POINT ( 'NONE',  ( 0.000000000000000000, -0.3346456692913385988, -0.5334645669291339098 ) ) ;
#7521 = DIRECTION ( 'NONE',  ( 0.000000000000000000, 0.000000000000000000, 1.000000000000000000 ) ) ;
#7522 = EDGE_CURVE ( 'NONE', #2003, #3931, #2149, .T. ) ;
#7523 = EDGE_CURVE ( 'NONE', #2210, #6584, #4020, .T. ) ;
#7524 = CARTESIAN_POINT ( 'NONE',  ( -0.08424324859700786650, -0.1764361493252362134, -0.09233091674751968403 ) ) ;
ENDSEC;
END-ISO-10303-21;
