ISO-10303-21;
HEADER;
FILE_DESCRIPTION((''),'2;1');
FILE_NAME('RA-T2X-64E','2024-09-20T23:51:27',('Designer'),(''),
'CREO PARAMETRIC BY PTC INC, 2020414','CREO PARAMETRIC BY PTC INC, 2020414','');
FILE_SCHEMA(('AUTOMOTIVE_DESIGN { 1 0 10303 214 1 1 1 1 }'));
ENDSEC;
DATA;
#16=DIRECTION('',(0.E0,0.E0,1.E0));
#17=VECTOR('',#16,2.5E0);
#18=CARTESIAN_POINT('',(8.02E-1,2.5E-2,-1.25E0));
#19=LINE('',#18,#17);
#20=DIRECTION('',(0.E0,0.E0,1.E0));
#21=VECTOR('',#20,2.5E0);
#22=CARTESIAN_POINT('',(7.079873503314E-1,2.5E-2,-1.25E0));
#23=LINE('',#22,#21);
#24=DIRECTION('',(7.071067811865E-1,7.071067811865E-1,0.E0));
#25=VECTOR('',#24,1.379556389580E-1);
#26=CARTESIAN_POINT('',(7.207140881572E-1,2.028197458327E-1,1.25E0));
#27=LINE('',#26,#25);
#28=DIRECTION('',(-9.659258262891E-1,-2.588190451025E-1,0.E0));
#29=VECTOR('',#28,3.340520120291E-2);
#30=CARTESIAN_POINT('',(7.960471619626E-1,1.550048644656E-1,1.25E0));
#31=LINE('',#30,#29);
#32=CARTESIAN_POINT('',(8.02E-1,1.327885704609E-1,1.25E0));
#33=DIRECTION('',(0.E0,0.E0,1.E0));
#34=DIRECTION('',(1.E0,0.E0,0.E0));
#35=AXIS2_PLACEMENT_3D('',#32,#33,#34);
#37=DIRECTION('',(0.E0,1.E0,0.E0));
#38=VECTOR('',#37,4.141104721640E-3);
#39=CARTESIAN_POINT('',(8.25E-1,1.286474657393E-1,1.25E0));
#40=LINE('',#39,#38);
#41=CARTESIAN_POINT('',(8.02E-1,1.286474657393E-1,1.25E0));
#42=DIRECTION('',(0.E0,0.E0,1.E0));
#43=DIRECTION('',(2.588190451025E-1,-9.659258262891E-1,0.E0));
#44=AXIS2_PLACEMENT_3D('',#41,#42,#43);
#46=DIRECTION('',(9.659258262891E-1,2.588190451025E-1,0.E0));
#47=VECTOR('',#46,1.159180306158E-1);
#48=CARTESIAN_POINT('',(6.959846185330E-1,7.642937774050E-2,1.25E0));
#49=LINE('',#48,#47);
#50=DIRECTION('',(-1.E0,0.E0,0.E0));
#51=VECTOR('',#50,9.401264966860E-2);
#52=CARTESIAN_POINT('',(8.02E-1,2.5E-2,1.25E0));
#53=LINE('',#52,#51);
#54=CARTESIAN_POINT('',(8.02E-1,2.E-3,1.25E0));
#55=DIRECTION('',(0.E0,0.E0,1.E0));
#56=DIRECTION('',(1.E0,0.E0,0.E0));
#57=AXIS2_PLACEMENT_3D('',#54,#55,#56);
#59=DIRECTION('',(0.E0,1.E0,0.E0));
#60=VECTOR('',#59,4.E-3);
#61=CARTESIAN_POINT('',(8.25E-1,-2.E-3,1.25E0));
#62=LINE('',#61,#60);
#63=CARTESIAN_POINT('',(8.02E-1,-2.E-3,1.25E0));
#64=DIRECTION('',(0.E0,0.E0,1.E0));
#65=DIRECTION('',(0.E0,-1.E0,0.E0));
#66=AXIS2_PLACEMENT_3D('',#63,#64,#65);
#68=DIRECTION('',(-1.E0,0.E0,0.E0));
#69=VECTOR('',#68,9.401264966860E-2);
#70=CARTESIAN_POINT('',(8.02E-1,-2.5E-2,1.25E0));
#71=LINE('',#70,#69);
#72=DIRECTION('',(-9.659258262891E-1,2.588190451025E-1,0.E0));
#73=VECTOR('',#72,1.159180306158E-1);
#74=CARTESIAN_POINT('',(8.079528380374E-1,-1.064311717346E-1,1.25E0));
#75=LINE('',#74,#73);
#76=CARTESIAN_POINT('',(8.02E-1,-1.286474657393E-1,1.25E0));
#77=DIRECTION('',(0.E0,0.E0,1.E0));
#78=DIRECTION('',(1.E0,0.E0,0.E0));
#79=AXIS2_PLACEMENT_3D('',#76,#77,#78);
#81=DIRECTION('',(0.E0,1.E0,0.E0));
#82=VECTOR('',#81,4.141104721640E-3);
#83=CARTESIAN_POINT('',(8.25E-1,-1.327885704609E-1,1.25E0));
#84=LINE('',#83,#82);
#85=CARTESIAN_POINT('',(8.02E-1,-1.327885704609E-1,1.25E0));
#86=DIRECTION('',(0.E0,0.E0,1.E0));
#87=DIRECTION('',(-2.588190451025E-1,-9.659258262891E-1,0.E0));
#88=AXIS2_PLACEMENT_3D('',#85,#86,#87);
#90=DIRECTION('',(9.659258262891E-1,-2.588190451025E-1,0.E0));
#91=VECTOR('',#90,3.340520120291E-2);
#92=CARTESIAN_POINT('',(7.637802153884E-1,-1.463589621888E-1,1.25E0));
#93=LINE('',#92,#91);
#94=DIRECTION('',(-7.071067811865E-1,7.071067811865E-1,0.E0));
#95=VECTOR('',#94,1.379556389580E-1);
#96=CARTESIAN_POINT('',(8.182634559673E-1,-3.003691136429E-1,1.25E0));
#97=LINE('',#96,#95);
#98=CARTESIAN_POINT('',(8.02E-1,-3.166325696102E-1,1.25E0));
#99=DIRECTION('',(0.E0,0.E0,1.E0));
#100=DIRECTION('',(1.E0,0.E0,0.E0));
#101=AXIS2_PLACEMENT_3D('',#98,#99,#100);
#103=DIRECTION('',(0.E0,1.E0,0.E0));
#104=VECTOR('',#103,5.656854249493E-3);
#105=CARTESIAN_POINT('',(8.25E-1,-3.222894238596E-1,1.25E0));
#106=LINE('',#105,#104);
#107=CARTESIAN_POINT('',(8.02E-1,-3.222894238596E-1,1.25E0));
#108=DIRECTION('',(0.E0,0.E0,1.E0));
#109=DIRECTION('',(-7.071067811865E-1,-7.071067811865E-1,0.E0));
#110=AXIS2_PLACEMENT_3D('',#107,#108,#109);
#112=DIRECTION('',(7.071067811865E-1,-7.071067811865E-1,0.E0));
#113=VECTOR('',#112,1.351716354536E-1);
#114=CARTESIAN_POINT('',(6.901557639794E-1,-2.429720997736E-1,1.25E0));
#115=LINE('',#114,#113);
#116=CARTESIAN_POINT('',(6.760136283556E-1,-2.571142353973E-1,1.25E0));
#117=DIRECTION('',(0.E0,0.E0,1.E0));
#118=DIRECTION('',(7.071067811866E-1,7.071067811865E-1,0.E0));
#119=AXIS2_PLACEMENT_3D('',#116,#117,#118);
#121=DIRECTION('',(-4.999999999999E-1,8.660254037845E-1,0.E0));
#122=VECTOR('',#121,1.927715745721E-1);
#123=CARTESIAN_POINT('',(7.650814157130E-1,-4.555E-1,1.25E0));
#124=LINE('',#123,#122);
#125=CARTESIAN_POINT('',(7.451628314259E-1,-4.67E-1,1.25E0));
#126=DIRECTION('',(0.E0,0.E0,1.E0));
#127=DIRECTION('',(0.E0,-1.E0,0.E0));
#128=AXIS2_PLACEMENT_3D('',#125,#126,#127);
#130=DIRECTION('',(1.E0,0.E0,0.E0));
#131=VECTOR('',#130,1.961880215352E-2);
#132=CARTESIAN_POINT('',(7.255440292724E-1,-4.9E-1,1.25E0));
#133=LINE('',#132,#131);
#134=CARTESIAN_POINT('',(7.255440292724E-1,-4.67E-1,1.25E0));
#135=DIRECTION('',(0.E0,0.E0,1.E0));
#136=DIRECTION('',(-8.660254037845E-1,-4.999999999998E-1,0.E0));
#137=AXIS2_PLACEMENT_3D('',#134,#135,#136);
#139=DIRECTION('',(4.999999999999E-1,-8.660254037845E-1,0.E0));
#140=VECTOR('',#139,1.793872528509E-1);
#141=CARTESIAN_POINT('',(6.159318185599E-1,-3.231460819160E-1,1.25E0));
#142=LINE('',#141,#140);
#143=CARTESIAN_POINT('',(5.856209294275E-1,-3.406460819160E-1,1.25E0));
#144=DIRECTION('',(0.E0,0.E0,1.E0));
#145=DIRECTION('',(8.660254037845E-1,4.999999999999E-1,0.E0));
#146=AXIS2_PLACEMENT_3D('',#143,#144,#145);
#148=DIRECTION('',(0.E0,1.E0,0.E0));
#149=VECTOR('',#148,1.141113951376E-1);
#150=CARTESIAN_POINT('',(5.5E-1,-4.67E-1,1.25E0));
#151=LINE('',#150,#149);
#152=CARTESIAN_POINT('',(5.27E-1,-4.67E-1,1.25E0));
#153=DIRECTION('',(0.E0,0.E0,1.E0));
#154=DIRECTION('',(0.E0,-1.E0,0.E0));
#155=AXIS2_PLACEMENT_3D('',#152,#153,#154);
#157=DIRECTION('',(1.E0,0.E0,0.E0));
#158=VECTOR('',#157,1.4E-2);
#159=CARTESIAN_POINT('',(5.13E-1,-4.9E-1,1.25E0));
#160=LINE('',#159,#158);
#161=CARTESIAN_POINT('',(5.13E-1,-4.67E-1,1.25E0));
#162=DIRECTION('',(0.E0,0.E0,1.E0));
#163=DIRECTION('',(-1.E0,0.E0,0.E0));
#164=AXIS2_PLACEMENT_3D('',#161,#162,#163);
#166=DIRECTION('',(0.E0,-1.E0,0.E0));
#167=VECTOR('',#166,4.226125017601E-1);
#168=CARTESIAN_POINT('',(4.9E-1,-4.438749823993E-2,1.25E0));
#169=LINE('',#168,#167);
#170=DIRECTION('',(1.E0,0.E0,0.E0));
#171=VECTOR('',#170,9.09E-1);
#172=CARTESIAN_POINT('',(-4.545E-1,0.E0,1.25E0));
#173=LINE('',#172,#171);
#174=DIRECTION('',(0.E0,1.E0,0.E0));
#175=VECTOR('',#174,4.226125017601E-1);
#176=CARTESIAN_POINT('',(-4.9E-1,-4.67E-1,1.25E0));
#177=LINE('',#176,#175);
#178=CARTESIAN_POINT('',(-5.13E-1,-4.67E-1,1.25E0));
#179=DIRECTION('',(0.E0,0.E0,1.E0));
#180=DIRECTION('',(0.E0,-1.E0,0.E0));
#181=AXIS2_PLACEMENT_3D('',#178,#179,#180);
#183=DIRECTION('',(1.E0,0.E0,0.E0));
#184=VECTOR('',#183,1.4E-2);
#185=CARTESIAN_POINT('',(-5.27E-1,-4.9E-1,1.25E0));
#186=LINE('',#185,#184);
#187=CARTESIAN_POINT('',(-5.27E-1,-4.67E-1,1.25E0));
#188=DIRECTION('',(0.E0,0.E0,1.E0));
#189=DIRECTION('',(-1.E0,0.E0,0.E0));
#190=AXIS2_PLACEMENT_3D('',#187,#188,#189);
#192=DIRECTION('',(0.E0,1.E0,0.E0));
#193=VECTOR('',#192,1.141113951376E-1);
#194=CARTESIAN_POINT('',(-5.5E-1,-4.67E-1,1.25E0));
#195=LINE('',#194,#193);
#196=CARTESIAN_POINT('',(-5.856209294275E-1,-3.406460819160E-1,1.25E0));
#197=DIRECTION('',(0.E0,0.E0,1.E0));
#198=DIRECTION('',(9.948683518391E-1,1.011778755899E-1,0.E0));
#199=AXIS2_PLACEMENT_3D('',#196,#197,#198);
#201=DIRECTION('',(-4.999999999999E-1,-8.660254037845E-1,0.E0));
#202=VECTOR('',#201,1.793872528509E-1);
#203=CARTESIAN_POINT('',(-6.159318185599E-1,-3.231460819160E-1,1.25E0));
#204=LINE('',#203,#202);
#205=CARTESIAN_POINT('',(-7.255440292724E-1,-4.67E-1,1.25E0));
#206=DIRECTION('',(0.E0,0.E0,1.E0));
#207=DIRECTION('',(0.E0,-1.E0,0.E0));
#208=AXIS2_PLACEMENT_3D('',#205,#206,#207);
#210=DIRECTION('',(1.E0,0.E0,0.E0));
#211=VECTOR('',#210,1.961880215352E-2);
#212=CARTESIAN_POINT('',(-7.451628314259E-1,-4.9E-1,1.25E0));
#213=LINE('',#212,#211);
#214=CARTESIAN_POINT('',(-7.451628314259E-1,-4.67E-1,1.25E0));
#215=DIRECTION('',(0.E0,0.E0,1.E0));
#216=DIRECTION('',(-8.660254037845E-1,4.999999999999E-1,0.E0));
#217=AXIS2_PLACEMENT_3D('',#214,#215,#216);
#219=DIRECTION('',(4.999999999999E-1,8.660254037845E-1,0.E0));
#220=VECTOR('',#219,1.927715745721E-1);
#221=CARTESIAN_POINT('',(-7.650814157130E-1,-4.555E-1,1.25E0));
#222=LINE('',#221,#220);
#223=CARTESIAN_POINT('',(-6.760136283556E-1,-2.571142353973E-1,1.25E0));
#224=DIRECTION('',(0.E0,0.E0,1.E0));
#225=DIRECTION('',(9.395732578067E-1,-3.423479125312E-1,0.E0));
#226=AXIS2_PLACEMENT_3D('',#223,#224,#225);
#228=DIRECTION('',(-7.071067811865E-1,-7.071067811865E-1,0.E0));
#229=VECTOR('',#228,1.351716354536E-1);
#230=CARTESIAN_POINT('',(-6.901557639794E-1,-2.429720997736E-1,1.25E0));
#231=LINE('',#230,#229);
#232=CARTESIAN_POINT('',(-8.02E-1,-3.222894238596E-1,1.25E0));
#233=DIRECTION('',(0.E0,0.E0,1.E0));
#234=DIRECTION('',(-1.E0,0.E0,0.E0));
#235=AXIS2_PLACEMENT_3D('',#232,#233,#234);
#237=DIRECTION('',(0.E0,-1.E0,0.E0));
#238=VECTOR('',#237,5.656854249493E-3);
#239=CARTESIAN_POINT('',(-8.25E-1,-3.166325696102E-1,1.25E0));
#240=LINE('',#239,#238);
#241=CARTESIAN_POINT('',(-8.02E-1,-3.166325696102E-1,1.25E0));
#242=DIRECTION('',(0.E0,0.E0,1.E0));
#243=DIRECTION('',(-7.071067811866E-1,7.071067811865E-1,0.E0));
#244=AXIS2_PLACEMENT_3D('',#241,#242,#243);
#246=DIRECTION('',(7.071067811865E-1,7.071067811865E-1,0.E0));
#247=VECTOR('',#246,1.379556389580E-1);
#248=CARTESIAN_POINT('',(-8.182634559673E-1,-3.003691136429E-1,1.25E0));
#249=LINE('',#248,#247);
#250=DIRECTION('',(-9.659258262891E-1,-2.588190451025E-1,0.E0));
#251=VECTOR('',#250,3.340520120291E-2);
#252=CARTESIAN_POINT('',(-7.637802153884E-1,-1.463589621888E-1,1.25E0));
#253=LINE('',#252,#251);
#254=CARTESIAN_POINT('',(-8.02E-1,-1.327885704609E-1,1.25E0));
#255=DIRECTION('',(0.E0,0.E0,1.E0));
#256=DIRECTION('',(-1.E0,0.E0,0.E0));
#257=AXIS2_PLACEMENT_3D('',#254,#255,#256);
#259=DIRECTION('',(0.E0,-1.E0,0.E0));
#260=VECTOR('',#259,4.141104721640E-3);
#261=CARTESIAN_POINT('',(-8.25E-1,-1.286474657393E-1,1.25E0));
#262=LINE('',#261,#260);
#263=CARTESIAN_POINT('',(-8.02E-1,-1.286474657393E-1,1.25E0));
#264=DIRECTION('',(0.E0,0.E0,1.E0));
#265=DIRECTION('',(-2.588190451025E-1,9.659258262891E-1,0.E0));
#266=AXIS2_PLACEMENT_3D('',#263,#264,#265);
#268=DIRECTION('',(9.659258262891E-1,2.588190451025E-1,0.E0));
#269=VECTOR('',#268,1.159180306158E-1);
#270=CARTESIAN_POINT('',(-8.079528380374E-1,-1.064311717346E-1,1.25E0));
#271=LINE('',#270,#269);
#272=DIRECTION('',(1.E0,0.E0,0.E0));
#273=VECTOR('',#272,9.401264966860E-2);
#274=CARTESIAN_POINT('',(-8.02E-1,-2.5E-2,1.25E0));
#275=LINE('',#274,#273);
#276=CARTESIAN_POINT('',(-8.02E-1,-2.E-3,1.25E0));
#277=DIRECTION('',(0.E0,0.E0,1.E0));
#278=DIRECTION('',(-1.E0,0.E0,0.E0));
#279=AXIS2_PLACEMENT_3D('',#276,#277,#278);
#281=DIRECTION('',(0.E0,-1.E0,0.E0));
#282=VECTOR('',#281,4.E-3);
#283=CARTESIAN_POINT('',(-8.25E-1,2.E-3,1.25E0));
#284=LINE('',#283,#282);
#285=CARTESIAN_POINT('',(-8.02E-1,2.E-3,1.25E0));
#286=DIRECTION('',(0.E0,0.E0,1.E0));
#287=DIRECTION('',(0.E0,1.E0,0.E0));
#288=AXIS2_PLACEMENT_3D('',#285,#286,#287);
#290=DIRECTION('',(1.E0,0.E0,0.E0));
#291=VECTOR('',#290,9.401264966860E-2);
#292=CARTESIAN_POINT('',(-8.02E-1,2.5E-2,1.25E0));
#293=LINE('',#292,#291);
#294=DIRECTION('',(-9.659258262891E-1,2.588190451025E-1,0.E0));
#295=VECTOR('',#294,1.159180306158E-1);
#296=CARTESIAN_POINT('',(-6.959846185330E-1,7.642937774050E-2,1.25E0));
#297=LINE('',#296,#295);
#298=CARTESIAN_POINT('',(-8.02E-1,1.286474657393E-1,1.25E0));
#299=DIRECTION('',(0.E0,0.E0,1.E0));
#300=DIRECTION('',(-1.E0,0.E0,0.E0));
#301=AXIS2_PLACEMENT_3D('',#298,#299,#300);
#303=DIRECTION('',(0.E0,-1.E0,0.E0));
#304=VECTOR('',#303,4.141104721640E-3);
#305=CARTESIAN_POINT('',(-8.25E-1,1.327885704609E-1,1.25E0));
#306=LINE('',#305,#304);
#307=CARTESIAN_POINT('',(-8.02E-1,1.327885704609E-1,1.25E0));
#308=DIRECTION('',(0.E0,0.E0,1.E0));
#309=DIRECTION('',(2.588190451025E-1,9.659258262891E-1,0.E0));
#310=AXIS2_PLACEMENT_3D('',#307,#308,#309);
#312=DIRECTION('',(9.659258262891E-1,-2.588190451025E-1,-1.329401392174E-14));
#313=VECTOR('',#312,3.340520120291E-2);
#314=CARTESIAN_POINT('',(-7.960471619626E-1,1.550048644656E-1,1.25E0));
#315=LINE('',#314,#313);
#316=DIRECTION('',(-7.071067811865E-1,7.071067811865E-1,0.E0));
#317=VECTOR('',#316,1.379556389580E-1);
#318=CARTESIAN_POINT('',(-7.207140881572E-1,2.028197458327E-1,1.25E0));
#319=LINE('',#318,#317);
#320=CARTESIAN_POINT('',(-8.02E-1,3.166325696102E-1,1.25E0));
#321=DIRECTION('',(0.E0,0.E0,1.E0));
#322=DIRECTION('',(-1.E0,0.E0,0.E0));
#323=AXIS2_PLACEMENT_3D('',#320,#321,#322);
#325=DIRECTION('',(0.E0,-1.E0,0.E0));
#326=VECTOR('',#325,5.656854249493E-3);
#327=CARTESIAN_POINT('',(-8.25E-1,3.222894238596E-1,1.25E0));
#328=LINE('',#327,#326);
#329=CARTESIAN_POINT('',(-8.02E-1,3.222894238596E-1,1.25E0));
#330=DIRECTION('',(0.E0,0.E0,1.E0));
#331=DIRECTION('',(7.071067811866E-1,7.071067811865E-1,0.E0));
#332=AXIS2_PLACEMENT_3D('',#329,#330,#331);
#334=DIRECTION('',(7.071067811865E-1,-7.071067811865E-1,0.E0));
#335=VECTOR('',#334,1.351716354536E-1);
#336=CARTESIAN_POINT('',(-7.857365440327E-1,3.385528798269E-1,1.25E0));
#337=LINE('',#336,#335);
#338=CARTESIAN_POINT('',(-6.760136283556E-1,2.571142353973E-1,1.25E0));
#339=DIRECTION('',(0.E0,0.E0,1.E0));
#340=DIRECTION('',(-7.071067811865E-1,-7.071067811865E-1,0.E0));
#341=AXIS2_PLACEMENT_3D('',#338,#339,#340);
#343=DIRECTION('',(-4.999999999999E-1,8.660254037845E-1,0.E0));
#344=VECTOR('',#343,1.927715745721E-1);
#345=CARTESIAN_POINT('',(-6.686956284270E-1,2.885549192931E-1,1.25E0));
#346=LINE('',#345,#344);
#347=CARTESIAN_POINT('',(-7.451628314259E-1,4.67E-1,1.25E0));
#348=DIRECTION('',(0.E0,0.E0,1.E0));
#349=DIRECTION('',(0.E0,1.E0,0.E0));
#350=AXIS2_PLACEMENT_3D('',#347,#348,#349);
#352=DIRECTION('',(-1.E0,0.E0,0.E0));
#353=VECTOR('',#352,4.618802153521E-3);
#354=CARTESIAN_POINT('',(-7.405440292724E-1,4.9E-1,1.25E0));
#355=LINE('',#354,#353);
#356=CARTESIAN_POINT('',(-7.405440292724E-1,4.67E-1,1.25E0));
#357=DIRECTION('',(0.E0,0.E0,1.E0));
#358=DIRECTION('',(8.660254037845E-1,4.999999999999E-1,0.E0));
#359=AXIS2_PLACEMENT_3D('',#356,#357,#358);
#361=DIRECTION('',(4.999999999999E-1,-8.660254037845E-1,0.E0));
#362=VECTOR('',#361,1.793872528509E-1);
#363=CARTESIAN_POINT('',(-7.206254449854E-1,4.785E-1,1.25E0));
#364=LINE('',#363,#362);
#365=CARTESIAN_POINT('',(-6.006209294275E-1,3.406460819160E-1,1.25E0));
#366=DIRECTION('',(0.E0,0.E0,1.E0));
#367=DIRECTION('',(-8.660254037845E-1,-4.999999999999E-1,0.E0));
#368=AXIS2_PLACEMENT_3D('',#365,#366,#367);
#370=DIRECTION('',(0.E0,-1.E0,0.E0));
#371=VECTOR('',#370,1.141113951376E-1);
#372=CARTESIAN_POINT('',(-5.65E-1,4.67E-1,1.25E0));
#373=LINE('',#372,#371);
#374=CARTESIAN_POINT('',(-5.42E-1,4.67E-1,1.25E0));
#375=DIRECTION('',(0.E0,0.E0,1.E0));
#376=DIRECTION('',(0.E0,1.E0,0.E0));
#377=AXIS2_PLACEMENT_3D('',#374,#375,#376);
#379=DIRECTION('',(-1.E0,0.E0,0.E0));
#380=VECTOR('',#379,4.E-3);
#381=CARTESIAN_POINT('',(-5.38E-1,4.9E-1,1.25E0));
#382=LINE('',#381,#380);
#383=CARTESIAN_POINT('',(-5.38E-1,4.67E-1,1.25E0));
#384=DIRECTION('',(0.E0,0.E0,1.E0));
#385=DIRECTION('',(1.E0,0.E0,0.E0));
#386=AXIS2_PLACEMENT_3D('',#383,#384,#385);
#388=DIRECTION('',(0.E0,-1.E0,0.E0));
#389=VECTOR('',#388,1.87E-1);
#390=CARTESIAN_POINT('',(-5.15E-1,4.67E-1,1.25E0));
#391=LINE('',#390,#389);
#392=DIRECTION('',(1.E0,0.E0,0.E0));
#393=VECTOR('',#392,1.E-2);
#394=CARTESIAN_POINT('',(-4.75E-1,2.4E-1,1.25E0));
#395=LINE('',#394,#393);
#396=DIRECTION('',(0.E0,-1.E0,0.E0));
#397=VECTOR('',#396,1.87E-1);
#398=CARTESIAN_POINT('',(-4.25E-1,4.67E-1,1.25E0));
#399=LINE('',#398,#397);
#400=CARTESIAN_POINT('',(-4.02E-1,4.67E-1,1.25E0));
#401=DIRECTION('',(0.E0,0.E0,1.E0));
#402=DIRECTION('',(0.E0,1.E0,0.E0));
#403=AXIS2_PLACEMENT_3D('',#400,#401,#402);
#405=DIRECTION('',(-1.E0,0.E0,0.E0));
#406=VECTOR('',#405,4.E-3);
#407=CARTESIAN_POINT('',(-3.98E-1,4.9E-1,1.25E0));
#408=LINE('',#407,#406);
#409=CARTESIAN_POINT('',(-3.98E-1,4.67E-1,1.25E0));
#410=DIRECTION('',(0.E0,0.E0,1.E0));
#411=DIRECTION('',(1.E0,0.E0,0.E0));
#412=AXIS2_PLACEMENT_3D('',#409,#410,#411);
#414=DIRECTION('',(0.E0,-1.E0,0.E0));
#415=VECTOR('',#414,1.87E-1);
#416=CARTESIAN_POINT('',(-3.75E-1,4.67E-1,1.25E0));
#417=LINE('',#416,#415);
#418=DIRECTION('',(1.E0,0.E0,0.E0));
#419=VECTOR('',#418,1.E-2);
#420=CARTESIAN_POINT('',(-3.35E-1,2.4E-1,1.25E0));
#421=LINE('',#420,#419);
#422=DIRECTION('',(0.E0,-1.E0,0.E0));
#423=VECTOR('',#422,1.87E-1);
#424=CARTESIAN_POINT('',(-2.85E-1,4.67E-1,1.25E0));
#425=LINE('',#424,#423);
#426=CARTESIAN_POINT('',(-2.62E-1,4.67E-1,1.25E0));
#427=DIRECTION('',(0.E0,0.E0,1.E0));
#428=DIRECTION('',(0.E0,1.E0,0.E0));
#429=AXIS2_PLACEMENT_3D('',#426,#427,#428);
#431=DIRECTION('',(-1.E0,0.E0,0.E0));
#432=VECTOR('',#431,4.E-3);
#433=CARTESIAN_POINT('',(-2.58E-1,4.9E-1,1.25E0));
#434=LINE('',#433,#432);
#435=CARTESIAN_POINT('',(-2.58E-1,4.67E-1,1.25E0));
#436=DIRECTION('',(0.E0,0.E0,1.E0));
#437=DIRECTION('',(1.E0,0.E0,0.E0));
#438=AXIS2_PLACEMENT_3D('',#435,#436,#437);
#440=DIRECTION('',(0.E0,1.E0,0.E0));
#441=VECTOR('',#440,4.07E-1);
#442=CARTESIAN_POINT('',(-2.35E-1,6.E-2,1.25E0));
#443=LINE('',#442,#441);
#444=DIRECTION('',(-1.E0,0.E0,0.E0));
#445=VECTOR('',#444,4.7E-1);
#446=CARTESIAN_POINT('',(2.35E-1,6.E-2,1.25E0));
#447=LINE('',#446,#445);
#448=DIRECTION('',(0.E0,-1.E0,0.E0));
#449=VECTOR('',#448,4.07E-1);
#450=CARTESIAN_POINT('',(2.35E-1,4.67E-1,1.25E0));
#451=LINE('',#450,#449);
#452=CARTESIAN_POINT('',(2.58E-1,4.67E-1,1.25E0));
#453=DIRECTION('',(0.E0,0.E0,1.E0));
#454=DIRECTION('',(0.E0,1.E0,0.E0));
#455=AXIS2_PLACEMENT_3D('',#452,#453,#454);
#457=DIRECTION('',(-1.E0,0.E0,0.E0));
#458=VECTOR('',#457,4.E-3);
#459=CARTESIAN_POINT('',(2.62E-1,4.9E-1,1.25E0));
#460=LINE('',#459,#458);
#461=CARTESIAN_POINT('',(2.62E-1,4.67E-1,1.25E0));
#462=DIRECTION('',(0.E0,0.E0,1.E0));
#463=DIRECTION('',(1.E0,0.E0,0.E0));
#464=AXIS2_PLACEMENT_3D('',#461,#462,#463);
#466=DIRECTION('',(0.E0,-1.E0,0.E0));
#467=VECTOR('',#466,1.87E-1);
#468=CARTESIAN_POINT('',(2.85E-1,4.67E-1,1.25E0));
#469=LINE('',#468,#467);
#470=DIRECTION('',(-1.E0,0.E0,0.E0));
#471=VECTOR('',#470,1.E-2);
#472=CARTESIAN_POINT('',(3.35E-1,2.4E-1,1.25E0));
#473=LINE('',#472,#471);
#474=DIRECTION('',(0.E0,-1.E0,0.E0));
#475=VECTOR('',#474,1.87E-1);
#476=CARTESIAN_POINT('',(3.75E-1,4.67E-1,1.25E0));
#477=LINE('',#476,#475);
#478=CARTESIAN_POINT('',(3.98E-1,4.67E-1,1.25E0));
#479=DIRECTION('',(0.E0,0.E0,1.E0));
#480=DIRECTION('',(0.E0,1.E0,0.E0));
#481=AXIS2_PLACEMENT_3D('',#478,#479,#480);
#483=DIRECTION('',(-1.E0,0.E0,0.E0));
#484=VECTOR('',#483,4.E-3);
#485=CARTESIAN_POINT('',(4.02E-1,4.9E-1,1.25E0));
#486=LINE('',#485,#484);
#487=CARTESIAN_POINT('',(4.02E-1,4.67E-1,1.25E0));
#488=DIRECTION('',(0.E0,0.E0,1.E0));
#489=DIRECTION('',(1.E0,0.E0,0.E0));
#490=AXIS2_PLACEMENT_3D('',#487,#488,#489);
#492=DIRECTION('',(0.E0,-1.E0,0.E0));
#493=VECTOR('',#492,1.87E-1);
#494=CARTESIAN_POINT('',(4.25E-1,4.67E-1,1.25E0));
#495=LINE('',#494,#493);
#496=DIRECTION('',(-1.E0,0.E0,0.E0));
#497=VECTOR('',#496,1.E-2);
#498=CARTESIAN_POINT('',(4.75E-1,2.4E-1,1.25E0));
#499=LINE('',#498,#497);
#500=DIRECTION('',(0.E0,-1.E0,0.E0));
#501=VECTOR('',#500,1.87E-1);
#502=CARTESIAN_POINT('',(5.15E-1,4.67E-1,1.25E0));
#503=LINE('',#502,#501);
#504=CARTESIAN_POINT('',(5.38E-1,4.67E-1,1.25E0));
#505=DIRECTION('',(0.E0,0.E0,1.E0));
#506=DIRECTION('',(0.E0,1.E0,0.E0));
#507=AXIS2_PLACEMENT_3D('',#504,#505,#506);
#509=DIRECTION('',(-1.E0,0.E0,0.E0));
#510=VECTOR('',#509,4.E-3);
#511=CARTESIAN_POINT('',(5.42E-1,4.9E-1,1.25E0));
#512=LINE('',#511,#510);
#513=CARTESIAN_POINT('',(5.42E-1,4.67E-1,1.25E0));
#514=DIRECTION('',(0.E0,0.E0,1.E0));
#515=DIRECTION('',(1.E0,0.E0,0.E0));
#516=AXIS2_PLACEMENT_3D('',#513,#514,#515);
#518=DIRECTION('',(0.E0,-1.E0,0.E0));
#519=VECTOR('',#518,1.141113951376E-1);
#520=CARTESIAN_POINT('',(5.65E-1,4.67E-1,1.25E0));
#521=LINE('',#520,#519);
#522=CARTESIAN_POINT('',(6.006209294275E-1,3.406460819160E-1,1.25E0));
#523=DIRECTION('',(0.E0,0.E0,1.E0));
#524=DIRECTION('',(-9.948683518391E-1,-1.011778755899E-1,0.E0));
#525=AXIS2_PLACEMENT_3D('',#522,#523,#524);
#527=DIRECTION('',(-4.999999999999E-1,-8.660254037845E-1,0.E0));
#528=VECTOR('',#527,1.793872528509E-1);
#529=CARTESIAN_POINT('',(7.206254449854E-1,4.785E-1,1.25E0));
#530=LINE('',#529,#528);
#531=CARTESIAN_POINT('',(7.405440292724E-1,4.67E-1,1.25E0));
#532=DIRECTION('',(0.E0,0.E0,1.E0));
#533=DIRECTION('',(0.E0,1.E0,0.E0));
#534=AXIS2_PLACEMENT_3D('',#531,#532,#533);
#536=DIRECTION('',(-1.E0,0.E0,0.E0));
#537=VECTOR('',#536,4.618802153521E-3);
#538=CARTESIAN_POINT('',(7.451628314259E-1,4.9E-1,1.25E0));
#539=LINE('',#538,#537);
#540=CARTESIAN_POINT('',(7.451628314259E-1,4.67E-1,1.25E0));
#541=DIRECTION('',(0.E0,0.E0,1.E0));
#542=DIRECTION('',(8.660254037845E-1,-4.999999999999E-1,0.E0));
#543=AXIS2_PLACEMENT_3D('',#540,#541,#542);
#545=DIRECTION('',(4.999999999999E-1,8.660254037845E-1,0.E0));
#546=VECTOR('',#545,1.927715745721E-1);
#547=CARTESIAN_POINT('',(6.686956284270E-1,2.885549192931E-1,1.25E0));
#548=LINE('',#547,#546);
#549=CARTESIAN_POINT('',(6.760136283556E-1,2.571142353973E-1,1.25E0));
#550=DIRECTION('',(0.E0,0.E0,1.E0));
#551=DIRECTION('',(-9.395732578067E-1,3.423479125312E-1,0.E0));
#552=AXIS2_PLACEMENT_3D('',#549,#550,#551);
#554=DIRECTION('',(-7.071067811865E-1,-7.071067811865E-1,0.E0));
#555=VECTOR('',#554,1.351716354536E-1);
#556=CARTESIAN_POINT('',(7.857365440327E-1,3.385528798269E-1,1.25E0));
#557=LINE('',#556,#555);
#558=CARTESIAN_POINT('',(8.02E-1,3.222894238596E-1,1.25E0));
#559=DIRECTION('',(0.E0,0.E0,1.E0));
#560=DIRECTION('',(1.E0,0.E0,0.E0));
#561=AXIS2_PLACEMENT_3D('',#558,#559,#560);
#563=DIRECTION('',(0.E0,1.E0,0.E0));
#564=VECTOR('',#563,5.656854249493E-3);
#565=CARTESIAN_POINT('',(8.25E-1,3.166325696102E-1,1.25E0));
#566=LINE('',#565,#564);
#567=CARTESIAN_POINT('',(8.02E-1,3.166325696102E-1,1.25E0));
#568=DIRECTION('',(0.E0,0.E0,1.E0));
#569=DIRECTION('',(7.071067811865E-1,-7.071067811866E-1,0.E0));
#570=AXIS2_PLACEMENT_3D('',#567,#568,#569);
#572=DIRECTION('',(0.E0,0.E0,-1.E0));
#573=VECTOR('',#572,2.5E0);
#574=CARTESIAN_POINT('',(7.207140881572E-1,2.028197458327E-1,1.25E0));
#575=LINE('',#574,#573);
#576=DIRECTION('',(0.E0,0.E0,-1.E0));
#577=VECTOR('',#576,2.5E0);
#578=CARTESIAN_POINT('',(8.182634559673E-1,3.003691136429E-1,1.25E0));
#579=LINE('',#578,#577);
#580=CARTESIAN_POINT('',(7.454628254987E-1,1.780710084912E-1,1.25E0));
#581=DIRECTION('',(0.E0,0.E0,-1.E0));
#582=DIRECTION('',(1.823006706308E-1,-9.832428313939E-1,0.E0));
#583=AXIS2_PLACEMENT_3D('',#580,#581,#582);
#585=CARTESIAN_POINT('',(7.454628254987E-1,1.780710084912E-1,-1.25E0));
#586=DIRECTION('',(0.E0,0.E0,1.E0));
#587=DIRECTION('',(-7.071067811865E-1,7.071067811865E-1,0.E0));
#588=AXIS2_PLACEMENT_3D('',#585,#586,#587);
#590=DIRECTION('',(0.E0,0.E0,-1.E0));
#591=VECTOR('',#590,2.5E0);
#592=CARTESIAN_POINT('',(7.518433489708E-1,1.436575093924E-1,1.25E0));
#593=LINE('',#592,#591);
#594=CARTESIAN_POINT('',(7.234044443524E-1,2.970433910899E-1,-1.25E0));
#595=DIRECTION('',(0.E0,0.E0,1.E0));
#596=DIRECTION('',(1.823006706308E-1,-9.832428313939E-1,0.E0));
#597=AXIS2_PLACEMENT_3D('',#594,#595,#596);
#599=CARTESIAN_POINT('',(7.234044443524E-1,2.970433910899E-1,1.25E0));
#600=DIRECTION('',(0.E0,0.E0,-1.E0));
#601=DIRECTION('',(2.588190451025E-1,-9.659258262891E-1,0.E0));
#602=AXIS2_PLACEMENT_3D('',#599,#600,#601);
#604=DIRECTION('',(7.071067811865E-1,7.071067811865E-1,0.E0));
#605=VECTOR('',#604,1.379556389580E-1);
#606=CARTESIAN_POINT('',(7.207140881572E-1,2.028197458327E-1,-1.25E0));
#607=LINE('',#606,#605);
#608=CARTESIAN_POINT('',(8.02E-1,3.166325696102E-1,-1.25E0));
#609=DIRECTION('',(0.E0,0.E0,-1.E0));
#610=DIRECTION('',(1.E0,0.E0,0.E0));
#611=AXIS2_PLACEMENT_3D('',#608,#609,#610);
#613=DIRECTION('',(0.E0,1.E0,0.E0));
#614=VECTOR('',#613,5.656854249493E-3);
#615=CARTESIAN_POINT('',(8.25E-1,3.166325696102E-1,-1.25E0));
#616=LINE('',#615,#614);
#617=CARTESIAN_POINT('',(8.02E-1,3.222894238596E-1,-1.25E0));
#618=DIRECTION('',(0.E0,0.E0,-1.E0));
#619=DIRECTION('',(-7.071067811866E-1,7.071067811865E-1,0.E0));
#620=AXIS2_PLACEMENT_3D('',#617,#618,#619);
#622=DIRECTION('',(-7.071067811865E-1,-7.071067811865E-1,0.E0));
#623=VECTOR('',#622,1.351716354536E-1);
#624=CARTESIAN_POINT('',(7.857365440327E-1,3.385528798269E-1,-1.25E0));
#625=LINE('',#624,#623);
#626=CARTESIAN_POINT('',(6.760136283556E-1,2.571142353973E-1,-1.25E0));
#627=DIRECTION('',(0.E0,0.E0,-1.E0));
#628=DIRECTION('',(7.071067811865E-1,-7.071067811865E-1,0.E0));
#629=AXIS2_PLACEMENT_3D('',#626,#627,#628);
#631=DIRECTION('',(4.999999999999E-1,8.660254037845E-1,0.E0));
#632=VECTOR('',#631,1.927715745721E-1);
#633=CARTESIAN_POINT('',(6.686956284270E-1,2.885549192931E-1,-1.25E0));
#634=LINE('',#633,#632);
#635=CARTESIAN_POINT('',(7.451628314259E-1,4.67E-1,-1.25E0));
#636=DIRECTION('',(0.E0,0.E0,-1.E0));
#637=DIRECTION('',(0.E0,1.E0,0.E0));
#638=AXIS2_PLACEMENT_3D('',#635,#636,#637);
#640=DIRECTION('',(-1.E0,0.E0,0.E0));
#641=VECTOR('',#640,4.618802153521E-3);
#642=CARTESIAN_POINT('',(7.451628314259E-1,4.9E-1,-1.25E0));
#643=LINE('',#642,#641);
#644=CARTESIAN_POINT('',(7.405440292724E-1,4.67E-1,-1.25E0));
#645=DIRECTION('',(0.E0,0.E0,-1.E0));
#646=DIRECTION('',(-8.660254037845E-1,4.999999999999E-1,0.E0));
#647=AXIS2_PLACEMENT_3D('',#644,#645,#646);
#649=DIRECTION('',(-4.999999999999E-1,-8.660254037845E-1,0.E0));
#650=VECTOR('',#649,1.793872528509E-1);
#651=CARTESIAN_POINT('',(7.206254449854E-1,4.785E-1,-1.25E0));
#652=LINE('',#651,#650);
#653=CARTESIAN_POINT('',(6.006209294275E-1,3.406460819160E-1,-1.25E0));
#654=DIRECTION('',(0.E0,0.E0,-1.E0));
#655=DIRECTION('',(8.660254037845E-1,-4.999999999999E-1,0.E0));
#656=AXIS2_PLACEMENT_3D('',#653,#654,#655);
#658=DIRECTION('',(0.E0,-1.E0,0.E0));
#659=VECTOR('',#658,1.141113951376E-1);
#660=CARTESIAN_POINT('',(5.65E-1,4.67E-1,-1.25E0));
#661=LINE('',#660,#659);
#662=CARTESIAN_POINT('',(5.42E-1,4.67E-1,-1.25E0));
#663=DIRECTION('',(0.E0,0.E0,-1.E0));
#664=DIRECTION('',(0.E0,1.E0,0.E0));
#665=AXIS2_PLACEMENT_3D('',#662,#663,#664);
#667=DIRECTION('',(-1.E0,0.E0,0.E0));
#668=VECTOR('',#667,4.E-3);
#669=CARTESIAN_POINT('',(5.42E-1,4.9E-1,-1.25E0));
#670=LINE('',#669,#668);
#671=CARTESIAN_POINT('',(5.38E-1,4.67E-1,-1.25E0));
#672=DIRECTION('',(0.E0,0.E0,-1.E0));
#673=DIRECTION('',(-1.E0,0.E0,0.E0));
#674=AXIS2_PLACEMENT_3D('',#671,#672,#673);
#676=DIRECTION('',(0.E0,-1.E0,0.E0));
#677=VECTOR('',#676,1.87E-1);
#678=CARTESIAN_POINT('',(5.15E-1,4.67E-1,-1.25E0));
#679=LINE('',#678,#677);
#680=DIRECTION('',(-1.E0,0.E0,0.E0));
#681=VECTOR('',#680,1.E-2);
#682=CARTESIAN_POINT('',(4.75E-1,2.4E-1,-1.25E0));
#683=LINE('',#682,#681);
#684=DIRECTION('',(0.E0,-1.E0,0.E0));
#685=VECTOR('',#684,1.87E-1);
#686=CARTESIAN_POINT('',(4.25E-1,4.67E-1,-1.25E0));
#687=LINE('',#686,#685);
#688=CARTESIAN_POINT('',(4.02E-1,4.67E-1,-1.25E0));
#689=DIRECTION('',(0.E0,0.E0,-1.E0));
#690=DIRECTION('',(0.E0,1.E0,0.E0));
#691=AXIS2_PLACEMENT_3D('',#688,#689,#690);
#693=DIRECTION('',(-1.E0,0.E0,0.E0));
#694=VECTOR('',#693,4.E-3);
#695=CARTESIAN_POINT('',(4.02E-1,4.9E-1,-1.25E0));
#696=LINE('',#695,#694);
#697=CARTESIAN_POINT('',(3.98E-1,4.67E-1,-1.25E0));
#698=DIRECTION('',(0.E0,0.E0,-1.E0));
#699=DIRECTION('',(-1.E0,0.E0,0.E0));
#700=AXIS2_PLACEMENT_3D('',#697,#698,#699);
#702=DIRECTION('',(0.E0,-1.E0,0.E0));
#703=VECTOR('',#702,1.87E-1);
#704=CARTESIAN_POINT('',(3.75E-1,4.67E-1,-1.25E0));
#705=LINE('',#704,#703);
#706=DIRECTION('',(-1.E0,0.E0,0.E0));
#707=VECTOR('',#706,1.E-2);
#708=CARTESIAN_POINT('',(3.35E-1,2.4E-1,-1.25E0));
#709=LINE('',#708,#707);
#710=DIRECTION('',(0.E0,-1.E0,0.E0));
#711=VECTOR('',#710,1.87E-1);
#712=CARTESIAN_POINT('',(2.85E-1,4.67E-1,-1.25E0));
#713=LINE('',#712,#711);
#714=CARTESIAN_POINT('',(2.62E-1,4.67E-1,-1.25E0));
#715=DIRECTION('',(0.E0,0.E0,-1.E0));
#716=DIRECTION('',(0.E0,1.E0,0.E0));
#717=AXIS2_PLACEMENT_3D('',#714,#715,#716);
#719=DIRECTION('',(-1.E0,0.E0,0.E0));
#720=VECTOR('',#719,4.E-3);
#721=CARTESIAN_POINT('',(2.62E-1,4.9E-1,-1.25E0));
#722=LINE('',#721,#720);
#723=CARTESIAN_POINT('',(2.58E-1,4.67E-1,-1.25E0));
#724=DIRECTION('',(0.E0,0.E0,-1.E0));
#725=DIRECTION('',(-1.E0,0.E0,0.E0));
#726=AXIS2_PLACEMENT_3D('',#723,#724,#725);
#728=DIRECTION('',(0.E0,-1.E0,0.E0));
#729=VECTOR('',#728,4.07E-1);
#730=CARTESIAN_POINT('',(2.35E-1,4.67E-1,-1.25E0));
#731=LINE('',#730,#729);
#732=DIRECTION('',(-1.E0,0.E0,0.E0));
#733=VECTOR('',#732,4.7E-1);
#734=CARTESIAN_POINT('',(2.35E-1,6.E-2,-1.25E0));
#735=LINE('',#734,#733);
#736=DIRECTION('',(0.E0,1.E0,0.E0));
#737=VECTOR('',#736,4.07E-1);
#738=CARTESIAN_POINT('',(-2.35E-1,6.E-2,-1.25E0));
#739=LINE('',#738,#737);
#740=CARTESIAN_POINT('',(-2.58E-1,4.67E-1,-1.25E0));
#741=DIRECTION('',(0.E0,0.E0,-1.E0));
#742=DIRECTION('',(0.E0,1.E0,0.E0));
#743=AXIS2_PLACEMENT_3D('',#740,#741,#742);
#745=DIRECTION('',(-1.E0,0.E0,0.E0));
#746=VECTOR('',#745,4.E-3);
#747=CARTESIAN_POINT('',(-2.58E-1,4.9E-1,-1.25E0));
#748=LINE('',#747,#746);
#749=CARTESIAN_POINT('',(-2.62E-1,4.67E-1,-1.25E0));
#750=DIRECTION('',(0.E0,0.E0,-1.E0));
#751=DIRECTION('',(-1.E0,0.E0,0.E0));
#752=AXIS2_PLACEMENT_3D('',#749,#750,#751);
#754=DIRECTION('',(0.E0,-1.E0,0.E0));
#755=VECTOR('',#754,1.87E-1);
#756=CARTESIAN_POINT('',(-2.85E-1,4.67E-1,-1.25E0));
#757=LINE('',#756,#755);
#758=DIRECTION('',(1.E0,0.E0,0.E0));
#759=VECTOR('',#758,1.E-2);
#760=CARTESIAN_POINT('',(-3.35E-1,2.4E-1,-1.25E0));
#761=LINE('',#760,#759);
#762=DIRECTION('',(0.E0,-1.E0,0.E0));
#763=VECTOR('',#762,1.87E-1);
#764=CARTESIAN_POINT('',(-3.75E-1,4.67E-1,-1.25E0));
#765=LINE('',#764,#763);
#766=CARTESIAN_POINT('',(-3.98E-1,4.67E-1,-1.25E0));
#767=DIRECTION('',(0.E0,0.E0,-1.E0));
#768=DIRECTION('',(0.E0,1.E0,0.E0));
#769=AXIS2_PLACEMENT_3D('',#766,#767,#768);
#771=DIRECTION('',(-1.E0,0.E0,0.E0));
#772=VECTOR('',#771,4.E-3);
#773=CARTESIAN_POINT('',(-3.98E-1,4.9E-1,-1.25E0));
#774=LINE('',#773,#772);
#775=CARTESIAN_POINT('',(-4.02E-1,4.67E-1,-1.25E0));
#776=DIRECTION('',(0.E0,0.E0,-1.E0));
#777=DIRECTION('',(-1.E0,0.E0,0.E0));
#778=AXIS2_PLACEMENT_3D('',#775,#776,#777);
#780=DIRECTION('',(0.E0,-1.E0,0.E0));
#781=VECTOR('',#780,1.87E-1);
#782=CARTESIAN_POINT('',(-4.25E-1,4.67E-1,-1.25E0));
#783=LINE('',#782,#781);
#784=DIRECTION('',(1.E0,0.E0,0.E0));
#785=VECTOR('',#784,1.E-2);
#786=CARTESIAN_POINT('',(-4.75E-1,2.4E-1,-1.25E0));
#787=LINE('',#786,#785);
#788=DIRECTION('',(0.E0,-1.E0,0.E0));
#789=VECTOR('',#788,1.87E-1);
#790=CARTESIAN_POINT('',(-5.15E-1,4.67E-1,-1.25E0));
#791=LINE('',#790,#789);
#792=CARTESIAN_POINT('',(-5.38E-1,4.67E-1,-1.25E0));
#793=DIRECTION('',(0.E0,0.E0,-1.E0));
#794=DIRECTION('',(0.E0,1.E0,0.E0));
#795=AXIS2_PLACEMENT_3D('',#792,#793,#794);
#797=DIRECTION('',(-1.E0,0.E0,0.E0));
#798=VECTOR('',#797,4.E-3);
#799=CARTESIAN_POINT('',(-5.38E-1,4.9E-1,-1.25E0));
#800=LINE('',#799,#798);
#801=CARTESIAN_POINT('',(-5.42E-1,4.67E-1,-1.25E0));
#802=DIRECTION('',(0.E0,0.E0,-1.E0));
#803=DIRECTION('',(-1.E0,0.E0,0.E0));
#804=AXIS2_PLACEMENT_3D('',#801,#802,#803);
#806=DIRECTION('',(0.E0,-1.E0,0.E0));
#807=VECTOR('',#806,1.141113951376E-1);
#808=CARTESIAN_POINT('',(-5.65E-1,4.67E-1,-1.25E0));
#809=LINE('',#808,#807);
#810=CARTESIAN_POINT('',(-6.006209294275E-1,3.406460819160E-1,-1.25E0));
#811=DIRECTION('',(0.E0,0.E0,-1.E0));
#812=DIRECTION('',(9.948683518391E-1,-1.011778755899E-1,0.E0));
#813=AXIS2_PLACEMENT_3D('',#810,#811,#812);
#815=DIRECTION('',(4.999999999999E-1,-8.660254037845E-1,0.E0));
#816=VECTOR('',#815,1.793872528509E-1);
#817=CARTESIAN_POINT('',(-7.206254449854E-1,4.785E-1,-1.25E0));
#818=LINE('',#817,#816);
#819=CARTESIAN_POINT('',(-7.405440292724E-1,4.67E-1,-1.25E0));
#820=DIRECTION('',(0.E0,0.E0,-1.E0));
#821=DIRECTION('',(0.E0,1.E0,0.E0));
#822=AXIS2_PLACEMENT_3D('',#819,#820,#821);
#824=DIRECTION('',(-1.E0,0.E0,0.E0));
#825=VECTOR('',#824,4.618802153521E-3);
#826=CARTESIAN_POINT('',(-7.405440292724E-1,4.9E-1,-1.25E0));
#827=LINE('',#826,#825);
#828=CARTESIAN_POINT('',(-7.451628314259E-1,4.67E-1,-1.25E0));
#829=DIRECTION('',(0.E0,0.E0,-1.E0));
#830=DIRECTION('',(-8.660254037845E-1,-4.999999999999E-1,0.E0));
#831=AXIS2_PLACEMENT_3D('',#828,#829,#830);
#833=DIRECTION('',(-4.999999999999E-1,8.660254037845E-1,0.E0));
#834=VECTOR('',#833,1.927715745721E-1);
#835=CARTESIAN_POINT('',(-6.686956284270E-1,2.885549192931E-1,-1.25E0));
#836=LINE('',#835,#834);
#837=CARTESIAN_POINT('',(-6.760136283556E-1,2.571142353973E-1,-1.25E0));
#838=DIRECTION('',(0.E0,0.E0,-1.E0));
#839=DIRECTION('',(9.395732578067E-1,3.423479125312E-1,0.E0));
#840=AXIS2_PLACEMENT_3D('',#837,#838,#839);
#842=DIRECTION('',(7.071067811865E-1,-7.071067811865E-1,0.E0));
#843=VECTOR('',#842,1.351716354536E-1);
#844=CARTESIAN_POINT('',(-7.857365440327E-1,3.385528798269E-1,-1.25E0));
#845=LINE('',#844,#843);
#846=CARTESIAN_POINT('',(-8.02E-1,3.222894238596E-1,-1.25E0));
#847=DIRECTION('',(0.E0,0.E0,-1.E0));
#848=DIRECTION('',(-1.E0,0.E0,0.E0));
#849=AXIS2_PLACEMENT_3D('',#846,#847,#848);
#851=DIRECTION('',(0.E0,-1.E0,0.E0));
#852=VECTOR('',#851,5.656854249493E-3);
#853=CARTESIAN_POINT('',(-8.25E-1,3.222894238596E-1,-1.25E0));
#854=LINE('',#853,#852);
#855=CARTESIAN_POINT('',(-8.02E-1,3.166325696102E-1,-1.25E0));
#856=DIRECTION('',(0.E0,0.E0,-1.E0));
#857=DIRECTION('',(-7.071067811865E-1,-7.071067811866E-1,0.E0));
#858=AXIS2_PLACEMENT_3D('',#855,#856,#857);
#860=DIRECTION('',(-7.071067811865E-1,7.071067811865E-1,0.E0));
#861=VECTOR('',#860,1.379556389580E-1);
#862=CARTESIAN_POINT('',(-7.207140881572E-1,2.028197458327E-1,-1.25E0));
#863=LINE('',#862,#861);
#864=DIRECTION('',(9.659258262891E-1,-2.588190451025E-1,0.E0));
#865=VECTOR('',#864,3.340520120291E-2);
#866=CARTESIAN_POINT('',(-7.960471619626E-1,1.550048644656E-1,-1.25E0));
#867=LINE('',#866,#865);
#868=CARTESIAN_POINT('',(-8.02E-1,1.327885704609E-1,-1.25E0));
#869=DIRECTION('',(0.E0,0.E0,-1.E0));
#870=DIRECTION('',(-1.E0,0.E0,0.E0));
#871=AXIS2_PLACEMENT_3D('',#868,#869,#870);
#873=DIRECTION('',(0.E0,-1.E0,0.E0));
#874=VECTOR('',#873,4.141104721640E-3);
#875=CARTESIAN_POINT('',(-8.25E-1,1.327885704609E-1,-1.25E0));
#876=LINE('',#875,#874);
#877=CARTESIAN_POINT('',(-8.02E-1,1.286474657393E-1,-1.25E0));
#878=DIRECTION('',(0.E0,0.E0,-1.E0));
#879=DIRECTION('',(-2.588190451025E-1,-9.659258262891E-1,0.E0));
#880=AXIS2_PLACEMENT_3D('',#877,#878,#879);
#882=DIRECTION('',(-9.659258262891E-1,2.588190451025E-1,0.E0));
#883=VECTOR('',#882,1.159180306158E-1);
#884=CARTESIAN_POINT('',(-6.959846185330E-1,7.642937774050E-2,-1.25E0));
#885=LINE('',#884,#883);
#886=DIRECTION('',(1.E0,0.E0,0.E0));
#887=VECTOR('',#886,9.401264966860E-2);
#888=CARTESIAN_POINT('',(-8.02E-1,2.5E-2,-1.25E0));
#889=LINE('',#888,#887);
#890=CARTESIAN_POINT('',(-8.02E-1,2.E-3,-1.25E0));
#891=DIRECTION('',(0.E0,0.E0,-1.E0));
#892=DIRECTION('',(-1.E0,0.E0,0.E0));
#893=AXIS2_PLACEMENT_3D('',#890,#891,#892);
#895=DIRECTION('',(0.E0,-1.E0,0.E0));
#896=VECTOR('',#895,4.E-3);
#897=CARTESIAN_POINT('',(-8.25E-1,2.E-3,-1.25E0));
#898=LINE('',#897,#896);
#899=CARTESIAN_POINT('',(-8.02E-1,-2.E-3,-1.25E0));
#900=DIRECTION('',(0.E0,0.E0,-1.E0));
#901=DIRECTION('',(0.E0,-1.E0,0.E0));
#902=AXIS2_PLACEMENT_3D('',#899,#900,#901);
#904=DIRECTION('',(1.E0,0.E0,0.E0));
#905=VECTOR('',#904,9.401264966860E-2);
#906=CARTESIAN_POINT('',(-8.02E-1,-2.5E-2,-1.25E0));
#907=LINE('',#906,#905);
#908=DIRECTION('',(9.659258262891E-1,2.588190451025E-1,0.E0));
#909=VECTOR('',#908,1.159180306158E-1);
#910=CARTESIAN_POINT('',(-8.079528380374E-1,-1.064311717346E-1,-1.25E0));
#911=LINE('',#910,#909);
#912=CARTESIAN_POINT('',(-8.02E-1,-1.286474657393E-1,-1.25E0));
#913=DIRECTION('',(0.E0,0.E0,-1.E0));
#914=DIRECTION('',(-1.E0,0.E0,0.E0));
#915=AXIS2_PLACEMENT_3D('',#912,#913,#914);
#917=DIRECTION('',(0.E0,-1.E0,0.E0));
#918=VECTOR('',#917,4.141104721640E-3);
#919=CARTESIAN_POINT('',(-8.25E-1,-1.286474657393E-1,-1.25E0));
#920=LINE('',#919,#918);
#921=CARTESIAN_POINT('',(-8.02E-1,-1.327885704609E-1,-1.25E0));
#922=DIRECTION('',(0.E0,0.E0,-1.E0));
#923=DIRECTION('',(2.588190451025E-1,-9.659258262891E-1,0.E0));
#924=AXIS2_PLACEMENT_3D('',#921,#922,#923);
#926=DIRECTION('',(-9.659258262891E-1,-2.588190451025E-1,0.E0));
#927=VECTOR('',#926,3.340520120291E-2);
#928=CARTESIAN_POINT('',(-7.637802153884E-1,-1.463589621888E-1,-1.25E0));
#929=LINE('',#928,#927);
#930=DIRECTION('',(7.071067811865E-1,7.071067811865E-1,0.E0));
#931=VECTOR('',#930,1.379556389580E-1);
#932=CARTESIAN_POINT('',(-8.182634559673E-1,-3.003691136429E-1,-1.25E0));
#933=LINE('',#932,#931);
#934=CARTESIAN_POINT('',(-8.02E-1,-3.166325696102E-1,-1.25E0));
#935=DIRECTION('',(0.E0,0.E0,-1.E0));
#936=DIRECTION('',(-1.E0,0.E0,0.E0));
#937=AXIS2_PLACEMENT_3D('',#934,#935,#936);
#939=DIRECTION('',(0.E0,-1.E0,0.E0));
#940=VECTOR('',#939,5.656854249493E-3);
#941=CARTESIAN_POINT('',(-8.25E-1,-3.166325696102E-1,-1.25E0));
#942=LINE('',#941,#940);
#943=CARTESIAN_POINT('',(-8.02E-1,-3.222894238596E-1,-1.25E0));
#944=DIRECTION('',(0.E0,0.E0,-1.E0));
#945=DIRECTION('',(7.071067811865E-1,-7.071067811865E-1,0.E0));
#946=AXIS2_PLACEMENT_3D('',#943,#944,#945);
#948=DIRECTION('',(-7.071067811865E-1,-7.071067811865E-1,0.E0));
#949=VECTOR('',#948,1.351716354536E-1);
#950=CARTESIAN_POINT('',(-6.901557639794E-1,-2.429720997736E-1,-1.25E0));
#951=LINE('',#950,#949);
#952=CARTESIAN_POINT('',(-6.760136283556E-1,-2.571142353973E-1,-1.25E0));
#953=DIRECTION('',(0.E0,0.E0,-1.E0));
#954=DIRECTION('',(-7.071067811866E-1,7.071067811865E-1,0.E0));
#955=AXIS2_PLACEMENT_3D('',#952,#953,#954);
#957=DIRECTION('',(4.999999999999E-1,8.660254037845E-1,0.E0));
#958=VECTOR('',#957,1.927715745721E-1);
#959=CARTESIAN_POINT('',(-7.650814157130E-1,-4.555E-1,-1.25E0));
#960=LINE('',#959,#958);
#961=CARTESIAN_POINT('',(-7.451628314259E-1,-4.67E-1,-1.25E0));
#962=DIRECTION('',(0.E0,0.E0,-1.E0));
#963=DIRECTION('',(0.E0,-1.E0,0.E0));
#964=AXIS2_PLACEMENT_3D('',#961,#962,#963);
#966=DIRECTION('',(1.E0,0.E0,0.E0));
#967=VECTOR('',#966,1.961880215352E-2);
#968=CARTESIAN_POINT('',(-7.451628314259E-1,-4.9E-1,-1.25E0));
#969=LINE('',#968,#967);
#970=CARTESIAN_POINT('',(-7.255440292724E-1,-4.67E-1,-1.25E0));
#971=DIRECTION('',(0.E0,0.E0,-1.E0));
#972=DIRECTION('',(8.660254037845E-1,-4.999999999998E-1,0.E0));
#973=AXIS2_PLACEMENT_3D('',#970,#971,#972);
#975=DIRECTION('',(-4.999999999999E-1,-8.660254037845E-1,0.E0));
#976=VECTOR('',#975,1.793872528509E-1);
#977=CARTESIAN_POINT('',(-6.159318185599E-1,-3.231460819160E-1,-1.25E0));
#978=LINE('',#977,#976);
#979=CARTESIAN_POINT('',(-5.856209294275E-1,-3.406460819160E-1,-1.25E0));
#980=DIRECTION('',(0.E0,0.E0,-1.E0));
#981=DIRECTION('',(-8.660254037845E-1,4.999999999999E-1,0.E0));
#982=AXIS2_PLACEMENT_3D('',#979,#980,#981);
#984=DIRECTION('',(0.E0,1.E0,0.E0));
#985=VECTOR('',#984,1.141113951376E-1);
#986=CARTESIAN_POINT('',(-5.5E-1,-4.67E-1,-1.25E0));
#987=LINE('',#986,#985);
#988=CARTESIAN_POINT('',(-5.27E-1,-4.67E-1,-1.25E0));
#989=DIRECTION('',(0.E0,0.E0,-1.E0));
#990=DIRECTION('',(0.E0,-1.E0,0.E0));
#991=AXIS2_PLACEMENT_3D('',#988,#989,#990);
#993=DIRECTION('',(1.E0,0.E0,0.E0));
#994=VECTOR('',#993,1.4E-2);
#995=CARTESIAN_POINT('',(-5.27E-1,-4.9E-1,-1.25E0));
#996=LINE('',#995,#994);
#997=CARTESIAN_POINT('',(-5.13E-1,-4.67E-1,-1.25E0));
#998=DIRECTION('',(0.E0,0.E0,-1.E0));
#999=DIRECTION('',(1.E0,0.E0,0.E0));
#1000=AXIS2_PLACEMENT_3D('',#997,#998,#999);
#1002=DIRECTION('',(0.E0,1.E0,0.E0));
#1003=VECTOR('',#1002,4.226125017601E-1);
#1004=CARTESIAN_POINT('',(-4.9E-1,-4.67E-1,-1.25E0));
#1005=LINE('',#1004,#1003);
#1006=DIRECTION('',(1.E0,0.E0,0.E0));
#1007=VECTOR('',#1006,9.09E-1);
#1008=CARTESIAN_POINT('',(-4.545E-1,0.E0,-1.25E0));
#1009=LINE('',#1008,#1007);
#1010=DIRECTION('',(0.E0,-1.E0,0.E0));
#1011=VECTOR('',#1010,4.226125017601E-1);
#1012=CARTESIAN_POINT('',(4.9E-1,-4.438749823993E-2,-1.25E0));
#1013=LINE('',#1012,#1011);
#1014=CARTESIAN_POINT('',(5.13E-1,-4.67E-1,-1.25E0));
#1015=DIRECTION('',(0.E0,0.E0,-1.E0));
#1016=DIRECTION('',(0.E0,-1.E0,0.E0));
#1017=AXIS2_PLACEMENT_3D('',#1014,#1015,#1016);
#1019=DIRECTION('',(1.E0,0.E0,0.E0));
#1020=VECTOR('',#1019,1.4E-2);
#1021=CARTESIAN_POINT('',(5.13E-1,-4.9E-1,-1.25E0));
#1022=LINE('',#1021,#1020);
#1023=CARTESIAN_POINT('',(5.27E-1,-4.67E-1,-1.25E0));
#1024=DIRECTION('',(0.E0,0.E0,-1.E0));
#1025=DIRECTION('',(1.E0,0.E0,0.E0));
#1026=AXIS2_PLACEMENT_3D('',#1023,#1024,#1025);
#1028=DIRECTION('',(0.E0,1.E0,0.E0));
#1029=VECTOR('',#1028,1.141113951376E-1);
#1030=CARTESIAN_POINT('',(5.5E-1,-4.67E-1,-1.25E0));
#1031=LINE('',#1030,#1029);
#1032=CARTESIAN_POINT('',(5.856209294275E-1,-3.406460819160E-1,-1.25E0));
#1033=DIRECTION('',(0.E0,0.E0,-1.E0));
#1034=DIRECTION('',(-9.948683518391E-1,1.011778755899E-1,0.E0));
#1035=AXIS2_PLACEMENT_3D('',#1032,#1033,#1034);
#1037=DIRECTION('',(4.999999999999E-1,-8.660254037845E-1,0.E0));
#1038=VECTOR('',#1037,1.793872528509E-1);
#1039=CARTESIAN_POINT('',(6.159318185599E-1,-3.231460819160E-1,-1.25E0));
#1040=LINE('',#1039,#1038);
#1041=CARTESIAN_POINT('',(7.255440292724E-1,-4.67E-1,-1.25E0));
#1042=DIRECTION('',(0.E0,0.E0,-1.E0));
#1043=DIRECTION('',(0.E0,-1.E0,0.E0));
#1044=AXIS2_PLACEMENT_3D('',#1041,#1042,#1043);
#1046=DIRECTION('',(1.E0,0.E0,0.E0));
#1047=VECTOR('',#1046,1.961880215352E-2);
#1048=CARTESIAN_POINT('',(7.255440292724E-1,-4.9E-1,-1.25E0));
#1049=LINE('',#1048,#1047);
#1050=CARTESIAN_POINT('',(7.451628314259E-1,-4.67E-1,-1.25E0));
#1051=DIRECTION('',(0.E0,0.E0,-1.E0));
#1052=DIRECTION('',(8.660254037845E-1,4.999999999999E-1,0.E0));
#1053=AXIS2_PLACEMENT_3D('',#1050,#1051,#1052);
#1055=DIRECTION('',(-4.999999999999E-1,8.660254037845E-1,0.E0));
#1056=VECTOR('',#1055,1.927715745721E-1);
#1057=CARTESIAN_POINT('',(7.650814157130E-1,-4.555E-1,-1.25E0));
#1058=LINE('',#1057,#1056);
#1059=CARTESIAN_POINT('',(6.760136283556E-1,-2.571142353973E-1,-1.25E0));
#1060=DIRECTION('',(0.E0,0.E0,-1.E0));
#1061=DIRECTION('',(-9.395732578067E-1,-3.423479125312E-1,0.E0));
#1062=AXIS2_PLACEMENT_3D('',#1059,#1060,#1061);
#1064=DIRECTION('',(7.071067811865E-1,-7.071067811865E-1,0.E0));
#1065=VECTOR('',#1064,1.351716354536E-1);
#1066=CARTESIAN_POINT('',(6.901557639794E-1,-2.429720997736E-1,-1.25E0));
#1067=LINE('',#1066,#1065);
#1068=CARTESIAN_POINT('',(8.02E-1,-3.222894238596E-1,-1.25E0));
#1069=DIRECTION('',(0.E0,0.E0,-1.E0));
#1070=DIRECTION('',(1.E0,0.E0,0.E0));
#1071=AXIS2_PLACEMENT_3D('',#1068,#1069,#1070);
#1073=DIRECTION('',(0.E0,1.E0,0.E0));
#1074=VECTOR('',#1073,5.656854249493E-3);
#1075=CARTESIAN_POINT('',(8.25E-1,-3.222894238596E-1,-1.25E0));
#1076=LINE('',#1075,#1074);
#1077=CARTESIAN_POINT('',(8.02E-1,-3.166325696102E-1,-1.25E0));
#1078=DIRECTION('',(0.E0,0.E0,-1.E0));
#1079=DIRECTION('',(7.071067811866E-1,7.071067811865E-1,0.E0));
#1080=AXIS2_PLACEMENT_3D('',#1077,#1078,#1079);
#1082=DIRECTION('',(-7.071067811865E-1,7.071067811865E-1,0.E0));
#1083=VECTOR('',#1082,1.379556389580E-1);
#1084=CARTESIAN_POINT('',(8.182634559673E-1,-3.003691136429E-1,-1.25E0));
#1085=LINE('',#1084,#1083);
#1086=DIRECTION('',(9.659258262891E-1,-2.588190451025E-1,-1.329401392174E-14));
#1087=VECTOR('',#1086,3.340520120291E-2);
#1088=CARTESIAN_POINT('',(7.637802153884E-1,-1.463589621888E-1,-1.25E0));
#1089=LINE('',#1088,#1087);
#1090=CARTESIAN_POINT('',(8.02E-1,-1.327885704609E-1,-1.25E0));
#1091=DIRECTION('',(0.E0,0.E0,-1.E0));
#1092=DIRECTION('',(1.E0,0.E0,0.E0));
#1093=AXIS2_PLACEMENT_3D('',#1090,#1091,#1092);
#1095=DIRECTION('',(0.E0,1.E0,0.E0));
#1096=VECTOR('',#1095,4.141104721640E-3);
#1097=CARTESIAN_POINT('',(8.25E-1,-1.327885704609E-1,-1.25E0));
#1098=LINE('',#1097,#1096);
#1099=CARTESIAN_POINT('',(8.02E-1,-1.286474657393E-1,-1.25E0));
#1100=DIRECTION('',(0.E0,0.E0,-1.E0));
#1101=DIRECTION('',(2.588190451025E-1,9.659258262891E-1,0.E0));
#1102=AXIS2_PLACEMENT_3D('',#1099,#1100,#1101);
#1104=DIRECTION('',(-9.659258262891E-1,2.588190451025E-1,0.E0));
#1105=VECTOR('',#1104,1.159180306158E-1);
#1106=CARTESIAN_POINT('',(8.079528380374E-1,-1.064311717346E-1,-1.25E0));
#1107=LINE('',#1106,#1105);
#1108=DIRECTION('',(-1.E0,0.E0,0.E0));
#1109=VECTOR('',#1108,9.401264966860E-2);
#1110=CARTESIAN_POINT('',(8.02E-1,-2.5E-2,-1.25E0));
#1111=LINE('',#1110,#1109);
#1112=CARTESIAN_POINT('',(8.02E-1,-2.E-3,-1.25E0));
#1113=DIRECTION('',(0.E0,0.E0,-1.E0));
#1114=DIRECTION('',(1.E0,0.E0,0.E0));
#1115=AXIS2_PLACEMENT_3D('',#1112,#1113,#1114);
#1117=DIRECTION('',(0.E0,1.E0,0.E0));
#1118=VECTOR('',#1117,4.E-3);
#1119=CARTESIAN_POINT('',(8.25E-1,-2.E-3,-1.25E0));
#1120=LINE('',#1119,#1118);
#1121=CARTESIAN_POINT('',(8.02E-1,2.E-3,-1.25E0));
#1122=DIRECTION('',(0.E0,0.E0,-1.E0));
#1123=DIRECTION('',(0.E0,1.E0,0.E0));
#1124=AXIS2_PLACEMENT_3D('',#1121,#1122,#1123);
#1126=DIRECTION('',(-1.E0,0.E0,0.E0));
#1127=VECTOR('',#1126,9.401264966860E-2);
#1128=CARTESIAN_POINT('',(8.02E-1,2.5E-2,-1.25E0));
#1129=LINE('',#1128,#1127);
#1130=DIRECTION('',(9.659258262891E-1,2.588190451025E-1,0.E0));
#1131=VECTOR('',#1130,1.159180306158E-1);
#1132=CARTESIAN_POINT('',(6.959846185330E-1,7.642937774050E-2,-1.25E0));
#1133=LINE('',#1132,#1131);
#1134=CARTESIAN_POINT('',(8.02E-1,1.286474657393E-1,-1.25E0));
#1135=DIRECTION('',(0.E0,0.E0,-1.E0));
#1136=DIRECTION('',(1.E0,0.E0,0.E0));
#1137=AXIS2_PLACEMENT_3D('',#1134,#1135,#1136);
#1139=DIRECTION('',(0.E0,1.E0,0.E0));
#1140=VECTOR('',#1139,4.141104721640E-3);
#1141=CARTESIAN_POINT('',(8.25E-1,1.286474657393E-1,-1.25E0));
#1142=LINE('',#1141,#1140);
#1143=CARTESIAN_POINT('',(8.02E-1,1.327885704609E-1,-1.25E0));
#1144=DIRECTION('',(0.E0,0.E0,-1.E0));
#1145=DIRECTION('',(-2.588190451025E-1,9.659258262891E-1,0.E0));
#1146=AXIS2_PLACEMENT_3D('',#1143,#1144,#1145);
#1148=DIRECTION('',(-9.659258262891E-1,-2.588190451025E-1,0.E0));
#1149=VECTOR('',#1148,3.340520120291E-2);
#1150=CARTESIAN_POINT('',(7.960471619626E-1,1.550048644656E-1,-1.25E0));
#1151=LINE('',#1150,#1149);
#1152=DIRECTION('',(0.E0,0.E0,-1.E0));
#1153=VECTOR('',#1152,2.5E0);
#1154=CARTESIAN_POINT('',(8.25E-1,3.166325696102E-1,1.25E0));
#1155=LINE('',#1154,#1153);
#1156=DIRECTION('',(0.E0,0.E0,1.E0));
#1157=VECTOR('',#1156,2.5E0);
#1158=CARTESIAN_POINT('',(8.25E-1,3.222894238596E-1,-1.25E0));
#1159=LINE('',#1158,#1157);
#1160=DIRECTION('',(0.E0,0.E0,1.E0));
#1161=VECTOR('',#1160,2.5E0);
#1162=CARTESIAN_POINT('',(8.25E-1,1.327885704609E-1,-1.25E0));
#1163=LINE('',#1162,#1161);
#1164=DIRECTION('',(0.E0,0.E0,-1.E0));
#1165=VECTOR('',#1164,2.5E0);
#1166=CARTESIAN_POINT('',(8.25E-1,1.286474657393E-1,1.25E0));
#1167=LINE('',#1166,#1165);
#1168=DIRECTION('',(0.E0,0.E0,-1.E0));
#1169=VECTOR('',#1168,2.5E0);
#1170=CARTESIAN_POINT('',(8.25E-1,-3.222894238596E-1,1.25E0));
#1171=LINE('',#1170,#1169);
#1172=DIRECTION('',(0.E0,0.E0,1.E0));
#1173=VECTOR('',#1172,2.5E0);
#1174=CARTESIAN_POINT('',(8.25E-1,-3.166325696102E-1,-1.25E0));
#1175=LINE('',#1174,#1173);
#1176=DIRECTION('',(0.E0,0.E0,-1.E0));
#1177=VECTOR('',#1176,2.5E0);
#1178=CARTESIAN_POINT('',(8.25E-1,-1.327885704609E-1,1.25E0));
#1179=LINE('',#1178,#1177);
#1180=DIRECTION('',(0.E0,0.E0,1.E0));
#1181=VECTOR('',#1180,2.5E0);
#1182=CARTESIAN_POINT('',(8.25E-1,-1.286474657393E-1,-1.25E0));
#1183=LINE('',#1182,#1181);
#1184=DIRECTION('',(0.E0,0.E0,-1.E0));
#1185=VECTOR('',#1184,2.5E0);
#1186=CARTESIAN_POINT('',(8.25E-1,-2.E-3,1.25E0));
#1187=LINE('',#1186,#1185);
#1188=DIRECTION('',(0.E0,0.E0,1.E0));
#1189=VECTOR('',#1188,2.5E0);
#1190=CARTESIAN_POINT('',(8.25E-1,2.E-3,-1.25E0));
#1191=LINE('',#1190,#1189);
#1192=DIRECTION('',(0.E0,0.E0,1.E0));
#1193=VECTOR('',#1192,2.5E0);
#1194=CARTESIAN_POINT('',(6.901557639794E-1,2.429720997736E-1,-1.25E0));
#1195=LINE('',#1194,#1193);
#1196=DIRECTION('',(0.E0,0.E0,1.E0));
#1197=VECTOR('',#1196,2.5E0);
#1198=CARTESIAN_POINT('',(7.857365440327E-1,3.385528798269E-1,-1.25E0));
#1199=LINE('',#1198,#1197);
#1200=DIRECTION('',(0.E0,0.E0,1.E0));
#1201=VECTOR('',#1200,2.5E0);
#1202=CARTESIAN_POINT('',(6.572221631995E-1,2.639611936480E-1,-1.25E0));
#1203=LINE('',#1202,#1201);
#1204=CARTESIAN_POINT('',(8.037955914173E-1,2.105549192931E-1,1.25E0));
#1205=DIRECTION('',(0.E0,0.E0,-1.E0));
#1206=DIRECTION('',(-9.395732578067E-1,3.423479125312E-1,0.E0));
#1207=AXIS2_PLACEMENT_3D('',#1204,#1205,#1206);
#1209=CARTESIAN_POINT('',(8.037955914173E-1,2.105549192931E-1,-1.25E0));
#1210=DIRECTION('',(0.E0,0.E0,1.E0));
#1211=DIRECTION('',(-8.660254037845E-1,4.999999999999E-1,0.E0));
#1212=AXIS2_PLACEMENT_3D('',#1209,#1210,#1211);
#1214=DIRECTION('',(0.E0,0.E0,-1.E0));
#1215=VECTOR('',#1214,2.5E0);
#1216=CARTESIAN_POINT('',(7.650814157130E-1,4.555E-1,1.25E0));
#1217=LINE('',#1216,#1215);
#1218=DIRECTION('',(0.E0,0.E0,1.E0));
#1219=VECTOR('',#1218,2.5E0);
#1220=CARTESIAN_POINT('',(6.686956284270E-1,2.885549192931E-1,-1.25E0));
#1221=LINE('',#1220,#1219);
#1222=DIRECTION('',(0.E0,0.E0,-1.E0));
#1223=VECTOR('',#1222,2.5E0);
#1224=CARTESIAN_POINT('',(7.451628314259E-1,4.9E-1,1.25E0));
#1225=LINE('',#1224,#1223);
#1226=DIRECTION('',(0.E0,0.E0,1.E0));
#1227=VECTOR('',#1226,2.5E0);
#1228=CARTESIAN_POINT('',(7.405440292724E-1,4.9E-1,-1.25E0));
#1229=LINE('',#1228,#1227);
#1230=DIRECTION('',(0.E0,0.E0,-1.E0));
#1231=VECTOR('',#1230,2.5E0);
#1232=CARTESIAN_POINT('',(5.42E-1,4.9E-1,1.25E0));
#1233=LINE('',#1232,#1231);
#1234=DIRECTION('',(0.E0,0.E0,1.E0));
#1235=VECTOR('',#1234,2.5E0);
#1236=CARTESIAN_POINT('',(5.38E-1,4.9E-1,-1.25E0));
#1237=LINE('',#1236,#1235);
#1238=DIRECTION('',(0.E0,0.E0,-1.E0));
#1239=VECTOR('',#1238,2.5E0);
#1240=CARTESIAN_POINT('',(4.02E-1,4.9E-1,1.25E0));
#1241=LINE('',#1240,#1239);
#1242=DIRECTION('',(0.E0,0.E0,1.E0));
#1243=VECTOR('',#1242,2.5E0);
#1244=CARTESIAN_POINT('',(3.98E-1,4.9E-1,-1.25E0));
#1245=LINE('',#1244,#1243);
#1246=DIRECTION('',(0.E0,0.E0,-1.E0));
#1247=VECTOR('',#1246,2.5E0);
#1248=CARTESIAN_POINT('',(2.62E-1,4.9E-1,1.25E0));
#1249=LINE('',#1248,#1247);
#1250=DIRECTION('',(0.E0,0.E0,-1.E0));
#1251=VECTOR('',#1250,2.5E0);
#1252=CARTESIAN_POINT('',(2.58E-1,4.9E-1,1.25E0));
#1253=LINE('',#1252,#1251);
#1254=DIRECTION('',(0.E0,0.E0,1.E0));
#1255=VECTOR('',#1254,2.5E0);
#1256=CARTESIAN_POINT('',(6.309318185599E-1,3.231460819160E-1,-1.25E0));
#1257=LINE('',#1256,#1255);
#1258=DIRECTION('',(0.E0,0.E0,1.E0));
#1259=VECTOR('',#1258,2.5E0);
#1260=CARTESIAN_POINT('',(7.206254449854E-1,4.785E-1,-1.25E0));
#1261=LINE('',#1260,#1259);
#1262=DIRECTION('',(0.E0,0.E0,1.E0));
#1263=VECTOR('',#1262,2.5E0);
#1264=CARTESIAN_POINT('',(5.658005371131E-1,3.371048562703E-1,-1.25E0));
#1265=LINE('',#1264,#1263);
#1266=CARTESIAN_POINT('',(7.21E-1,3.528886048624E-1,1.25E0));
#1267=DIRECTION('',(0.E0,0.E0,-1.E0));
#1268=DIRECTION('',(-9.948683518391E-1,-1.011778755899E-1,0.E0));
#1269=AXIS2_PLACEMENT_3D('',#1266,#1267,#1268);
#1271=CARTESIAN_POINT('',(7.21E-1,3.528886048624E-1,-1.25E0));
#1272=DIRECTION('',(0.E0,0.E0,1.E0));
#1273=DIRECTION('',(-1.E0,0.E0,0.E0));
#1274=AXIS2_PLACEMENT_3D('',#1271,#1272,#1273);
#1276=DIRECTION('',(0.E0,0.E0,-1.E0));
#1277=VECTOR('',#1276,2.5E0);
#1278=CARTESIAN_POINT('',(5.65E-1,4.67E-1,1.25E0));
#1279=LINE('',#1278,#1277);
#1280=DIRECTION('',(0.E0,0.E0,1.E0));
#1281=VECTOR('',#1280,2.5E0);
#1282=CARTESIAN_POINT('',(5.65E-1,3.528886048624E-1,-1.25E0));
#1283=LINE('',#1282,#1281);
#1284=DIRECTION('',(0.E0,0.E0,1.E0));
#1285=VECTOR('',#1284,2.5E0);
#1286=CARTESIAN_POINT('',(5.15E-1,4.67E-1,-1.25E0));
#1287=LINE('',#1286,#1285);
#1288=DIRECTION('',(0.E0,0.E0,1.E0));
#1289=VECTOR('',#1288,2.5E0);
#1290=CARTESIAN_POINT('',(5.15E-1,2.8E-1,-1.25E0));
#1291=LINE('',#1290,#1289);
#1292=CARTESIAN_POINT('',(4.75E-1,2.8E-1,-1.25E0));
#1293=DIRECTION('',(0.E0,0.E0,1.E0));
#1294=DIRECTION('',(0.E0,-1.E0,0.E0));
#1295=AXIS2_PLACEMENT_3D('',#1292,#1293,#1294);
#1297=CARTESIAN_POINT('',(4.75E-1,2.8E-1,1.25E0));
#1298=DIRECTION('',(0.E0,0.E0,-1.E0));
#1299=DIRECTION('',(1.E0,0.E0,0.E0));
#1300=AXIS2_PLACEMENT_3D('',#1297,#1298,#1299);
#1302=DIRECTION('',(0.E0,0.E0,1.E0));
#1303=VECTOR('',#1302,2.5E0);
#1304=CARTESIAN_POINT('',(4.65E-1,2.4E-1,-1.25E0));
#1305=LINE('',#1304,#1303);
#1306=DIRECTION('',(0.E0,0.E0,1.E0));
#1307=VECTOR('',#1306,2.5E0);
#1308=CARTESIAN_POINT('',(4.75E-1,2.4E-1,-1.25E0));
#1309=LINE('',#1308,#1307);
#1310=CARTESIAN_POINT('',(4.65E-1,2.8E-1,-1.25E0));
#1311=DIRECTION('',(0.E0,0.E0,1.E0));
#1312=DIRECTION('',(-1.E0,0.E0,0.E0));
#1313=AXIS2_PLACEMENT_3D('',#1310,#1311,#1312);
#1315=CARTESIAN_POINT('',(4.65E-1,2.8E-1,1.25E0));
#1316=DIRECTION('',(0.E0,0.E0,-1.E0));
#1317=DIRECTION('',(0.E0,-1.E0,0.E0));
#1318=AXIS2_PLACEMENT_3D('',#1315,#1316,#1317);
#1320=DIRECTION('',(0.E0,0.E0,-1.E0));
#1321=VECTOR('',#1320,2.5E0);
#1322=CARTESIAN_POINT('',(4.25E-1,4.67E-1,1.25E0));
#1323=LINE('',#1322,#1321);
#1324=DIRECTION('',(0.E0,0.E0,1.E0));
#1325=VECTOR('',#1324,2.5E0);
#1326=CARTESIAN_POINT('',(4.25E-1,2.8E-1,-1.25E0));
#1327=LINE('',#1326,#1325);
#1328=DIRECTION('',(0.E0,0.E0,1.E0));
#1329=VECTOR('',#1328,2.5E0);
#1330=CARTESIAN_POINT('',(3.75E-1,4.67E-1,-1.25E0));
#1331=LINE('',#1330,#1329);
#1332=DIRECTION('',(0.E0,0.E0,1.E0));
#1333=VECTOR('',#1332,2.5E0);
#1334=CARTESIAN_POINT('',(3.75E-1,2.8E-1,-1.25E0));
#1335=LINE('',#1334,#1333);
#1336=CARTESIAN_POINT('',(3.35E-1,2.8E-1,-1.25E0));
#1337=DIRECTION('',(0.E0,0.E0,1.E0));
#1338=DIRECTION('',(0.E0,-1.E0,0.E0));
#1339=AXIS2_PLACEMENT_3D('',#1336,#1337,#1338);
#1341=CARTESIAN_POINT('',(3.35E-1,2.8E-1,1.25E0));
#1342=DIRECTION('',(0.E0,0.E0,-1.E0));
#1343=DIRECTION('',(1.E0,0.E0,0.E0));
#1344=AXIS2_PLACEMENT_3D('',#1341,#1342,#1343);
#1346=DIRECTION('',(0.E0,0.E0,1.E0));
#1347=VECTOR('',#1346,2.5E0);
#1348=CARTESIAN_POINT('',(3.35E-1,2.4E-1,-1.25E0));
#1349=LINE('',#1348,#1347);
#1350=DIRECTION('',(0.E0,0.E0,1.E0));
#1351=VECTOR('',#1350,2.5E0);
#1352=CARTESIAN_POINT('',(3.25E-1,2.4E-1,-1.25E0));
#1353=LINE('',#1352,#1351);
#1354=CARTESIAN_POINT('',(3.25E-1,2.8E-1,-1.25E0));
#1355=DIRECTION('',(0.E0,0.E0,1.E0));
#1356=DIRECTION('',(-1.E0,0.E0,0.E0));
#1357=AXIS2_PLACEMENT_3D('',#1354,#1355,#1356);
#1359=CARTESIAN_POINT('',(3.25E-1,2.8E-1,1.25E0));
#1360=DIRECTION('',(0.E0,0.E0,-1.E0));
#1361=DIRECTION('',(0.E0,-1.E0,0.E0));
#1362=AXIS2_PLACEMENT_3D('',#1359,#1360,#1361);
#1364=DIRECTION('',(0.E0,0.E0,-1.E0));
#1365=VECTOR('',#1364,2.5E0);
#1366=CARTESIAN_POINT('',(2.85E-1,4.67E-1,1.25E0));
#1367=LINE('',#1366,#1365);
#1368=DIRECTION('',(0.E0,0.E0,1.E0));
#1369=VECTOR('',#1368,2.5E0);
#1370=CARTESIAN_POINT('',(2.85E-1,2.8E-1,-1.25E0));
#1371=LINE('',#1370,#1369);
#1372=DIRECTION('',(0.E0,0.E0,-1.E0));
#1373=VECTOR('',#1372,2.5E0);
#1374=CARTESIAN_POINT('',(2.35E-1,4.67E-1,1.25E0));
#1375=LINE('',#1374,#1373);
#1376=DIRECTION('',(0.E0,0.E0,1.E0));
#1377=VECTOR('',#1376,2.5E0);
#1378=CARTESIAN_POINT('',(2.35E-1,6.E-2,-1.25E0));
#1379=LINE('',#1378,#1377);
#1380=CARTESIAN_POINT('',(0.E0,6.E-2,-5.E-1));
#1381=DIRECTION('',(0.E0,1.E0,0.E0));
#1382=DIRECTION('',(-1.E0,0.E0,0.E0));
#1383=AXIS2_PLACEMENT_3D('',#1380,#1381,#1382);
#1385=CARTESIAN_POINT('',(0.E0,6.E-2,-5.E-1));
#1386=DIRECTION('',(0.E0,1.E0,0.E0));
#1387=DIRECTION('',(1.E0,0.E0,0.E0));
#1388=AXIS2_PLACEMENT_3D('',#1385,#1386,#1387);
#1390=DIRECTION('',(0.E0,0.E0,-1.E0));
#1391=VECTOR('',#1390,2.5E0);
#1392=CARTESIAN_POINT('',(-2.35E-1,4.67E-1,1.25E0));
#1393=LINE('',#1392,#1391);
#1394=DIRECTION('',(0.E0,0.E0,1.E0));
#1395=VECTOR('',#1394,2.5E0);
#1396=CARTESIAN_POINT('',(-2.35E-1,6.E-2,-1.25E0));
#1397=LINE('',#1396,#1395);
#1398=DIRECTION('',(0.E0,0.E0,1.E0));
#1399=VECTOR('',#1398,2.5E0);
#1400=CARTESIAN_POINT('',(-7.451628314259E-1,4.9E-1,-1.25E0));
#1401=LINE('',#1400,#1399);
#1402=DIRECTION('',(0.E0,0.E0,-1.E0));
#1403=VECTOR('',#1402,2.5E0);
#1404=CARTESIAN_POINT('',(-7.405440292724E-1,4.9E-1,1.25E0));
#1405=LINE('',#1404,#1403);
#1406=DIRECTION('',(0.E0,0.E0,1.E0));
#1407=VECTOR('',#1406,2.5E0);
#1408=CARTESIAN_POINT('',(-5.42E-1,4.9E-1,-1.25E0));
#1409=LINE('',#1408,#1407);
#1410=DIRECTION('',(0.E0,0.E0,-1.E0));
#1411=VECTOR('',#1410,2.5E0);
#1412=CARTESIAN_POINT('',(-5.38E-1,4.9E-1,1.25E0));
#1413=LINE('',#1412,#1411);
#1414=DIRECTION('',(0.E0,0.E0,1.E0));
#1415=VECTOR('',#1414,2.5E0);
#1416=CARTESIAN_POINT('',(-4.02E-1,4.9E-1,-1.25E0));
#1417=LINE('',#1416,#1415);
#1418=DIRECTION('',(0.E0,0.E0,-1.E0));
#1419=VECTOR('',#1418,2.5E0);
#1420=CARTESIAN_POINT('',(-3.98E-1,4.9E-1,1.25E0));
#1421=LINE('',#1420,#1419);
#1422=DIRECTION('',(0.E0,0.E0,1.E0));
#1423=VECTOR('',#1422,2.5E0);
#1424=CARTESIAN_POINT('',(-2.62E-1,4.9E-1,-1.25E0));
#1425=LINE('',#1424,#1423);
#1426=DIRECTION('',(0.E0,0.E0,-1.E0));
#1427=VECTOR('',#1426,2.5E0);
#1428=CARTESIAN_POINT('',(-2.58E-1,4.9E-1,1.25E0));
#1429=LINE('',#1428,#1427);
#1430=DIRECTION('',(0.E0,0.E0,1.E0));
#1431=VECTOR('',#1430,2.5E0);
#1432=CARTESIAN_POINT('',(-7.650814157130E-1,4.555E-1,-1.25E0));
#1433=LINE('',#1432,#1431);
#1434=DIRECTION('',(0.E0,0.E0,-1.E0));
#1435=VECTOR('',#1434,2.5E0);
#1436=CARTESIAN_POINT('',(-6.686956284270E-1,2.885549192931E-1,1.25E0));
#1437=LINE('',#1436,#1435);
#1438=DIRECTION('',(0.E0,0.E0,-1.E0));
#1439=VECTOR('',#1438,2.5E0);
#1440=CARTESIAN_POINT('',(-6.572221631995E-1,2.639611936480E-1,1.25E0));
#1441=LINE('',#1440,#1439);
#1442=CARTESIAN_POINT('',(-8.037955914173E-1,2.105549192931E-1,-1.25E0));
#1443=DIRECTION('',(0.E0,0.E0,1.E0));
#1444=DIRECTION('',(9.395732578067E-1,3.423479125312E-1,0.E0));
#1445=AXIS2_PLACEMENT_3D('',#1442,#1443,#1444);
#1447=CARTESIAN_POINT('',(-8.037955914173E-1,2.105549192931E-1,1.25E0));
#1448=DIRECTION('',(0.E0,0.E0,-1.E0));
#1449=DIRECTION('',(8.660254037845E-1,4.999999999999E-1,0.E0));
#1450=AXIS2_PLACEMENT_3D('',#1447,#1448,#1449);
#1452=DIRECTION('',(0.E0,0.E0,-1.E0));
#1453=VECTOR('',#1452,2.5E0);
#1454=CARTESIAN_POINT('',(-6.901557639794E-1,2.429720997736E-1,1.25E0));
#1455=LINE('',#1454,#1453);
#1456=DIRECTION('',(0.E0,0.E0,-1.E0));
#1457=VECTOR('',#1456,2.5E0);
#1458=CARTESIAN_POINT('',(-7.857365440327E-1,3.385528798269E-1,1.25E0));
#1459=LINE('',#1458,#1457);
#1460=DIRECTION('',(0.E0,0.E0,1.E0));
#1461=VECTOR('',#1460,2.5E0);
#1462=CARTESIAN_POINT('',(-8.25E-1,3.166325696102E-1,-1.25E0));
#1463=LINE('',#1462,#1461);
#1464=DIRECTION('',(0.E0,0.E0,-1.E0));
#1465=VECTOR('',#1464,2.5E0);
#1466=CARTESIAN_POINT('',(-8.25E-1,3.222894238596E-1,1.25E0));
#1467=LINE('',#1466,#1465);
#1468=DIRECTION('',(0.E0,0.E0,1.E0));
#1469=VECTOR('',#1468,2.5E0);
#1470=CARTESIAN_POINT('',(-8.25E-1,1.286474657393E-1,-1.25E0));
#1471=LINE('',#1470,#1469);
#1472=DIRECTION('',(0.E0,0.E0,-1.E0));
#1473=VECTOR('',#1472,2.5E0);
#1474=CARTESIAN_POINT('',(-8.25E-1,1.327885704609E-1,1.25E0));
#1475=LINE('',#1474,#1473);
#1476=DIRECTION('',(0.E0,0.E0,1.E0));
#1477=VECTOR('',#1476,2.5E0);
#1478=CARTESIAN_POINT('',(-8.25E-1,-3.222894238596E-1,-1.25E0));
#1479=LINE('',#1478,#1477);
#1480=DIRECTION('',(0.E0,0.E0,-1.E0));
#1481=VECTOR('',#1480,2.5E0);
#1482=CARTESIAN_POINT('',(-8.25E-1,-3.166325696102E-1,1.25E0));
#1483=LINE('',#1482,#1481);
#1484=DIRECTION('',(0.E0,0.E0,1.E0));
#1485=VECTOR('',#1484,2.5E0);
#1486=CARTESIAN_POINT('',(-8.25E-1,-1.327885704609E-1,-1.25E0));
#1487=LINE('',#1486,#1485);
#1488=DIRECTION('',(0.E0,0.E0,-1.E0));
#1489=VECTOR('',#1488,2.5E0);
#1490=CARTESIAN_POINT('',(-8.25E-1,-1.286474657393E-1,1.25E0));
#1491=LINE('',#1490,#1489);
#1492=DIRECTION('',(0.E0,0.E0,1.E0));
#1493=VECTOR('',#1492,2.5E0);
#1494=CARTESIAN_POINT('',(-8.25E-1,-2.E-3,-1.25E0));
#1495=LINE('',#1494,#1493);
#1496=DIRECTION('',(0.E0,0.E0,-1.E0));
#1497=VECTOR('',#1496,2.5E0);
#1498=CARTESIAN_POINT('',(-8.25E-1,2.E-3,1.25E0));
#1499=LINE('',#1498,#1497);
#1500=DIRECTION('',(0.E0,0.E0,1.E0));
#1501=VECTOR('',#1500,2.5E0);
#1502=CARTESIAN_POINT('',(-7.207140881572E-1,2.028197458327E-1,-1.25E0));
#1503=LINE('',#1502,#1501);
#1504=DIRECTION('',(0.E0,0.E0,1.E0));
#1505=VECTOR('',#1504,2.5E0);
#1506=CARTESIAN_POINT('',(-8.182634559673E-1,3.003691136429E-1,-1.25E0));
#1507=LINE('',#1506,#1505);
#1508=CARTESIAN_POINT('',(-7.454628254987E-1,1.780710084912E-1,-1.25E0));
#1509=DIRECTION('',(0.E0,0.E0,1.E0));
#1510=DIRECTION('',(-1.823006706308E-1,-9.832428313939E-1,0.E0));
#1511=AXIS2_PLACEMENT_3D('',#1508,#1509,#1510);
#1513=CARTESIAN_POINT('',(-7.454628254987E-1,1.780710084912E-1,1.25E0));
#1514=DIRECTION('',(0.E0,0.E0,-1.E0));
#1515=DIRECTION('',(7.071067811865E-1,7.071067811865E-1,0.E0));
#1516=AXIS2_PLACEMENT_3D('',#1513,#1514,#1515);
#1518=DIRECTION('',(0.E0,0.E0,1.E0));
#1519=VECTOR('',#1518,2.5E0);
#1520=CARTESIAN_POINT('',(-7.518433489708E-1,1.436575093924E-1,-1.25E0));
#1521=LINE('',#1520,#1519);
#1522=CARTESIAN_POINT('',(-7.234044443524E-1,2.970433910899E-1,1.25E0));
#1523=DIRECTION('',(0.E0,0.E0,-1.E0));
#1524=DIRECTION('',(-1.823006706308E-1,-9.832428313939E-1,0.E0));
#1525=AXIS2_PLACEMENT_3D('',#1522,#1523,#1524);
#1527=CARTESIAN_POINT('',(-7.234044443524E-1,2.970433910899E-1,-1.25E0));
#1528=DIRECTION('',(0.E0,0.E0,1.E0));
#1529=DIRECTION('',(-2.588190451025E-1,-9.659258262891E-1,0.E0));
#1530=AXIS2_PLACEMENT_3D('',#1527,#1528,#1529);
#1532=DIRECTION('',(0.E0,0.E0,-1.E0));
#1533=VECTOR('',#1532,2.5E0);
#1534=CARTESIAN_POINT('',(-7.960471619626E-1,1.550048644656E-1,1.25E0));
#1535=LINE('',#1534,#1533);
#1536=DIRECTION('',(0.E0,0.E0,-1.E0));
#1537=VECTOR('',#1536,2.5E0);
#1538=CARTESIAN_POINT('',(-7.637802153884E-1,1.463589621888E-1,1.25E0));
#1539=LINE('',#1538,#1537);
#1540=DIRECTION('',(0.E0,0.E0,1.E0));
#1541=VECTOR('',#1540,2.5E0);
#1542=CARTESIAN_POINT('',(-8.079528380374E-1,1.064311717346E-1,-1.25E0));
#1543=LINE('',#1542,#1541);
#1544=DIRECTION('',(0.E0,0.E0,-1.E0));
#1545=VECTOR('',#1544,2.5E0);
#1546=CARTESIAN_POINT('',(-6.959846185330E-1,7.642937774050E-2,1.25E0));
#1547=LINE('',#1546,#1545);
#1548=DIRECTION('',(0.E0,0.E0,-1.E0));
#1549=VECTOR('',#1548,2.5E0);
#1550=CARTESIAN_POINT('',(-6.690277123069E-1,6.646563165723E-2,1.25E0));
#1551=LINE('',#1550,#1549);
#1552=CARTESIAN_POINT('',(-7.363603895690E-1,-7.425505116060E-2,-1.25E0));
#1553=DIRECTION('',(0.E0,0.E0,1.E0));
#1554=DIRECTION('',(4.316197260392E-1,9.020556590886E-1,0.E0));
#1555=AXIS2_PLACEMENT_3D('',#1552,#1553,#1554);
#1557=CARTESIAN_POINT('',(-7.363603895690E-1,-7.425505116060E-2,1.25E0));
#1558=DIRECTION('',(0.E0,0.E0,-1.E0));
#1559=DIRECTION('',(2.588190451025E-1,9.659258262891E-1,0.E0));
#1560=AXIS2_PLACEMENT_3D('',#1557,#1558,#1559);
#1562=CARTESIAN_POINT('',(-6.776601068276E-1,4.842451847546E-2,1.25E0));
#1563=DIRECTION('',(0.E0,0.E0,-1.E0));
#1564=DIRECTION('',(4.316197260392E-1,9.020556590887E-1,0.E0));
#1565=AXIS2_PLACEMENT_3D('',#1562,#1563,#1564);
#1567=CARTESIAN_POINT('',(-6.776601068276E-1,4.842451847546E-2,-1.25E0));
#1568=DIRECTION('',(0.E0,0.E0,1.E0));
#1569=DIRECTION('',(2.229944375276E-1,-9.748197170922E-1,0.E0));
#1570=AXIS2_PLACEMENT_3D('',#1567,#1568,#1569);
#1572=DIRECTION('',(0.E0,0.E0,-1.E0));
#1573=VECTOR('',#1572,2.5E0);
#1574=CARTESIAN_POINT('',(-6.732002180771E-1,2.892812413361E-2,1.25E0));
#1575=LINE('',#1574,#1573);
#1576=CARTESIAN_POINT('',(-7.079873503314E-1,1.81E-1,1.25E0));
#1577=DIRECTION('',(0.E0,0.E0,-1.E0));
#1578=DIRECTION('',(2.229944375276E-1,-9.748197170922E-1,0.E0));
#1579=AXIS2_PLACEMENT_3D('',#1576,#1577,#1578);
#1581=CARTESIAN_POINT('',(-7.079873503314E-1,1.81E-1,-1.25E0));
#1582=DIRECTION('',(0.E0,0.E0,1.E0));
#1583=DIRECTION('',(0.E0,-1.E0,0.E0));
#1584=AXIS2_PLACEMENT_3D('',#1581,#1582,#1583);
#1586=DIRECTION('',(0.E0,0.E0,-1.E0));
#1587=VECTOR('',#1586,2.5E0);
#1588=CARTESIAN_POINT('',(-8.02E-1,2.5E-2,1.25E0));
#1589=LINE('',#1588,#1587);
#1590=DIRECTION('',(0.E0,0.E0,-1.E0));
#1591=VECTOR('',#1590,2.5E0);
#1592=CARTESIAN_POINT('',(-7.079873503314E-1,2.5E-2,1.25E0));
#1593=LINE('',#1592,#1591);
#1594=DIRECTION('',(0.E0,0.E0,1.E0));
#1595=VECTOR('',#1594,2.5E0);
#1596=CARTESIAN_POINT('',(-6.901557639794E-1,-2.429720997736E-1,-1.25E0));
#1597=LINE('',#1596,#1595);
#1598=DIRECTION('',(0.E0,0.E0,1.E0));
#1599=VECTOR('',#1598,2.5E0);
#1600=CARTESIAN_POINT('',(-7.857365440327E-1,-3.385528798269E-1,-1.25E0));
#1601=LINE('',#1600,#1599);
#1602=DIRECTION('',(0.E0,0.E0,1.E0));
#1603=VECTOR('',#1602,2.5E0);
#1604=CARTESIAN_POINT('',(-6.572221631995E-1,-2.639611936480E-1,-1.25E0));
#1605=LINE('',#1604,#1603);
#1606=CARTESIAN_POINT('',(-8.037955914173E-1,-2.105549192931E-1,1.25E0));
#1607=DIRECTION('',(0.E0,0.E0,-1.E0));
#1608=DIRECTION('',(9.395732578067E-1,-3.423479125312E-1,0.E0));
#1609=AXIS2_PLACEMENT_3D('',#1606,#1607,#1608);
#1611=CARTESIAN_POINT('',(-8.037955914173E-1,-2.105549192931E-1,-1.25E0));
#1612=DIRECTION('',(0.E0,0.E0,1.E0));
#1613=DIRECTION('',(8.660254037845E-1,-4.999999999999E-1,0.E0));
#1614=AXIS2_PLACEMENT_3D('',#1611,#1612,#1613);
#1616=DIRECTION('',(0.E0,0.E0,-1.E0));
#1617=VECTOR('',#1616,2.5E0);
#1618=CARTESIAN_POINT('',(-7.650814157130E-1,-4.555E-1,1.25E0));
#1619=LINE('',#1618,#1617);
#1620=DIRECTION('',(0.E0,0.E0,-1.E0));
#1621=VECTOR('',#1620,2.5E0);
#1622=CARTESIAN_POINT('',(-6.686956284270E-1,-2.885549192931E-1,1.25E0));
#1623=LINE('',#1622,#1621);
#1624=DIRECTION('',(0.E0,0.E0,-1.E0));
#1625=VECTOR('',#1624,2.5E0);
#1626=CARTESIAN_POINT('',(-5.13E-1,-4.9E-1,1.25E0));
#1627=LINE('',#1626,#1625);
#1628=DIRECTION('',(0.E0,0.E0,-1.E0));
#1629=VECTOR('',#1628,2.5E0);
#1630=CARTESIAN_POINT('',(-5.27E-1,-4.9E-1,1.25E0));
#1631=LINE('',#1630,#1629);
#1632=DIRECTION('',(0.E0,0.E0,1.E0));
#1633=VECTOR('',#1632,2.5E0);
#1634=CARTESIAN_POINT('',(-7.255440292724E-1,-4.9E-1,-1.25E0));
#1635=LINE('',#1634,#1633);
#1636=DIRECTION('',(0.E0,0.E0,-1.E0));
#1637=VECTOR('',#1636,2.5E0);
#1638=CARTESIAN_POINT('',(-7.451628314259E-1,-4.9E-1,1.25E0));
#1639=LINE('',#1638,#1637);
#1640=DIRECTION('',(0.E0,0.E0,-1.E0));
#1641=VECTOR('',#1640,2.5E0);
#1642=CARTESIAN_POINT('',(-4.9E-1,-4.67E-1,1.25E0));
#1643=LINE('',#1642,#1641);
#1644=DIRECTION('',(0.E0,0.E0,1.E0));
#1645=VECTOR('',#1644,2.5E0);
#1646=CARTESIAN_POINT('',(-4.9E-1,-4.438749823993E-2,-1.25E0));
#1647=LINE('',#1646,#1645);
#1648=CARTESIAN_POINT('',(-5.E-1,0.E0,-1.25E0));
#1649=DIRECTION('',(0.E0,0.E0,1.E0));
#1650=DIRECTION('',(1.E0,0.E0,0.E0));
#1651=AXIS2_PLACEMENT_3D('',#1648,#1649,#1650);
#1653=CARTESIAN_POINT('',(-5.E-1,0.E0,1.25E0));
#1654=DIRECTION('',(0.E0,0.E0,-1.E0));
#1655=DIRECTION('',(2.197802197802E-1,-9.755494118666E-1,0.E0));
#1656=AXIS2_PLACEMENT_3D('',#1653,#1654,#1655);
#1658=DIRECTION('',(0.E0,0.E0,-1.E0));
#1659=VECTOR('',#1658,2.5E0);
#1660=CARTESIAN_POINT('',(4.545E-1,0.E0,1.25E0));
#1661=LINE('',#1660,#1659);
#1662=DIRECTION('',(0.E0,0.E0,1.E0));
#1663=VECTOR('',#1662,2.5E0);
#1664=CARTESIAN_POINT('',(-4.545E-1,0.E0,-1.25E0));
#1665=LINE('',#1664,#1663);
#1666=CARTESIAN_POINT('',(0.E0,0.E0,-5.E-1));
#1667=DIRECTION('',(0.E0,1.E0,0.E0));
#1668=DIRECTION('',(-1.E0,0.E0,0.E0));
#1669=AXIS2_PLACEMENT_3D('',#1666,#1667,#1668);
#1671=CARTESIAN_POINT('',(0.E0,0.E0,-5.E-1));
#1672=DIRECTION('',(0.E0,1.E0,0.E0));
#1673=DIRECTION('',(1.E0,0.E0,0.E0));
#1674=AXIS2_PLACEMENT_3D('',#1671,#1672,#1673);
#1676=CARTESIAN_POINT('',(5.E-1,0.E0,1.25E0));
#1677=DIRECTION('',(0.E0,0.E0,-1.E0));
#1678=DIRECTION('',(-1.E0,0.E0,0.E0));
#1679=AXIS2_PLACEMENT_3D('',#1676,#1677,#1678);
#1681=CARTESIAN_POINT('',(5.E-1,0.E0,-1.25E0));
#1682=DIRECTION('',(0.E0,0.E0,1.E0));
#1683=DIRECTION('',(-2.197802197802E-1,-9.755494118666E-1,0.E0));
#1684=AXIS2_PLACEMENT_3D('',#1681,#1682,#1683);
#1686=DIRECTION('',(0.E0,0.E0,-1.E0));
#1687=VECTOR('',#1686,2.5E0);
#1688=CARTESIAN_POINT('',(4.9E-1,-4.67E-1,1.25E0));
#1689=LINE('',#1688,#1687);
#1690=DIRECTION('',(0.E0,0.E0,-1.E0));
#1691=VECTOR('',#1690,2.5E0);
#1692=CARTESIAN_POINT('',(4.9E-1,-4.438749823993E-2,1.25E0));
#1693=LINE('',#1692,#1691);
#1694=DIRECTION('',(0.E0,0.E0,-1.E0));
#1695=VECTOR('',#1694,2.5E0);
#1696=CARTESIAN_POINT('',(5.13E-1,-4.9E-1,1.25E0));
#1697=LINE('',#1696,#1695);
#1698=DIRECTION('',(0.E0,0.E0,1.E0));
#1699=VECTOR('',#1698,2.5E0);
#1700=CARTESIAN_POINT('',(5.27E-1,-4.9E-1,-1.25E0));
#1701=LINE('',#1700,#1699);
#1702=DIRECTION('',(0.E0,0.E0,-1.E0));
#1703=VECTOR('',#1702,2.5E0);
#1704=CARTESIAN_POINT('',(7.255440292724E-1,-4.9E-1,1.25E0));
#1705=LINE('',#1704,#1703);
#1706=DIRECTION('',(0.E0,0.E0,1.E0));
#1707=VECTOR('',#1706,2.5E0);
#1708=CARTESIAN_POINT('',(7.451628314259E-1,-4.9E-1,-1.25E0));
#1709=LINE('',#1708,#1707);
#1710=DIRECTION('',(0.E0,0.E0,1.E0));
#1711=VECTOR('',#1710,2.5E0);
#1712=CARTESIAN_POINT('',(5.5E-1,-4.67E-1,-1.25E0));
#1713=LINE('',#1712,#1711);
#1714=DIRECTION('',(0.E0,0.E0,1.E0));
#1715=VECTOR('',#1714,2.5E0);
#1716=CARTESIAN_POINT('',(5.5E-1,-3.528886048624E-1,-1.25E0));
#1717=LINE('',#1716,#1715);
#1718=DIRECTION('',(0.E0,0.E0,-1.E0));
#1719=VECTOR('',#1718,2.5E0);
#1720=CARTESIAN_POINT('',(5.508005371131E-1,-3.371048562703E-1,1.25E0));
#1721=LINE('',#1720,#1719);
#1722=CARTESIAN_POINT('',(7.06E-1,-3.528886048624E-1,-1.25E0));
#1723=DIRECTION('',(0.E0,0.E0,1.E0));
#1724=DIRECTION('',(-9.948683518391E-1,1.011778755899E-1,0.E0));
#1725=AXIS2_PLACEMENT_3D('',#1722,#1723,#1724);
#1727=CARTESIAN_POINT('',(7.06E-1,-3.528886048624E-1,1.25E0));
#1728=DIRECTION('',(0.E0,0.E0,-1.E0));
#1729=DIRECTION('',(-1.E0,0.E0,0.E0));
#1730=AXIS2_PLACEMENT_3D('',#1727,#1728,#1729);
#1732=DIRECTION('',(0.E0,0.E0,-1.E0));
#1733=VECTOR('',#1732,2.5E0);
#1734=CARTESIAN_POINT('',(6.159318185599E-1,-3.231460819160E-1,1.25E0));
#1735=LINE('',#1734,#1733);
#1736=DIRECTION('',(0.E0,0.E0,-1.E0));
#1737=VECTOR('',#1736,2.5E0);
#1738=CARTESIAN_POINT('',(7.056254449854E-1,-4.785E-1,1.25E0));
#1739=LINE('',#1738,#1737);
#1740=DIRECTION('',(0.E0,0.E0,1.E0));
#1741=VECTOR('',#1740,2.5E0);
#1742=CARTESIAN_POINT('',(7.650814157130E-1,-4.555E-1,-1.25E0));
#1743=LINE('',#1742,#1741);
#1744=DIRECTION('',(0.E0,0.E0,1.E0));
#1745=VECTOR('',#1744,2.5E0);
#1746=CARTESIAN_POINT('',(6.686956284270E-1,-2.885549192931E-1,-1.25E0));
#1747=LINE('',#1746,#1745);
#1748=DIRECTION('',(0.E0,0.E0,-1.E0));
#1749=VECTOR('',#1748,2.5E0);
#1750=CARTESIAN_POINT('',(6.572221631995E-1,-2.639611936480E-1,1.25E0));
#1751=LINE('',#1750,#1749);
#1752=CARTESIAN_POINT('',(8.037955914173E-1,-2.105549192931E-1,-1.25E0));
#1753=DIRECTION('',(0.E0,0.E0,1.E0));
#1754=DIRECTION('',(-9.395732578067E-1,-3.423479125312E-1,0.E0));
#1755=AXIS2_PLACEMENT_3D('',#1752,#1753,#1754);
#1757=CARTESIAN_POINT('',(8.037955914173E-1,-2.105549192931E-1,1.25E0));
#1758=DIRECTION('',(0.E0,0.E0,-1.E0));
#1759=DIRECTION('',(-8.660254037845E-1,-4.999999999999E-1,0.E0));
#1760=AXIS2_PLACEMENT_3D('',#1757,#1758,#1759);
#1762=DIRECTION('',(0.E0,0.E0,-1.E0));
#1763=VECTOR('',#1762,2.5E0);
#1764=CARTESIAN_POINT('',(6.901557639794E-1,-2.429720997736E-1,1.25E0));
#1765=LINE('',#1764,#1763);
#1766=DIRECTION('',(0.E0,0.E0,-1.E0));
#1767=VECTOR('',#1766,2.5E0);
#1768=CARTESIAN_POINT('',(7.857365440327E-1,-3.385528798269E-1,1.25E0));
#1769=LINE('',#1768,#1767);
#1770=DIRECTION('',(0.E0,-1.E0,0.E0));
#1771=VECTOR('',#1770,6.E-2);
#1772=CARTESIAN_POINT('',(7.E-2,6.E-2,-5.E-1));
#1773=LINE('',#1772,#1771);
#1774=DIRECTION('',(0.E0,-1.E0,0.E0));
#1775=VECTOR('',#1774,6.E-2);
#1776=CARTESIAN_POINT('',(-7.E-2,6.E-2,-5.E-1));
#1777=LINE('',#1776,#1775);
#1778=DIRECTION('',(0.E0,0.E0,-1.E0));
#1779=VECTOR('',#1778,2.5E0);
#1780=CARTESIAN_POINT('',(-5.5E-1,-4.67E-1,1.25E0));
#1781=LINE('',#1780,#1779);
#1782=DIRECTION('',(0.E0,0.E0,-1.E0));
#1783=VECTOR('',#1782,2.5E0);
#1784=CARTESIAN_POINT('',(-5.5E-1,-3.528886048624E-1,1.25E0));
#1785=LINE('',#1784,#1783);
#1786=DIRECTION('',(0.E0,0.E0,1.E0));
#1787=VECTOR('',#1786,2.5E0);
#1788=CARTESIAN_POINT('',(-5.508005371131E-1,-3.371048562703E-1,-1.25E0));
#1789=LINE('',#1788,#1787);
#1790=CARTESIAN_POINT('',(-7.06E-1,-3.528886048624E-1,1.25E0));
#1791=DIRECTION('',(0.E0,0.E0,-1.E0));
#1792=DIRECTION('',(9.948683518391E-1,1.011778755899E-1,0.E0));
#1793=AXIS2_PLACEMENT_3D('',#1790,#1791,#1792);
#1795=CARTESIAN_POINT('',(-7.06E-1,-3.528886048624E-1,-1.25E0));
#1796=DIRECTION('',(0.E0,0.E0,1.E0));
#1797=DIRECTION('',(1.E0,0.E0,0.E0));
#1798=AXIS2_PLACEMENT_3D('',#1795,#1796,#1797);
#1800=DIRECTION('',(0.E0,0.E0,1.E0));
#1801=VECTOR('',#1800,2.5E0);
#1802=CARTESIAN_POINT('',(-6.159318185599E-1,-3.231460819160E-1,-1.25E0));
#1803=LINE('',#1802,#1801);
#1804=DIRECTION('',(0.E0,0.E0,1.E0));
#1805=VECTOR('',#1804,2.5E0);
#1806=CARTESIAN_POINT('',(-7.056254449854E-1,-4.785E-1,-1.25E0));
#1807=LINE('',#1806,#1805);
#1808=DIRECTION('',(0.E0,0.E0,1.E0));
#1809=VECTOR('',#1808,2.5E0);
#1810=CARTESIAN_POINT('',(-7.207140881572E-1,-2.028197458327E-1,-1.25E0));
#1811=LINE('',#1810,#1809);
#1812=DIRECTION('',(0.E0,0.E0,-1.E0));
#1813=VECTOR('',#1812,2.5E0);
#1814=CARTESIAN_POINT('',(-8.182634559673E-1,-3.003691136429E-1,1.25E0));
#1815=LINE('',#1814,#1813);
#1816=CARTESIAN_POINT('',(-7.454628254987E-1,-1.780710084912E-1,-1.25E0));
#1817=DIRECTION('',(0.E0,0.E0,1.E0));
#1818=DIRECTION('',(7.071067811865E-1,-7.071067811865E-1,0.E0));
#1819=AXIS2_PLACEMENT_3D('',#1816,#1817,#1818);
#1821=CARTESIAN_POINT('',(-7.454628254987E-1,-1.780710084912E-1,1.25E0));
#1822=DIRECTION('',(0.E0,0.E0,-1.E0));
#1823=DIRECTION('',(-1.823006706308E-1,9.832428313939E-1,0.E0));
#1824=AXIS2_PLACEMENT_3D('',#1821,#1822,#1823);
#1826=DIRECTION('',(0.E0,0.E0,1.E0));
#1827=VECTOR('',#1826,2.5E0);
#1828=CARTESIAN_POINT('',(-7.518433489708E-1,-1.436575093924E-1,-1.25E0));
#1829=LINE('',#1828,#1827);
#1830=CARTESIAN_POINT('',(-7.234044443524E-1,-2.970433910899E-1,-1.25E0));
#1831=DIRECTION('',(0.E0,0.E0,1.E0));
#1832=DIRECTION('',(-1.823006706308E-1,9.832428313939E-1,0.E0));
#1833=AXIS2_PLACEMENT_3D('',#1830,#1831,#1832);
#1835=CARTESIAN_POINT('',(-7.234044443524E-1,-2.970433910899E-1,1.25E0));
#1836=DIRECTION('',(0.E0,0.E0,-1.E0));
#1837=DIRECTION('',(-2.588190451025E-1,9.659258262891E-1,0.E0));
#1838=AXIS2_PLACEMENT_3D('',#1835,#1836,#1837);
#1840=DIRECTION('',(0.E0,0.E0,1.E0));
#1841=VECTOR('',#1840,2.5E0);
#1842=CARTESIAN_POINT('',(-7.960471619626E-1,-1.550048644656E-1,-1.25E0));
#1843=LINE('',#1842,#1841);
#1844=DIRECTION('',(0.E0,0.E0,-1.E0));
#1845=VECTOR('',#1844,2.5E0);
#1846=CARTESIAN_POINT('',(-7.637802153884E-1,-1.463589621888E-1,1.25E0));
#1847=LINE('',#1846,#1845);
#1848=DIRECTION('',(0.E0,0.E0,-1.E0));
#1849=VECTOR('',#1848,2.5E0);
#1850=CARTESIAN_POINT('',(-8.079528380374E-1,-1.064311717346E-1,1.25E0));
#1851=LINE('',#1850,#1849);
#1852=DIRECTION('',(0.E0,0.E0,-1.E0));
#1853=VECTOR('',#1852,2.5E0);
#1854=CARTESIAN_POINT('',(-6.959846185330E-1,-7.642937774050E-2,1.25E0));
#1855=LINE('',#1854,#1853);
#1856=DIRECTION('',(0.E0,0.E0,1.E0));
#1857=VECTOR('',#1856,2.5E0);
#1858=CARTESIAN_POINT('',(-6.690277123069E-1,-6.646563165723E-2,-1.25E0));
#1859=LINE('',#1858,#1857);
#1860=CARTESIAN_POINT('',(-7.363603895690E-1,7.425505116060E-2,1.25E0));
#1861=DIRECTION('',(0.E0,0.E0,-1.E0));
#1862=DIRECTION('',(4.316197260392E-1,-9.020556590887E-1,0.E0));
#1863=AXIS2_PLACEMENT_3D('',#1860,#1861,#1862);
#1865=CARTESIAN_POINT('',(-7.363603895690E-1,7.425505116060E-2,-1.25E0));
#1866=DIRECTION('',(0.E0,0.E0,1.E0));
#1867=DIRECTION('',(2.588190451025E-1,-9.659258262891E-1,0.E0));
#1868=AXIS2_PLACEMENT_3D('',#1865,#1866,#1867);
#1870=CARTESIAN_POINT('',(-6.776601068276E-1,-4.842451847546E-2,-1.25E0));
#1871=DIRECTION('',(0.E0,0.E0,1.E0));
#1872=DIRECTION('',(4.316197260392E-1,-9.020556590886E-1,0.E0));
#1873=AXIS2_PLACEMENT_3D('',#1870,#1871,#1872);
#1875=CARTESIAN_POINT('',(-6.776601068276E-1,-4.842451847546E-2,1.25E0));
#1876=DIRECTION('',(0.E0,0.E0,-1.E0));
#1877=DIRECTION('',(2.229944375276E-1,9.748197170922E-1,0.E0));
#1878=AXIS2_PLACEMENT_3D('',#1875,#1876,#1877);
#1880=DIRECTION('',(0.E0,0.E0,1.E0));
#1881=VECTOR('',#1880,2.5E0);
#1882=CARTESIAN_POINT('',(-6.732002180771E-1,-2.892812413361E-2,-1.25E0));
#1883=LINE('',#1882,#1881);
#1884=CARTESIAN_POINT('',(-7.079873503314E-1,-1.81E-1,-1.25E0));
#1885=DIRECTION('',(0.E0,0.E0,1.E0));
#1886=DIRECTION('',(2.229944375276E-1,9.748197170922E-1,0.E0));
#1887=AXIS2_PLACEMENT_3D('',#1884,#1885,#1886);
#1889=CARTESIAN_POINT('',(-7.079873503314E-1,-1.81E-1,1.25E0));
#1890=DIRECTION('',(0.E0,0.E0,-1.E0));
#1891=DIRECTION('',(0.E0,1.E0,0.E0));
#1892=AXIS2_PLACEMENT_3D('',#1889,#1890,#1891);
#1894=DIRECTION('',(0.E0,0.E0,1.E0));
#1895=VECTOR('',#1894,2.5E0);
#1896=CARTESIAN_POINT('',(-8.02E-1,-2.5E-2,-1.25E0));
#1897=LINE('',#1896,#1895);
#1898=DIRECTION('',(0.E0,0.E0,-1.E0));
#1899=VECTOR('',#1898,2.5E0);
#1900=CARTESIAN_POINT('',(-7.079873503314E-1,-2.5E-2,1.25E0));
#1901=LINE('',#1900,#1899);
#1902=DIRECTION('',(0.E0,0.E0,-1.E0));
#1903=VECTOR('',#1902,2.5E0);
#1904=CARTESIAN_POINT('',(-6.309318185599E-1,3.231460819160E-1,1.25E0));
#1905=LINE('',#1904,#1903);
#1906=DIRECTION('',(0.E0,0.E0,-1.E0));
#1907=VECTOR('',#1906,2.5E0);
#1908=CARTESIAN_POINT('',(-7.206254449854E-1,4.785E-1,1.25E0));
#1909=LINE('',#1908,#1907);
#1910=DIRECTION('',(0.E0,0.E0,-1.E0));
#1911=VECTOR('',#1910,2.5E0);
#1912=CARTESIAN_POINT('',(-5.658005371131E-1,3.371048562703E-1,1.25E0));
#1913=LINE('',#1912,#1911);
#1914=CARTESIAN_POINT('',(-7.21E-1,3.528886048624E-1,-1.25E0));
#1915=DIRECTION('',(0.E0,0.E0,1.E0));
#1916=DIRECTION('',(9.948683518391E-1,-1.011778755899E-1,0.E0));
#1917=AXIS2_PLACEMENT_3D('',#1914,#1915,#1916);
#1919=CARTESIAN_POINT('',(-7.21E-1,3.528886048624E-1,1.25E0));
#1920=DIRECTION('',(0.E0,0.E0,-1.E0));
#1921=DIRECTION('',(1.E0,0.E0,0.E0));
#1922=AXIS2_PLACEMENT_3D('',#1919,#1920,#1921);
#1924=DIRECTION('',(0.E0,0.E0,1.E0));
#1925=VECTOR('',#1924,2.5E0);
#1926=CARTESIAN_POINT('',(-5.65E-1,4.67E-1,-1.25E0));
#1927=LINE('',#1926,#1925);
#1928=DIRECTION('',(0.E0,0.E0,-1.E0));
#1929=VECTOR('',#1928,2.5E0);
#1930=CARTESIAN_POINT('',(-5.65E-1,3.528886048624E-1,1.25E0));
#1931=LINE('',#1930,#1929);
#1932=DIRECTION('',(0.E0,0.E0,-1.E0));
#1933=VECTOR('',#1932,2.5E0);
#1934=CARTESIAN_POINT('',(-5.15E-1,4.67E-1,1.25E0));
#1935=LINE('',#1934,#1933);
#1936=DIRECTION('',(0.E0,0.E0,-1.E0));
#1937=VECTOR('',#1936,2.5E0);
#1938=CARTESIAN_POINT('',(-5.15E-1,2.8E-1,1.25E0));
#1939=LINE('',#1938,#1937);
#1940=CARTESIAN_POINT('',(-4.75E-1,2.8E-1,1.25E0));
#1941=DIRECTION('',(0.E0,0.E0,-1.E0));
#1942=DIRECTION('',(0.E0,-1.E0,0.E0));
#1943=AXIS2_PLACEMENT_3D('',#1940,#1941,#1942);
#1945=CARTESIAN_POINT('',(-4.75E-1,2.8E-1,-1.25E0));
#1946=DIRECTION('',(0.E0,0.E0,1.E0));
#1947=DIRECTION('',(-1.E0,0.E0,0.E0));
#1948=AXIS2_PLACEMENT_3D('',#1945,#1946,#1947);
#1950=DIRECTION('',(0.E0,0.E0,-1.E0));
#1951=VECTOR('',#1950,2.5E0);
#1952=CARTESIAN_POINT('',(-4.65E-1,2.4E-1,1.25E0));
#1953=LINE('',#1952,#1951);
#1954=DIRECTION('',(0.E0,0.E0,-1.E0));
#1955=VECTOR('',#1954,2.5E0);
#1956=CARTESIAN_POINT('',(-4.75E-1,2.4E-1,1.25E0));
#1957=LINE('',#1956,#1955);
#1958=CARTESIAN_POINT('',(-4.65E-1,2.8E-1,1.25E0));
#1959=DIRECTION('',(0.E0,0.E0,-1.E0));
#1960=DIRECTION('',(1.E0,0.E0,0.E0));
#1961=AXIS2_PLACEMENT_3D('',#1958,#1959,#1960);
#1963=CARTESIAN_POINT('',(-4.65E-1,2.8E-1,-1.25E0));
#1964=DIRECTION('',(0.E0,0.E0,1.E0));
#1965=DIRECTION('',(0.E0,-1.E0,0.E0));
#1966=AXIS2_PLACEMENT_3D('',#1963,#1964,#1965);
#1968=DIRECTION('',(0.E0,0.E0,1.E0));
#1969=VECTOR('',#1968,2.5E0);
#1970=CARTESIAN_POINT('',(-4.25E-1,4.67E-1,-1.25E0));
#1971=LINE('',#1970,#1969);
#1972=DIRECTION('',(0.E0,0.E0,-1.E0));
#1973=VECTOR('',#1972,2.5E0);
#1974=CARTESIAN_POINT('',(-4.25E-1,2.8E-1,1.25E0));
#1975=LINE('',#1974,#1973);
#1976=DIRECTION('',(0.E0,0.E0,-1.E0));
#1977=VECTOR('',#1976,2.5E0);
#1978=CARTESIAN_POINT('',(-3.75E-1,4.67E-1,1.25E0));
#1979=LINE('',#1978,#1977);
#1980=DIRECTION('',(0.E0,0.E0,-1.E0));
#1981=VECTOR('',#1980,2.5E0);
#1982=CARTESIAN_POINT('',(-3.75E-1,2.8E-1,1.25E0));
#1983=LINE('',#1982,#1981);
#1984=CARTESIAN_POINT('',(-3.35E-1,2.8E-1,1.25E0));
#1985=DIRECTION('',(0.E0,0.E0,-1.E0));
#1986=DIRECTION('',(0.E0,-1.E0,0.E0));
#1987=AXIS2_PLACEMENT_3D('',#1984,#1985,#1986);
#1989=CARTESIAN_POINT('',(-3.35E-1,2.8E-1,-1.25E0));
#1990=DIRECTION('',(0.E0,0.E0,1.E0));
#1991=DIRECTION('',(-1.E0,0.E0,0.E0));
#1992=AXIS2_PLACEMENT_3D('',#1989,#1990,#1991);
#1994=DIRECTION('',(0.E0,0.E0,-1.E0));
#1995=VECTOR('',#1994,2.5E0);
#1996=CARTESIAN_POINT('',(-3.35E-1,2.4E-1,1.25E0));
#1997=LINE('',#1996,#1995);
#1998=DIRECTION('',(0.E0,0.E0,-1.E0));
#1999=VECTOR('',#1998,2.5E0);
#2000=CARTESIAN_POINT('',(-3.25E-1,2.4E-1,1.25E0));
#2001=LINE('',#2000,#1999);
#2002=CARTESIAN_POINT('',(-3.25E-1,2.8E-1,1.25E0));
#2003=DIRECTION('',(0.E0,0.E0,-1.E0));
#2004=DIRECTION('',(1.E0,0.E0,0.E0));
#2005=AXIS2_PLACEMENT_3D('',#2002,#2003,#2004);
#2007=CARTESIAN_POINT('',(-3.25E-1,2.8E-1,-1.25E0));
#2008=DIRECTION('',(0.E0,0.E0,1.E0));
#2009=DIRECTION('',(0.E0,-1.E0,0.E0));
#2010=AXIS2_PLACEMENT_3D('',#2007,#2008,#2009);
#2012=DIRECTION('',(0.E0,0.E0,1.E0));
#2013=VECTOR('',#2012,2.5E0);
#2014=CARTESIAN_POINT('',(-2.85E-1,4.67E-1,-1.25E0));
#2015=LINE('',#2014,#2013);
#2016=DIRECTION('',(0.E0,0.E0,-1.E0));
#2017=VECTOR('',#2016,2.5E0);
#2018=CARTESIAN_POINT('',(-2.85E-1,2.8E-1,1.25E0));
#2019=LINE('',#2018,#2017);
#2020=DIRECTION('',(0.E0,0.E0,1.E0));
#2021=VECTOR('',#2020,2.5E0);
#2022=CARTESIAN_POINT('',(7.960471619626E-1,1.550048644656E-1,-1.25E0));
#2023=LINE('',#2022,#2021);
#2024=DIRECTION('',(0.E0,0.E0,1.E0));
#2025=VECTOR('',#2024,2.5E0);
#2026=CARTESIAN_POINT('',(7.637802153884E-1,1.463589621888E-1,-1.25E0));
#2027=LINE('',#2026,#2025);
#2028=DIRECTION('',(0.E0,0.E0,-1.E0));
#2029=VECTOR('',#2028,2.5E0);
#2030=CARTESIAN_POINT('',(8.079528380374E-1,1.064311717346E-1,1.25E0));
#2031=LINE('',#2030,#2029);
#2032=DIRECTION('',(0.E0,0.E0,1.E0));
#2033=VECTOR('',#2032,2.5E0);
#2034=CARTESIAN_POINT('',(6.959846185330E-1,7.642937774050E-2,-1.25E0));
#2035=LINE('',#2034,#2033);
#2036=DIRECTION('',(0.E0,0.E0,1.E0));
#2037=VECTOR('',#2036,2.5E0);
#2038=CARTESIAN_POINT('',(6.690277123069E-1,6.646563165723E-2,-1.25E0));
#2039=LINE('',#2038,#2037);
#2040=CARTESIAN_POINT('',(7.363603895690E-1,-7.425505116060E-2,1.25E0));
#2041=DIRECTION('',(0.E0,0.E0,-1.E0));
#2042=DIRECTION('',(-4.316197260392E-1,9.020556590886E-1,0.E0));
#2043=AXIS2_PLACEMENT_3D('',#2040,#2041,#2042);
#2045=CARTESIAN_POINT('',(7.363603895690E-1,-7.425505116060E-2,-1.25E0));
#2046=DIRECTION('',(0.E0,0.E0,1.E0));
#2047=DIRECTION('',(-2.588190451025E-1,9.659258262891E-1,0.E0));
#2048=AXIS2_PLACEMENT_3D('',#2045,#2046,#2047);
#2050=CARTESIAN_POINT('',(6.776601068276E-1,4.842451847546E-2,-1.25E0));
#2051=DIRECTION('',(0.E0,0.E0,1.E0));
#2052=DIRECTION('',(-4.316197260392E-1,9.020556590886E-1,0.E0));
#2053=AXIS2_PLACEMENT_3D('',#2050,#2051,#2052);
#2055=CARTESIAN_POINT('',(6.776601068276E-1,4.842451847546E-2,1.25E0));
#2056=DIRECTION('',(0.E0,0.E0,-1.E0));
#2057=DIRECTION('',(-2.229944375276E-1,-9.748197170922E-1,0.E0));
#2058=AXIS2_PLACEMENT_3D('',#2055,#2056,#2057);
#2060=DIRECTION('',(0.E0,0.E0,1.E0));
#2061=VECTOR('',#2060,2.5E0);
#2062=CARTESIAN_POINT('',(6.732002180771E-1,2.892812413361E-2,-1.25E0));
#2063=LINE('',#2062,#2061);
#2064=CARTESIAN_POINT('',(7.079873503314E-1,1.81E-1,-1.25E0));
#2065=DIRECTION('',(0.E0,0.E0,1.E0));
#2066=DIRECTION('',(-2.229944375276E-1,-9.748197170922E-1,0.E0));
#2067=AXIS2_PLACEMENT_3D('',#2064,#2065,#2066);
#2069=CARTESIAN_POINT('',(7.079873503314E-1,1.81E-1,1.25E0));
#2070=DIRECTION('',(0.E0,0.E0,-1.E0));
#2071=DIRECTION('',(0.E0,-1.E0,0.E0));
#2072=AXIS2_PLACEMENT_3D('',#2069,#2070,#2071);
#2074=DIRECTION('',(0.E0,0.E0,-1.E0));
#2075=VECTOR('',#2074,2.5E0);
#2076=CARTESIAN_POINT('',(7.207140881572E-1,-2.028197458327E-1,1.25E0));
#2077=LINE('',#2076,#2075);
#2078=DIRECTION('',(0.E0,0.E0,1.E0));
#2079=VECTOR('',#2078,2.5E0);
#2080=CARTESIAN_POINT('',(8.182634559673E-1,-3.003691136429E-1,-1.25E0));
#2081=LINE('',#2080,#2079);
#2082=CARTESIAN_POINT('',(7.454628254987E-1,-1.780710084912E-1,1.25E0));
#2083=DIRECTION('',(0.E0,0.E0,-1.E0));
#2084=DIRECTION('',(-7.071067811865E-1,-7.071067811865E-1,0.E0));
#2085=AXIS2_PLACEMENT_3D('',#2082,#2083,#2084);
#2087=CARTESIAN_POINT('',(7.454628254987E-1,-1.780710084912E-1,-1.25E0));
#2088=DIRECTION('',(0.E0,0.E0,1.E0));
#2089=DIRECTION('',(1.823006706308E-1,9.832428313939E-1,0.E0));
#2090=AXIS2_PLACEMENT_3D('',#2087,#2088,#2089);
#2092=DIRECTION('',(0.E0,0.E0,-1.E0));
#2093=VECTOR('',#2092,2.5E0);
#2094=CARTESIAN_POINT('',(7.518433489708E-1,-1.436575093924E-1,1.25E0));
#2095=LINE('',#2094,#2093);
#2096=CARTESIAN_POINT('',(7.234044443524E-1,-2.970433910899E-1,1.25E0));
#2097=DIRECTION('',(0.E0,0.E0,-1.E0));
#2098=DIRECTION('',(1.823006706308E-1,9.832428313939E-1,0.E0));
#2099=AXIS2_PLACEMENT_3D('',#2096,#2097,#2098);
#2101=CARTESIAN_POINT('',(7.234044443524E-1,-2.970433910899E-1,-1.25E0));
#2102=DIRECTION('',(0.E0,0.E0,1.E0));
#2103=DIRECTION('',(2.588190451025E-1,9.659258262891E-1,0.E0));
#2104=AXIS2_PLACEMENT_3D('',#2101,#2102,#2103);
#2106=DIRECTION('',(0.E0,0.E0,-1.E0));
#2107=VECTOR('',#2106,2.5E0);
#2108=CARTESIAN_POINT('',(7.960471619626E-1,-1.550048644656E-1,1.25E0));
#2109=LINE('',#2108,#2107);
#2110=DIRECTION('',(0.E0,0.E0,1.E0));
#2111=VECTOR('',#2110,2.5E0);
#2112=CARTESIAN_POINT('',(7.637802153884E-1,-1.463589621888E-1,-1.25E0));
#2113=LINE('',#2112,#2111);
#2114=DIRECTION('',(0.E0,0.E0,1.E0));
#2115=VECTOR('',#2114,2.5E0);
#2116=CARTESIAN_POINT('',(8.079528380374E-1,-1.064311717346E-1,-1.25E0));
#2117=LINE('',#2116,#2115);
#2118=DIRECTION('',(0.E0,0.E0,1.E0));
#2119=VECTOR('',#2118,2.5E0);
#2120=CARTESIAN_POINT('',(6.959846185330E-1,-7.642937774050E-2,-1.25E0));
#2121=LINE('',#2120,#2119);
#2122=DIRECTION('',(0.E0,0.E0,-1.E0));
#2123=VECTOR('',#2122,2.5E0);
#2124=CARTESIAN_POINT('',(6.690277123069E-1,-6.646563165723E-2,1.25E0));
#2125=LINE('',#2124,#2123);
#2126=CARTESIAN_POINT('',(7.363603895690E-1,7.425505116060E-2,-1.25E0));
#2127=DIRECTION('',(0.E0,0.E0,1.E0));
#2128=DIRECTION('',(-4.316197260392E-1,-9.020556590887E-1,0.E0));
#2129=AXIS2_PLACEMENT_3D('',#2126,#2127,#2128);
#2131=CARTESIAN_POINT('',(7.363603895690E-1,7.425505116060E-2,1.25E0));
#2132=DIRECTION('',(0.E0,0.E0,-1.E0));
#2133=DIRECTION('',(-2.588190451025E-1,-9.659258262891E-1,0.E0));
#2134=AXIS2_PLACEMENT_3D('',#2131,#2132,#2133);
#2136=CARTESIAN_POINT('',(6.776601068276E-1,-4.842451847546E-2,1.25E0));
#2137=DIRECTION('',(0.E0,0.E0,-1.E0));
#2138=DIRECTION('',(-4.316197260392E-1,-9.020556590887E-1,0.E0));
#2139=AXIS2_PLACEMENT_3D('',#2136,#2137,#2138);
#2141=CARTESIAN_POINT('',(6.776601068276E-1,-4.842451847546E-2,-1.25E0));
#2142=DIRECTION('',(0.E0,0.E0,1.E0));
#2143=DIRECTION('',(-2.229944375276E-1,9.748197170922E-1,0.E0));
#2144=AXIS2_PLACEMENT_3D('',#2141,#2142,#2143);
#2146=DIRECTION('',(0.E0,0.E0,-1.E0));
#2147=VECTOR('',#2146,2.5E0);
#2148=CARTESIAN_POINT('',(6.732002180771E-1,-2.892812413361E-2,1.25E0));
#2149=LINE('',#2148,#2147);
#2150=CARTESIAN_POINT('',(7.079873503314E-1,-1.81E-1,1.25E0));
#2151=DIRECTION('',(0.E0,0.E0,-1.E0));
#2152=DIRECTION('',(-2.229944375276E-1,9.748197170922E-1,0.E0));
#2153=AXIS2_PLACEMENT_3D('',#2150,#2151,#2152);
#2155=CARTESIAN_POINT('',(7.079873503314E-1,-1.81E-1,-1.25E0));
#2156=DIRECTION('',(0.E0,0.E0,1.E0));
#2157=DIRECTION('',(0.E0,1.E0,0.E0));
#2158=AXIS2_PLACEMENT_3D('',#2155,#2156,#2157);
#2160=DIRECTION('',(0.E0,0.E0,-1.E0));
#2161=VECTOR('',#2160,2.5E0);
#2162=CARTESIAN_POINT('',(8.02E-1,-2.5E-2,1.25E0));
#2163=LINE('',#2162,#2161);
#2164=DIRECTION('',(0.E0,0.E0,1.E0));
#2165=VECTOR('',#2164,2.5E0);
#2166=CARTESIAN_POINT('',(7.079873503314E-1,-2.5E-2,-1.25E0));
#2167=LINE('',#2166,#2165);
#2168=CARTESIAN_POINT('',(2.35E-1,6.E-2,-1.25E0));
#2169=CARTESIAN_POINT('',(-2.35E-1,6.E-2,-1.25E0));
#2170=VERTEX_POINT('',#2168);
#2171=VERTEX_POINT('',#2169);
#2172=CARTESIAN_POINT('',(2.35E-1,6.E-2,1.25E0));
#2173=CARTESIAN_POINT('',(-2.35E-1,6.E-2,1.25E0));
#2174=VERTEX_POINT('',#2172);
#2175=VERTEX_POINT('',#2173);
#2176=CARTESIAN_POINT('',(-4.9E-1,-4.438749823993E-2,-1.25E0));
#2177=CARTESIAN_POINT('',(-4.9E-1,-4.438749823993E-2,1.25E0));
#2178=VERTEX_POINT('',#2176);
#2179=VERTEX_POINT('',#2177);
#2180=CARTESIAN_POINT('',(-4.545E-1,0.E0,-1.25E0));
#2181=CARTESIAN_POINT('',(-4.545E-1,0.E0,1.25E0));
#2182=VERTEX_POINT('',#2180);
#2183=VERTEX_POINT('',#2181);
#2184=CARTESIAN_POINT('',(-7.637802153884E-1,1.463589621888E-1,1.25E0));
#2185=CARTESIAN_POINT('',(-7.637802153884E-1,1.463589621888E-1,-1.25E0));
#2186=VERTEX_POINT('',#2184);
#2187=VERTEX_POINT('',#2185);
#2188=CARTESIAN_POINT('',(-6.686956284270E-1,2.885549192931E-1,1.25E0));
#2189=CARTESIAN_POINT('',(-6.686956284270E-1,2.885549192931E-1,-1.25E0));
#2190=VERTEX_POINT('',#2188);
#2191=VERTEX_POINT('',#2189);
#2192=CARTESIAN_POINT('',(-5.65E-1,3.528886048624E-1,1.25E0));
#2193=CARTESIAN_POINT('',(-5.65E-1,3.528886048624E-1,-1.25E0));
#2194=VERTEX_POINT('',#2192);
#2195=VERTEX_POINT('',#2193);
#2196=CARTESIAN_POINT('',(-4.25E-1,2.8E-1,1.25E0));
#2197=CARTESIAN_POINT('',(-4.25E-1,2.8E-1,-1.25E0));
#2198=VERTEX_POINT('',#2196);
#2199=VERTEX_POINT('',#2197);
#2200=CARTESIAN_POINT('',(-4.65E-1,2.4E-1,1.25E0));
#2201=CARTESIAN_POINT('',(-4.65E-1,2.4E-1,-1.25E0));
#2202=VERTEX_POINT('',#2200);
#2203=VERTEX_POINT('',#2201);
#2204=CARTESIAN_POINT('',(-4.75E-1,2.4E-1,1.25E0));
#2205=CARTESIAN_POINT('',(-4.75E-1,2.4E-1,-1.25E0));
#2206=VERTEX_POINT('',#2204);
#2207=VERTEX_POINT('',#2205);
#2208=CARTESIAN_POINT('',(-5.15E-1,2.8E-1,1.25E0));
#2209=CARTESIAN_POINT('',(-5.15E-1,2.8E-1,-1.25E0));
#2210=VERTEX_POINT('',#2208);
#2211=VERTEX_POINT('',#2209);
#2212=CARTESIAN_POINT('',(-3.35E-1,2.4E-1,1.25E0));
#2213=CARTESIAN_POINT('',(-3.35E-1,2.4E-1,-1.25E0));
#2214=VERTEX_POINT('',#2212);
#2215=VERTEX_POINT('',#2213);
#2216=CARTESIAN_POINT('',(-3.75E-1,2.8E-1,1.25E0));
#2217=CARTESIAN_POINT('',(-3.75E-1,2.8E-1,-1.25E0));
#2218=VERTEX_POINT('',#2216);
#2219=VERTEX_POINT('',#2217);
#2220=CARTESIAN_POINT('',(-2.85E-1,2.8E-1,1.25E0));
#2221=CARTESIAN_POINT('',(-2.85E-1,2.8E-1,-1.25E0));
#2222=VERTEX_POINT('',#2220);
#2223=VERTEX_POINT('',#2221);
#2224=CARTESIAN_POINT('',(-3.25E-1,2.4E-1,1.25E0));
#2225=CARTESIAN_POINT('',(-3.25E-1,2.4E-1,-1.25E0));
#2226=VERTEX_POINT('',#2224);
#2227=VERTEX_POINT('',#2225);
#2228=CARTESIAN_POINT('',(-5.5E-1,-3.528886048624E-1,1.25E0));
#2229=CARTESIAN_POINT('',(-5.5E-1,-3.528886048624E-1,-1.25E0));
#2230=VERTEX_POINT('',#2228);
#2231=VERTEX_POINT('',#2229);
#2232=CARTESIAN_POINT('',(-6.686956284270E-1,-2.885549192931E-1,1.25E0));
#2233=CARTESIAN_POINT('',(-6.686956284270E-1,-2.885549192931E-1,-1.25E0));
#2234=VERTEX_POINT('',#2232);
#2235=VERTEX_POINT('',#2233);
#2236=CARTESIAN_POINT('',(-7.637802153884E-1,-1.463589621888E-1,1.25E0));
#2237=CARTESIAN_POINT('',(-7.637802153884E-1,-1.463589621888E-1,-1.25E0));
#2238=VERTEX_POINT('',#2236);
#2239=VERTEX_POINT('',#2237);
#2240=CARTESIAN_POINT('',(-6.959846185330E-1,-7.642937774050E-2,1.25E0));
#2241=CARTESIAN_POINT('',(-6.959846185330E-1,-7.642937774050E-2,-1.25E0));
#2242=VERTEX_POINT('',#2240);
#2243=VERTEX_POINT('',#2241);
#2244=CARTESIAN_POINT('',(-7.079873503314E-1,-2.5E-2,1.25E0));
#2245=CARTESIAN_POINT('',(-7.079873503314E-1,-2.5E-2,-1.25E0));
#2246=VERTEX_POINT('',#2244);
#2247=VERTEX_POINT('',#2245);
#2248=CARTESIAN_POINT('',(-6.959846185330E-1,7.642937774050E-2,1.25E0));
#2249=CARTESIAN_POINT('',(-6.959846185330E-1,7.642937774050E-2,-1.25E0));
#2250=VERTEX_POINT('',#2248);
#2251=VERTEX_POINT('',#2249);
#2252=CARTESIAN_POINT('',(-7.079873503314E-1,2.5E-2,1.25E0));
#2253=CARTESIAN_POINT('',(-7.079873503314E-1,2.5E-2,-1.25E0));
#2254=VERTEX_POINT('',#2252);
#2255=VERTEX_POINT('',#2253);
#2256=CARTESIAN_POINT('',(-4.9E-1,-4.67E-1,-1.25E0));
#2257=CARTESIAN_POINT('',(-5.13E-1,-4.9E-1,-1.25E0));
#2258=VERTEX_POINT('',#2256);
#2259=VERTEX_POINT('',#2257);
#2260=CARTESIAN_POINT('',(-5.13E-1,-4.9E-1,1.25E0));
#2261=VERTEX_POINT('',#2260);
#2262=CARTESIAN_POINT('',(-4.9E-1,-4.67E-1,1.25E0));
#2263=VERTEX_POINT('',#2262);
#2264=CARTESIAN_POINT('',(-8.25E-1,3.166325696102E-1,1.25E0));
#2265=CARTESIAN_POINT('',(-8.182634559673E-1,3.003691136429E-1,1.25E0));
#2266=VERTEX_POINT('',#2264);
#2267=VERTEX_POINT('',#2265);
#2268=CARTESIAN_POINT('',(-8.182634559673E-1,3.003691136429E-1,-1.25E0));
#2269=VERTEX_POINT('',#2268);
#2270=CARTESIAN_POINT('',(-8.25E-1,3.166325696102E-1,-1.25E0));
#2271=VERTEX_POINT('',#2270);
#2272=CARTESIAN_POINT('',(-8.25E-1,3.222894238596E-1,-1.25E0));
#2273=CARTESIAN_POINT('',(-7.857365440327E-1,3.385528798269E-1,-1.25E0));
#2274=VERTEX_POINT('',#2272);
#2275=VERTEX_POINT('',#2273);
#2276=CARTESIAN_POINT('',(-7.857365440327E-1,3.385528798269E-1,1.25E0));
#2277=VERTEX_POINT('',#2276);
#2278=CARTESIAN_POINT('',(-8.25E-1,3.222894238596E-1,1.25E0));
#2279=VERTEX_POINT('',#2278);
#2280=CARTESIAN_POINT('',(-7.451628314259E-1,4.9E-1,1.25E0));
#2281=CARTESIAN_POINT('',(-7.650814157130E-1,4.555E-1,1.25E0));
#2282=VERTEX_POINT('',#2280);
#2283=VERTEX_POINT('',#2281);
#2284=CARTESIAN_POINT('',(-7.650814157130E-1,4.555E-1,-1.25E0));
#2285=VERTEX_POINT('',#2284);
#2286=CARTESIAN_POINT('',(-7.451628314259E-1,4.9E-1,-1.25E0));
#2287=VERTEX_POINT('',#2286);
#2288=CARTESIAN_POINT('',(-7.405440292724E-1,4.9E-1,-1.25E0));
#2289=CARTESIAN_POINT('',(-7.206254449854E-1,4.785E-1,-1.25E0));
#2290=VERTEX_POINT('',#2288);
#2291=VERTEX_POINT('',#2289);
#2292=CARTESIAN_POINT('',(-7.206254449854E-1,4.785E-1,1.25E0));
#2293=VERTEX_POINT('',#2292);
#2294=CARTESIAN_POINT('',(-7.405440292724E-1,4.9E-1,1.25E0));
#2295=VERTEX_POINT('',#2294);
#2296=CARTESIAN_POINT('',(-5.42E-1,4.9E-1,1.25E0));
#2297=CARTESIAN_POINT('',(-5.65E-1,4.67E-1,1.25E0));
#2298=VERTEX_POINT('',#2296);
#2299=VERTEX_POINT('',#2297);
#2300=CARTESIAN_POINT('',(-5.65E-1,4.67E-1,-1.25E0));
#2301=VERTEX_POINT('',#2300);
#2302=CARTESIAN_POINT('',(-5.42E-1,4.9E-1,-1.25E0));
#2303=VERTEX_POINT('',#2302);
#2304=CARTESIAN_POINT('',(-5.38E-1,4.9E-1,-1.25E0));
#2305=CARTESIAN_POINT('',(-5.15E-1,4.67E-1,-1.25E0));
#2306=VERTEX_POINT('',#2304);
#2307=VERTEX_POINT('',#2305);
#2308=CARTESIAN_POINT('',(-5.15E-1,4.67E-1,1.25E0));
#2309=VERTEX_POINT('',#2308);
#2310=CARTESIAN_POINT('',(-5.38E-1,4.9E-1,1.25E0));
#2311=VERTEX_POINT('',#2310);
#2312=CARTESIAN_POINT('',(-4.02E-1,4.9E-1,1.25E0));
#2313=CARTESIAN_POINT('',(-4.25E-1,4.67E-1,1.25E0));
#2314=VERTEX_POINT('',#2312);
#2315=VERTEX_POINT('',#2313);
#2316=CARTESIAN_POINT('',(-4.25E-1,4.67E-1,-1.25E0));
#2317=VERTEX_POINT('',#2316);
#2318=CARTESIAN_POINT('',(-4.02E-1,4.9E-1,-1.25E0));
#2319=VERTEX_POINT('',#2318);
#2320=CARTESIAN_POINT('',(-3.98E-1,4.9E-1,-1.25E0));
#2321=CARTESIAN_POINT('',(-3.75E-1,4.67E-1,-1.25E0));
#2322=VERTEX_POINT('',#2320);
#2323=VERTEX_POINT('',#2321);
#2324=CARTESIAN_POINT('',(-3.75E-1,4.67E-1,1.25E0));
#2325=VERTEX_POINT('',#2324);
#2326=CARTESIAN_POINT('',(-3.98E-1,4.9E-1,1.25E0));
#2327=VERTEX_POINT('',#2326);
#2328=CARTESIAN_POINT('',(-2.62E-1,4.9E-1,1.25E0));
#2329=CARTESIAN_POINT('',(-2.85E-1,4.67E-1,1.25E0));
#2330=VERTEX_POINT('',#2328);
#2331=VERTEX_POINT('',#2329);
#2332=CARTESIAN_POINT('',(-2.85E-1,4.67E-1,-1.25E0));
#2333=VERTEX_POINT('',#2332);
#2334=CARTESIAN_POINT('',(-2.62E-1,4.9E-1,-1.25E0));
#2335=VERTEX_POINT('',#2334);
#2336=CARTESIAN_POINT('',(-2.58E-1,4.9E-1,-1.25E0));
#2337=CARTESIAN_POINT('',(-2.35E-1,4.67E-1,-1.25E0));
#2338=VERTEX_POINT('',#2336);
#2339=VERTEX_POINT('',#2337);
#2340=CARTESIAN_POINT('',(-2.35E-1,4.67E-1,1.25E0));
#2341=VERTEX_POINT('',#2340);
#2342=CARTESIAN_POINT('',(-2.58E-1,4.9E-1,1.25E0));
#2343=VERTEX_POINT('',#2342);
#2344=CARTESIAN_POINT('',(-8.25E-1,1.286474657393E-1,1.25E0));
#2345=CARTESIAN_POINT('',(-8.079528380374E-1,1.064311717346E-1,1.25E0));
#2346=VERTEX_POINT('',#2344);
#2347=VERTEX_POINT('',#2345);
#2348=CARTESIAN_POINT('',(-8.079528380374E-1,1.064311717346E-1,-1.25E0));
#2349=VERTEX_POINT('',#2348);
#2350=CARTESIAN_POINT('',(-8.25E-1,1.286474657393E-1,-1.25E0));
#2351=VERTEX_POINT('',#2350);
#2352=CARTESIAN_POINT('',(-5.27E-1,-4.9E-1,-1.25E0));
#2353=CARTESIAN_POINT('',(-5.5E-1,-4.67E-1,-1.25E0));
#2354=VERTEX_POINT('',#2352);
#2355=VERTEX_POINT('',#2353);
#2356=CARTESIAN_POINT('',(-5.5E-1,-4.67E-1,1.25E0));
#2357=VERTEX_POINT('',#2356);
#2358=CARTESIAN_POINT('',(-5.27E-1,-4.9E-1,1.25E0));
#2359=VERTEX_POINT('',#2358);
#2360=CARTESIAN_POINT('',(-7.255440292724E-1,-4.9E-1,1.25E0));
#2361=CARTESIAN_POINT('',(-7.056254449854E-1,-4.785E-1,1.25E0));
#2362=VERTEX_POINT('',#2360);
#2363=VERTEX_POINT('',#2361);
#2364=CARTESIAN_POINT('',(-7.056254449854E-1,-4.785E-1,-1.25E0));
#2365=VERTEX_POINT('',#2364);
#2366=CARTESIAN_POINT('',(-7.255440292724E-1,-4.9E-1,-1.25E0));
#2367=VERTEX_POINT('',#2366);
#2368=CARTESIAN_POINT('',(-7.451628314259E-1,-4.9E-1,-1.25E0));
#2369=CARTESIAN_POINT('',(-7.650814157130E-1,-4.555E-1,-1.25E0));
#2370=VERTEX_POINT('',#2368);
#2371=VERTEX_POINT('',#2369);
#2372=CARTESIAN_POINT('',(-7.650814157130E-1,-4.555E-1,1.25E0));
#2373=VERTEX_POINT('',#2372);
#2374=CARTESIAN_POINT('',(-7.451628314259E-1,-4.9E-1,1.25E0));
#2375=VERTEX_POINT('',#2374);
#2376=CARTESIAN_POINT('',(-8.25E-1,-3.222894238596E-1,1.25E0));
#2377=CARTESIAN_POINT('',(-7.857365440327E-1,-3.385528798269E-1,1.25E0));
#2378=VERTEX_POINT('',#2376);
#2379=VERTEX_POINT('',#2377);
#2380=CARTESIAN_POINT('',(-7.857365440327E-1,-3.385528798269E-1,-1.25E0));
#2381=VERTEX_POINT('',#2380);
#2382=CARTESIAN_POINT('',(-8.25E-1,-3.222894238596E-1,-1.25E0));
#2383=VERTEX_POINT('',#2382);
#2384=CARTESIAN_POINT('',(-8.25E-1,-3.166325696102E-1,-1.25E0));
#2385=CARTESIAN_POINT('',(-8.182634559673E-1,-3.003691136429E-1,-1.25E0));
#2386=VERTEX_POINT('',#2384);
#2387=VERTEX_POINT('',#2385);
#2388=CARTESIAN_POINT('',(-8.182634559673E-1,-3.003691136429E-1,1.25E0));
#2389=VERTEX_POINT('',#2388);
#2390=CARTESIAN_POINT('',(-8.25E-1,-3.166325696102E-1,1.25E0));
#2391=VERTEX_POINT('',#2390);
#2392=CARTESIAN_POINT('',(-8.25E-1,-1.327885704609E-1,1.25E0));
#2393=CARTESIAN_POINT('',(-7.960471619626E-1,-1.550048644656E-1,1.25E0));
#2394=VERTEX_POINT('',#2392);
#2395=VERTEX_POINT('',#2393);
#2396=CARTESIAN_POINT('',(-7.960471619626E-1,-1.550048644656E-1,-1.25E0));
#2397=VERTEX_POINT('',#2396);
#2398=CARTESIAN_POINT('',(-8.25E-1,-1.327885704609E-1,-1.25E0));
#2399=VERTEX_POINT('',#2398);
#2400=CARTESIAN_POINT('',(-8.25E-1,-1.286474657393E-1,-1.25E0));
#2401=CARTESIAN_POINT('',(-8.079528380374E-1,-1.064311717346E-1,-1.25E0));
#2402=VERTEX_POINT('',#2400);
#2403=VERTEX_POINT('',#2401);
#2404=CARTESIAN_POINT('',(-8.079528380374E-1,-1.064311717346E-1,1.25E0));
#2405=VERTEX_POINT('',#2404);
#2406=CARTESIAN_POINT('',(-8.25E-1,-1.286474657393E-1,1.25E0));
#2407=VERTEX_POINT('',#2406);
#2408=CARTESIAN_POINT('',(-8.25E-1,-2.E-3,1.25E0));
#2409=CARTESIAN_POINT('',(-8.02E-1,-2.5E-2,1.25E0));
#2410=VERTEX_POINT('',#2408);
#2411=VERTEX_POINT('',#2409);
#2412=CARTESIAN_POINT('',(-8.02E-1,-2.5E-2,-1.25E0));
#2413=VERTEX_POINT('',#2412);
#2414=CARTESIAN_POINT('',(-8.25E-1,-2.E-3,-1.25E0));
#2415=VERTEX_POINT('',#2414);
#2416=CARTESIAN_POINT('',(-8.25E-1,2.E-3,-1.25E0));
#2417=CARTESIAN_POINT('',(-8.02E-1,2.5E-2,-1.25E0));
#2418=VERTEX_POINT('',#2416);
#2419=VERTEX_POINT('',#2417);
#2420=CARTESIAN_POINT('',(-8.02E-1,2.5E-2,1.25E0));
#2421=VERTEX_POINT('',#2420);
#2422=CARTESIAN_POINT('',(-8.25E-1,2.E-3,1.25E0));
#2423=VERTEX_POINT('',#2422);
#2424=CARTESIAN_POINT('',(-8.25E-1,1.327885704609E-1,-1.25E0));
#2425=CARTESIAN_POINT('',(-7.960471619626E-1,1.550048644656E-1,-1.25E0));
#2426=VERTEX_POINT('',#2424);
#2427=VERTEX_POINT('',#2425);
#2428=CARTESIAN_POINT('',(-7.960471619626E-1,1.550048644656E-1,1.25E0));
#2429=VERTEX_POINT('',#2428);
#2430=CARTESIAN_POINT('',(-8.25E-1,1.327885704609E-1,1.25E0));
#2431=VERTEX_POINT('',#2430);
#2432=CARTESIAN_POINT('',(-6.309318185599E-1,3.231460819160E-1,1.25E0));
#2433=CARTESIAN_POINT('',(-6.309318185599E-1,3.231460819160E-1,-1.25E0));
#2434=VERTEX_POINT('',#2432);
#2435=VERTEX_POINT('',#2433);
#2436=CARTESIAN_POINT('',(-5.658005371131E-1,3.371048562703E-1,1.25E0));
#2437=CARTESIAN_POINT('',(-5.658005371131E-1,3.371048562703E-1,-1.25E0));
#2438=VERTEX_POINT('',#2436);
#2439=VERTEX_POINT('',#2437);
#2440=CARTESIAN_POINT('',(-7.518433489708E-1,1.436575093924E-1,-1.25E0));
#2441=CARTESIAN_POINT('',(-7.518433489708E-1,1.436575093924E-1,1.25E0));
#2442=VERTEX_POINT('',#2440);
#2443=VERTEX_POINT('',#2441);
#2444=CARTESIAN_POINT('',(-7.207140881572E-1,2.028197458327E-1,-1.25E0));
#2445=CARTESIAN_POINT('',(-7.207140881572E-1,2.028197458327E-1,1.25E0));
#2446=VERTEX_POINT('',#2444);
#2447=VERTEX_POINT('',#2445);
#2448=CARTESIAN_POINT('',(-7.207140881572E-1,-2.028197458327E-1,-1.25E0));
#2449=CARTESIAN_POINT('',(-7.207140881572E-1,-2.028197458327E-1,1.25E0));
#2450=VERTEX_POINT('',#2448);
#2451=VERTEX_POINT('',#2449);
#2452=CARTESIAN_POINT('',(-7.518433489708E-1,-1.436575093924E-1,-1.25E0));
#2453=CARTESIAN_POINT('',(-7.518433489708E-1,-1.436575093924E-1,1.25E0));
#2454=VERTEX_POINT('',#2452);
#2455=VERTEX_POINT('',#2453);
#2456=CARTESIAN_POINT('',(-6.159318185599E-1,-3.231460819160E-1,-1.25E0));
#2457=CARTESIAN_POINT('',(-6.159318185599E-1,-3.231460819160E-1,1.25E0));
#2458=VERTEX_POINT('',#2456);
#2459=VERTEX_POINT('',#2457);
#2460=CARTESIAN_POINT('',(-5.508005371131E-1,-3.371048562703E-1,-1.25E0));
#2461=CARTESIAN_POINT('',(-5.508005371131E-1,-3.371048562703E-1,1.25E0));
#2462=VERTEX_POINT('',#2460);
#2463=VERTEX_POINT('',#2461);
#2464=CARTESIAN_POINT('',(-6.901557639794E-1,2.429720997736E-1,1.25E0));
#2465=CARTESIAN_POINT('',(-6.901557639794E-1,2.429720997736E-1,-1.25E0));
#2466=VERTEX_POINT('',#2464);
#2467=VERTEX_POINT('',#2465);
#2468=CARTESIAN_POINT('',(-6.572221631995E-1,2.639611936480E-1,1.25E0));
#2469=CARTESIAN_POINT('',(-6.572221631995E-1,2.639611936480E-1,-1.25E0));
#2470=VERTEX_POINT('',#2468);
#2471=VERTEX_POINT('',#2469);
#2472=CARTESIAN_POINT('',(-6.690277123069E-1,6.646563165723E-2,1.25E0));
#2473=CARTESIAN_POINT('',(-6.690277123069E-1,6.646563165723E-2,-1.25E0));
#2474=VERTEX_POINT('',#2472);
#2475=VERTEX_POINT('',#2473);
#2476=CARTESIAN_POINT('',(-6.732002180771E-1,2.892812413361E-2,1.25E0));
#2477=CARTESIAN_POINT('',(-6.732002180771E-1,2.892812413361E-2,-1.25E0));
#2478=VERTEX_POINT('',#2476);
#2479=VERTEX_POINT('',#2477);
#2480=CARTESIAN_POINT('',(-6.690277123069E-1,-6.646563165723E-2,-1.25E0));
#2481=CARTESIAN_POINT('',(-6.690277123069E-1,-6.646563165723E-2,1.25E0));
#2482=VERTEX_POINT('',#2480);
#2483=VERTEX_POINT('',#2481);
#2484=CARTESIAN_POINT('',(-6.732002180771E-1,-2.892812413361E-2,-1.25E0));
#2485=CARTESIAN_POINT('',(-6.732002180771E-1,-2.892812413361E-2,1.25E0));
#2486=VERTEX_POINT('',#2484);
#2487=VERTEX_POINT('',#2485);
#2488=CARTESIAN_POINT('',(-6.901557639794E-1,-2.429720997736E-1,-1.25E0));
#2489=CARTESIAN_POINT('',(-6.901557639794E-1,-2.429720997736E-1,1.25E0));
#2490=VERTEX_POINT('',#2488);
#2491=VERTEX_POINT('',#2489);
#2492=CARTESIAN_POINT('',(-6.572221631995E-1,-2.639611936480E-1,-1.25E0));
#2493=CARTESIAN_POINT('',(-6.572221631995E-1,-2.639611936480E-1,1.25E0));
#2494=VERTEX_POINT('',#2492);
#2495=VERTEX_POINT('',#2493);
#2496=CARTESIAN_POINT('',(4.545E-1,0.E0,1.25E0));
#2497=CARTESIAN_POINT('',(4.545E-1,0.E0,-1.25E0));
#2498=VERTEX_POINT('',#2496);
#2499=VERTEX_POINT('',#2497);
#2500=CARTESIAN_POINT('',(4.9E-1,-4.438749823993E-2,1.25E0));
#2501=CARTESIAN_POINT('',(4.9E-1,-4.438749823993E-2,-1.25E0));
#2502=VERTEX_POINT('',#2500);
#2503=VERTEX_POINT('',#2501);
#2504=CARTESIAN_POINT('',(7.637802153884E-1,1.463589621888E-1,-1.25E0));
#2505=CARTESIAN_POINT('',(7.637802153884E-1,1.463589621888E-1,1.25E0));
#2506=VERTEX_POINT('',#2504);
#2507=VERTEX_POINT('',#2505);
#2508=CARTESIAN_POINT('',(6.686956284270E-1,2.885549192931E-1,-1.25E0));
#2509=CARTESIAN_POINT('',(6.686956284270E-1,2.885549192931E-1,1.25E0));
#2510=VERTEX_POINT('',#2508);
#2511=VERTEX_POINT('',#2509);
#2512=CARTESIAN_POINT('',(5.65E-1,3.528886048624E-1,-1.25E0));
#2513=CARTESIAN_POINT('',(5.65E-1,3.528886048624E-1,1.25E0));
#2514=VERTEX_POINT('',#2512);
#2515=VERTEX_POINT('',#2513);
#2516=CARTESIAN_POINT('',(4.25E-1,2.8E-1,-1.25E0));
#2517=CARTESIAN_POINT('',(4.25E-1,2.8E-1,1.25E0));
#2518=VERTEX_POINT('',#2516);
#2519=VERTEX_POINT('',#2517);
#2520=CARTESIAN_POINT('',(4.65E-1,2.4E-1,-1.25E0));
#2521=CARTESIAN_POINT('',(4.65E-1,2.4E-1,1.25E0));
#2522=VERTEX_POINT('',#2520);
#2523=VERTEX_POINT('',#2521);
#2524=CARTESIAN_POINT('',(4.75E-1,2.4E-1,-1.25E0));
#2525=CARTESIAN_POINT('',(4.75E-1,2.4E-1,1.25E0));
#2526=VERTEX_POINT('',#2524);
#2527=VERTEX_POINT('',#2525);
#2528=CARTESIAN_POINT('',(5.15E-1,2.8E-1,-1.25E0));
#2529=CARTESIAN_POINT('',(5.15E-1,2.8E-1,1.25E0));
#2530=VERTEX_POINT('',#2528);
#2531=VERTEX_POINT('',#2529);
#2532=CARTESIAN_POINT('',(3.35E-1,2.4E-1,-1.25E0));
#2533=CARTESIAN_POINT('',(3.35E-1,2.4E-1,1.25E0));
#2534=VERTEX_POINT('',#2532);
#2535=VERTEX_POINT('',#2533);
#2536=CARTESIAN_POINT('',(3.75E-1,2.8E-1,-1.25E0));
#2537=CARTESIAN_POINT('',(3.75E-1,2.8E-1,1.25E0));
#2538=VERTEX_POINT('',#2536);
#2539=VERTEX_POINT('',#2537);
#2540=CARTESIAN_POINT('',(2.85E-1,2.8E-1,-1.25E0));
#2541=CARTESIAN_POINT('',(2.85E-1,2.8E-1,1.25E0));
#2542=VERTEX_POINT('',#2540);
#2543=VERTEX_POINT('',#2541);
#2544=CARTESIAN_POINT('',(3.25E-1,2.4E-1,-1.25E0));
#2545=CARTESIAN_POINT('',(3.25E-1,2.4E-1,1.25E0));
#2546=VERTEX_POINT('',#2544);
#2547=VERTEX_POINT('',#2545);
#2548=CARTESIAN_POINT('',(5.5E-1,-3.528886048624E-1,-1.25E0));
#2549=CARTESIAN_POINT('',(5.5E-1,-3.528886048624E-1,1.25E0));
#2550=VERTEX_POINT('',#2548);
#2551=VERTEX_POINT('',#2549);
#2552=CARTESIAN_POINT('',(6.686956284270E-1,-2.885549192931E-1,-1.25E0));
#2553=CARTESIAN_POINT('',(6.686956284270E-1,-2.885549192931E-1,1.25E0));
#2554=VERTEX_POINT('',#2552);
#2555=VERTEX_POINT('',#2553);
#2556=CARTESIAN_POINT('',(7.637802153884E-1,-1.463589621888E-1,-1.25E0));
#2557=CARTESIAN_POINT('',(7.637802153884E-1,-1.463589621888E-1,1.25E0));
#2558=VERTEX_POINT('',#2556);
#2559=VERTEX_POINT('',#2557);
#2560=CARTESIAN_POINT('',(6.959846185330E-1,-7.642937774050E-2,-1.25E0));
#2561=CARTESIAN_POINT('',(6.959846185330E-1,-7.642937774050E-2,1.25E0));
#2562=VERTEX_POINT('',#2560);
#2563=VERTEX_POINT('',#2561);
#2564=CARTESIAN_POINT('',(7.079873503314E-1,-2.5E-2,-1.25E0));
#2565=CARTESIAN_POINT('',(7.079873503314E-1,-2.5E-2,1.25E0));
#2566=VERTEX_POINT('',#2564);
#2567=VERTEX_POINT('',#2565);
#2568=CARTESIAN_POINT('',(6.959846185330E-1,7.642937774050E-2,-1.25E0));
#2569=CARTESIAN_POINT('',(6.959846185330E-1,7.642937774050E-2,1.25E0));
#2570=VERTEX_POINT('',#2568);
#2571=VERTEX_POINT('',#2569);
#2572=CARTESIAN_POINT('',(7.079873503314E-1,2.5E-2,-1.25E0));
#2573=CARTESIAN_POINT('',(7.079873503314E-1,2.5E-2,1.25E0));
#2574=VERTEX_POINT('',#2572);
#2575=VERTEX_POINT('',#2573);
#2576=CARTESIAN_POINT('',(5.13E-1,-4.9E-1,-1.25E0));
#2577=CARTESIAN_POINT('',(4.9E-1,-4.67E-1,-1.25E0));
#2578=VERTEX_POINT('',#2576);
#2579=VERTEX_POINT('',#2577);
#2580=CARTESIAN_POINT('',(4.9E-1,-4.67E-1,1.25E0));
#2581=VERTEX_POINT('',#2580);
#2582=CARTESIAN_POINT('',(5.13E-1,-4.9E-1,1.25E0));
#2583=VERTEX_POINT('',#2582);
#2584=CARTESIAN_POINT('',(8.25E-1,3.166325696102E-1,-1.25E0));
#2585=CARTESIAN_POINT('',(8.182634559673E-1,3.003691136429E-1,-1.25E0));
#2586=VERTEX_POINT('',#2584);
#2587=VERTEX_POINT('',#2585);
#2588=CARTESIAN_POINT('',(8.182634559673E-1,3.003691136429E-1,1.25E0));
#2589=VERTEX_POINT('',#2588);
#2590=CARTESIAN_POINT('',(8.25E-1,3.166325696102E-1,1.25E0));
#2591=VERTEX_POINT('',#2590);
#2592=CARTESIAN_POINT('',(8.25E-1,3.222894238596E-1,1.25E0));
#2593=CARTESIAN_POINT('',(7.857365440327E-1,3.385528798269E-1,1.25E0));
#2594=VERTEX_POINT('',#2592);
#2595=VERTEX_POINT('',#2593);
#2596=CARTESIAN_POINT('',(7.857365440327E-1,3.385528798269E-1,-1.25E0));
#2597=VERTEX_POINT('',#2596);
#2598=CARTESIAN_POINT('',(8.25E-1,3.222894238596E-1,-1.25E0));
#2599=VERTEX_POINT('',#2598);
#2600=CARTESIAN_POINT('',(7.451628314259E-1,4.9E-1,-1.25E0));
#2601=CARTESIAN_POINT('',(7.650814157130E-1,4.555E-1,-1.25E0));
#2602=VERTEX_POINT('',#2600);
#2603=VERTEX_POINT('',#2601);
#2604=CARTESIAN_POINT('',(7.650814157130E-1,4.555E-1,1.25E0));
#2605=VERTEX_POINT('',#2604);
#2606=CARTESIAN_POINT('',(7.451628314259E-1,4.9E-1,1.25E0));
#2607=VERTEX_POINT('',#2606);
#2608=CARTESIAN_POINT('',(7.405440292724E-1,4.9E-1,1.25E0));
#2609=CARTESIAN_POINT('',(7.206254449854E-1,4.785E-1,1.25E0));
#2610=VERTEX_POINT('',#2608);
#2611=VERTEX_POINT('',#2609);
#2612=CARTESIAN_POINT('',(7.206254449854E-1,4.785E-1,-1.25E0));
#2613=VERTEX_POINT('',#2612);
#2614=CARTESIAN_POINT('',(7.405440292724E-1,4.9E-1,-1.25E0));
#2615=VERTEX_POINT('',#2614);
#2616=CARTESIAN_POINT('',(5.42E-1,4.9E-1,-1.25E0));
#2617=CARTESIAN_POINT('',(5.65E-1,4.67E-1,-1.25E0));
#2618=VERTEX_POINT('',#2616);
#2619=VERTEX_POINT('',#2617);
#2620=CARTESIAN_POINT('',(5.65E-1,4.67E-1,1.25E0));
#2621=VERTEX_POINT('',#2620);
#2622=CARTESIAN_POINT('',(5.42E-1,4.9E-1,1.25E0));
#2623=VERTEX_POINT('',#2622);
#2624=CARTESIAN_POINT('',(5.38E-1,4.9E-1,1.25E0));
#2625=CARTESIAN_POINT('',(5.15E-1,4.67E-1,1.25E0));
#2626=VERTEX_POINT('',#2624);
#2627=VERTEX_POINT('',#2625);
#2628=CARTESIAN_POINT('',(5.15E-1,4.67E-1,-1.25E0));
#2629=VERTEX_POINT('',#2628);
#2630=CARTESIAN_POINT('',(5.38E-1,4.9E-1,-1.25E0));
#2631=VERTEX_POINT('',#2630);
#2632=CARTESIAN_POINT('',(4.02E-1,4.9E-1,-1.25E0));
#2633=CARTESIAN_POINT('',(4.25E-1,4.67E-1,-1.25E0));
#2634=VERTEX_POINT('',#2632);
#2635=VERTEX_POINT('',#2633);
#2636=CARTESIAN_POINT('',(4.25E-1,4.67E-1,1.25E0));
#2637=VERTEX_POINT('',#2636);
#2638=CARTESIAN_POINT('',(4.02E-1,4.9E-1,1.25E0));
#2639=VERTEX_POINT('',#2638);
#2640=CARTESIAN_POINT('',(3.98E-1,4.9E-1,1.25E0));
#2641=CARTESIAN_POINT('',(3.75E-1,4.67E-1,1.25E0));
#2642=VERTEX_POINT('',#2640);
#2643=VERTEX_POINT('',#2641);
#2644=CARTESIAN_POINT('',(3.75E-1,4.67E-1,-1.25E0));
#2645=VERTEX_POINT('',#2644);
#2646=CARTESIAN_POINT('',(3.98E-1,4.9E-1,-1.25E0));
#2647=VERTEX_POINT('',#2646);
#2648=CARTESIAN_POINT('',(2.62E-1,4.9E-1,-1.25E0));
#2649=CARTESIAN_POINT('',(2.85E-1,4.67E-1,-1.25E0));
#2650=VERTEX_POINT('',#2648);
#2651=VERTEX_POINT('',#2649);
#2652=CARTESIAN_POINT('',(2.85E-1,4.67E-1,1.25E0));
#2653=VERTEX_POINT('',#2652);
#2654=CARTESIAN_POINT('',(2.62E-1,4.9E-1,1.25E0));
#2655=VERTEX_POINT('',#2654);
#2656=CARTESIAN_POINT('',(2.35E-1,4.67E-1,-1.25E0));
#2657=CARTESIAN_POINT('',(2.58E-1,4.9E-1,-1.25E0));
#2658=VERTEX_POINT('',#2656);
#2659=VERTEX_POINT('',#2657);
#2660=CARTESIAN_POINT('',(2.58E-1,4.9E-1,1.25E0));
#2661=VERTEX_POINT('',#2660);
#2662=CARTESIAN_POINT('',(2.35E-1,4.67E-1,1.25E0));
#2663=VERTEX_POINT('',#2662);
#2664=CARTESIAN_POINT('',(8.25E-1,1.327885704609E-1,1.25E0));
#2665=CARTESIAN_POINT('',(7.960471619626E-1,1.550048644656E-1,1.25E0));
#2666=VERTEX_POINT('',#2664);
#2667=VERTEX_POINT('',#2665);
#2668=CARTESIAN_POINT('',(7.960471619626E-1,1.550048644656E-1,-1.25E0));
#2669=VERTEX_POINT('',#2668);
#2670=CARTESIAN_POINT('',(8.25E-1,1.327885704609E-1,-1.25E0));
#2671=VERTEX_POINT('',#2670);
#2672=CARTESIAN_POINT('',(5.27E-1,-4.9E-1,1.25E0));
#2673=CARTESIAN_POINT('',(5.5E-1,-4.67E-1,1.25E0));
#2674=VERTEX_POINT('',#2672);
#2675=VERTEX_POINT('',#2673);
#2676=CARTESIAN_POINT('',(5.5E-1,-4.67E-1,-1.25E0));
#2677=VERTEX_POINT('',#2676);
#2678=CARTESIAN_POINT('',(5.27E-1,-4.9E-1,-1.25E0));
#2679=VERTEX_POINT('',#2678);
#2680=CARTESIAN_POINT('',(7.255440292724E-1,-4.9E-1,-1.25E0));
#2681=CARTESIAN_POINT('',(7.056254449854E-1,-4.785E-1,-1.25E0));
#2682=VERTEX_POINT('',#2680);
#2683=VERTEX_POINT('',#2681);
#2684=CARTESIAN_POINT('',(7.056254449854E-1,-4.785E-1,1.25E0));
#2685=VERTEX_POINT('',#2684);
#2686=CARTESIAN_POINT('',(7.255440292724E-1,-4.9E-1,1.25E0));
#2687=VERTEX_POINT('',#2686);
#2688=CARTESIAN_POINT('',(7.451628314259E-1,-4.9E-1,1.25E0));
#2689=CARTESIAN_POINT('',(7.650814157130E-1,-4.555E-1,1.25E0));
#2690=VERTEX_POINT('',#2688);
#2691=VERTEX_POINT('',#2689);
#2692=CARTESIAN_POINT('',(7.650814157130E-1,-4.555E-1,-1.25E0));
#2693=VERTEX_POINT('',#2692);
#2694=CARTESIAN_POINT('',(7.451628314259E-1,-4.9E-1,-1.25E0));
#2695=VERTEX_POINT('',#2694);
#2696=CARTESIAN_POINT('',(8.25E-1,-3.222894238596E-1,-1.25E0));
#2697=CARTESIAN_POINT('',(7.857365440327E-1,-3.385528798269E-1,-1.25E0));
#2698=VERTEX_POINT('',#2696);
#2699=VERTEX_POINT('',#2697);
#2700=CARTESIAN_POINT('',(7.857365440327E-1,-3.385528798269E-1,1.25E0));
#2701=VERTEX_POINT('',#2700);
#2702=CARTESIAN_POINT('',(8.25E-1,-3.222894238596E-1,1.25E0));
#2703=VERTEX_POINT('',#2702);
#2704=CARTESIAN_POINT('',(8.25E-1,-3.166325696102E-1,1.25E0));
#2705=CARTESIAN_POINT('',(8.182634559673E-1,-3.003691136429E-1,1.25E0));
#2706=VERTEX_POINT('',#2704);
#2707=VERTEX_POINT('',#2705);
#2708=CARTESIAN_POINT('',(8.182634559673E-1,-3.003691136429E-1,-1.25E0));
#2709=VERTEX_POINT('',#2708);
#2710=CARTESIAN_POINT('',(8.25E-1,-3.166325696102E-1,-1.25E0));
#2711=VERTEX_POINT('',#2710);
#2712=CARTESIAN_POINT('',(8.25E-1,-1.327885704609E-1,-1.25E0));
#2713=CARTESIAN_POINT('',(7.960471619626E-1,-1.550048644656E-1,-1.25E0));
#2714=VERTEX_POINT('',#2712);
#2715=VERTEX_POINT('',#2713);
#2716=CARTESIAN_POINT('',(7.960471619626E-1,-1.550048644656E-1,1.25E0));
#2717=VERTEX_POINT('',#2716);
#2718=CARTESIAN_POINT('',(8.25E-1,-1.327885704609E-1,1.25E0));
#2719=VERTEX_POINT('',#2718);
#2720=CARTESIAN_POINT('',(8.25E-1,-1.286474657393E-1,1.25E0));
#2721=CARTESIAN_POINT('',(8.079528380374E-1,-1.064311717346E-1,1.25E0));
#2722=VERTEX_POINT('',#2720);
#2723=VERTEX_POINT('',#2721);
#2724=CARTESIAN_POINT('',(8.079528380374E-1,-1.064311717346E-1,-1.25E0));
#2725=VERTEX_POINT('',#2724);
#2726=CARTESIAN_POINT('',(8.25E-1,-1.286474657393E-1,-1.25E0));
#2727=VERTEX_POINT('',#2726);
#2728=CARTESIAN_POINT('',(8.25E-1,-2.E-3,-1.25E0));
#2729=CARTESIAN_POINT('',(8.02E-1,-2.5E-2,-1.25E0));
#2730=VERTEX_POINT('',#2728);
#2731=VERTEX_POINT('',#2729);
#2732=CARTESIAN_POINT('',(8.02E-1,-2.5E-2,1.25E0));
#2733=VERTEX_POINT('',#2732);
#2734=CARTESIAN_POINT('',(8.25E-1,-2.E-3,1.25E0));
#2735=VERTEX_POINT('',#2734);
#2736=CARTESIAN_POINT('',(8.25E-1,2.E-3,1.25E0));
#2737=CARTESIAN_POINT('',(8.02E-1,2.5E-2,1.25E0));
#2738=VERTEX_POINT('',#2736);
#2739=VERTEX_POINT('',#2737);
#2740=CARTESIAN_POINT('',(8.02E-1,2.5E-2,-1.25E0));
#2741=VERTEX_POINT('',#2740);
#2742=CARTESIAN_POINT('',(8.25E-1,2.E-3,-1.25E0));
#2743=VERTEX_POINT('',#2742);
#2744=CARTESIAN_POINT('',(8.25E-1,1.286474657393E-1,-1.25E0));
#2745=CARTESIAN_POINT('',(8.079528380374E-1,1.064311717346E-1,-1.25E0));
#2746=VERTEX_POINT('',#2744);
#2747=VERTEX_POINT('',#2745);
#2748=CARTESIAN_POINT('',(8.079528380374E-1,1.064311717346E-1,1.25E0));
#2749=VERTEX_POINT('',#2748);
#2750=CARTESIAN_POINT('',(8.25E-1,1.286474657393E-1,1.25E0));
#2751=VERTEX_POINT('',#2750);
#2752=CARTESIAN_POINT('',(6.309318185599E-1,3.231460819160E-1,-1.25E0));
#2753=CARTESIAN_POINT('',(6.309318185599E-1,3.231460819160E-1,1.25E0));
#2754=VERTEX_POINT('',#2752);
#2755=VERTEX_POINT('',#2753);
#2756=CARTESIAN_POINT('',(5.658005371131E-1,3.371048562703E-1,-1.25E0));
#2757=CARTESIAN_POINT('',(5.658005371131E-1,3.371048562703E-1,1.25E0));
#2758=VERTEX_POINT('',#2756);
#2759=VERTEX_POINT('',#2757);
#2760=CARTESIAN_POINT('',(7.518433489708E-1,1.436575093924E-1,1.25E0));
#2761=CARTESIAN_POINT('',(7.518433489708E-1,1.436575093924E-1,-1.25E0));
#2762=VERTEX_POINT('',#2760);
#2763=VERTEX_POINT('',#2761);
#2764=CARTESIAN_POINT('',(7.207140881572E-1,2.028197458327E-1,1.25E0));
#2765=CARTESIAN_POINT('',(7.207140881572E-1,2.028197458327E-1,-1.25E0));
#2766=VERTEX_POINT('',#2764);
#2767=VERTEX_POINT('',#2765);
#2768=CARTESIAN_POINT('',(7.207140881572E-1,-2.028197458327E-1,1.25E0));
#2769=CARTESIAN_POINT('',(7.207140881572E-1,-2.028197458327E-1,-1.25E0));
#2770=VERTEX_POINT('',#2768);
#2771=VERTEX_POINT('',#2769);
#2772=CARTESIAN_POINT('',(7.518433489708E-1,-1.436575093924E-1,1.25E0));
#2773=CARTESIAN_POINT('',(7.518433489708E-1,-1.436575093924E-1,-1.25E0));
#2774=VERTEX_POINT('',#2772);
#2775=VERTEX_POINT('',#2773);
#2776=CARTESIAN_POINT('',(6.159318185599E-1,-3.231460819160E-1,1.25E0));
#2777=CARTESIAN_POINT('',(6.159318185599E-1,-3.231460819160E-1,-1.25E0));
#2778=VERTEX_POINT('',#2776);
#2779=VERTEX_POINT('',#2777);
#2780=CARTESIAN_POINT('',(5.508005371131E-1,-3.371048562703E-1,1.25E0));
#2781=CARTESIAN_POINT('',(5.508005371131E-1,-3.371048562703E-1,-1.25E0));
#2782=VERTEX_POINT('',#2780);
#2783=VERTEX_POINT('',#2781);
#2784=CARTESIAN_POINT('',(6.901557639794E-1,2.429720997736E-1,-1.25E0));
#2785=CARTESIAN_POINT('',(6.901557639794E-1,2.429720997736E-1,1.25E0));
#2786=VERTEX_POINT('',#2784);
#2787=VERTEX_POINT('',#2785);
#2788=CARTESIAN_POINT('',(6.572221631995E-1,2.639611936480E-1,-1.25E0));
#2789=CARTESIAN_POINT('',(6.572221631995E-1,2.639611936480E-1,1.25E0));
#2790=VERTEX_POINT('',#2788);
#2791=VERTEX_POINT('',#2789);
#2792=CARTESIAN_POINT('',(6.690277123069E-1,6.646563165723E-2,-1.25E0));
#2793=CARTESIAN_POINT('',(6.690277123069E-1,6.646563165723E-2,1.25E0));
#2794=VERTEX_POINT('',#2792);
#2795=VERTEX_POINT('',#2793);
#2796=CARTESIAN_POINT('',(6.732002180771E-1,2.892812413361E-2,-1.25E0));
#2797=CARTESIAN_POINT('',(6.732002180771E-1,2.892812413361E-2,1.25E0));
#2798=VERTEX_POINT('',#2796);
#2799=VERTEX_POINT('',#2797);
#2800=CARTESIAN_POINT('',(6.690277123069E-1,-6.646563165723E-2,1.25E0));
#2801=CARTESIAN_POINT('',(6.690277123069E-1,-6.646563165723E-2,-1.25E0));
#2802=VERTEX_POINT('',#2800);
#2803=VERTEX_POINT('',#2801);
#2804=CARTESIAN_POINT('',(6.732002180771E-1,-2.892812413361E-2,1.25E0));
#2805=CARTESIAN_POINT('',(6.732002180771E-1,-2.892812413361E-2,-1.25E0));
#2806=VERTEX_POINT('',#2804);
#2807=VERTEX_POINT('',#2805);
#2808=CARTESIAN_POINT('',(6.901557639794E-1,-2.429720997736E-1,1.25E0));
#2809=CARTESIAN_POINT('',(6.901557639794E-1,-2.429720997736E-1,-1.25E0));
#2810=VERTEX_POINT('',#2808);
#2811=VERTEX_POINT('',#2809);
#2812=CARTESIAN_POINT('',(6.572221631995E-1,-2.639611936480E-1,1.25E0));
#2813=CARTESIAN_POINT('',(6.572221631995E-1,-2.639611936480E-1,-1.25E0));
#2814=VERTEX_POINT('',#2812);
#2815=VERTEX_POINT('',#2813);
#2816=CARTESIAN_POINT('',(-7.E-2,0.E0,-5.E-1));
#2817=CARTESIAN_POINT('',(7.E-2,0.E0,-5.E-1));
#2818=VERTEX_POINT('',#2816);
#2819=VERTEX_POINT('',#2817);
#2820=CARTESIAN_POINT('',(-7.E-2,6.E-2,-5.E-1));
#2821=CARTESIAN_POINT('',(7.E-2,6.E-2,-5.E-1));
#2822=VERTEX_POINT('',#2820);
#2823=VERTEX_POINT('',#2821);
#2824=CARTESIAN_POINT('',(8.25E-1,2.5E-2,-1.25E0));
#2825=DIRECTION('',(0.E0,1.E0,0.E0));
#2826=DIRECTION('',(-1.E0,0.E0,0.E0));
#2827=AXIS2_PLACEMENT_3D('',#2824,#2825,#2826);
#2828=PLANE('',#2827);
#2830=ORIENTED_EDGE('',*,*,#2829,.T.);
#2832=ORIENTED_EDGE('',*,*,#2831,.T.);
#2834=ORIENTED_EDGE('',*,*,#2833,.F.);
#2836=ORIENTED_EDGE('',*,*,#2835,.F.);
#2837=EDGE_LOOP('',(#2830,#2832,#2834,#2836));
#2838=FACE_OUTER_BOUND('',#2837,.F.);
#2840=CARTESIAN_POINT('',(8.02E-1,2.E-3,-4.509E0));
#2841=DIRECTION('',(0.E0,0.E0,1.E0));
#2842=DIRECTION('',(1.E0,0.E0,0.E0));
#2843=AXIS2_PLACEMENT_3D('',#2840,#2841,#2842);
#2844=CYLINDRICAL_SURFACE('',#2843,2.3E-2);
#2846=ORIENTED_EDGE('',*,*,#2845,.T.);
#2847=ORIENTED_EDGE('',*,*,#2829,.F.);
#2849=ORIENTED_EDGE('',*,*,#2848,.T.);
#2851=ORIENTED_EDGE('',*,*,#2850,.T.);
#2852=EDGE_LOOP('',(#2846,#2847,#2849,#2851));
#2853=FACE_OUTER_BOUND('',#2852,.F.);
#2855=CARTESIAN_POINT('',(0.E0,0.E0,1.25E0));
#2856=DIRECTION('',(0.E0,0.E0,1.E0));
#2857=DIRECTION('',(1.E0,0.E0,0.E0));
#2858=AXIS2_PLACEMENT_3D('',#2855,#2856,#2857);
#2859=PLANE('',#2858);
#2861=ORIENTED_EDGE('',*,*,#2860,.F.);
#2863=ORIENTED_EDGE('',*,*,#2862,.F.);
#2865=ORIENTED_EDGE('',*,*,#2864,.F.);
#2867=ORIENTED_EDGE('',*,*,#2866,.F.);
#2869=ORIENTED_EDGE('',*,*,#2868,.F.);
#2871=ORIENTED_EDGE('',*,*,#2870,.F.);
#2873=ORIENTED_EDGE('',*,*,#2872,.F.);
#2875=ORIENTED_EDGE('',*,*,#2874,.F.);
#2877=ORIENTED_EDGE('',*,*,#2876,.F.);
#2879=ORIENTED_EDGE('',*,*,#2878,.F.);
#2881=ORIENTED_EDGE('',*,*,#2880,.F.);
#2882=ORIENTED_EDGE('',*,*,#2831,.F.);
#2883=ORIENTED_EDGE('',*,*,#2845,.F.);
#2885=ORIENTED_EDGE('',*,*,#2884,.F.);
#2887=ORIENTED_EDGE('',*,*,#2886,.F.);
#2889=ORIENTED_EDGE('',*,*,#2888,.T.);
#2891=ORIENTED_EDGE('',*,*,#2890,.F.);
#2893=ORIENTED_EDGE('',*,*,#2892,.F.);
#2895=ORIENTED_EDGE('',*,*,#2894,.F.);
#2897=ORIENTED_EDGE('',*,*,#2896,.F.);
#2899=ORIENTED_EDGE('',*,*,#2898,.F.);
#2901=ORIENTED_EDGE('',*,*,#2900,.F.);
#2903=ORIENTED_EDGE('',*,*,#2902,.F.);
#2905=ORIENTED_EDGE('',*,*,#2904,.F.);
#2907=ORIENTED_EDGE('',*,*,#2906,.F.);
#2909=ORIENTED_EDGE('',*,*,#2908,.F.);
#2911=ORIENTED_EDGE('',*,*,#2910,.F.);
#2913=ORIENTED_EDGE('',*,*,#2912,.F.);
#2915=ORIENTED_EDGE('',*,*,#2914,.F.);
#2917=ORIENTED_EDGE('',*,*,#2916,.F.);
#2919=ORIENTED_EDGE('',*,*,#2918,.F.);
#2921=ORIENTED_EDGE('',*,*,#2920,.T.);
#2923=ORIENTED_EDGE('',*,*,#2922,.F.);
#2925=ORIENTED_EDGE('',*,*,#2924,.F.);
#2927=ORIENTED_EDGE('',*,*,#2926,.F.);
#2929=ORIENTED_EDGE('',*,*,#2928,.F.);
#2931=ORIENTED_EDGE('',*,*,#2930,.F.);
#2933=ORIENTED_EDGE('',*,*,#2932,.F.);
#2935=ORIENTED_EDGE('',*,*,#2934,.T.);
#2937=ORIENTED_EDGE('',*,*,#2936,.F.);
#2939=ORIENTED_EDGE('',*,*,#2938,.F.);
#2941=ORIENTED_EDGE('',*,*,#2940,.F.);
#2943=ORIENTED_EDGE('',*,*,#2942,.F.);
#2945=ORIENTED_EDGE('',*,*,#2944,.F.);
#2947=ORIENTED_EDGE('',*,*,#2946,.F.);
#2949=ORIENTED_EDGE('',*,*,#2948,.F.);
#2951=ORIENTED_EDGE('',*,*,#2950,.F.);
#2953=ORIENTED_EDGE('',*,*,#2952,.F.);
#2955=ORIENTED_EDGE('',*,*,#2954,.F.);
#2957=ORIENTED_EDGE('',*,*,#2956,.F.);
#2959=ORIENTED_EDGE('',*,*,#2958,.F.);
#2961=ORIENTED_EDGE('',*,*,#2960,.F.);
#2963=ORIENTED_EDGE('',*,*,#2962,.T.);
#2965=ORIENTED_EDGE('',*,*,#2964,.F.);
#2967=ORIENTED_EDGE('',*,*,#2966,.T.);
#2969=ORIENTED_EDGE('',*,*,#2968,.T.);
#2971=ORIENTED_EDGE('',*,*,#2970,.F.);
#2973=ORIENTED_EDGE('',*,*,#2972,.F.);
#2975=ORIENTED_EDGE('',*,*,#2974,.F.);
#2977=ORIENTED_EDGE('',*,*,#2976,.T.);
#2979=ORIENTED_EDGE('',*,*,#2978,.F.);
#2981=ORIENTED_EDGE('',*,*,#2980,.T.);
#2983=ORIENTED_EDGE('',*,*,#2982,.T.);
#2985=ORIENTED_EDGE('',*,*,#2984,.F.);
#2987=ORIENTED_EDGE('',*,*,#2986,.F.);
#2989=ORIENTED_EDGE('',*,*,#2988,.F.);
#2991=ORIENTED_EDGE('',*,*,#2990,.T.);
#2993=ORIENTED_EDGE('',*,*,#2992,.F.);
#2995=ORIENTED_EDGE('',*,*,#2994,.F.);
#2997=ORIENTED_EDGE('',*,*,#2996,.T.);
#2999=ORIENTED_EDGE('',*,*,#2998,.F.);
#3001=ORIENTED_EDGE('',*,*,#3000,.F.);
#3003=ORIENTED_EDGE('',*,*,#3002,.F.);
#3005=ORIENTED_EDGE('',*,*,#3004,.T.);
#3007=ORIENTED_EDGE('',*,*,#3006,.F.);
#3009=ORIENTED_EDGE('',*,*,#3008,.F.);
#3011=ORIENTED_EDGE('',*,*,#3010,.F.);
#3013=ORIENTED_EDGE('',*,*,#3012,.F.);
#3015=ORIENTED_EDGE('',*,*,#3014,.F.);
#3017=ORIENTED_EDGE('',*,*,#3016,.F.);
#3019=ORIENTED_EDGE('',*,*,#3018,.F.);
#3021=ORIENTED_EDGE('',*,*,#3020,.T.);
#3023=ORIENTED_EDGE('',*,*,#3022,.F.);
#3025=ORIENTED_EDGE('',*,*,#3024,.F.);
#3027=ORIENTED_EDGE('',*,*,#3026,.F.);
#3029=ORIENTED_EDGE('',*,*,#3028,.T.);
#3031=ORIENTED_EDGE('',*,*,#3030,.F.);
#3033=ORIENTED_EDGE('',*,*,#3032,.F.);
#3035=ORIENTED_EDGE('',*,*,#3034,.F.);
#3037=ORIENTED_EDGE('',*,*,#3036,.T.);
#3039=ORIENTED_EDGE('',*,*,#3038,.F.);
#3041=ORIENTED_EDGE('',*,*,#3040,.F.);
#3043=ORIENTED_EDGE('',*,*,#3042,.T.);
#3045=ORIENTED_EDGE('',*,*,#3044,.F.);
#3047=ORIENTED_EDGE('',*,*,#3046,.F.);
#3049=ORIENTED_EDGE('',*,*,#3048,.F.);
#3051=ORIENTED_EDGE('',*,*,#3050,.T.);
#3053=ORIENTED_EDGE('',*,*,#3052,.T.);
#3055=ORIENTED_EDGE('',*,*,#3054,.F.);
#3057=ORIENTED_EDGE('',*,*,#3056,.T.);
#3059=ORIENTED_EDGE('',*,*,#3058,.F.);
#3061=ORIENTED_EDGE('',*,*,#3060,.F.);
#3063=ORIENTED_EDGE('',*,*,#3062,.F.);
#3065=ORIENTED_EDGE('',*,*,#3064,.T.);
#3067=ORIENTED_EDGE('',*,*,#3066,.T.);
#3069=ORIENTED_EDGE('',*,*,#3068,.F.);
#3071=ORIENTED_EDGE('',*,*,#3070,.F.);
#3073=ORIENTED_EDGE('',*,*,#3072,.F.);
#3075=ORIENTED_EDGE('',*,*,#3074,.F.);
#3077=ORIENTED_EDGE('',*,*,#3076,.F.);
#3079=ORIENTED_EDGE('',*,*,#3078,.T.);
#3081=ORIENTED_EDGE('',*,*,#3080,.F.);
#3083=ORIENTED_EDGE('',*,*,#3082,.T.);
#3085=ORIENTED_EDGE('',*,*,#3084,.F.);
#3087=ORIENTED_EDGE('',*,*,#3086,.F.);
#3089=ORIENTED_EDGE('',*,*,#3088,.F.);
#3091=ORIENTED_EDGE('',*,*,#3090,.F.);
#3093=ORIENTED_EDGE('',*,*,#3092,.F.);
#3095=ORIENTED_EDGE('',*,*,#3094,.T.);
#3097=ORIENTED_EDGE('',*,*,#3096,.F.);
#3099=ORIENTED_EDGE('',*,*,#3098,.T.);
#3101=ORIENTED_EDGE('',*,*,#3100,.F.);
#3103=ORIENTED_EDGE('',*,*,#3102,.F.);
#3105=ORIENTED_EDGE('',*,*,#3104,.F.);
#3107=ORIENTED_EDGE('',*,*,#3106,.F.);
#3109=ORIENTED_EDGE('',*,*,#3108,.F.);
#3111=ORIENTED_EDGE('',*,*,#3110,.F.);
#3113=ORIENTED_EDGE('',*,*,#3112,.F.);
#3115=ORIENTED_EDGE('',*,*,#3114,.F.);
#3117=ORIENTED_EDGE('',*,*,#3116,.F.);
#3119=ORIENTED_EDGE('',*,*,#3118,.F.);
#3121=ORIENTED_EDGE('',*,*,#3120,.F.);
#3123=ORIENTED_EDGE('',*,*,#3122,.T.);
#3125=ORIENTED_EDGE('',*,*,#3124,.F.);
#3127=ORIENTED_EDGE('',*,*,#3126,.F.);
#3129=ORIENTED_EDGE('',*,*,#3128,.F.);
#3131=ORIENTED_EDGE('',*,*,#3130,.F.);
#3133=ORIENTED_EDGE('',*,*,#3132,.F.);
#3135=ORIENTED_EDGE('',*,*,#3134,.F.);
#3137=ORIENTED_EDGE('',*,*,#3136,.F.);
#3139=ORIENTED_EDGE('',*,*,#3138,.T.);
#3141=ORIENTED_EDGE('',*,*,#3140,.F.);
#3143=ORIENTED_EDGE('',*,*,#3142,.F.);
#3145=ORIENTED_EDGE('',*,*,#3144,.F.);
#3147=ORIENTED_EDGE('',*,*,#3146,.F.);
#3149=ORIENTED_EDGE('',*,*,#3148,.F.);
#3151=ORIENTED_EDGE('',*,*,#3150,.F.);
#3153=ORIENTED_EDGE('',*,*,#3152,.F.);
#3155=ORIENTED_EDGE('',*,*,#3154,.T.);
#3157=ORIENTED_EDGE('',*,*,#3156,.F.);
#3159=ORIENTED_EDGE('',*,*,#3158,.T.);
#3161=ORIENTED_EDGE('',*,*,#3160,.F.);
#3163=ORIENTED_EDGE('',*,*,#3162,.F.);
#3165=ORIENTED_EDGE('',*,*,#3164,.F.);
#3167=ORIENTED_EDGE('',*,*,#3166,.F.);
#3169=ORIENTED_EDGE('',*,*,#3168,.F.);
#3171=ORIENTED_EDGE('',*,*,#3170,.F.);
#3173=ORIENTED_EDGE('',*,*,#3172,.T.);
#3175=ORIENTED_EDGE('',*,*,#3174,.F.);
#3177=ORIENTED_EDGE('',*,*,#3176,.F.);
#3179=ORIENTED_EDGE('',*,*,#3178,.F.);
#3181=ORIENTED_EDGE('',*,*,#3180,.F.);
#3182=EDGE_LOOP('',(#2861,#2863,#2865,#2867,#2869,#2871,#2873,#2875,#2877,#2879,
#2881,#2882,#2883,#2885,#2887,#2889,#2891,#2893,#2895,#2897,#2899,#2901,#2903,
#2905,#2907,#2909,#2911,#2913,#2915,#2917,#2919,#2921,#2923,#2925,#2927,#2929,
#2931,#2933,#2935,#2937,#2939,#2941,#2943,#2945,#2947,#2949,#2951,#2953,#2955,
#2957,#2959,#2961,#2963,#2965,#2967,#2969,#2971,#2973,#2975,#2977,#2979,#2981,
#2983,#2985,#2987,#2989,#2991,#2993,#2995,#2997,#2999,#3001,#3003,#3005,#3007,
#3009,#3011,#3013,#3015,#3017,#3019,#3021,#3023,#3025,#3027,#3029,#3031,#3033,
#3035,#3037,#3039,#3041,#3043,#3045,#3047,#3049,#3051,#3053,#3055,#3057,#3059,
#3061,#3063,#3065,#3067,#3069,#3071,#3073,#3075,#3077,#3079,#3081,#3083,#3085,
#3087,#3089,#3091,#3093,#3095,#3097,#3099,#3101,#3103,#3105,#3107,#3109,#3111,
#3113,#3115,#3117,#3119,#3121,#3123,#3125,#3127,#3129,#3131,#3133,#3135,#3137,
#3139,#3141,#3143,#3145,#3147,#3149,#3151,#3153,#3155,#3157,#3159,#3161,#3163,
#3165,#3167,#3169,#3171,#3173,#3175,#3177,#3179,#3181));
#3183=FACE_OUTER_BOUND('',#3182,.F.);
#3185=CARTESIAN_POINT('',(6.688046888863E-1,1.509103465618E-1,-1.25E0));
#3186=DIRECTION('',(7.071067811865E-1,-7.071067811865E-1,0.E0));
#3187=DIRECTION('',(7.071067811865E-1,7.071067811865E-1,0.E0));
#3188=AXIS2_PLACEMENT_3D('',#3185,#3186,#3187);
#3189=PLANE('',#3188);
#3191=ORIENTED_EDGE('',*,*,#3190,.F.);
#3192=ORIENTED_EDGE('',*,*,#2860,.T.);
#3194=ORIENTED_EDGE('',*,*,#3193,.T.);
#3196=ORIENTED_EDGE('',*,*,#3195,.F.);
#3197=EDGE_LOOP('',(#3191,#3192,#3194,#3196));
#3198=FACE_OUTER_BOUND('',#3197,.F.);
#3200=CARTESIAN_POINT('',(7.454628254987E-1,1.780710084912E-1,4.509E0));
#3201=DIRECTION('',(0.E0,0.E0,-1.E0));
#3202=DIRECTION('',(1.823006706308E-1,-9.832428313939E-1,0.E0));
#3203=AXIS2_PLACEMENT_3D('',#3200,#3201,#3202);
#3204=CYLINDRICAL_SURFACE('',#3203,3.5E-2);
#3206=ORIENTED_EDGE('',*,*,#3205,.F.);
#3207=ORIENTED_EDGE('',*,*,#2862,.T.);
#3208=ORIENTED_EDGE('',*,*,#3190,.T.);
#3210=ORIENTED_EDGE('',*,*,#3209,.T.);
#3211=EDGE_LOOP('',(#3206,#3207,#3208,#3210));
#3212=FACE_OUTER_BOUND('',#3211,.F.);
#3214=CARTESIAN_POINT('',(7.234044443524E-1,2.970433910899E-1,
-4.522642359820E0));
#3215=DIRECTION('',(0.E0,0.E0,1.E0));
#3216=DIRECTION('',(-3.499984324752E-1,-9.367502854363E-1,0.E0));
#3217=AXIS2_PLACEMENT_3D('',#3214,#3215,#3216);
#3218=CYLINDRICAL_SURFACE('',#3217,1.56E-1);
#3219=ORIENTED_EDGE('',*,*,#3205,.T.);
#3221=ORIENTED_EDGE('',*,*,#3220,.T.);
#3223=ORIENTED_EDGE('',*,*,#3222,.T.);
#3224=ORIENTED_EDGE('',*,*,#2864,.T.);
#3225=EDGE_LOOP('',(#3219,#3221,#3223,#3224));
#3226=FACE_OUTER_BOUND('',#3225,.F.);
#3228=CARTESIAN_POINT('',(0.E0,0.E0,-1.25E0));
#3229=DIRECTION('',(0.E0,0.E0,1.E0));
#3230=DIRECTION('',(1.E0,0.E0,0.E0));
#3231=AXIS2_PLACEMENT_3D('',#3228,#3229,#3230);
#3232=PLANE('',#3231);
#3233=ORIENTED_EDGE('',*,*,#3220,.F.);
#3234=ORIENTED_EDGE('',*,*,#3209,.F.);
#3235=ORIENTED_EDGE('',*,*,#3195,.T.);
#3237=ORIENTED_EDGE('',*,*,#3236,.F.);
#3239=ORIENTED_EDGE('',*,*,#3238,.T.);
#3241=ORIENTED_EDGE('',*,*,#3240,.F.);
#3243=ORIENTED_EDGE('',*,*,#3242,.T.);
#3245=ORIENTED_EDGE('',*,*,#3244,.T.);
#3247=ORIENTED_EDGE('',*,*,#3246,.F.);
#3249=ORIENTED_EDGE('',*,*,#3248,.T.);
#3251=ORIENTED_EDGE('',*,*,#3250,.F.);
#3253=ORIENTED_EDGE('',*,*,#3252,.T.);
#3255=ORIENTED_EDGE('',*,*,#3254,.F.);
#3257=ORIENTED_EDGE('',*,*,#3256,.T.);
#3259=ORIENTED_EDGE('',*,*,#3258,.T.);
#3261=ORIENTED_EDGE('',*,*,#3260,.F.);
#3263=ORIENTED_EDGE('',*,*,#3262,.F.);
#3265=ORIENTED_EDGE('',*,*,#3264,.F.);
#3267=ORIENTED_EDGE('',*,*,#3266,.T.);
#3269=ORIENTED_EDGE('',*,*,#3268,.F.);
#3271=ORIENTED_EDGE('',*,*,#3270,.T.);
#3273=ORIENTED_EDGE('',*,*,#3272,.F.);
#3275=ORIENTED_EDGE('',*,*,#3274,.T.);
#3277=ORIENTED_EDGE('',*,*,#3276,.F.);
#3279=ORIENTED_EDGE('',*,*,#3278,.F.);
#3281=ORIENTED_EDGE('',*,*,#3280,.F.);
#3283=ORIENTED_EDGE('',*,*,#3282,.T.);
#3285=ORIENTED_EDGE('',*,*,#3284,.F.);
#3287=ORIENTED_EDGE('',*,*,#3286,.T.);
#3289=ORIENTED_EDGE('',*,*,#3288,.F.);
#3291=ORIENTED_EDGE('',*,*,#3290,.T.);
#3293=ORIENTED_EDGE('',*,*,#3292,.F.);
#3295=ORIENTED_EDGE('',*,*,#3294,.F.);
#3297=ORIENTED_EDGE('',*,*,#3296,.F.);
#3299=ORIENTED_EDGE('',*,*,#3298,.T.);
#3301=ORIENTED_EDGE('',*,*,#3300,.F.);
#3303=ORIENTED_EDGE('',*,*,#3302,.T.);
#3305=ORIENTED_EDGE('',*,*,#3304,.T.);
#3307=ORIENTED_EDGE('',*,*,#3306,.T.);
#3309=ORIENTED_EDGE('',*,*,#3308,.F.);
#3311=ORIENTED_EDGE('',*,*,#3310,.T.);
#3313=ORIENTED_EDGE('',*,*,#3312,.F.);
#3315=ORIENTED_EDGE('',*,*,#3314,.T.);
#3317=ORIENTED_EDGE('',*,*,#3316,.F.);
#3319=ORIENTED_EDGE('',*,*,#3318,.F.);
#3321=ORIENTED_EDGE('',*,*,#3320,.F.);
#3323=ORIENTED_EDGE('',*,*,#3322,.F.);
#3325=ORIENTED_EDGE('',*,*,#3324,.F.);
#3327=ORIENTED_EDGE('',*,*,#3326,.T.);
#3329=ORIENTED_EDGE('',*,*,#3328,.F.);
#3331=ORIENTED_EDGE('',*,*,#3330,.T.);
#3333=ORIENTED_EDGE('',*,*,#3332,.F.);
#3335=ORIENTED_EDGE('',*,*,#3334,.F.);
#3337=ORIENTED_EDGE('',*,*,#3336,.F.);
#3339=ORIENTED_EDGE('',*,*,#3338,.F.);
#3341=ORIENTED_EDGE('',*,*,#3340,.F.);
#3343=ORIENTED_EDGE('',*,*,#3342,.T.);
#3345=ORIENTED_EDGE('',*,*,#3344,.F.);
#3347=ORIENTED_EDGE('',*,*,#3346,.T.);
#3349=ORIENTED_EDGE('',*,*,#3348,.F.);
#3351=ORIENTED_EDGE('',*,*,#3350,.T.);
#3353=ORIENTED_EDGE('',*,*,#3352,.F.);
#3355=ORIENTED_EDGE('',*,*,#3354,.F.);
#3357=ORIENTED_EDGE('',*,*,#3356,.T.);
#3359=ORIENTED_EDGE('',*,*,#3358,.F.);
#3361=ORIENTED_EDGE('',*,*,#3360,.F.);
#3363=ORIENTED_EDGE('',*,*,#3362,.F.);
#3365=ORIENTED_EDGE('',*,*,#3364,.T.);
#3367=ORIENTED_EDGE('',*,*,#3366,.F.);
#3369=ORIENTED_EDGE('',*,*,#3368,.F.);
#3371=ORIENTED_EDGE('',*,*,#3370,.T.);
#3373=ORIENTED_EDGE('',*,*,#3372,.F.);
#3375=ORIENTED_EDGE('',*,*,#3374,.F.);
#3377=ORIENTED_EDGE('',*,*,#3376,.F.);
#3379=ORIENTED_EDGE('',*,*,#3378,.F.);
#3381=ORIENTED_EDGE('',*,*,#3380,.F.);
#3383=ORIENTED_EDGE('',*,*,#3382,.F.);
#3385=ORIENTED_EDGE('',*,*,#3384,.T.);
#3387=ORIENTED_EDGE('',*,*,#3386,.F.);
#3389=ORIENTED_EDGE('',*,*,#3388,.F.);
#3391=ORIENTED_EDGE('',*,*,#3390,.F.);
#3393=ORIENTED_EDGE('',*,*,#3392,.F.);
#3395=ORIENTED_EDGE('',*,*,#3394,.F.);
#3397=ORIENTED_EDGE('',*,*,#3396,.F.);
#3399=ORIENTED_EDGE('',*,*,#3398,.F.);
#3401=ORIENTED_EDGE('',*,*,#3400,.T.);
#3403=ORIENTED_EDGE('',*,*,#3402,.F.);
#3405=ORIENTED_EDGE('',*,*,#3404,.T.);
#3407=ORIENTED_EDGE('',*,*,#3406,.F.);
#3409=ORIENTED_EDGE('',*,*,#3408,.F.);
#3411=ORIENTED_EDGE('',*,*,#3410,.F.);
#3413=ORIENTED_EDGE('',*,*,#3412,.F.);
#3415=ORIENTED_EDGE('',*,*,#3414,.F.);
#3417=ORIENTED_EDGE('',*,*,#3416,.T.);
#3419=ORIENTED_EDGE('',*,*,#3418,.F.);
#3421=ORIENTED_EDGE('',*,*,#3420,.F.);
#3423=ORIENTED_EDGE('',*,*,#3422,.F.);
#3425=ORIENTED_EDGE('',*,*,#3424,.F.);
#3427=ORIENTED_EDGE('',*,*,#3426,.F.);
#3429=ORIENTED_EDGE('',*,*,#3428,.F.);
#3431=ORIENTED_EDGE('',*,*,#3430,.T.);
#3433=ORIENTED_EDGE('',*,*,#3432,.F.);
#3435=ORIENTED_EDGE('',*,*,#3434,.F.);
#3437=ORIENTED_EDGE('',*,*,#3436,.T.);
#3439=ORIENTED_EDGE('',*,*,#3438,.F.);
#3441=ORIENTED_EDGE('',*,*,#3440,.F.);
#3443=ORIENTED_EDGE('',*,*,#3442,.F.);
#3445=ORIENTED_EDGE('',*,*,#3444,.T.);
#3447=ORIENTED_EDGE('',*,*,#3446,.F.);
#3449=ORIENTED_EDGE('',*,*,#3448,.F.);
#3451=ORIENTED_EDGE('',*,*,#3450,.T.);
#3453=ORIENTED_EDGE('',*,*,#3452,.F.);
#3455=ORIENTED_EDGE('',*,*,#3454,.F.);
#3457=ORIENTED_EDGE('',*,*,#3456,.F.);
#3459=ORIENTED_EDGE('',*,*,#3458,.T.);
#3461=ORIENTED_EDGE('',*,*,#3460,.F.);
#3463=ORIENTED_EDGE('',*,*,#3462,.T.);
#3465=ORIENTED_EDGE('',*,*,#3464,.F.);
#3467=ORIENTED_EDGE('',*,*,#3466,.T.);
#3469=ORIENTED_EDGE('',*,*,#3468,.F.);
#3471=ORIENTED_EDGE('',*,*,#3470,.T.);
#3473=ORIENTED_EDGE('',*,*,#3472,.F.);
#3475=ORIENTED_EDGE('',*,*,#3474,.T.);
#3477=ORIENTED_EDGE('',*,*,#3476,.F.);
#3479=ORIENTED_EDGE('',*,*,#3478,.T.);
#3481=ORIENTED_EDGE('',*,*,#3480,.F.);
#3483=ORIENTED_EDGE('',*,*,#3482,.T.);
#3485=ORIENTED_EDGE('',*,*,#3484,.T.);
#3487=ORIENTED_EDGE('',*,*,#3486,.F.);
#3489=ORIENTED_EDGE('',*,*,#3488,.T.);
#3491=ORIENTED_EDGE('',*,*,#3490,.F.);
#3493=ORIENTED_EDGE('',*,*,#3492,.T.);
#3495=ORIENTED_EDGE('',*,*,#3494,.F.);
#3497=ORIENTED_EDGE('',*,*,#3496,.T.);
#3499=ORIENTED_EDGE('',*,*,#3498,.T.);
#3501=ORIENTED_EDGE('',*,*,#3500,.F.);
#3503=ORIENTED_EDGE('',*,*,#3502,.T.);
#3505=ORIENTED_EDGE('',*,*,#3504,.F.);
#3507=ORIENTED_EDGE('',*,*,#3506,.T.);
#3509=ORIENTED_EDGE('',*,*,#3508,.F.);
#3511=ORIENTED_EDGE('',*,*,#3510,.F.);
#3513=ORIENTED_EDGE('',*,*,#3512,.T.);
#3515=ORIENTED_EDGE('',*,*,#3514,.F.);
#3517=ORIENTED_EDGE('',*,*,#3516,.T.);
#3519=ORIENTED_EDGE('',*,*,#3518,.F.);
#3521=ORIENTED_EDGE('',*,*,#3520,.T.);
#3523=ORIENTED_EDGE('',*,*,#3522,.F.);
#3525=ORIENTED_EDGE('',*,*,#3524,.F.);
#3527=ORIENTED_EDGE('',*,*,#3526,.F.);
#3529=ORIENTED_EDGE('',*,*,#3528,.F.);
#3531=ORIENTED_EDGE('',*,*,#3530,.F.);
#3533=ORIENTED_EDGE('',*,*,#3532,.T.);
#3534=ORIENTED_EDGE('',*,*,#2848,.F.);
#3535=ORIENTED_EDGE('',*,*,#2835,.T.);
#3537=ORIENTED_EDGE('',*,*,#3536,.F.);
#3539=ORIENTED_EDGE('',*,*,#3538,.F.);
#3541=ORIENTED_EDGE('',*,*,#3540,.F.);
#3543=ORIENTED_EDGE('',*,*,#3542,.T.);
#3545=ORIENTED_EDGE('',*,*,#3544,.F.);
#3547=ORIENTED_EDGE('',*,*,#3546,.T.);
#3549=ORIENTED_EDGE('',*,*,#3548,.F.);
#3551=ORIENTED_EDGE('',*,*,#3550,.T.);
#3552=EDGE_LOOP('',(#3233,#3234,#3235,#3237,#3239,#3241,#3243,#3245,#3247,#3249,
#3251,#3253,#3255,#3257,#3259,#3261,#3263,#3265,#3267,#3269,#3271,#3273,#3275,
#3277,#3279,#3281,#3283,#3285,#3287,#3289,#3291,#3293,#3295,#3297,#3299,#3301,
#3303,#3305,#3307,#3309,#3311,#3313,#3315,#3317,#3319,#3321,#3323,#3325,#3327,
#3329,#3331,#3333,#3335,#3337,#3339,#3341,#3343,#3345,#3347,#3349,#3351,#3353,
#3355,#3357,#3359,#3361,#3363,#3365,#3367,#3369,#3371,#3373,#3375,#3377,#3379,
#3381,#3383,#3385,#3387,#3389,#3391,#3393,#3395,#3397,#3399,#3401,#3403,#3405,
#3407,#3409,#3411,#3413,#3415,#3417,#3419,#3421,#3423,#3425,#3427,#3429,#3431,
#3433,#3435,#3437,#3439,#3441,#3443,#3445,#3447,#3449,#3451,#3453,#3455,#3457,
#3459,#3461,#3463,#3465,#3467,#3469,#3471,#3473,#3475,#3477,#3479,#3481,#3483,
#3485,#3487,#3489,#3491,#3493,#3495,#3497,#3499,#3501,#3503,#3505,#3507,#3509,
#3511,#3513,#3515,#3517,#3519,#3521,#3523,#3525,#3527,#3529,#3531,#3533,#3534,
#3535,#3537,#3539,#3541,#3543,#3545,#3547,#3549,#3551));
#3553=FACE_OUTER_BOUND('',#3552,.F.);
#3555=CARTESIAN_POINT('',(8.02E-1,3.166325696102E-1,4.509E0));
#3556=DIRECTION('',(0.E0,0.E0,-1.E0));
#3557=DIRECTION('',(1.E0,0.E0,0.E0));
#3558=AXIS2_PLACEMENT_3D('',#3555,#3556,#3557);
#3559=CYLINDRICAL_SURFACE('',#3558,2.3E-2);
#3560=ORIENTED_EDGE('',*,*,#3236,.T.);
#3561=ORIENTED_EDGE('',*,*,#3193,.F.);
#3562=ORIENTED_EDGE('',*,*,#3180,.T.);
#3564=ORIENTED_EDGE('',*,*,#3563,.T.);
#3565=EDGE_LOOP('',(#3560,#3561,#3562,#3564));
#3566=FACE_OUTER_BOUND('',#3565,.F.);
#3568=CARTESIAN_POINT('',(8.25E-1,-4.9E-1,-1.25E0));
#3569=DIRECTION('',(1.E0,0.E0,0.E0));
#3570=DIRECTION('',(0.E0,1.E0,0.E0));
#3571=AXIS2_PLACEMENT_3D('',#3568,#3569,#3570);
#3572=PLANE('',#3571);
#3573=ORIENTED_EDGE('',*,*,#3563,.F.);
#3574=ORIENTED_EDGE('',*,*,#3178,.T.);
#3576=ORIENTED_EDGE('',*,*,#3575,.F.);
#3577=ORIENTED_EDGE('',*,*,#3238,.F.);
#3578=EDGE_LOOP('',(#3573,#3574,#3576,#3577));
#3579=FACE_OUTER_BOUND('',#3578,.F.);
#3581=CARTESIAN_POINT('',(8.25E-1,-4.9E-1,-1.25E0));
#3582=DIRECTION('',(1.E0,0.E0,0.E0));
#3583=DIRECTION('',(0.E0,1.E0,0.E0));
#3584=AXIS2_PLACEMENT_3D('',#3581,#3582,#3583);
#3585=PLANE('',#3584);
#3587=ORIENTED_EDGE('',*,*,#3586,.F.);
#3588=ORIENTED_EDGE('',*,*,#3546,.F.);
#3590=ORIENTED_EDGE('',*,*,#3589,.F.);
#3591=ORIENTED_EDGE('',*,*,#2870,.T.);
#3592=EDGE_LOOP('',(#3587,#3588,#3590,#3591));
#3593=FACE_OUTER_BOUND('',#3592,.F.);
#3595=CARTESIAN_POINT('',(8.25E-1,-4.9E-1,-1.25E0));
#3596=DIRECTION('',(1.E0,0.E0,0.E0));
#3597=DIRECTION('',(0.E0,1.E0,0.E0));
#3598=AXIS2_PLACEMENT_3D('',#3595,#3596,#3597);
#3599=PLANE('',#3598);
#3601=ORIENTED_EDGE('',*,*,#3600,.F.);
#3602=ORIENTED_EDGE('',*,*,#2914,.T.);
#3604=ORIENTED_EDGE('',*,*,#3603,.F.);
#3605=ORIENTED_EDGE('',*,*,#3502,.F.);
#3606=EDGE_LOOP('',(#3601,#3602,#3604,#3605));
#3607=FACE_OUTER_BOUND('',#3606,.F.);
#3609=CARTESIAN_POINT('',(8.25E-1,-4.9E-1,-1.25E0));
#3610=DIRECTION('',(1.E0,0.E0,0.E0));
#3611=DIRECTION('',(0.E0,1.E0,0.E0));
#3612=AXIS2_PLACEMENT_3D('',#3609,#3610,#3611);
#3613=PLANE('',#3612);
#3615=ORIENTED_EDGE('',*,*,#3614,.F.);
#3616=ORIENTED_EDGE('',*,*,#2900,.T.);
#3618=ORIENTED_EDGE('',*,*,#3617,.F.);
#3619=ORIENTED_EDGE('',*,*,#3516,.F.);
#3620=EDGE_LOOP('',(#3615,#3616,#3618,#3619));
#3621=FACE_OUTER_BOUND('',#3620,.F.);
#3623=CARTESIAN_POINT('',(8.25E-1,-4.9E-1,-1.25E0));
#3624=DIRECTION('',(1.E0,0.E0,0.E0));
#3625=DIRECTION('',(0.E0,1.E0,0.E0));
#3626=AXIS2_PLACEMENT_3D('',#3623,#3624,#3625);
#3627=PLANE('',#3626);
#3629=ORIENTED_EDGE('',*,*,#3628,.F.);
#3630=ORIENTED_EDGE('',*,*,#2884,.T.);
#3631=ORIENTED_EDGE('',*,*,#2850,.F.);
#3632=ORIENTED_EDGE('',*,*,#3532,.F.);
#3633=EDGE_LOOP('',(#3629,#3630,#3631,#3632));
#3634=FACE_OUTER_BOUND('',#3633,.F.);
#3636=CARTESIAN_POINT('',(8.02E-1,3.222894238596E-1,-4.509E0));
#3637=DIRECTION('',(0.E0,0.E0,1.E0));
#3638=DIRECTION('',(1.E0,0.E0,0.E0));
#3639=AXIS2_PLACEMENT_3D('',#3636,#3637,#3638);
#3640=CYLINDRICAL_SURFACE('',#3639,2.3E-2);
#3641=ORIENTED_EDGE('',*,*,#3176,.T.);
#3643=ORIENTED_EDGE('',*,*,#3642,.F.);
#3644=ORIENTED_EDGE('',*,*,#3240,.T.);
#3645=ORIENTED_EDGE('',*,*,#3575,.T.);
#3646=EDGE_LOOP('',(#3641,#3643,#3644,#3645));
#3647=FACE_OUTER_BOUND('',#3646,.F.);
#3649=CARTESIAN_POINT('',(8.25E-1,3.778163357942E-1,-1.25E0));
#3650=DIRECTION('',(-7.071067811865E-1,7.071067811865E-1,0.E0));
#3651=DIRECTION('',(-7.071067811865E-1,-7.071067811865E-1,0.E0));
#3652=AXIS2_PLACEMENT_3D('',#3649,#3650,#3651);
#3653=PLANE('',#3652);
#3655=ORIENTED_EDGE('',*,*,#3654,.F.);
#3656=ORIENTED_EDGE('',*,*,#3242,.F.);
#3657=ORIENTED_EDGE('',*,*,#3642,.T.);
#3658=ORIENTED_EDGE('',*,*,#3174,.T.);
#3659=EDGE_LOOP('',(#3655,#3656,#3657,#3658));
#3660=FACE_OUTER_BOUND('',#3659,.F.);
#3662=CARTESIAN_POINT('',(6.760136283556E-1,2.571142353973E-1,-4.509E0));
#3663=DIRECTION('',(0.E0,0.E0,1.E0));
#3664=DIRECTION('',(-9.395732578067E-1,3.423479125312E-1,0.E0));
#3665=AXIS2_PLACEMENT_3D('',#3662,#3663,#3664);
#3666=CYLINDRICAL_SURFACE('',#3665,2.E-2);
#3667=ORIENTED_EDGE('',*,*,#3654,.T.);
#3668=ORIENTED_EDGE('',*,*,#3172,.F.);
#3670=ORIENTED_EDGE('',*,*,#3669,.F.);
#3671=ORIENTED_EDGE('',*,*,#3244,.F.);
#3672=EDGE_LOOP('',(#3667,#3668,#3670,#3671));
#3673=FACE_OUTER_BOUND('',#3672,.F.);
#3675=CARTESIAN_POINT('',(8.037955914173E-1,2.105549192931E-1,
-4.522642359820E0));
#3676=DIRECTION('',(0.E0,0.E0,1.E0));
#3677=DIRECTION('',(-8.660254037845E-1,4.999999999999E-1,0.E0));
#3678=AXIS2_PLACEMENT_3D('',#3675,#3676,#3677);
#3679=CYLINDRICAL_SURFACE('',#3678,1.56E-1);
#3680=ORIENTED_EDGE('',*,*,#3669,.T.);
#3681=ORIENTED_EDGE('',*,*,#3170,.T.);
#3683=ORIENTED_EDGE('',*,*,#3682,.F.);
#3684=ORIENTED_EDGE('',*,*,#3246,.T.);
#3685=EDGE_LOOP('',(#3680,#3681,#3683,#3684));
#3686=FACE_OUTER_BOUND('',#3685,.F.);
#3688=CARTESIAN_POINT('',(6.180940107676E-1,2.009103465618E-1,-1.25E0));
#3689=DIRECTION('',(8.660254037845E-1,-4.999999999999E-1,0.E0));
#3690=DIRECTION('',(4.999999999999E-1,8.660254037845E-1,0.E0));
#3691=AXIS2_PLACEMENT_3D('',#3688,#3689,#3690);
#3692=PLANE('',#3691);
#3694=ORIENTED_EDGE('',*,*,#3693,.T.);
#3695=ORIENTED_EDGE('',*,*,#3248,.F.);
#3696=ORIENTED_EDGE('',*,*,#3682,.T.);
#3697=ORIENTED_EDGE('',*,*,#3168,.T.);
#3698=EDGE_LOOP('',(#3694,#3695,#3696,#3697));
#3699=FACE_OUTER_BOUND('',#3698,.F.);
#3701=CARTESIAN_POINT('',(7.451628314259E-1,4.67E-1,4.509E0));
#3702=DIRECTION('',(0.E0,0.E0,-1.E0));
#3703=DIRECTION('',(0.E0,1.E0,0.E0));
#3704=AXIS2_PLACEMENT_3D('',#3701,#3702,#3703);
#3705=CYLINDRICAL_SURFACE('',#3704,2.3E-2);
#3706=ORIENTED_EDGE('',*,*,#3250,.T.);
#3707=ORIENTED_EDGE('',*,*,#3693,.F.);
#3708=ORIENTED_EDGE('',*,*,#3166,.T.);
#3710=ORIENTED_EDGE('',*,*,#3709,.T.);
#3711=EDGE_LOOP('',(#3706,#3707,#3708,#3710));
#3712=FACE_OUTER_BOUND('',#3711,.F.);
#3714=CARTESIAN_POINT('',(8.25E-1,4.9E-1,-1.25E0));
#3715=DIRECTION('',(0.E0,1.E0,0.E0));
#3716=DIRECTION('',(-1.E0,0.E0,0.E0));
#3717=AXIS2_PLACEMENT_3D('',#3714,#3715,#3716);
#3718=PLANE('',#3717);
#3719=ORIENTED_EDGE('',*,*,#3709,.F.);
#3720=ORIENTED_EDGE('',*,*,#3164,.T.);
#3722=ORIENTED_EDGE('',*,*,#3721,.F.);
#3723=ORIENTED_EDGE('',*,*,#3252,.F.);
#3724=EDGE_LOOP('',(#3719,#3720,#3722,#3723));
#3725=FACE_OUTER_BOUND('',#3724,.F.);
#3727=CARTESIAN_POINT('',(8.25E-1,4.9E-1,-1.25E0));
#3728=DIRECTION('',(0.E0,1.E0,0.E0));
#3729=DIRECTION('',(-1.E0,0.E0,0.E0));
#3730=AXIS2_PLACEMENT_3D('',#3727,#3728,#3729);
#3731=PLANE('',#3730);
#3733=ORIENTED_EDGE('',*,*,#3732,.F.);
#3734=ORIENTED_EDGE('',*,*,#3150,.T.);
#3736=ORIENTED_EDGE('',*,*,#3735,.F.);
#3737=ORIENTED_EDGE('',*,*,#3266,.F.);
#3738=EDGE_LOOP('',(#3733,#3734,#3736,#3737));
#3739=FACE_OUTER_BOUND('',#3738,.F.);
#3741=CARTESIAN_POINT('',(8.25E-1,4.9E-1,-1.25E0));
#3742=DIRECTION('',(0.E0,1.E0,0.E0));
#3743=DIRECTION('',(-1.E0,0.E0,0.E0));
#3744=AXIS2_PLACEMENT_3D('',#3741,#3742,#3743);
#3745=PLANE('',#3744);
#3747=ORIENTED_EDGE('',*,*,#3746,.F.);
#3748=ORIENTED_EDGE('',*,*,#3134,.T.);
#3750=ORIENTED_EDGE('',*,*,#3749,.F.);
#3751=ORIENTED_EDGE('',*,*,#3282,.F.);
#3752=EDGE_LOOP('',(#3747,#3748,#3750,#3751));
#3753=FACE_OUTER_BOUND('',#3752,.F.);
#3755=CARTESIAN_POINT('',(8.25E-1,4.9E-1,-1.25E0));
#3756=DIRECTION('',(0.E0,1.E0,0.E0));
#3757=DIRECTION('',(-1.E0,0.E0,0.E0));
#3758=AXIS2_PLACEMENT_3D('',#3755,#3756,#3757);
#3759=PLANE('',#3758);
#3761=ORIENTED_EDGE('',*,*,#3760,.F.);
#3762=ORIENTED_EDGE('',*,*,#3118,.T.);
#3764=ORIENTED_EDGE('',*,*,#3763,.T.);
#3765=ORIENTED_EDGE('',*,*,#3298,.F.);
#3766=EDGE_LOOP('',(#3761,#3762,#3764,#3765));
#3767=FACE_OUTER_BOUND('',#3766,.F.);
#3769=CARTESIAN_POINT('',(7.405440292724E-1,4.67E-1,-4.509E0));
#3770=DIRECTION('',(0.E0,0.E0,1.E0));
#3771=DIRECTION('',(0.E0,1.E0,0.E0));
#3772=AXIS2_PLACEMENT_3D('',#3769,#3770,#3771);
#3773=CYLINDRICAL_SURFACE('',#3772,2.3E-2);
#3774=ORIENTED_EDGE('',*,*,#3162,.T.);
#3776=ORIENTED_EDGE('',*,*,#3775,.F.);
#3777=ORIENTED_EDGE('',*,*,#3254,.T.);
#3778=ORIENTED_EDGE('',*,*,#3721,.T.);
#3779=EDGE_LOOP('',(#3774,#3776,#3777,#3778));
#3780=FACE_OUTER_BOUND('',#3779,.F.);
#3782=CARTESIAN_POINT('',(7.272649730810E-1,4.9E-1,-1.25E0));
#3783=DIRECTION('',(-8.660254037845E-1,4.999999999999E-1,0.E0));
#3784=DIRECTION('',(-4.999999999999E-1,-8.660254037845E-1,0.E0));
#3785=AXIS2_PLACEMENT_3D('',#3782,#3783,#3784);
#3786=PLANE('',#3785);
#3788=ORIENTED_EDGE('',*,*,#3787,.F.);
#3789=ORIENTED_EDGE('',*,*,#3256,.F.);
#3790=ORIENTED_EDGE('',*,*,#3775,.T.);
#3791=ORIENTED_EDGE('',*,*,#3160,.T.);
#3792=EDGE_LOOP('',(#3788,#3789,#3790,#3791));
#3793=FACE_OUTER_BOUND('',#3792,.F.);
#3795=CARTESIAN_POINT('',(6.006209294275E-1,3.406460819160E-1,-4.509E0));
#3796=DIRECTION('',(0.E0,0.E0,1.E0));
#3797=DIRECTION('',(-9.948683518391E-1,-1.011778755899E-1,0.E0));
#3798=AXIS2_PLACEMENT_3D('',#3795,#3796,#3797);
#3799=CYLINDRICAL_SURFACE('',#3798,3.5E-2);
#3800=ORIENTED_EDGE('',*,*,#3787,.T.);
#3801=ORIENTED_EDGE('',*,*,#3158,.F.);
#3803=ORIENTED_EDGE('',*,*,#3802,.F.);
#3804=ORIENTED_EDGE('',*,*,#3258,.F.);
#3805=EDGE_LOOP('',(#3800,#3801,#3803,#3804));
#3806=FACE_OUTER_BOUND('',#3805,.F.);
#3808=CARTESIAN_POINT('',(7.21E-1,3.528886048624E-1,-4.522642359820E0));
#3809=DIRECTION('',(0.E0,0.E0,1.E0));
#3810=DIRECTION('',(-1.E0,0.E0,0.E0));
#3811=AXIS2_PLACEMENT_3D('',#3808,#3809,#3810);
#3812=CYLINDRICAL_SURFACE('',#3811,1.56E-1);
#3813=ORIENTED_EDGE('',*,*,#3802,.T.);
#3814=ORIENTED_EDGE('',*,*,#3156,.T.);
#3816=ORIENTED_EDGE('',*,*,#3815,.F.);
#3817=ORIENTED_EDGE('',*,*,#3260,.T.);
#3818=EDGE_LOOP('',(#3813,#3814,#3816,#3817));
#3819=FACE_OUTER_BOUND('',#3818,.F.);
#3821=CARTESIAN_POINT('',(5.65E-1,2.609103465618E-1,-1.25E0));
#3822=DIRECTION('',(1.E0,0.E0,0.E0));
#3823=DIRECTION('',(0.E0,1.E0,0.E0));
#3824=AXIS2_PLACEMENT_3D('',#3821,#3822,#3823);
#3825=PLANE('',#3824);
#3827=ORIENTED_EDGE('',*,*,#3826,.T.);
#3828=ORIENTED_EDGE('',*,*,#3262,.T.);
#3829=ORIENTED_EDGE('',*,*,#3815,.T.);
#3830=ORIENTED_EDGE('',*,*,#3154,.F.);
#3831=EDGE_LOOP('',(#3827,#3828,#3829,#3830));
#3832=FACE_OUTER_BOUND('',#3831,.F.);
#3834=CARTESIAN_POINT('',(5.42E-1,4.67E-1,4.509E0));
#3835=DIRECTION('',(0.E0,0.E0,-1.E0));
#3836=DIRECTION('',(0.E0,1.E0,0.E0));
#3837=AXIS2_PLACEMENT_3D('',#3834,#3835,#3836);
#3838=CYLINDRICAL_SURFACE('',#3837,2.3E-2);
#3839=ORIENTED_EDGE('',*,*,#3264,.T.);
#3840=ORIENTED_EDGE('',*,*,#3826,.F.);
#3841=ORIENTED_EDGE('',*,*,#3152,.T.);
#3842=ORIENTED_EDGE('',*,*,#3732,.T.);
#3843=EDGE_LOOP('',(#3839,#3840,#3841,#3842));
#3844=FACE_OUTER_BOUND('',#3843,.F.);
#3846=CARTESIAN_POINT('',(5.38E-1,4.67E-1,-4.509E0));
#3847=DIRECTION('',(0.E0,0.E0,1.E0));
#3848=DIRECTION('',(0.E0,1.E0,0.E0));
#3849=AXIS2_PLACEMENT_3D('',#3846,#3847,#3848);
#3850=CYLINDRICAL_SURFACE('',#3849,2.3E-2);
#3851=ORIENTED_EDGE('',*,*,#3148,.T.);
#3853=ORIENTED_EDGE('',*,*,#3852,.F.);
#3854=ORIENTED_EDGE('',*,*,#3268,.T.);
#3855=ORIENTED_EDGE('',*,*,#3735,.T.);
#3856=EDGE_LOOP('',(#3851,#3853,#3854,#3855));
#3857=FACE_OUTER_BOUND('',#3856,.F.);
#3859=CARTESIAN_POINT('',(5.15E-1,4.9E-1,-1.25E0));
#3860=DIRECTION('',(-1.E0,0.E0,0.E0));
#3861=DIRECTION('',(0.E0,-1.E0,0.E0));
#3862=AXIS2_PLACEMENT_3D('',#3859,#3860,#3861);
#3863=PLANE('',#3862);
#3864=ORIENTED_EDGE('',*,*,#3852,.T.);
#3865=ORIENTED_EDGE('',*,*,#3146,.T.);
#3867=ORIENTED_EDGE('',*,*,#3866,.F.);
#3868=ORIENTED_EDGE('',*,*,#3270,.F.);
#3869=EDGE_LOOP('',(#3864,#3865,#3867,#3868));
#3870=FACE_OUTER_BOUND('',#3869,.F.);
#3872=CARTESIAN_POINT('',(4.75E-1,2.8E-1,-4.509E0));
#3873=DIRECTION('',(0.E0,0.E0,1.E0));
#3874=DIRECTION('',(0.E0,-1.E0,0.E0));
#3875=AXIS2_PLACEMENT_3D('',#3872,#3873,#3874);
#3876=CYLINDRICAL_SURFACE('',#3875,4.E-2);
#3878=ORIENTED_EDGE('',*,*,#3877,.F.);
#3879=ORIENTED_EDGE('',*,*,#3272,.T.);
#3880=ORIENTED_EDGE('',*,*,#3866,.T.);
#3881=ORIENTED_EDGE('',*,*,#3144,.T.);
#3882=EDGE_LOOP('',(#3878,#3879,#3880,#3881));
#3883=FACE_OUTER_BOUND('',#3882,.F.);
#3885=CARTESIAN_POINT('',(5.15E-1,2.4E-1,-1.25E0));
#3886=DIRECTION('',(0.E0,1.E0,0.E0));
#3887=DIRECTION('',(-1.E0,0.E0,0.E0));
#3888=AXIS2_PLACEMENT_3D('',#3885,#3886,#3887);
#3889=PLANE('',#3888);
#3891=ORIENTED_EDGE('',*,*,#3890,.F.);
#3892=ORIENTED_EDGE('',*,*,#3274,.F.);
#3893=ORIENTED_EDGE('',*,*,#3877,.T.);
#3894=ORIENTED_EDGE('',*,*,#3142,.T.);
#3895=EDGE_LOOP('',(#3891,#3892,#3893,#3894));
#3896=FACE_OUTER_BOUND('',#3895,.F.);
#3898=CARTESIAN_POINT('',(4.65E-1,2.8E-1,-4.509E0));
#3899=DIRECTION('',(0.E0,0.E0,1.E0));
#3900=DIRECTION('',(-1.E0,0.E0,0.E0));
#3901=AXIS2_PLACEMENT_3D('',#3898,#3899,#3900);
#3902=CYLINDRICAL_SURFACE('',#3901,4.E-2);
#3904=ORIENTED_EDGE('',*,*,#3903,.F.);
#3905=ORIENTED_EDGE('',*,*,#3276,.T.);
#3906=ORIENTED_EDGE('',*,*,#3890,.T.);
#3907=ORIENTED_EDGE('',*,*,#3140,.T.);
#3908=EDGE_LOOP('',(#3904,#3905,#3906,#3907));
#3909=FACE_OUTER_BOUND('',#3908,.F.);
#3911=CARTESIAN_POINT('',(4.25E-1,2.4E-1,-1.25E0));
#3912=DIRECTION('',(1.E0,0.E0,0.E0));
#3913=DIRECTION('',(0.E0,1.E0,0.E0));
#3914=AXIS2_PLACEMENT_3D('',#3911,#3912,#3913);
#3915=PLANE('',#3914);
#3917=ORIENTED_EDGE('',*,*,#3916,.T.);
#3918=ORIENTED_EDGE('',*,*,#3278,.T.);
#3919=ORIENTED_EDGE('',*,*,#3903,.T.);
#3920=ORIENTED_EDGE('',*,*,#3138,.F.);
#3921=EDGE_LOOP('',(#3917,#3918,#3919,#3920));
#3922=FACE_OUTER_BOUND('',#3921,.F.);
#3924=CARTESIAN_POINT('',(4.02E-1,4.67E-1,4.509E0));
#3925=DIRECTION('',(0.E0,0.E0,-1.E0));
#3926=DIRECTION('',(0.E0,1.E0,0.E0));
#3927=AXIS2_PLACEMENT_3D('',#3924,#3925,#3926);
#3928=CYLINDRICAL_SURFACE('',#3927,2.3E-2);
#3929=ORIENTED_EDGE('',*,*,#3280,.T.);
#3930=ORIENTED_EDGE('',*,*,#3916,.F.);
#3931=ORIENTED_EDGE('',*,*,#3136,.T.);
#3932=ORIENTED_EDGE('',*,*,#3746,.T.);
#3933=EDGE_LOOP('',(#3929,#3930,#3931,#3932));
#3934=FACE_OUTER_BOUND('',#3933,.F.);
#3936=CARTESIAN_POINT('',(3.98E-1,4.67E-1,-4.509E0));
#3937=DIRECTION('',(0.E0,0.E0,1.E0));
#3938=DIRECTION('',(0.E0,1.E0,0.E0));
#3939=AXIS2_PLACEMENT_3D('',#3936,#3937,#3938);
#3940=CYLINDRICAL_SURFACE('',#3939,2.3E-2);
#3941=ORIENTED_EDGE('',*,*,#3132,.T.);
#3943=ORIENTED_EDGE('',*,*,#3942,.F.);
#3944=ORIENTED_EDGE('',*,*,#3284,.T.);
#3945=ORIENTED_EDGE('',*,*,#3749,.T.);
#3946=EDGE_LOOP('',(#3941,#3943,#3944,#3945));
#3947=FACE_OUTER_BOUND('',#3946,.F.);
#3949=CARTESIAN_POINT('',(3.75E-1,4.9E-1,-1.25E0));
#3950=DIRECTION('',(-1.E0,0.E0,0.E0));
#3951=DIRECTION('',(0.E0,-1.E0,0.E0));
#3952=AXIS2_PLACEMENT_3D('',#3949,#3950,#3951);
#3953=PLANE('',#3952);
#3954=ORIENTED_EDGE('',*,*,#3942,.T.);
#3955=ORIENTED_EDGE('',*,*,#3130,.T.);
#3957=ORIENTED_EDGE('',*,*,#3956,.F.);
#3958=ORIENTED_EDGE('',*,*,#3286,.F.);
#3959=EDGE_LOOP('',(#3954,#3955,#3957,#3958));
#3960=FACE_OUTER_BOUND('',#3959,.F.);
#3962=CARTESIAN_POINT('',(3.35E-1,2.8E-1,-4.509E0));
#3963=DIRECTION('',(0.E0,0.E0,1.E0));
#3964=DIRECTION('',(0.E0,-1.E0,0.E0));
#3965=AXIS2_PLACEMENT_3D('',#3962,#3963,#3964);
#3966=CYLINDRICAL_SURFACE('',#3965,4.E-2);
#3968=ORIENTED_EDGE('',*,*,#3967,.F.);
#3969=ORIENTED_EDGE('',*,*,#3288,.T.);
#3970=ORIENTED_EDGE('',*,*,#3956,.T.);
#3971=ORIENTED_EDGE('',*,*,#3128,.T.);
#3972=EDGE_LOOP('',(#3968,#3969,#3970,#3971));
#3973=FACE_OUTER_BOUND('',#3972,.F.);
#3975=CARTESIAN_POINT('',(3.75E-1,2.4E-1,-1.25E0));
#3976=DIRECTION('',(0.E0,1.E0,0.E0));
#3977=DIRECTION('',(-1.E0,0.E0,0.E0));
#3978=AXIS2_PLACEMENT_3D('',#3975,#3976,#3977);
#3979=PLANE('',#3978);
#3980=ORIENTED_EDGE('',*,*,#3967,.T.);
#3981=ORIENTED_EDGE('',*,*,#3126,.T.);
#3983=ORIENTED_EDGE('',*,*,#3982,.F.);
#3984=ORIENTED_EDGE('',*,*,#3290,.F.);
#3985=EDGE_LOOP('',(#3980,#3981,#3983,#3984));
#3986=FACE_OUTER_BOUND('',#3985,.F.);
#3988=CARTESIAN_POINT('',(3.25E-1,2.8E-1,-4.509E0));
#3989=DIRECTION('',(0.E0,0.E0,1.E0));
#3990=DIRECTION('',(-1.E0,0.E0,0.E0));
#3991=AXIS2_PLACEMENT_3D('',#3988,#3989,#3990);
#3992=CYLINDRICAL_SURFACE('',#3991,4.E-2);
#3994=ORIENTED_EDGE('',*,*,#3993,.F.);
#3995=ORIENTED_EDGE('',*,*,#3292,.T.);
#3996=ORIENTED_EDGE('',*,*,#3982,.T.);
#3997=ORIENTED_EDGE('',*,*,#3124,.T.);
#3998=EDGE_LOOP('',(#3994,#3995,#3996,#3997));
#3999=FACE_OUTER_BOUND('',#3998,.F.);
#4001=CARTESIAN_POINT('',(2.85E-1,2.4E-1,-1.25E0));
#4002=DIRECTION('',(1.E0,0.E0,0.E0));
#4003=DIRECTION('',(0.E0,1.E0,0.E0));
#4004=AXIS2_PLACEMENT_3D('',#4001,#4002,#4003);
#4005=PLANE('',#4004);
#4007=ORIENTED_EDGE('',*,*,#4006,.T.);
#4008=ORIENTED_EDGE('',*,*,#3294,.T.);
#4009=ORIENTED_EDGE('',*,*,#3993,.T.);
#4010=ORIENTED_EDGE('',*,*,#3122,.F.);
#4011=EDGE_LOOP('',(#4007,#4008,#4009,#4010));
#4012=FACE_OUTER_BOUND('',#4011,.F.);
#4014=CARTESIAN_POINT('',(2.62E-1,4.67E-1,4.509E0));
#4015=DIRECTION('',(0.E0,0.E0,-1.E0));
#4016=DIRECTION('',(0.E0,1.E0,0.E0));
#4017=AXIS2_PLACEMENT_3D('',#4014,#4015,#4016);
#4018=CYLINDRICAL_SURFACE('',#4017,2.3E-2);
#4019=ORIENTED_EDGE('',*,*,#3296,.T.);
#4020=ORIENTED_EDGE('',*,*,#4006,.F.);
#4021=ORIENTED_EDGE('',*,*,#3120,.T.);
#4022=ORIENTED_EDGE('',*,*,#3760,.T.);
#4023=EDGE_LOOP('',(#4019,#4020,#4021,#4022));
#4024=FACE_OUTER_BOUND('',#4023,.F.);
#4026=CARTESIAN_POINT('',(2.58E-1,4.67E-1,4.509E0));
#4027=DIRECTION('',(0.E0,0.E0,-1.E0));
#4028=DIRECTION('',(-1.E0,0.E0,0.E0));
#4029=AXIS2_PLACEMENT_3D('',#4026,#4027,#4028);
#4030=CYLINDRICAL_SURFACE('',#4029,2.3E-2);
#4031=ORIENTED_EDGE('',*,*,#3300,.T.);
#4032=ORIENTED_EDGE('',*,*,#3763,.F.);
#4033=ORIENTED_EDGE('',*,*,#3116,.T.);
#4035=ORIENTED_EDGE('',*,*,#4034,.T.);
#4036=EDGE_LOOP('',(#4031,#4032,#4033,#4035));
#4037=FACE_OUTER_BOUND('',#4036,.F.);
#4039=CARTESIAN_POINT('',(2.35E-1,4.9E-1,-1.25E0));
#4040=DIRECTION('',(-1.E0,0.E0,0.E0));
#4041=DIRECTION('',(0.E0,-1.E0,0.E0));
#4042=AXIS2_PLACEMENT_3D('',#4039,#4040,#4041);
#4043=PLANE('',#4042);
#4044=ORIENTED_EDGE('',*,*,#4034,.F.);
#4045=ORIENTED_EDGE('',*,*,#3114,.T.);
#4047=ORIENTED_EDGE('',*,*,#4046,.F.);
#4048=ORIENTED_EDGE('',*,*,#3302,.F.);
#4049=EDGE_LOOP('',(#4044,#4045,#4047,#4048));
#4050=FACE_OUTER_BOUND('',#4049,.F.);
#4052=CARTESIAN_POINT('',(2.35E-1,6.E-2,-1.25E0));
#4053=DIRECTION('',(0.E0,1.E0,0.E0));
#4054=DIRECTION('',(-1.E0,0.E0,0.E0));
#4055=AXIS2_PLACEMENT_3D('',#4052,#4053,#4054);
#4056=PLANE('',#4055);
#4057=ORIENTED_EDGE('',*,*,#3304,.F.);
#4058=ORIENTED_EDGE('',*,*,#4046,.T.);
#4059=ORIENTED_EDGE('',*,*,#3112,.T.);
#4061=ORIENTED_EDGE('',*,*,#4060,.F.);
#4062=EDGE_LOOP('',(#4057,#4058,#4059,#4061));
#4063=FACE_OUTER_BOUND('',#4062,.F.);
#4065=ORIENTED_EDGE('',*,*,#4064,.T.);
#4067=ORIENTED_EDGE('',*,*,#4066,.T.);
#4068=EDGE_LOOP('',(#4065,#4067));
#4069=FACE_BOUND('',#4068,.F.);
#4071=CARTESIAN_POINT('',(-2.35E-1,6.E-2,-1.25E0));
#4072=DIRECTION('',(1.E0,0.E0,0.E0));
#4073=DIRECTION('',(0.E0,1.E0,0.E0));
#4074=AXIS2_PLACEMENT_3D('',#4071,#4072,#4073);
#4075=PLANE('',#4074);
#4077=ORIENTED_EDGE('',*,*,#4076,.T.);
#4078=ORIENTED_EDGE('',*,*,#3306,.F.);
#4079=ORIENTED_EDGE('',*,*,#4060,.T.);
#4080=ORIENTED_EDGE('',*,*,#3110,.T.);
#4081=EDGE_LOOP('',(#4077,#4078,#4079,#4080));
#4082=FACE_OUTER_BOUND('',#4081,.F.);
#4084=CARTESIAN_POINT('',(-2.58E-1,4.67E-1,4.509E0));
#4085=DIRECTION('',(0.E0,0.E0,-1.E0));
#4086=DIRECTION('',(0.E0,1.E0,0.E0));
#4087=AXIS2_PLACEMENT_3D('',#4084,#4085,#4086);
#4088=CYLINDRICAL_SURFACE('',#4087,2.3E-2);
#4089=ORIENTED_EDGE('',*,*,#3308,.T.);
#4090=ORIENTED_EDGE('',*,*,#4076,.F.);
#4091=ORIENTED_EDGE('',*,*,#3108,.T.);
#4093=ORIENTED_EDGE('',*,*,#4092,.T.);
#4094=EDGE_LOOP('',(#4089,#4090,#4091,#4093));
#4095=FACE_OUTER_BOUND('',#4094,.F.);
#4097=CARTESIAN_POINT('',(-2.35E-1,4.9E-1,-1.25E0));
#4098=DIRECTION('',(0.E0,1.E0,0.E0));
#4099=DIRECTION('',(-1.E0,0.E0,0.E0));
#4100=AXIS2_PLACEMENT_3D('',#4097,#4098,#4099);
#4101=PLANE('',#4100);
#4103=ORIENTED_EDGE('',*,*,#4102,.F.);
#4104=ORIENTED_EDGE('',*,*,#3356,.F.);
#4106=ORIENTED_EDGE('',*,*,#4105,.F.);
#4107=ORIENTED_EDGE('',*,*,#3060,.T.);
#4108=EDGE_LOOP('',(#4103,#4104,#4106,#4107));
#4109=FACE_OUTER_BOUND('',#4108,.F.);
#4111=CARTESIAN_POINT('',(-2.35E-1,4.9E-1,-1.25E0));
#4112=DIRECTION('',(0.E0,1.E0,0.E0));
#4113=DIRECTION('',(-1.E0,0.E0,0.E0));
#4114=AXIS2_PLACEMENT_3D('',#4111,#4112,#4113);
#4115=PLANE('',#4114);
#4117=ORIENTED_EDGE('',*,*,#4116,.F.);
#4118=ORIENTED_EDGE('',*,*,#3342,.F.);
#4120=ORIENTED_EDGE('',*,*,#4119,.F.);
#4121=ORIENTED_EDGE('',*,*,#3074,.T.);
#4122=EDGE_LOOP('',(#4117,#4118,#4120,#4121));
#4123=FACE_OUTER_BOUND('',#4122,.F.);
#4125=CARTESIAN_POINT('',(-2.35E-1,4.9E-1,-1.25E0));
#4126=DIRECTION('',(0.E0,1.E0,0.E0));
#4127=DIRECTION('',(-1.E0,0.E0,0.E0));
#4128=AXIS2_PLACEMENT_3D('',#4125,#4126,#4127);
#4129=PLANE('',#4128);
#4131=ORIENTED_EDGE('',*,*,#4130,.F.);
#4132=ORIENTED_EDGE('',*,*,#3326,.F.);
#4134=ORIENTED_EDGE('',*,*,#4133,.F.);
#4135=ORIENTED_EDGE('',*,*,#3090,.T.);
#4136=EDGE_LOOP('',(#4131,#4132,#4134,#4135));
#4137=FACE_OUTER_BOUND('',#4136,.F.);
#4139=CARTESIAN_POINT('',(-2.35E-1,4.9E-1,-1.25E0));
#4140=DIRECTION('',(0.E0,1.E0,0.E0));
#4141=DIRECTION('',(-1.E0,0.E0,0.E0));
#4142=AXIS2_PLACEMENT_3D('',#4139,#4140,#4141);
#4143=PLANE('',#4142);
#4145=ORIENTED_EDGE('',*,*,#4144,.F.);
#4146=ORIENTED_EDGE('',*,*,#3310,.F.);
#4147=ORIENTED_EDGE('',*,*,#4092,.F.);
#4148=ORIENTED_EDGE('',*,*,#3106,.T.);
#4149=EDGE_LOOP('',(#4145,#4146,#4147,#4148));
#4150=FACE_OUTER_BOUND('',#4149,.F.);
#4152=CARTESIAN_POINT('',(-7.451628314259E-1,4.67E-1,-4.509E0));
#4153=DIRECTION('',(0.E0,0.E0,1.E0));
#4154=DIRECTION('',(0.E0,1.E0,0.E0));
#4155=AXIS2_PLACEMENT_3D('',#4152,#4153,#4154);
#4156=CYLINDRICAL_SURFACE('',#4155,2.3E-2);
#4157=ORIENTED_EDGE('',*,*,#3058,.T.);
#4159=ORIENTED_EDGE('',*,*,#4158,.F.);
#4160=ORIENTED_EDGE('',*,*,#3358,.T.);
#4161=ORIENTED_EDGE('',*,*,#4102,.T.);
#4162=EDGE_LOOP('',(#4157,#4159,#4160,#4161));
#4163=FACE_OUTER_BOUND('',#4162,.F.);
#4165=CARTESIAN_POINT('',(-6.180940107676E-1,2.009103465618E-1,-1.25E0));
#4166=DIRECTION('',(8.660254037845E-1,4.999999999999E-1,0.E0));
#4167=DIRECTION('',(-4.999999999999E-1,8.660254037845E-1,0.E0));
#4168=AXIS2_PLACEMENT_3D('',#4165,#4166,#4167);
#4169=PLANE('',#4168);
#4170=ORIENTED_EDGE('',*,*,#4158,.T.);
#4171=ORIENTED_EDGE('',*,*,#3056,.F.);
#4173=ORIENTED_EDGE('',*,*,#4172,.T.);
#4174=ORIENTED_EDGE('',*,*,#3360,.T.);
#4175=EDGE_LOOP('',(#4170,#4171,#4173,#4174));
#4176=FACE_OUTER_BOUND('',#4175,.F.);
#4178=CARTESIAN_POINT('',(-8.037955914173E-1,2.105549192931E-1,
4.522642359820E0));
#4179=DIRECTION('',(0.E0,0.E0,-1.E0));
#4180=DIRECTION('',(8.660254037845E-1,4.999999999999E-1,0.E0));
#4181=AXIS2_PLACEMENT_3D('',#4178,#4179,#4180);
#4182=CYLINDRICAL_SURFACE('',#4181,1.56E-1);
#4184=ORIENTED_EDGE('',*,*,#4183,.T.);
#4185=ORIENTED_EDGE('',*,*,#3362,.T.);
#4186=ORIENTED_EDGE('',*,*,#4172,.F.);
#4187=ORIENTED_EDGE('',*,*,#3054,.T.);
#4188=EDGE_LOOP('',(#4184,#4185,#4186,#4187));
#4189=FACE_OUTER_BOUND('',#4188,.F.);
#4191=CARTESIAN_POINT('',(-6.760136283556E-1,2.571142353973E-1,4.509E0));
#4192=DIRECTION('',(0.E0,0.E0,-1.E0));
#4193=DIRECTION('',(9.395732578067E-1,3.423479125312E-1,0.E0));
#4194=AXIS2_PLACEMENT_3D('',#4191,#4192,#4193);
#4195=CYLINDRICAL_SURFACE('',#4194,2.E-2);
#4197=ORIENTED_EDGE('',*,*,#4196,.T.);
#4198=ORIENTED_EDGE('',*,*,#3364,.F.);
#4199=ORIENTED_EDGE('',*,*,#4183,.F.);
#4200=ORIENTED_EDGE('',*,*,#3052,.F.);
#4201=EDGE_LOOP('',(#4197,#4198,#4199,#4200));
#4202=FACE_OUTER_BOUND('',#4201,.F.);
#4204=CARTESIAN_POINT('',(-8.25E-1,3.778163357942E-1,-1.25E0));
#4205=DIRECTION('',(-7.071067811865E-1,-7.071067811865E-1,0.E0));
#4206=DIRECTION('',(7.071067811865E-1,-7.071067811865E-1,0.E0));
#4207=AXIS2_PLACEMENT_3D('',#4204,#4205,#4206);
#4208=PLANE('',#4207);
#4209=ORIENTED_EDGE('',*,*,#4196,.F.);
#4210=ORIENTED_EDGE('',*,*,#3050,.F.);
#4212=ORIENTED_EDGE('',*,*,#4211,.T.);
#4213=ORIENTED_EDGE('',*,*,#3366,.T.);
#4214=EDGE_LOOP('',(#4209,#4210,#4212,#4213));
#4215=FACE_OUTER_BOUND('',#4214,.F.);
#4217=CARTESIAN_POINT('',(-8.02E-1,3.222894238596E-1,4.509E0));
#4218=DIRECTION('',(0.E0,0.E0,-1.E0));
#4219=DIRECTION('',(-1.E0,0.E0,0.E0));
#4220=AXIS2_PLACEMENT_3D('',#4217,#4218,#4219);
#4221=CYLINDRICAL_SURFACE('',#4220,2.3E-2);
#4222=ORIENTED_EDGE('',*,*,#3368,.T.);
#4223=ORIENTED_EDGE('',*,*,#4211,.F.);
#4224=ORIENTED_EDGE('',*,*,#3048,.T.);
#4226=ORIENTED_EDGE('',*,*,#4225,.T.);
#4227=EDGE_LOOP('',(#4222,#4223,#4224,#4226));
#4228=FACE_OUTER_BOUND('',#4227,.F.);
#4230=CARTESIAN_POINT('',(-8.25E-1,4.9E-1,-1.25E0));
#4231=DIRECTION('',(-1.E0,0.E0,0.E0));
#4232=DIRECTION('',(0.E0,-1.E0,0.E0));
#4233=AXIS2_PLACEMENT_3D('',#4230,#4231,#4232);
#4234=PLANE('',#4233);
#4236=ORIENTED_EDGE('',*,*,#4235,.F.);
#4237=ORIENTED_EDGE('',*,*,#3370,.F.);
#4238=ORIENTED_EDGE('',*,*,#4225,.F.);
#4239=ORIENTED_EDGE('',*,*,#3046,.T.);
#4240=EDGE_LOOP('',(#4236,#4237,#4238,#4239));
#4241=FACE_OUTER_BOUND('',#4240,.F.);
#4243=CARTESIAN_POINT('',(-8.25E-1,4.9E-1,-1.25E0));
#4244=DIRECTION('',(-1.E0,0.E0,0.E0));
#4245=DIRECTION('',(0.E0,-1.E0,0.E0));
#4246=AXIS2_PLACEMENT_3D('',#4243,#4244,#4245);
#4247=PLANE('',#4246);
#4249=ORIENTED_EDGE('',*,*,#4248,.F.);
#4250=ORIENTED_EDGE('',*,*,#3384,.F.);
#4252=ORIENTED_EDGE('',*,*,#4251,.F.);
#4253=ORIENTED_EDGE('',*,*,#3032,.T.);
#4254=EDGE_LOOP('',(#4249,#4250,#4252,#4253));
#4255=FACE_OUTER_BOUND('',#4254,.F.);
#4257=CARTESIAN_POINT('',(-8.25E-1,4.9E-1,-1.25E0));
#4258=DIRECTION('',(-1.E0,0.E0,0.E0));
#4259=DIRECTION('',(0.E0,-1.E0,0.E0));
#4260=AXIS2_PLACEMENT_3D('',#4257,#4258,#4259);
#4261=PLANE('',#4260);
#4263=ORIENTED_EDGE('',*,*,#4262,.F.);
#4264=ORIENTED_EDGE('',*,*,#3430,.F.);
#4266=ORIENTED_EDGE('',*,*,#4265,.F.);
#4267=ORIENTED_EDGE('',*,*,#2986,.T.);
#4268=EDGE_LOOP('',(#4263,#4264,#4266,#4267));
#4269=FACE_OUTER_BOUND('',#4268,.F.);
#4271=CARTESIAN_POINT('',(-8.25E-1,4.9E-1,-1.25E0));
#4272=DIRECTION('',(-1.E0,0.E0,0.E0));
#4273=DIRECTION('',(0.E0,-1.E0,0.E0));
#4274=AXIS2_PLACEMENT_3D('',#4271,#4272,#4273);
#4275=PLANE('',#4274);
#4277=ORIENTED_EDGE('',*,*,#4276,.F.);
#4278=ORIENTED_EDGE('',*,*,#3416,.F.);
#4280=ORIENTED_EDGE('',*,*,#4279,.F.);
#4281=ORIENTED_EDGE('',*,*,#3000,.T.);
#4282=EDGE_LOOP('',(#4277,#4278,#4280,#4281));
#4283=FACE_OUTER_BOUND('',#4282,.F.);
#4285=CARTESIAN_POINT('',(-8.25E-1,4.9E-1,-1.25E0));
#4286=DIRECTION('',(-1.E0,0.E0,0.E0));
#4287=DIRECTION('',(0.E0,-1.E0,0.E0));
#4288=AXIS2_PLACEMENT_3D('',#4285,#4286,#4287);
#4289=PLANE('',#4288);
#4291=ORIENTED_EDGE('',*,*,#4290,.F.);
#4292=ORIENTED_EDGE('',*,*,#3400,.F.);
#4294=ORIENTED_EDGE('',*,*,#4293,.F.);
#4295=ORIENTED_EDGE('',*,*,#3016,.T.);
#4296=EDGE_LOOP('',(#4291,#4292,#4294,#4295));
#4297=FACE_OUTER_BOUND('',#4296,.F.);
#4299=CARTESIAN_POINT('',(-8.02E-1,3.166325696102E-1,-4.509E0));
#4300=DIRECTION('',(0.E0,0.E0,1.E0));
#4301=DIRECTION('',(-1.E0,0.E0,0.E0));
#4302=AXIS2_PLACEMENT_3D('',#4299,#4300,#4301);
#4303=CYLINDRICAL_SURFACE('',#4302,2.3E-2);
#4304=ORIENTED_EDGE('',*,*,#3044,.T.);
#4306=ORIENTED_EDGE('',*,*,#4305,.F.);
#4307=ORIENTED_EDGE('',*,*,#3372,.T.);
#4308=ORIENTED_EDGE('',*,*,#4235,.T.);
#4309=EDGE_LOOP('',(#4304,#4306,#4307,#4308));
#4310=FACE_OUTER_BOUND('',#4309,.F.);
#4312=CARTESIAN_POINT('',(-6.688046888863E-1,1.509103465618E-1,-1.25E0));
#4313=DIRECTION('',(7.071067811865E-1,7.071067811865E-1,0.E0));
#4314=DIRECTION('',(-7.071067811865E-1,7.071067811865E-1,0.E0));
#4315=AXIS2_PLACEMENT_3D('',#4312,#4313,#4314);
#4316=PLANE('',#4315);
#4318=ORIENTED_EDGE('',*,*,#4317,.F.);
#4319=ORIENTED_EDGE('',*,*,#3374,.T.);
#4320=ORIENTED_EDGE('',*,*,#4305,.T.);
#4321=ORIENTED_EDGE('',*,*,#3042,.F.);
#4322=EDGE_LOOP('',(#4318,#4319,#4320,#4321));
#4323=FACE_OUTER_BOUND('',#4322,.F.);
#4325=CARTESIAN_POINT('',(-7.454628254987E-1,1.780710084912E-1,-4.509E0));
#4326=DIRECTION('',(0.E0,0.E0,1.E0));
#4327=DIRECTION('',(-1.823006706308E-1,-9.832428313939E-1,0.E0));
#4328=AXIS2_PLACEMENT_3D('',#4325,#4326,#4327);
#4329=CYLINDRICAL_SURFACE('',#4328,3.5E-2);
#4331=ORIENTED_EDGE('',*,*,#4330,.F.);
#4332=ORIENTED_EDGE('',*,*,#3376,.T.);
#4333=ORIENTED_EDGE('',*,*,#4317,.T.);
#4334=ORIENTED_EDGE('',*,*,#3040,.T.);
#4335=EDGE_LOOP('',(#4331,#4332,#4333,#4334));
#4336=FACE_OUTER_BOUND('',#4335,.F.);
#4338=CARTESIAN_POINT('',(-7.234044443524E-1,2.970433910899E-1,
4.522642359820E0));
#4339=DIRECTION('',(0.E0,0.E0,-1.E0));
#4340=DIRECTION('',(3.499984324752E-1,-9.367502854363E-1,0.E0));
#4341=AXIS2_PLACEMENT_3D('',#4338,#4339,#4340);
#4342=CYLINDRICAL_SURFACE('',#4341,1.56E-1);
#4343=ORIENTED_EDGE('',*,*,#4330,.T.);
#4344=ORIENTED_EDGE('',*,*,#3038,.T.);
#4346=ORIENTED_EDGE('',*,*,#4345,.T.);
#4347=ORIENTED_EDGE('',*,*,#3378,.T.);
#4348=EDGE_LOOP('',(#4343,#4344,#4346,#4347));
#4349=FACE_OUTER_BOUND('',#4348,.F.);
#4351=CARTESIAN_POINT('',(-8.25E-1,1.627627540363E-1,-1.25E0));
#4352=DIRECTION('',(-2.588190451025E-1,-9.659258262891E-1,0.E0));
#4353=DIRECTION('',(9.659258262891E-1,-2.588190451025E-1,0.E0));
#4354=AXIS2_PLACEMENT_3D('',#4351,#4352,#4353);
#4355=PLANE('',#4354);
#4357=ORIENTED_EDGE('',*,*,#4356,.T.);
#4358=ORIENTED_EDGE('',*,*,#3380,.T.);
#4359=ORIENTED_EDGE('',*,*,#4345,.F.);
#4360=ORIENTED_EDGE('',*,*,#3036,.F.);
#4361=EDGE_LOOP('',(#4357,#4358,#4359,#4360));
#4362=FACE_OUTER_BOUND('',#4361,.F.);
#4364=CARTESIAN_POINT('',(-8.02E-1,1.327885704609E-1,4.509E0));
#4365=DIRECTION('',(0.E0,0.E0,-1.E0));
#4366=DIRECTION('',(-1.E0,0.E0,0.E0));
#4367=AXIS2_PLACEMENT_3D('',#4364,#4365,#4366);
#4368=CYLINDRICAL_SURFACE('',#4367,2.3E-2);
#4369=ORIENTED_EDGE('',*,*,#3382,.T.);
#4370=ORIENTED_EDGE('',*,*,#4356,.F.);
#4371=ORIENTED_EDGE('',*,*,#3034,.T.);
#4372=ORIENTED_EDGE('',*,*,#4251,.T.);
#4373=EDGE_LOOP('',(#4369,#4370,#4371,#4372));
#4374=FACE_OUTER_BOUND('',#4373,.F.);
#4376=CARTESIAN_POINT('',(-8.02E-1,1.286474657393E-1,-4.509E0));
#4377=DIRECTION('',(0.E0,0.E0,1.E0));
#4378=DIRECTION('',(-1.E0,0.E0,0.E0));
#4379=AXIS2_PLACEMENT_3D('',#4376,#4377,#4378);
#4380=CYLINDRICAL_SURFACE('',#4379,2.3E-2);
#4381=ORIENTED_EDGE('',*,*,#3030,.T.);
#4383=ORIENTED_EDGE('',*,*,#4382,.F.);
#4384=ORIENTED_EDGE('',*,*,#3386,.T.);
#4385=ORIENTED_EDGE('',*,*,#4248,.T.);
#4386=EDGE_LOOP('',(#4381,#4383,#4384,#4385));
#4387=FACE_OUTER_BOUND('',#4386,.F.);
#4389=CARTESIAN_POINT('',(-6.160090920309E-1,5.5E-2,-1.25E0));
#4390=DIRECTION('',(2.588190451025E-1,9.659258262891E-1,0.E0));
#4391=DIRECTION('',(-9.659258262891E-1,2.588190451025E-1,0.E0));
#4392=AXIS2_PLACEMENT_3D('',#4389,#4390,#4391);
#4393=PLANE('',#4392);
#4394=ORIENTED_EDGE('',*,*,#4382,.T.);
#4395=ORIENTED_EDGE('',*,*,#3028,.F.);
#4397=ORIENTED_EDGE('',*,*,#4396,.T.);
#4398=ORIENTED_EDGE('',*,*,#3388,.T.);
#4399=EDGE_LOOP('',(#4394,#4395,#4397,#4398));
#4400=FACE_OUTER_BOUND('',#4399,.F.);
#4402=CARTESIAN_POINT('',(-7.363603895690E-1,-7.425505116060E-2,
4.522642359820E0));
#4403=DIRECTION('',(0.E0,0.E0,-1.E0));
#4404=DIRECTION('',(2.588190451025E-1,9.659258262891E-1,0.E0));
#4405=AXIS2_PLACEMENT_3D('',#4402,#4403,#4404);
#4406=CYLINDRICAL_SURFACE('',#4405,1.56E-1);
#4408=ORIENTED_EDGE('',*,*,#4407,.T.);
#4409=ORIENTED_EDGE('',*,*,#3390,.T.);
#4410=ORIENTED_EDGE('',*,*,#4396,.F.);
#4411=ORIENTED_EDGE('',*,*,#3026,.T.);
#4412=EDGE_LOOP('',(#4408,#4409,#4410,#4411));
#4413=FACE_OUTER_BOUND('',#4412,.F.);
#4415=CARTESIAN_POINT('',(-6.776601068276E-1,4.842451847546E-2,4.509E0));
#4416=DIRECTION('',(0.E0,0.E0,-1.E0));
#4417=DIRECTION('',(4.316197260392E-1,9.020556590887E-1,0.E0));
#4418=AXIS2_PLACEMENT_3D('',#4415,#4416,#4417);
#4419=CYLINDRICAL_SURFACE('',#4418,2.E-2);
#4420=ORIENTED_EDGE('',*,*,#4407,.F.);
#4421=ORIENTED_EDGE('',*,*,#3024,.T.);
#4423=ORIENTED_EDGE('',*,*,#4422,.T.);
#4424=ORIENTED_EDGE('',*,*,#3392,.T.);
#4425=EDGE_LOOP('',(#4420,#4421,#4423,#4424));
#4426=FACE_OUTER_BOUND('',#4425,.F.);
#4428=CARTESIAN_POINT('',(-7.079873503314E-1,1.81E-1,4.522642359820E0));
#4429=DIRECTION('',(0.E0,0.E0,-1.E0));
#4430=DIRECTION('',(5.896042198752E-1,-8.076923076923E-1,0.E0));
#4431=AXIS2_PLACEMENT_3D('',#4428,#4429,#4430);
#4432=CYLINDRICAL_SURFACE('',#4431,1.56E-1);
#4433=ORIENTED_EDGE('',*,*,#4422,.F.);
#4434=ORIENTED_EDGE('',*,*,#3022,.T.);
#4436=ORIENTED_EDGE('',*,*,#4435,.T.);
#4437=ORIENTED_EDGE('',*,*,#3394,.T.);
#4438=EDGE_LOOP('',(#4433,#4434,#4436,#4437));
#4439=FACE_OUTER_BOUND('',#4438,.F.);
#4441=CARTESIAN_POINT('',(-8.25E-1,2.5E-2,-1.25E0));
#4442=DIRECTION('',(0.E0,-1.E0,0.E0));
#4443=DIRECTION('',(1.E0,0.E0,0.E0));
#4444=AXIS2_PLACEMENT_3D('',#4441,#4442,#4443);
#4445=PLANE('',#4444);
#4447=ORIENTED_EDGE('',*,*,#4446,.T.);
#4448=ORIENTED_EDGE('',*,*,#3396,.T.);
#4449=ORIENTED_EDGE('',*,*,#4435,.F.);
#4450=ORIENTED_EDGE('',*,*,#3020,.F.);
#4451=EDGE_LOOP('',(#4447,#4448,#4449,#4450));
#4452=FACE_OUTER_BOUND('',#4451,.F.);
#4454=CARTESIAN_POINT('',(-8.02E-1,2.E-3,4.509E0));
#4455=DIRECTION('',(0.E0,0.E0,-1.E0));
#4456=DIRECTION('',(-1.E0,0.E0,0.E0));
#4457=AXIS2_PLACEMENT_3D('',#4454,#4455,#4456);
#4458=CYLINDRICAL_SURFACE('',#4457,2.3E-2);
#4459=ORIENTED_EDGE('',*,*,#3398,.T.);
#4460=ORIENTED_EDGE('',*,*,#4446,.F.);
#4461=ORIENTED_EDGE('',*,*,#3018,.T.);
#4462=ORIENTED_EDGE('',*,*,#4293,.T.);
#4463=EDGE_LOOP('',(#4459,#4460,#4461,#4462));
#4464=FACE_OUTER_BOUND('',#4463,.F.);
#4466=CARTESIAN_POINT('',(-8.02E-1,-3.222894238596E-1,-4.509E0));
#4467=DIRECTION('',(0.E0,0.E0,1.E0));
#4468=DIRECTION('',(-1.E0,0.E0,0.E0));
#4469=AXIS2_PLACEMENT_3D('',#4466,#4467,#4468);
#4470=CYLINDRICAL_SURFACE('',#4469,2.3E-2);
#4471=ORIENTED_EDGE('',*,*,#2984,.T.);
#4473=ORIENTED_EDGE('',*,*,#4472,.F.);
#4474=ORIENTED_EDGE('',*,*,#3432,.T.);
#4475=ORIENTED_EDGE('',*,*,#4262,.T.);
#4476=EDGE_LOOP('',(#4471,#4473,#4474,#4475));
#4477=FACE_OUTER_BOUND('',#4476,.F.);
#4479=CARTESIAN_POINT('',(-6.480940107676E-1,-2.009103465618E-1,-1.25E0));
#4480=DIRECTION('',(-7.071067811865E-1,7.071067811865E-1,0.E0));
#4481=DIRECTION('',(-7.071067811865E-1,-7.071067811865E-1,0.E0));
#4482=AXIS2_PLACEMENT_3D('',#4479,#4480,#4481);
#4483=PLANE('',#4482);
#4485=ORIENTED_EDGE('',*,*,#4484,.F.);
#4486=ORIENTED_EDGE('',*,*,#3434,.T.);
#4487=ORIENTED_EDGE('',*,*,#4472,.T.);
#4488=ORIENTED_EDGE('',*,*,#2982,.F.);
#4489=EDGE_LOOP('',(#4485,#4486,#4487,#4488));
#4490=FACE_OUTER_BOUND('',#4489,.F.);
#4492=CARTESIAN_POINT('',(-6.760136283556E-1,-2.571142353973E-1,-4.509E0));
#4493=DIRECTION('',(0.E0,0.E0,1.E0));
#4494=DIRECTION('',(9.395732578067E-1,-3.423479125312E-1,0.E0));
#4495=AXIS2_PLACEMENT_3D('',#4492,#4493,#4494);
#4496=CYLINDRICAL_SURFACE('',#4495,2.E-2);
#4497=ORIENTED_EDGE('',*,*,#4484,.T.);
#4498=ORIENTED_EDGE('',*,*,#2980,.F.);
#4500=ORIENTED_EDGE('',*,*,#4499,.F.);
#4501=ORIENTED_EDGE('',*,*,#3436,.F.);
#4502=EDGE_LOOP('',(#4497,#4498,#4500,#4501));
#4503=FACE_OUTER_BOUND('',#4502,.F.);
#4505=CARTESIAN_POINT('',(-8.037955914173E-1,-2.105549192931E-1,
4.522642359820E0));
#4506=DIRECTION('',(0.E0,0.E0,-1.E0));
#4507=DIRECTION('',(9.980870554471E-1,6.182418417471E-2,0.E0));
#4508=AXIS2_PLACEMENT_3D('',#4505,#4506,#4507);
#4509=CYLINDRICAL_SURFACE('',#4508,1.56E-1);
#4510=ORIENTED_EDGE('',*,*,#4499,.T.);
#4511=ORIENTED_EDGE('',*,*,#2978,.T.);
#4513=ORIENTED_EDGE('',*,*,#4512,.T.);
#4514=ORIENTED_EDGE('',*,*,#3438,.T.);
#4515=EDGE_LOOP('',(#4510,#4511,#4513,#4514));
#4516=FACE_OUTER_BOUND('',#4515,.F.);
#4518=CARTESIAN_POINT('',(-7.85E-1,-4.9E-1,-1.25E0));
#4519=DIRECTION('',(8.660254037845E-1,-4.999999999999E-1,0.E0));
#4520=DIRECTION('',(4.999999999999E-1,8.660254037845E-1,0.E0));
#4521=AXIS2_PLACEMENT_3D('',#4518,#4519,#4520);
#4522=PLANE('',#4521);
#4524=ORIENTED_EDGE('',*,*,#4523,.T.);
#4525=ORIENTED_EDGE('',*,*,#3440,.T.);
#4526=ORIENTED_EDGE('',*,*,#4512,.F.);
#4527=ORIENTED_EDGE('',*,*,#2976,.F.);
#4528=EDGE_LOOP('',(#4524,#4525,#4526,#4527));
#4529=FACE_OUTER_BOUND('',#4528,.F.);
#4531=CARTESIAN_POINT('',(-7.451628314259E-1,-4.67E-1,4.509E0));
#4532=DIRECTION('',(0.E0,0.E0,-1.E0));
#4533=DIRECTION('',(0.E0,-1.E0,0.E0));
#4534=AXIS2_PLACEMENT_3D('',#4531,#4532,#4533);
#4535=CYLINDRICAL_SURFACE('',#4534,2.3E-2);
#4536=ORIENTED_EDGE('',*,*,#3442,.T.);
#4537=ORIENTED_EDGE('',*,*,#4523,.F.);
#4538=ORIENTED_EDGE('',*,*,#2974,.T.);
#4540=ORIENTED_EDGE('',*,*,#4539,.T.);
#4541=EDGE_LOOP('',(#4536,#4537,#4538,#4540));
#4542=FACE_OUTER_BOUND('',#4541,.F.);
#4544=CARTESIAN_POINT('',(-8.25E-1,-4.9E-1,-1.25E0));
#4545=DIRECTION('',(0.E0,-1.E0,0.E0));
#4546=DIRECTION('',(1.E0,0.E0,0.E0));
#4547=AXIS2_PLACEMENT_3D('',#4544,#4545,#4546);
#4548=PLANE('',#4547);
#4550=ORIENTED_EDGE('',*,*,#4549,.T.);
#4551=ORIENTED_EDGE('',*,*,#3458,.F.);
#4553=ORIENTED_EDGE('',*,*,#4552,.F.);
#4554=ORIENTED_EDGE('',*,*,#2958,.T.);
#4555=EDGE_LOOP('',(#4550,#4551,#4553,#4554));
#4556=FACE_OUTER_BOUND('',#4555,.F.);
#4558=CARTESIAN_POINT('',(-8.25E-1,-4.9E-1,-1.25E0));
#4559=DIRECTION('',(0.E0,-1.E0,0.E0));
#4560=DIRECTION('',(1.E0,0.E0,0.E0));
#4561=AXIS2_PLACEMENT_3D('',#4558,#4559,#4560);
#4562=PLANE('',#4561);
#4564=ORIENTED_EDGE('',*,*,#4563,.F.);
#4565=ORIENTED_EDGE('',*,*,#3444,.F.);
#4566=ORIENTED_EDGE('',*,*,#4539,.F.);
#4567=ORIENTED_EDGE('',*,*,#2972,.T.);
#4568=EDGE_LOOP('',(#4564,#4565,#4566,#4567));
#4569=FACE_OUTER_BOUND('',#4568,.F.);
#4571=CARTESIAN_POINT('',(-5.13E-1,-4.67E-1,4.509E0));
#4572=DIRECTION('',(0.E0,0.E0,-1.E0));
#4573=DIRECTION('',(1.E0,0.E0,0.E0));
#4574=AXIS2_PLACEMENT_3D('',#4571,#4572,#4573);
#4575=CYLINDRICAL_SURFACE('',#4574,2.3E-2);
#4576=ORIENTED_EDGE('',*,*,#3460,.T.);
#4577=ORIENTED_EDGE('',*,*,#4549,.F.);
#4578=ORIENTED_EDGE('',*,*,#2956,.T.);
#4580=ORIENTED_EDGE('',*,*,#4579,.T.);
#4581=EDGE_LOOP('',(#4576,#4577,#4578,#4580));
#4582=FACE_OUTER_BOUND('',#4581,.F.);
#4584=CARTESIAN_POINT('',(-4.9E-1,-4.9E-1,-1.25E0));
#4585=DIRECTION('',(1.E0,0.E0,0.E0));
#4586=DIRECTION('',(0.E0,1.E0,0.E0));
#4587=AXIS2_PLACEMENT_3D('',#4584,#4585,#4586);
#4588=PLANE('',#4587);
#4589=ORIENTED_EDGE('',*,*,#4579,.F.);
#4590=ORIENTED_EDGE('',*,*,#2954,.T.);
#4592=ORIENTED_EDGE('',*,*,#4591,.F.);
#4593=ORIENTED_EDGE('',*,*,#3462,.F.);
#4594=EDGE_LOOP('',(#4589,#4590,#4592,#4593));
#4595=FACE_OUTER_BOUND('',#4594,.F.);
#4597=CARTESIAN_POINT('',(-5.E-1,0.E0,-1.25E0));
#4598=DIRECTION('',(0.E0,0.E0,1.E0));
#4599=DIRECTION('',(1.E0,0.E0,0.E0));
#4600=AXIS2_PLACEMENT_3D('',#4597,#4598,#4599);
#4601=CYLINDRICAL_SURFACE('',#4600,4.55E-2);
#4602=ORIENTED_EDGE('',*,*,#3464,.T.);
#4603=ORIENTED_EDGE('',*,*,#4591,.T.);
#4604=ORIENTED_EDGE('',*,*,#2952,.T.);
#4606=ORIENTED_EDGE('',*,*,#4605,.F.);
#4607=EDGE_LOOP('',(#4602,#4603,#4604,#4606));
#4608=FACE_OUTER_BOUND('',#4607,.F.);
#4610=CARTESIAN_POINT('',(-4.9E-1,0.E0,-1.25E0));
#4611=DIRECTION('',(0.E0,-1.E0,0.E0));
#4612=DIRECTION('',(1.E0,0.E0,0.E0));
#4613=AXIS2_PLACEMENT_3D('',#4610,#4611,#4612);
#4614=PLANE('',#4613);
#4616=ORIENTED_EDGE('',*,*,#4615,.T.);
#4617=ORIENTED_EDGE('',*,*,#3466,.F.);
#4618=ORIENTED_EDGE('',*,*,#4605,.T.);
#4619=ORIENTED_EDGE('',*,*,#2950,.T.);
#4620=EDGE_LOOP('',(#4616,#4617,#4618,#4619));
#4621=FACE_OUTER_BOUND('',#4620,.F.);
#4623=ORIENTED_EDGE('',*,*,#4622,.F.);
#4625=ORIENTED_EDGE('',*,*,#4624,.F.);
#4626=EDGE_LOOP('',(#4623,#4625));
#4627=FACE_BOUND('',#4626,.F.);
#4629=CARTESIAN_POINT('',(5.E-1,0.E0,-1.25E0));
#4630=DIRECTION('',(0.E0,0.E0,-1.E0));
#4631=DIRECTION('',(-1.E0,0.E0,0.E0));
#4632=AXIS2_PLACEMENT_3D('',#4629,#4630,#4631);
#4633=CYLINDRICAL_SURFACE('',#4632,4.55E-2);
#4634=ORIENTED_EDGE('',*,*,#2948,.T.);
#4636=ORIENTED_EDGE('',*,*,#4635,.T.);
#4637=ORIENTED_EDGE('',*,*,#3468,.T.);
#4638=ORIENTED_EDGE('',*,*,#4615,.F.);
#4639=EDGE_LOOP('',(#4634,#4636,#4637,#4638));
#4640=FACE_OUTER_BOUND('',#4639,.F.);
#4642=CARTESIAN_POINT('',(4.9E-1,0.E0,-1.25E0));
#4643=DIRECTION('',(-1.E0,0.E0,0.E0));
#4644=DIRECTION('',(0.E0,-1.E0,0.E0));
#4645=AXIS2_PLACEMENT_3D('',#4642,#4643,#4644);
#4646=PLANE('',#4645);
#4648=ORIENTED_EDGE('',*,*,#4647,.T.);
#4649=ORIENTED_EDGE('',*,*,#3470,.F.);
#4650=ORIENTED_EDGE('',*,*,#4635,.F.);
#4651=ORIENTED_EDGE('',*,*,#2946,.T.);
#4652=EDGE_LOOP('',(#4648,#4649,#4650,#4651));
#4653=FACE_OUTER_BOUND('',#4652,.F.);
#4655=CARTESIAN_POINT('',(5.13E-1,-4.67E-1,4.509E0));
#4656=DIRECTION('',(0.E0,0.E0,-1.E0));
#4657=DIRECTION('',(0.E0,-1.E0,0.E0));
#4658=AXIS2_PLACEMENT_3D('',#4655,#4656,#4657);
#4659=CYLINDRICAL_SURFACE('',#4658,2.3E-2);
#4660=ORIENTED_EDGE('',*,*,#3472,.T.);
#4661=ORIENTED_EDGE('',*,*,#4647,.F.);
#4662=ORIENTED_EDGE('',*,*,#2944,.T.);
#4664=ORIENTED_EDGE('',*,*,#4663,.T.);
#4665=EDGE_LOOP('',(#4660,#4661,#4662,#4664));
#4666=FACE_OUTER_BOUND('',#4665,.F.);
#4668=CARTESIAN_POINT('',(4.9E-1,-4.9E-1,-1.25E0));
#4669=DIRECTION('',(0.E0,-1.E0,0.E0));
#4670=DIRECTION('',(1.E0,0.E0,0.E0));
#4671=AXIS2_PLACEMENT_3D('',#4668,#4669,#4670);
#4672=PLANE('',#4671);
#4673=ORIENTED_EDGE('',*,*,#4663,.F.);
#4674=ORIENTED_EDGE('',*,*,#2942,.T.);
#4676=ORIENTED_EDGE('',*,*,#4675,.F.);
#4677=ORIENTED_EDGE('',*,*,#3474,.F.);
#4678=EDGE_LOOP('',(#4673,#4674,#4676,#4677));
#4679=FACE_OUTER_BOUND('',#4678,.F.);
#4681=CARTESIAN_POINT('',(4.9E-1,-4.9E-1,-1.25E0));
#4682=DIRECTION('',(0.E0,-1.E0,0.E0));
#4683=DIRECTION('',(1.E0,0.E0,0.E0));
#4684=AXIS2_PLACEMENT_3D('',#4681,#4682,#4683);
#4685=PLANE('',#4684);
#4687=ORIENTED_EDGE('',*,*,#4686,.F.);
#4688=ORIENTED_EDGE('',*,*,#2928,.T.);
#4690=ORIENTED_EDGE('',*,*,#4689,.F.);
#4691=ORIENTED_EDGE('',*,*,#3488,.F.);
#4692=EDGE_LOOP('',(#4687,#4688,#4690,#4691));
#4693=FACE_OUTER_BOUND('',#4692,.F.);
#4695=CARTESIAN_POINT('',(5.27E-1,-4.67E-1,-4.509E0));
#4696=DIRECTION('',(0.E0,0.E0,1.E0));
#4697=DIRECTION('',(0.E0,-1.E0,0.E0));
#4698=AXIS2_PLACEMENT_3D('',#4695,#4696,#4697);
#4699=CYLINDRICAL_SURFACE('',#4698,2.3E-2);
#4700=ORIENTED_EDGE('',*,*,#2940,.T.);
#4702=ORIENTED_EDGE('',*,*,#4701,.F.);
#4703=ORIENTED_EDGE('',*,*,#3476,.T.);
#4704=ORIENTED_EDGE('',*,*,#4675,.T.);
#4705=EDGE_LOOP('',(#4700,#4702,#4703,#4704));
#4706=FACE_OUTER_BOUND('',#4705,.F.);
#4708=CARTESIAN_POINT('',(5.5E-1,-4.9E-1,-1.25E0));
#4709=DIRECTION('',(1.E0,0.E0,0.E0));
#4710=DIRECTION('',(0.E0,1.E0,0.E0));
#4711=AXIS2_PLACEMENT_3D('',#4708,#4709,#4710);
#4712=PLANE('',#4711);
#4713=ORIENTED_EDGE('',*,*,#4701,.T.);
#4714=ORIENTED_EDGE('',*,*,#2938,.T.);
#4716=ORIENTED_EDGE('',*,*,#4715,.F.);
#4717=ORIENTED_EDGE('',*,*,#3478,.F.);
#4718=EDGE_LOOP('',(#4713,#4714,#4716,#4717));
#4719=FACE_OUTER_BOUND('',#4718,.F.);
#4721=CARTESIAN_POINT('',(7.06E-1,-3.528886048624E-1,-4.522642359820E0));
#4722=DIRECTION('',(0.E0,0.E0,1.E0));
#4723=DIRECTION('',(-8.076923076923E-1,5.896042198752E-1,0.E0));
#4724=AXIS2_PLACEMENT_3D('',#4721,#4722,#4723);
#4725=CYLINDRICAL_SURFACE('',#4724,1.56E-1);
#4727=ORIENTED_EDGE('',*,*,#4726,.T.);
#4728=ORIENTED_EDGE('',*,*,#3480,.T.);
#4729=ORIENTED_EDGE('',*,*,#4715,.T.);
#4730=ORIENTED_EDGE('',*,*,#2936,.T.);
#4731=EDGE_LOOP('',(#4727,#4728,#4729,#4730));
#4732=FACE_OUTER_BOUND('',#4731,.F.);
#4734=CARTESIAN_POINT('',(5.856209294275E-1,-3.406460819160E-1,4.509E0));
#4735=DIRECTION('',(0.E0,0.E0,-1.E0));
#4736=DIRECTION('',(-9.948683518391E-1,1.011778755899E-1,0.E0));
#4737=AXIS2_PLACEMENT_3D('',#4734,#4735,#4736);
#4738=CYLINDRICAL_SURFACE('',#4737,3.5E-2);
#4740=ORIENTED_EDGE('',*,*,#4739,.T.);
#4741=ORIENTED_EDGE('',*,*,#3482,.F.);
#4742=ORIENTED_EDGE('',*,*,#4726,.F.);
#4743=ORIENTED_EDGE('',*,*,#2934,.F.);
#4744=EDGE_LOOP('',(#4740,#4741,#4742,#4743));
#4745=FACE_OUTER_BOUND('',#4744,.F.);
#4747=CARTESIAN_POINT('',(5.8E-1,-2.609103465618E-1,-1.25E0));
#4748=DIRECTION('',(-8.660254037845E-1,-4.999999999999E-1,0.E0));
#4749=DIRECTION('',(4.999999999999E-1,-8.660254037845E-1,0.E0));
#4750=AXIS2_PLACEMENT_3D('',#4747,#4748,#4749);
#4751=PLANE('',#4750);
#4752=ORIENTED_EDGE('',*,*,#4739,.F.);
#4753=ORIENTED_EDGE('',*,*,#2932,.T.);
#4755=ORIENTED_EDGE('',*,*,#4754,.T.);
#4756=ORIENTED_EDGE('',*,*,#3484,.F.);
#4757=EDGE_LOOP('',(#4752,#4753,#4755,#4756));
#4758=FACE_OUTER_BOUND('',#4757,.F.);
#4760=CARTESIAN_POINT('',(7.255440292724E-1,-4.67E-1,4.509E0));
#4761=DIRECTION('',(0.E0,0.E0,-1.E0));
#4762=DIRECTION('',(0.E0,-1.E0,0.E0));
#4763=AXIS2_PLACEMENT_3D('',#4760,#4761,#4762);
#4764=CYLINDRICAL_SURFACE('',#4763,2.3E-2);
#4765=ORIENTED_EDGE('',*,*,#3486,.T.);
#4766=ORIENTED_EDGE('',*,*,#4754,.F.);
#4767=ORIENTED_EDGE('',*,*,#2930,.T.);
#4768=ORIENTED_EDGE('',*,*,#4686,.T.);
#4769=EDGE_LOOP('',(#4765,#4766,#4767,#4768));
#4770=FACE_OUTER_BOUND('',#4769,.F.);
#4772=CARTESIAN_POINT('',(7.451628314259E-1,-4.67E-1,-4.509E0));
#4773=DIRECTION('',(0.E0,0.E0,1.E0));
#4774=DIRECTION('',(0.E0,-1.E0,0.E0));
#4775=AXIS2_PLACEMENT_3D('',#4772,#4773,#4774);
#4776=CYLINDRICAL_SURFACE('',#4775,2.3E-2);
#4777=ORIENTED_EDGE('',*,*,#2926,.T.);
#4779=ORIENTED_EDGE('',*,*,#4778,.F.);
#4780=ORIENTED_EDGE('',*,*,#3490,.T.);
#4781=ORIENTED_EDGE('',*,*,#4689,.T.);
#4782=EDGE_LOOP('',(#4777,#4779,#4780,#4781));
#4783=FACE_OUTER_BOUND('',#4782,.F.);
#4785=CARTESIAN_POINT('',(7.85E-1,-4.9E-1,-1.25E0));
#4786=DIRECTION('',(8.660254037845E-1,4.999999999999E-1,0.E0));
#4787=DIRECTION('',(-4.999999999999E-1,8.660254037845E-1,0.E0));
#4788=AXIS2_PLACEMENT_3D('',#4785,#4786,#4787);
#4789=PLANE('',#4788);
#4790=ORIENTED_EDGE('',*,*,#4778,.T.);
#4791=ORIENTED_EDGE('',*,*,#2924,.T.);
#4793=ORIENTED_EDGE('',*,*,#4792,.F.);
#4794=ORIENTED_EDGE('',*,*,#3492,.F.);
#4795=EDGE_LOOP('',(#4790,#4791,#4793,#4794));
#4796=FACE_OUTER_BOUND('',#4795,.F.);
#4798=CARTESIAN_POINT('',(8.037955914173E-1,-2.105549192931E-1,
-4.522642359820E0));
#4799=DIRECTION('',(0.E0,0.E0,1.E0));
#4800=DIRECTION('',(-9.980870554471E-1,6.182418417471E-2,0.E0));
#4801=AXIS2_PLACEMENT_3D('',#4798,#4799,#4800);
#4802=CYLINDRICAL_SURFACE('',#4801,1.56E-1);
#4804=ORIENTED_EDGE('',*,*,#4803,.T.);
#4805=ORIENTED_EDGE('',*,*,#3494,.T.);
#4806=ORIENTED_EDGE('',*,*,#4792,.T.);
#4807=ORIENTED_EDGE('',*,*,#2922,.T.);
#4808=EDGE_LOOP('',(#4804,#4805,#4806,#4807));
#4809=FACE_OUTER_BOUND('',#4808,.F.);
#4811=CARTESIAN_POINT('',(6.760136283556E-1,-2.571142353973E-1,4.509E0));
#4812=DIRECTION('',(0.E0,0.E0,-1.E0));
#4813=DIRECTION('',(-9.395732578067E-1,-3.423479125312E-1,0.E0));
#4814=AXIS2_PLACEMENT_3D('',#4811,#4812,#4813);
#4815=CYLINDRICAL_SURFACE('',#4814,2.E-2);
#4817=ORIENTED_EDGE('',*,*,#4816,.T.);
#4818=ORIENTED_EDGE('',*,*,#3496,.F.);
#4819=ORIENTED_EDGE('',*,*,#4803,.F.);
#4820=ORIENTED_EDGE('',*,*,#2920,.F.);
#4821=EDGE_LOOP('',(#4817,#4818,#4819,#4820));
#4822=FACE_OUTER_BOUND('',#4821,.F.);
#4824=CARTESIAN_POINT('',(6.480940107676E-1,-2.009103465618E-1,-1.25E0));
#4825=DIRECTION('',(-7.071067811865E-1,-7.071067811865E-1,0.E0));
#4826=DIRECTION('',(7.071067811865E-1,-7.071067811865E-1,0.E0));
#4827=AXIS2_PLACEMENT_3D('',#4824,#4825,#4826);
#4828=PLANE('',#4827);
#4829=ORIENTED_EDGE('',*,*,#4816,.F.);
#4830=ORIENTED_EDGE('',*,*,#2918,.T.);
#4832=ORIENTED_EDGE('',*,*,#4831,.T.);
#4833=ORIENTED_EDGE('',*,*,#3498,.F.);
#4834=EDGE_LOOP('',(#4829,#4830,#4832,#4833));
#4835=FACE_OUTER_BOUND('',#4834,.F.);
#4837=CARTESIAN_POINT('',(8.02E-1,-3.222894238596E-1,4.509E0));
#4838=DIRECTION('',(0.E0,0.E0,-1.E0));
#4839=DIRECTION('',(1.E0,0.E0,0.E0));
#4840=AXIS2_PLACEMENT_3D('',#4837,#4838,#4839);
#4841=CYLINDRICAL_SURFACE('',#4840,2.3E-2);
#4842=ORIENTED_EDGE('',*,*,#3500,.T.);
#4843=ORIENTED_EDGE('',*,*,#4831,.F.);
#4844=ORIENTED_EDGE('',*,*,#2916,.T.);
#4845=ORIENTED_EDGE('',*,*,#3600,.T.);
#4846=EDGE_LOOP('',(#4842,#4843,#4844,#4845));
#4847=FACE_OUTER_BOUND('',#4846,.F.);
#4849=CARTESIAN_POINT('',(0.E0,0.E0,-5.E-1));
#4850=DIRECTION('',(0.E0,-1.E0,0.E0));
#4851=DIRECTION('',(1.E0,0.E0,0.E0));
#4852=AXIS2_PLACEMENT_3D('',#4849,#4850,#4851);
#4853=CYLINDRICAL_SURFACE('',#4852,7.E-2);
#4854=ORIENTED_EDGE('',*,*,#4622,.T.);
#4856=ORIENTED_EDGE('',*,*,#4855,.F.);
#4857=ORIENTED_EDGE('',*,*,#4064,.F.);
#4859=ORIENTED_EDGE('',*,*,#4858,.T.);
#4860=EDGE_LOOP('',(#4854,#4856,#4857,#4859));
#4861=FACE_OUTER_BOUND('',#4860,.F.);
#4863=CARTESIAN_POINT('',(0.E0,0.E0,-5.E-1));
#4864=DIRECTION('',(0.E0,-1.E0,0.E0));
#4865=DIRECTION('',(1.E0,0.E0,0.E0));
#4866=AXIS2_PLACEMENT_3D('',#4863,#4864,#4865);
#4867=CYLINDRICAL_SURFACE('',#4866,7.E-2);
#4868=ORIENTED_EDGE('',*,*,#4624,.T.);
#4869=ORIENTED_EDGE('',*,*,#4858,.F.);
#4870=ORIENTED_EDGE('',*,*,#4066,.F.);
#4871=ORIENTED_EDGE('',*,*,#4855,.T.);
#4872=EDGE_LOOP('',(#4868,#4869,#4870,#4871));
#4873=FACE_OUTER_BOUND('',#4872,.F.);
#4875=CARTESIAN_POINT('',(-5.27E-1,-4.67E-1,4.509E0));
#4876=DIRECTION('',(0.E0,0.E0,-1.E0));
#4877=DIRECTION('',(0.E0,-1.E0,0.E0));
#4878=AXIS2_PLACEMENT_3D('',#4875,#4876,#4877);
#4879=CYLINDRICAL_SURFACE('',#4878,2.3E-2);
#4880=ORIENTED_EDGE('',*,*,#3456,.T.);
#4882=ORIENTED_EDGE('',*,*,#4881,.F.);
#4883=ORIENTED_EDGE('',*,*,#2960,.T.);
#4884=ORIENTED_EDGE('',*,*,#4552,.T.);
#4885=EDGE_LOOP('',(#4880,#4882,#4883,#4884));
#4886=FACE_OUTER_BOUND('',#4885,.F.);
#4888=CARTESIAN_POINT('',(-5.5E-1,-4.9E-1,-1.25E0));
#4889=DIRECTION('',(1.E0,0.E0,0.E0));
#4890=DIRECTION('',(0.E0,1.E0,0.E0));
#4891=AXIS2_PLACEMENT_3D('',#4888,#4889,#4890);
#4892=PLANE('',#4891);
#4893=ORIENTED_EDGE('',*,*,#4881,.T.);
#4894=ORIENTED_EDGE('',*,*,#3454,.T.);
#4896=ORIENTED_EDGE('',*,*,#4895,.F.);
#4897=ORIENTED_EDGE('',*,*,#2962,.F.);
#4898=EDGE_LOOP('',(#4893,#4894,#4896,#4897));
#4899=FACE_OUTER_BOUND('',#4898,.F.);
#4901=CARTESIAN_POINT('',(-7.06E-1,-3.528886048624E-1,4.522642359820E0));
#4902=DIRECTION('',(0.E0,0.E0,-1.E0));
#4903=DIRECTION('',(8.076923076923E-1,5.896042198752E-1,0.E0));
#4904=AXIS2_PLACEMENT_3D('',#4901,#4902,#4903);
#4905=CYLINDRICAL_SURFACE('',#4904,1.56E-1);
#4907=ORIENTED_EDGE('',*,*,#4906,.T.);
#4908=ORIENTED_EDGE('',*,*,#2964,.T.);
#4909=ORIENTED_EDGE('',*,*,#4895,.T.);
#4910=ORIENTED_EDGE('',*,*,#3452,.T.);
#4911=EDGE_LOOP('',(#4907,#4908,#4909,#4910));
#4912=FACE_OUTER_BOUND('',#4911,.F.);
#4914=CARTESIAN_POINT('',(-5.856209294275E-1,-3.406460819160E-1,-4.509E0));
#4915=DIRECTION('',(0.E0,0.E0,1.E0));
#4916=DIRECTION('',(9.948683518391E-1,1.011778755899E-1,0.E0));
#4917=AXIS2_PLACEMENT_3D('',#4914,#4915,#4916);
#4918=CYLINDRICAL_SURFACE('',#4917,3.5E-2);
#4920=ORIENTED_EDGE('',*,*,#4919,.T.);
#4921=ORIENTED_EDGE('',*,*,#2966,.F.);
#4922=ORIENTED_EDGE('',*,*,#4906,.F.);
#4923=ORIENTED_EDGE('',*,*,#3450,.F.);
#4924=EDGE_LOOP('',(#4920,#4921,#4922,#4923));
#4925=FACE_OUTER_BOUND('',#4924,.F.);
#4927=CARTESIAN_POINT('',(-5.8E-1,-2.609103465618E-1,-1.25E0));
#4928=DIRECTION('',(-8.660254037845E-1,4.999999999999E-1,0.E0));
#4929=DIRECTION('',(-4.999999999999E-1,-8.660254037845E-1,0.E0));
#4930=AXIS2_PLACEMENT_3D('',#4927,#4928,#4929);
#4931=PLANE('',#4930);
#4932=ORIENTED_EDGE('',*,*,#4919,.F.);
#4933=ORIENTED_EDGE('',*,*,#3448,.T.);
#4935=ORIENTED_EDGE('',*,*,#4934,.T.);
#4936=ORIENTED_EDGE('',*,*,#2968,.F.);
#4937=EDGE_LOOP('',(#4932,#4933,#4935,#4936));
#4938=FACE_OUTER_BOUND('',#4937,.F.);
#4940=CARTESIAN_POINT('',(-7.255440292724E-1,-4.67E-1,-4.509E0));
#4941=DIRECTION('',(0.E0,0.E0,1.E0));
#4942=DIRECTION('',(0.E0,-1.E0,0.E0));
#4943=AXIS2_PLACEMENT_3D('',#4940,#4941,#4942);
#4944=CYLINDRICAL_SURFACE('',#4943,2.3E-2);
#4945=ORIENTED_EDGE('',*,*,#2970,.T.);
#4946=ORIENTED_EDGE('',*,*,#4934,.F.);
#4947=ORIENTED_EDGE('',*,*,#3446,.T.);
#4948=ORIENTED_EDGE('',*,*,#4563,.T.);
#4949=EDGE_LOOP('',(#4945,#4946,#4947,#4948));
#4950=FACE_OUTER_BOUND('',#4949,.F.);
#4952=CARTESIAN_POINT('',(-8.02E-1,-3.166325696102E-1,4.509E0));
#4953=DIRECTION('',(0.E0,0.E0,-1.E0));
#4954=DIRECTION('',(-1.E0,0.E0,0.E0));
#4955=AXIS2_PLACEMENT_3D('',#4952,#4953,#4954);
#4956=CYLINDRICAL_SURFACE('',#4955,2.3E-2);
#4957=ORIENTED_EDGE('',*,*,#3428,.T.);
#4959=ORIENTED_EDGE('',*,*,#4958,.F.);
#4960=ORIENTED_EDGE('',*,*,#2988,.T.);
#4961=ORIENTED_EDGE('',*,*,#4265,.T.);
#4962=EDGE_LOOP('',(#4957,#4959,#4960,#4961));
#4963=FACE_OUTER_BOUND('',#4962,.F.);
#4965=CARTESIAN_POINT('',(-8.25E-1,-3.071056576756E-1,-1.25E0));
#4966=DIRECTION('',(7.071067811865E-1,-7.071067811865E-1,0.E0));
#4967=DIRECTION('',(7.071067811865E-1,7.071067811865E-1,0.E0));
#4968=AXIS2_PLACEMENT_3D('',#4965,#4966,#4967);
#4969=PLANE('',#4968);
#4971=ORIENTED_EDGE('',*,*,#4970,.T.);
#4972=ORIENTED_EDGE('',*,*,#2990,.F.);
#4973=ORIENTED_EDGE('',*,*,#4958,.T.);
#4974=ORIENTED_EDGE('',*,*,#3426,.T.);
#4975=EDGE_LOOP('',(#4971,#4972,#4973,#4974));
#4976=FACE_OUTER_BOUND('',#4975,.F.);
#4978=CARTESIAN_POINT('',(-7.454628254987E-1,-1.780710084912E-1,-4.509E0));
#4979=DIRECTION('',(0.E0,0.E0,1.E0));
#4980=DIRECTION('',(7.071067811865E-1,-7.071067811865E-1,0.E0));
#4981=AXIS2_PLACEMENT_3D('',#4978,#4979,#4980);
#4982=CYLINDRICAL_SURFACE('',#4981,3.5E-2);
#4983=ORIENTED_EDGE('',*,*,#4970,.F.);
#4984=ORIENTED_EDGE('',*,*,#3424,.T.);
#4986=ORIENTED_EDGE('',*,*,#4985,.T.);
#4987=ORIENTED_EDGE('',*,*,#2992,.T.);
#4988=EDGE_LOOP('',(#4983,#4984,#4986,#4987));
#4989=FACE_OUTER_BOUND('',#4988,.F.);
#4991=CARTESIAN_POINT('',(-7.234044443524E-1,-2.970433910899E-1,
4.522642359820E0));
#4992=DIRECTION('',(0.E0,0.E0,-1.E0));
#4993=DIRECTION('',(-2.588190451025E-1,9.659258262891E-1,0.E0));
#4994=AXIS2_PLACEMENT_3D('',#4991,#4992,#4993);
#4995=CYLINDRICAL_SURFACE('',#4994,1.56E-1);
#4996=ORIENTED_EDGE('',*,*,#4985,.F.);
#4997=ORIENTED_EDGE('',*,*,#3422,.T.);
#4999=ORIENTED_EDGE('',*,*,#4998,.F.);
#5000=ORIENTED_EDGE('',*,*,#2994,.T.);
#5001=EDGE_LOOP('',(#4996,#4997,#4999,#5000));
#5002=FACE_OUTER_BOUND('',#5001,.F.);
#5004=CARTESIAN_POINT('',(-6.688046888863E-1,-1.209103465618E-1,-1.25E0));
#5005=DIRECTION('',(-2.588190451025E-1,9.659258262891E-1,0.E0));
#5006=DIRECTION('',(-9.659258262891E-1,-2.588190451025E-1,0.E0));
#5007=AXIS2_PLACEMENT_3D('',#5004,#5005,#5006);
#5008=PLANE('',#5007);
#5010=ORIENTED_EDGE('',*,*,#5009,.T.);
#5011=ORIENTED_EDGE('',*,*,#2996,.F.);
#5012=ORIENTED_EDGE('',*,*,#4998,.T.);
#5013=ORIENTED_EDGE('',*,*,#3420,.T.);
#5014=EDGE_LOOP('',(#5010,#5011,#5012,#5013));
#5015=FACE_OUTER_BOUND('',#5014,.F.);
#5017=CARTESIAN_POINT('',(-8.02E-1,-1.327885704609E-1,-4.509E0));
#5018=DIRECTION('',(0.E0,0.E0,1.E0));
#5019=DIRECTION('',(-1.E0,0.E0,0.E0));
#5020=AXIS2_PLACEMENT_3D('',#5017,#5018,#5019);
#5021=CYLINDRICAL_SURFACE('',#5020,2.3E-2);
#5022=ORIENTED_EDGE('',*,*,#2998,.T.);
#5023=ORIENTED_EDGE('',*,*,#5009,.F.);
#5024=ORIENTED_EDGE('',*,*,#3418,.T.);
#5025=ORIENTED_EDGE('',*,*,#4276,.T.);
#5026=EDGE_LOOP('',(#5022,#5023,#5024,#5025));
#5027=FACE_OUTER_BOUND('',#5026,.F.);
#5029=CARTESIAN_POINT('',(-8.02E-1,-1.286474657393E-1,4.509E0));
#5030=DIRECTION('',(0.E0,0.E0,-1.E0));
#5031=DIRECTION('',(-1.E0,0.E0,0.E0));
#5032=AXIS2_PLACEMENT_3D('',#5029,#5030,#5031);
#5033=CYLINDRICAL_SURFACE('',#5032,2.3E-2);
#5034=ORIENTED_EDGE('',*,*,#3414,.T.);
#5036=ORIENTED_EDGE('',*,*,#5035,.F.);
#5037=ORIENTED_EDGE('',*,*,#3002,.T.);
#5038=ORIENTED_EDGE('',*,*,#4279,.T.);
#5039=EDGE_LOOP('',(#5034,#5036,#5037,#5038));
#5040=FACE_OUTER_BOUND('',#5039,.F.);
#5042=CARTESIAN_POINT('',(-8.25E-1,-1.109989450158E-1,-1.25E0));
#5043=DIRECTION('',(2.588190451025E-1,-9.659258262891E-1,0.E0));
#5044=DIRECTION('',(9.659258262891E-1,2.588190451025E-1,0.E0));
#5045=AXIS2_PLACEMENT_3D('',#5042,#5043,#5044);
#5046=PLANE('',#5045);
#5047=ORIENTED_EDGE('',*,*,#5035,.T.);
#5048=ORIENTED_EDGE('',*,*,#3412,.T.);
#5050=ORIENTED_EDGE('',*,*,#5049,.F.);
#5051=ORIENTED_EDGE('',*,*,#3004,.F.);
#5052=EDGE_LOOP('',(#5047,#5048,#5050,#5051));
#5053=FACE_OUTER_BOUND('',#5052,.F.);
#5055=CARTESIAN_POINT('',(-7.363603895690E-1,7.425505116060E-2,
4.522642359820E0));
#5056=DIRECTION('',(0.E0,0.E0,-1.E0));
#5057=DIRECTION('',(7.714826765264E-1,-6.362503279526E-1,0.E0));
#5058=AXIS2_PLACEMENT_3D('',#5055,#5056,#5057);
#5059=CYLINDRICAL_SURFACE('',#5058,1.56E-1);
#5061=ORIENTED_EDGE('',*,*,#5060,.T.);
#5062=ORIENTED_EDGE('',*,*,#3006,.T.);
#5063=ORIENTED_EDGE('',*,*,#5049,.T.);
#5064=ORIENTED_EDGE('',*,*,#3410,.T.);
#5065=EDGE_LOOP('',(#5061,#5062,#5063,#5064));
#5066=FACE_OUTER_BOUND('',#5065,.F.);
#5068=CARTESIAN_POINT('',(-6.776601068276E-1,-4.842451847546E-2,-4.509E0));
#5069=DIRECTION('',(0.E0,0.E0,1.E0));
#5070=DIRECTION('',(4.316197260392E-1,-9.020556590887E-1,0.E0));
#5071=AXIS2_PLACEMENT_3D('',#5068,#5069,#5070);
#5072=CYLINDRICAL_SURFACE('',#5071,2.E-2);
#5073=ORIENTED_EDGE('',*,*,#5060,.F.);
#5074=ORIENTED_EDGE('',*,*,#3408,.T.);
#5076=ORIENTED_EDGE('',*,*,#5075,.T.);
#5077=ORIENTED_EDGE('',*,*,#3008,.T.);
#5078=EDGE_LOOP('',(#5073,#5074,#5076,#5077));
#5079=FACE_OUTER_BOUND('',#5078,.F.);
#5081=CARTESIAN_POINT('',(-7.079873503314E-1,-1.81E-1,4.522642359820E0));
#5082=DIRECTION('',(0.E0,0.E0,-1.E0));
#5083=DIRECTION('',(0.E0,1.E0,0.E0));
#5084=AXIS2_PLACEMENT_3D('',#5081,#5082,#5083);
#5085=CYLINDRICAL_SURFACE('',#5084,1.56E-1);
#5086=ORIENTED_EDGE('',*,*,#5075,.F.);
#5087=ORIENTED_EDGE('',*,*,#3406,.T.);
#5089=ORIENTED_EDGE('',*,*,#5088,.F.);
#5090=ORIENTED_EDGE('',*,*,#3010,.T.);
#5091=EDGE_LOOP('',(#5086,#5087,#5089,#5090));
#5092=FACE_OUTER_BOUND('',#5091,.F.);
#5094=CARTESIAN_POINT('',(-6.160090920309E-1,-2.5E-2,-1.25E0));
#5095=DIRECTION('',(0.E0,1.E0,0.E0));
#5096=DIRECTION('',(-1.E0,0.E0,0.E0));
#5097=AXIS2_PLACEMENT_3D('',#5094,#5095,#5096);
#5098=PLANE('',#5097);
#5100=ORIENTED_EDGE('',*,*,#5099,.T.);
#5101=ORIENTED_EDGE('',*,*,#3012,.T.);
#5102=ORIENTED_EDGE('',*,*,#5088,.T.);
#5103=ORIENTED_EDGE('',*,*,#3404,.F.);
#5104=EDGE_LOOP('',(#5100,#5101,#5102,#5103));
#5105=FACE_OUTER_BOUND('',#5104,.F.);
#5107=CARTESIAN_POINT('',(-8.02E-1,-2.E-3,-4.509E0));
#5108=DIRECTION('',(0.E0,0.E0,1.E0));
#5109=DIRECTION('',(-1.E0,0.E0,0.E0));
#5110=AXIS2_PLACEMENT_3D('',#5107,#5108,#5109);
#5111=CYLINDRICAL_SURFACE('',#5110,2.3E-2);
#5112=ORIENTED_EDGE('',*,*,#3014,.T.);
#5113=ORIENTED_EDGE('',*,*,#5099,.F.);
#5114=ORIENTED_EDGE('',*,*,#3402,.T.);
#5115=ORIENTED_EDGE('',*,*,#4290,.T.);
#5116=EDGE_LOOP('',(#5112,#5113,#5114,#5115));
#5117=FACE_OUTER_BOUND('',#5116,.F.);
#5119=CARTESIAN_POINT('',(-7.405440292724E-1,4.67E-1,4.509E0));
#5120=DIRECTION('',(0.E0,0.E0,-1.E0));
#5121=DIRECTION('',(0.E0,1.E0,0.E0));
#5122=AXIS2_PLACEMENT_3D('',#5119,#5120,#5121);
#5123=CYLINDRICAL_SURFACE('',#5122,2.3E-2);
#5124=ORIENTED_EDGE('',*,*,#3354,.T.);
#5126=ORIENTED_EDGE('',*,*,#5125,.F.);
#5127=ORIENTED_EDGE('',*,*,#3062,.T.);
#5128=ORIENTED_EDGE('',*,*,#4105,.T.);
#5129=EDGE_LOOP('',(#5124,#5126,#5127,#5128));
#5130=FACE_OUTER_BOUND('',#5129,.F.);
#5132=CARTESIAN_POINT('',(-7.272649730810E-1,4.9E-1,-1.25E0));
#5133=DIRECTION('',(-8.660254037845E-1,-4.999999999999E-1,0.E0));
#5134=DIRECTION('',(4.999999999999E-1,-8.660254037845E-1,0.E0));
#5135=AXIS2_PLACEMENT_3D('',#5132,#5133,#5134);
#5136=PLANE('',#5135);
#5138=ORIENTED_EDGE('',*,*,#5137,.F.);
#5139=ORIENTED_EDGE('',*,*,#3064,.F.);
#5140=ORIENTED_EDGE('',*,*,#5125,.T.);
#5141=ORIENTED_EDGE('',*,*,#3352,.T.);
#5142=EDGE_LOOP('',(#5138,#5139,#5140,#5141));
#5143=FACE_OUTER_BOUND('',#5142,.F.);
#5145=CARTESIAN_POINT('',(-6.006209294275E-1,3.406460819160E-1,4.509E0));
#5146=DIRECTION('',(0.E0,0.E0,-1.E0));
#5147=DIRECTION('',(9.948683518391E-1,-1.011778755899E-1,0.E0));
#5148=AXIS2_PLACEMENT_3D('',#5145,#5146,#5147);
#5149=CYLINDRICAL_SURFACE('',#5148,3.5E-2);
#5150=ORIENTED_EDGE('',*,*,#5137,.T.);
#5151=ORIENTED_EDGE('',*,*,#3350,.F.);
#5153=ORIENTED_EDGE('',*,*,#5152,.F.);
#5154=ORIENTED_EDGE('',*,*,#3066,.F.);
#5155=EDGE_LOOP('',(#5150,#5151,#5153,#5154));
#5156=FACE_OUTER_BOUND('',#5155,.F.);
#5158=CARTESIAN_POINT('',(-7.21E-1,3.528886048624E-1,4.522642359820E0));
#5159=DIRECTION('',(0.E0,0.E0,-1.E0));
#5160=DIRECTION('',(1.E0,0.E0,0.E0));
#5161=AXIS2_PLACEMENT_3D('',#5158,#5159,#5160);
#5162=CYLINDRICAL_SURFACE('',#5161,1.56E-1);
#5163=ORIENTED_EDGE('',*,*,#5152,.T.);
#5164=ORIENTED_EDGE('',*,*,#3348,.T.);
#5166=ORIENTED_EDGE('',*,*,#5165,.F.);
#5167=ORIENTED_EDGE('',*,*,#3068,.T.);
#5168=EDGE_LOOP('',(#5163,#5164,#5166,#5167));
#5169=FACE_OUTER_BOUND('',#5168,.F.);
#5171=CARTESIAN_POINT('',(-5.65E-1,2.609103465618E-1,-1.25E0));
#5172=DIRECTION('',(1.E0,0.E0,0.E0));
#5173=DIRECTION('',(0.E0,1.E0,0.E0));
#5174=AXIS2_PLACEMENT_3D('',#5171,#5172,#5173);
#5175=PLANE('',#5174);
#5177=ORIENTED_EDGE('',*,*,#5176,.T.);
#5178=ORIENTED_EDGE('',*,*,#3070,.T.);
#5179=ORIENTED_EDGE('',*,*,#5165,.T.);
#5180=ORIENTED_EDGE('',*,*,#3346,.F.);
#5181=EDGE_LOOP('',(#5177,#5178,#5179,#5180));
#5182=FACE_OUTER_BOUND('',#5181,.F.);
#5184=CARTESIAN_POINT('',(-5.42E-1,4.67E-1,-4.509E0));
#5185=DIRECTION('',(0.E0,0.E0,1.E0));
#5186=DIRECTION('',(0.E0,1.E0,0.E0));
#5187=AXIS2_PLACEMENT_3D('',#5184,#5185,#5186);
#5188=CYLINDRICAL_SURFACE('',#5187,2.3E-2);
#5189=ORIENTED_EDGE('',*,*,#3072,.T.);
#5190=ORIENTED_EDGE('',*,*,#5176,.F.);
#5191=ORIENTED_EDGE('',*,*,#3344,.T.);
#5192=ORIENTED_EDGE('',*,*,#4116,.T.);
#5193=EDGE_LOOP('',(#5189,#5190,#5191,#5192));
#5194=FACE_OUTER_BOUND('',#5193,.F.);
#5196=CARTESIAN_POINT('',(-5.38E-1,4.67E-1,4.509E0));
#5197=DIRECTION('',(0.E0,0.E0,-1.E0));
#5198=DIRECTION('',(0.E0,1.E0,0.E0));
#5199=AXIS2_PLACEMENT_3D('',#5196,#5197,#5198);
#5200=CYLINDRICAL_SURFACE('',#5199,2.3E-2);
#5201=ORIENTED_EDGE('',*,*,#3340,.T.);
#5203=ORIENTED_EDGE('',*,*,#5202,.F.);
#5204=ORIENTED_EDGE('',*,*,#3076,.T.);
#5205=ORIENTED_EDGE('',*,*,#4119,.T.);
#5206=EDGE_LOOP('',(#5201,#5203,#5204,#5205));
#5207=FACE_OUTER_BOUND('',#5206,.F.);
#5209=CARTESIAN_POINT('',(-5.15E-1,4.9E-1,-1.25E0));
#5210=DIRECTION('',(-1.E0,0.E0,0.E0));
#5211=DIRECTION('',(0.E0,-1.E0,0.E0));
#5212=AXIS2_PLACEMENT_3D('',#5209,#5210,#5211);
#5213=PLANE('',#5212);
#5214=ORIENTED_EDGE('',*,*,#5202,.T.);
#5215=ORIENTED_EDGE('',*,*,#3338,.T.);
#5217=ORIENTED_EDGE('',*,*,#5216,.F.);
#5218=ORIENTED_EDGE('',*,*,#3078,.F.);
#5219=EDGE_LOOP('',(#5214,#5215,#5217,#5218));
#5220=FACE_OUTER_BOUND('',#5219,.F.);
#5222=CARTESIAN_POINT('',(-4.75E-1,2.8E-1,4.509E0));
#5223=DIRECTION('',(0.E0,0.E0,-1.E0));
#5224=DIRECTION('',(0.E0,-1.E0,0.E0));
#5225=AXIS2_PLACEMENT_3D('',#5222,#5223,#5224);
#5226=CYLINDRICAL_SURFACE('',#5225,4.E-2);
#5228=ORIENTED_EDGE('',*,*,#5227,.F.);
#5229=ORIENTED_EDGE('',*,*,#3080,.T.);
#5230=ORIENTED_EDGE('',*,*,#5216,.T.);
#5231=ORIENTED_EDGE('',*,*,#3336,.T.);
#5232=EDGE_LOOP('',(#5228,#5229,#5230,#5231));
#5233=FACE_OUTER_BOUND('',#5232,.F.);
#5235=CARTESIAN_POINT('',(-5.15E-1,2.4E-1,-1.25E0));
#5236=DIRECTION('',(0.E0,-1.E0,0.E0));
#5237=DIRECTION('',(1.E0,0.E0,0.E0));
#5238=AXIS2_PLACEMENT_3D('',#5235,#5236,#5237);
#5239=PLANE('',#5238);
#5241=ORIENTED_EDGE('',*,*,#5240,.F.);
#5242=ORIENTED_EDGE('',*,*,#3082,.F.);
#5243=ORIENTED_EDGE('',*,*,#5227,.T.);
#5244=ORIENTED_EDGE('',*,*,#3334,.T.);
#5245=EDGE_LOOP('',(#5241,#5242,#5243,#5244));
#5246=FACE_OUTER_BOUND('',#5245,.F.);
#5248=CARTESIAN_POINT('',(-4.65E-1,2.8E-1,4.509E0));
#5249=DIRECTION('',(0.E0,0.E0,-1.E0));
#5250=DIRECTION('',(1.E0,0.E0,0.E0));
#5251=AXIS2_PLACEMENT_3D('',#5248,#5249,#5250);
#5252=CYLINDRICAL_SURFACE('',#5251,4.E-2);
#5254=ORIENTED_EDGE('',*,*,#5253,.F.);
#5255=ORIENTED_EDGE('',*,*,#3084,.T.);
#5256=ORIENTED_EDGE('',*,*,#5240,.T.);
#5257=ORIENTED_EDGE('',*,*,#3332,.T.);
#5258=EDGE_LOOP('',(#5254,#5255,#5256,#5257));
#5259=FACE_OUTER_BOUND('',#5258,.F.);
#5261=CARTESIAN_POINT('',(-4.25E-1,2.4E-1,-1.25E0));
#5262=DIRECTION('',(1.E0,0.E0,0.E0));
#5263=DIRECTION('',(0.E0,1.E0,0.E0));
#5264=AXIS2_PLACEMENT_3D('',#5261,#5262,#5263);
#5265=PLANE('',#5264);
#5267=ORIENTED_EDGE('',*,*,#5266,.T.);
#5268=ORIENTED_EDGE('',*,*,#3086,.T.);
#5269=ORIENTED_EDGE('',*,*,#5253,.T.);
#5270=ORIENTED_EDGE('',*,*,#3330,.F.);
#5271=EDGE_LOOP('',(#5267,#5268,#5269,#5270));
#5272=FACE_OUTER_BOUND('',#5271,.F.);
#5274=CARTESIAN_POINT('',(-4.02E-1,4.67E-1,-4.509E0));
#5275=DIRECTION('',(0.E0,0.E0,1.E0));
#5276=DIRECTION('',(0.E0,1.E0,0.E0));
#5277=AXIS2_PLACEMENT_3D('',#5274,#5275,#5276);
#5278=CYLINDRICAL_SURFACE('',#5277,2.3E-2);
#5279=ORIENTED_EDGE('',*,*,#3088,.T.);
#5280=ORIENTED_EDGE('',*,*,#5266,.F.);
#5281=ORIENTED_EDGE('',*,*,#3328,.T.);
#5282=ORIENTED_EDGE('',*,*,#4130,.T.);
#5283=EDGE_LOOP('',(#5279,#5280,#5281,#5282));
#5284=FACE_OUTER_BOUND('',#5283,.F.);
#5286=CARTESIAN_POINT('',(-3.98E-1,4.67E-1,4.509E0));
#5287=DIRECTION('',(0.E0,0.E0,-1.E0));
#5288=DIRECTION('',(0.E0,1.E0,0.E0));
#5289=AXIS2_PLACEMENT_3D('',#5286,#5287,#5288);
#5290=CYLINDRICAL_SURFACE('',#5289,2.3E-2);
#5291=ORIENTED_EDGE('',*,*,#3324,.T.);
#5293=ORIENTED_EDGE('',*,*,#5292,.F.);
#5294=ORIENTED_EDGE('',*,*,#3092,.T.);
#5295=ORIENTED_EDGE('',*,*,#4133,.T.);
#5296=EDGE_LOOP('',(#5291,#5293,#5294,#5295));
#5297=FACE_OUTER_BOUND('',#5296,.F.);
#5299=CARTESIAN_POINT('',(-3.75E-1,4.9E-1,-1.25E0));
#5300=DIRECTION('',(-1.E0,0.E0,0.E0));
#5301=DIRECTION('',(0.E0,-1.E0,0.E0));
#5302=AXIS2_PLACEMENT_3D('',#5299,#5300,#5301);
#5303=PLANE('',#5302);
#5304=ORIENTED_EDGE('',*,*,#5292,.T.);
#5305=ORIENTED_EDGE('',*,*,#3322,.T.);
#5307=ORIENTED_EDGE('',*,*,#5306,.F.);
#5308=ORIENTED_EDGE('',*,*,#3094,.F.);
#5309=EDGE_LOOP('',(#5304,#5305,#5307,#5308));
#5310=FACE_OUTER_BOUND('',#5309,.F.);
#5312=CARTESIAN_POINT('',(-3.35E-1,2.8E-1,4.509E0));
#5313=DIRECTION('',(0.E0,0.E0,-1.E0));
#5314=DIRECTION('',(0.E0,-1.E0,0.E0));
#5315=AXIS2_PLACEMENT_3D('',#5312,#5313,#5314);
#5316=CYLINDRICAL_SURFACE('',#5315,4.E-2);
#5318=ORIENTED_EDGE('',*,*,#5317,.F.);
#5319=ORIENTED_EDGE('',*,*,#3096,.T.);
#5320=ORIENTED_EDGE('',*,*,#5306,.T.);
#5321=ORIENTED_EDGE('',*,*,#3320,.T.);
#5322=EDGE_LOOP('',(#5318,#5319,#5320,#5321));
#5323=FACE_OUTER_BOUND('',#5322,.F.);
#5325=CARTESIAN_POINT('',(-3.75E-1,2.4E-1,-1.25E0));
#5326=DIRECTION('',(0.E0,-1.E0,0.E0));
#5327=DIRECTION('',(1.E0,0.E0,0.E0));
#5328=AXIS2_PLACEMENT_3D('',#5325,#5326,#5327);
#5329=PLANE('',#5328);
#5330=ORIENTED_EDGE('',*,*,#5317,.T.);
#5331=ORIENTED_EDGE('',*,*,#3318,.T.);
#5333=ORIENTED_EDGE('',*,*,#5332,.F.);
#5334=ORIENTED_EDGE('',*,*,#3098,.F.);
#5335=EDGE_LOOP('',(#5330,#5331,#5333,#5334));
#5336=FACE_OUTER_BOUND('',#5335,.F.);
#5338=CARTESIAN_POINT('',(-3.25E-1,2.8E-1,4.509E0));
#5339=DIRECTION('',(0.E0,0.E0,-1.E0));
#5340=DIRECTION('',(1.E0,0.E0,0.E0));
#5341=AXIS2_PLACEMENT_3D('',#5338,#5339,#5340);
#5342=CYLINDRICAL_SURFACE('',#5341,4.E-2);
#5344=ORIENTED_EDGE('',*,*,#5343,.F.);
#5345=ORIENTED_EDGE('',*,*,#3100,.T.);
#5346=ORIENTED_EDGE('',*,*,#5332,.T.);
#5347=ORIENTED_EDGE('',*,*,#3316,.T.);
#5348=EDGE_LOOP('',(#5344,#5345,#5346,#5347));
#5349=FACE_OUTER_BOUND('',#5348,.F.);
#5351=CARTESIAN_POINT('',(-2.85E-1,2.4E-1,-1.25E0));
#5352=DIRECTION('',(1.E0,0.E0,0.E0));
#5353=DIRECTION('',(0.E0,1.E0,0.E0));
#5354=AXIS2_PLACEMENT_3D('',#5351,#5352,#5353);
#5355=PLANE('',#5354);
#5357=ORIENTED_EDGE('',*,*,#5356,.T.);
#5358=ORIENTED_EDGE('',*,*,#3102,.T.);
#5359=ORIENTED_EDGE('',*,*,#5343,.T.);
#5360=ORIENTED_EDGE('',*,*,#3314,.F.);
#5361=EDGE_LOOP('',(#5357,#5358,#5359,#5360));
#5362=FACE_OUTER_BOUND('',#5361,.F.);
#5364=CARTESIAN_POINT('',(-2.62E-1,4.67E-1,-4.509E0));
#5365=DIRECTION('',(0.E0,0.E0,1.E0));
#5366=DIRECTION('',(0.E0,1.E0,0.E0));
#5367=AXIS2_PLACEMENT_3D('',#5364,#5365,#5366);
#5368=CYLINDRICAL_SURFACE('',#5367,2.3E-2);
#5369=ORIENTED_EDGE('',*,*,#3104,.T.);
#5370=ORIENTED_EDGE('',*,*,#5356,.F.);
#5371=ORIENTED_EDGE('',*,*,#3312,.T.);
#5372=ORIENTED_EDGE('',*,*,#4144,.T.);
#5373=EDGE_LOOP('',(#5369,#5370,#5371,#5372));
#5374=FACE_OUTER_BOUND('',#5373,.F.);
#5376=CARTESIAN_POINT('',(8.02E-1,1.327885704609E-1,-4.509E0));
#5377=DIRECTION('',(0.E0,0.E0,1.E0));
#5378=DIRECTION('',(1.E0,0.E0,0.E0));
#5379=AXIS2_PLACEMENT_3D('',#5376,#5377,#5378);
#5380=CYLINDRICAL_SURFACE('',#5379,2.3E-2);
#5381=ORIENTED_EDGE('',*,*,#2868,.T.);
#5383=ORIENTED_EDGE('',*,*,#5382,.F.);
#5384=ORIENTED_EDGE('',*,*,#3548,.T.);
#5385=ORIENTED_EDGE('',*,*,#3586,.T.);
#5386=EDGE_LOOP('',(#5381,#5383,#5384,#5385));
#5387=FACE_OUTER_BOUND('',#5386,.F.);
#5389=CARTESIAN_POINT('',(8.25E-1,1.627627540363E-1,-1.25E0));
#5390=DIRECTION('',(-2.588190451025E-1,9.659258262891E-1,0.E0));
#5391=DIRECTION('',(-9.659258262891E-1,-2.588190451025E-1,0.E0));
#5392=AXIS2_PLACEMENT_3D('',#5389,#5390,#5391);
#5393=PLANE('',#5392);
#5394=ORIENTED_EDGE('',*,*,#5382,.T.);
#5395=ORIENTED_EDGE('',*,*,#2866,.T.);
#5396=ORIENTED_EDGE('',*,*,#3222,.F.);
#5397=ORIENTED_EDGE('',*,*,#3550,.F.);
#5398=EDGE_LOOP('',(#5394,#5395,#5396,#5397));
#5399=FACE_OUTER_BOUND('',#5398,.F.);
#5401=CARTESIAN_POINT('',(8.02E-1,1.286474657393E-1,4.509E0));
#5402=DIRECTION('',(0.E0,0.E0,-1.E0));
#5403=DIRECTION('',(1.E0,0.E0,0.E0));
#5404=AXIS2_PLACEMENT_3D('',#5401,#5402,#5403);
#5405=CYLINDRICAL_SURFACE('',#5404,2.3E-2);
#5406=ORIENTED_EDGE('',*,*,#3544,.T.);
#5408=ORIENTED_EDGE('',*,*,#5407,.F.);
#5409=ORIENTED_EDGE('',*,*,#2872,.T.);
#5410=ORIENTED_EDGE('',*,*,#3589,.T.);
#5411=EDGE_LOOP('',(#5406,#5408,#5409,#5410));
#5412=FACE_OUTER_BOUND('',#5411,.F.);
#5414=CARTESIAN_POINT('',(6.160090920309E-1,5.5E-2,-1.25E0));
#5415=DIRECTION('',(2.588190451025E-1,-9.659258262891E-1,0.E0));
#5416=DIRECTION('',(9.659258262891E-1,2.588190451025E-1,0.E0));
#5417=AXIS2_PLACEMENT_3D('',#5414,#5415,#5416);
#5418=PLANE('',#5417);
#5419=ORIENTED_EDGE('',*,*,#5407,.T.);
#5420=ORIENTED_EDGE('',*,*,#3542,.F.);
#5422=ORIENTED_EDGE('',*,*,#5421,.T.);
#5423=ORIENTED_EDGE('',*,*,#2874,.T.);
#5424=EDGE_LOOP('',(#5419,#5420,#5422,#5423));
#5425=FACE_OUTER_BOUND('',#5424,.F.);
#5427=CARTESIAN_POINT('',(7.363603895690E-1,-7.425505116060E-2,
-4.522642359820E0));
#5428=DIRECTION('',(0.E0,0.E0,1.E0));
#5429=DIRECTION('',(-2.588190451025E-1,9.659258262891E-1,0.E0));
#5430=AXIS2_PLACEMENT_3D('',#5427,#5428,#5429);
#5431=CYLINDRICAL_SURFACE('',#5430,1.56E-1);
#5433=ORIENTED_EDGE('',*,*,#5432,.T.);
#5434=ORIENTED_EDGE('',*,*,#2876,.T.);
#5435=ORIENTED_EDGE('',*,*,#5421,.F.);
#5436=ORIENTED_EDGE('',*,*,#3540,.T.);
#5437=EDGE_LOOP('',(#5433,#5434,#5435,#5436));
#5438=FACE_OUTER_BOUND('',#5437,.F.);
#5440=CARTESIAN_POINT('',(6.776601068276E-1,4.842451847546E-2,-4.509E0));
#5441=DIRECTION('',(0.E0,0.E0,1.E0));
#5442=DIRECTION('',(-4.316197260392E-1,9.020556590886E-1,0.E0));
#5443=AXIS2_PLACEMENT_3D('',#5440,#5441,#5442);
#5444=CYLINDRICAL_SURFACE('',#5443,2.E-2);
#5445=ORIENTED_EDGE('',*,*,#5432,.F.);
#5446=ORIENTED_EDGE('',*,*,#3538,.T.);
#5448=ORIENTED_EDGE('',*,*,#5447,.T.);
#5449=ORIENTED_EDGE('',*,*,#2878,.T.);
#5450=EDGE_LOOP('',(#5445,#5446,#5448,#5449));
#5451=FACE_OUTER_BOUND('',#5450,.F.);
#5453=CARTESIAN_POINT('',(7.079873503314E-1,1.81E-1,-4.522642359820E0));
#5454=DIRECTION('',(0.E0,0.E0,1.E0));
#5455=DIRECTION('',(-5.896042198752E-1,-8.076923076923E-1,0.E0));
#5456=AXIS2_PLACEMENT_3D('',#5453,#5454,#5455);
#5457=CYLINDRICAL_SURFACE('',#5456,1.56E-1);
#5458=ORIENTED_EDGE('',*,*,#5447,.F.);
#5459=ORIENTED_EDGE('',*,*,#3536,.T.);
#5460=ORIENTED_EDGE('',*,*,#2833,.T.);
#5461=ORIENTED_EDGE('',*,*,#2880,.T.);
#5462=EDGE_LOOP('',(#5458,#5459,#5460,#5461));
#5463=FACE_OUTER_BOUND('',#5462,.F.);
#5465=CARTESIAN_POINT('',(8.02E-1,-3.166325696102E-1,-4.509E0));
#5466=DIRECTION('',(0.E0,0.E0,1.E0));
#5467=DIRECTION('',(1.E0,0.E0,0.E0));
#5468=AXIS2_PLACEMENT_3D('',#5465,#5466,#5467);
#5469=CYLINDRICAL_SURFACE('',#5468,2.3E-2);
#5470=ORIENTED_EDGE('',*,*,#2912,.T.);
#5472=ORIENTED_EDGE('',*,*,#5471,.F.);
#5473=ORIENTED_EDGE('',*,*,#3504,.T.);
#5474=ORIENTED_EDGE('',*,*,#3603,.T.);
#5475=EDGE_LOOP('',(#5470,#5472,#5473,#5474));
#5476=FACE_OUTER_BOUND('',#5475,.F.);
#5478=CARTESIAN_POINT('',(8.25E-1,-3.071056576756E-1,-1.25E0));
#5479=DIRECTION('',(7.071067811865E-1,7.071067811865E-1,0.E0));
#5480=DIRECTION('',(-7.071067811865E-1,7.071067811865E-1,0.E0));
#5481=AXIS2_PLACEMENT_3D('',#5478,#5479,#5480);
#5482=PLANE('',#5481);
#5484=ORIENTED_EDGE('',*,*,#5483,.T.);
#5485=ORIENTED_EDGE('',*,*,#3506,.F.);
#5486=ORIENTED_EDGE('',*,*,#5471,.T.);
#5487=ORIENTED_EDGE('',*,*,#2910,.T.);
#5488=EDGE_LOOP('',(#5484,#5485,#5486,#5487));
#5489=FACE_OUTER_BOUND('',#5488,.F.);
#5491=CARTESIAN_POINT('',(7.454628254987E-1,-1.780710084912E-1,4.509E0));
#5492=DIRECTION('',(0.E0,0.E0,-1.E0));
#5493=DIRECTION('',(-7.071067811865E-1,-7.071067811865E-1,0.E0));
#5494=AXIS2_PLACEMENT_3D('',#5491,#5492,#5493);
#5495=CYLINDRICAL_SURFACE('',#5494,3.5E-2);
#5496=ORIENTED_EDGE('',*,*,#5483,.F.);
#5497=ORIENTED_EDGE('',*,*,#2908,.T.);
#5499=ORIENTED_EDGE('',*,*,#5498,.T.);
#5500=ORIENTED_EDGE('',*,*,#3508,.T.);
#5501=EDGE_LOOP('',(#5496,#5497,#5499,#5500));
#5502=FACE_OUTER_BOUND('',#5501,.F.);
#5504=CARTESIAN_POINT('',(7.234044443524E-1,-2.970433910899E-1,
-4.522642359820E0));
#5505=DIRECTION('',(0.E0,0.E0,1.E0));
#5506=DIRECTION('',(2.588190451025E-1,9.659258262891E-1,0.E0));
#5507=AXIS2_PLACEMENT_3D('',#5504,#5505,#5506);
#5508=CYLINDRICAL_SURFACE('',#5507,1.56E-1);
#5509=ORIENTED_EDGE('',*,*,#5498,.F.);
#5510=ORIENTED_EDGE('',*,*,#2906,.T.);
#5512=ORIENTED_EDGE('',*,*,#5511,.F.);
#5513=ORIENTED_EDGE('',*,*,#3510,.T.);
#5514=EDGE_LOOP('',(#5509,#5510,#5512,#5513));
#5515=FACE_OUTER_BOUND('',#5514,.F.);
#5517=CARTESIAN_POINT('',(6.688046888863E-1,-1.209103465618E-1,-1.25E0));
#5518=DIRECTION('',(-2.588190451025E-1,-9.659258262891E-1,0.E0));
#5519=DIRECTION('',(9.659258262891E-1,-2.588190451025E-1,0.E0));
#5520=AXIS2_PLACEMENT_3D('',#5517,#5518,#5519);
#5521=PLANE('',#5520);
#5523=ORIENTED_EDGE('',*,*,#5522,.T.);
#5524=ORIENTED_EDGE('',*,*,#3512,.F.);
#5525=ORIENTED_EDGE('',*,*,#5511,.T.);
#5526=ORIENTED_EDGE('',*,*,#2904,.T.);
#5527=EDGE_LOOP('',(#5523,#5524,#5525,#5526));
#5528=FACE_OUTER_BOUND('',#5527,.F.);
#5530=CARTESIAN_POINT('',(8.02E-1,-1.327885704609E-1,4.509E0));
#5531=DIRECTION('',(0.E0,0.E0,-1.E0));
#5532=DIRECTION('',(1.E0,0.E0,0.E0));
#5533=AXIS2_PLACEMENT_3D('',#5530,#5531,#5532);
#5534=CYLINDRICAL_SURFACE('',#5533,2.3E-2);
#5535=ORIENTED_EDGE('',*,*,#3514,.T.);
#5536=ORIENTED_EDGE('',*,*,#5522,.F.);
#5537=ORIENTED_EDGE('',*,*,#2902,.T.);
#5538=ORIENTED_EDGE('',*,*,#3614,.T.);
#5539=EDGE_LOOP('',(#5535,#5536,#5537,#5538));
#5540=FACE_OUTER_BOUND('',#5539,.F.);
#5542=CARTESIAN_POINT('',(8.02E-1,-1.286474657393E-1,-4.509E0));
#5543=DIRECTION('',(0.E0,0.E0,1.E0));
#5544=DIRECTION('',(1.E0,0.E0,0.E0));
#5545=AXIS2_PLACEMENT_3D('',#5542,#5543,#5544);
#5546=CYLINDRICAL_SURFACE('',#5545,2.3E-2);
#5547=ORIENTED_EDGE('',*,*,#2898,.T.);
#5549=ORIENTED_EDGE('',*,*,#5548,.F.);
#5550=ORIENTED_EDGE('',*,*,#3518,.T.);
#5551=ORIENTED_EDGE('',*,*,#3617,.T.);
#5552=EDGE_LOOP('',(#5547,#5549,#5550,#5551));
#5553=FACE_OUTER_BOUND('',#5552,.F.);
#5555=CARTESIAN_POINT('',(8.25E-1,-1.109989450158E-1,-1.25E0));
#5556=DIRECTION('',(2.588190451025E-1,9.659258262891E-1,0.E0));
#5557=DIRECTION('',(-9.659258262891E-1,2.588190451025E-1,0.E0));
#5558=AXIS2_PLACEMENT_3D('',#5555,#5556,#5557);
#5559=PLANE('',#5558);
#5560=ORIENTED_EDGE('',*,*,#5548,.T.);
#5561=ORIENTED_EDGE('',*,*,#2896,.T.);
#5563=ORIENTED_EDGE('',*,*,#5562,.F.);
#5564=ORIENTED_EDGE('',*,*,#3520,.F.);
#5565=EDGE_LOOP('',(#5560,#5561,#5563,#5564));
#5566=FACE_OUTER_BOUND('',#5565,.F.);
#5568=CARTESIAN_POINT('',(7.363603895690E-1,7.425505116060E-2,
-4.522642359820E0));
#5569=DIRECTION('',(0.E0,0.E0,1.E0));
#5570=DIRECTION('',(-7.714826765264E-1,-6.362503279526E-1,0.E0));
#5571=AXIS2_PLACEMENT_3D('',#5568,#5569,#5570);
#5572=CYLINDRICAL_SURFACE('',#5571,1.56E-1);
#5574=ORIENTED_EDGE('',*,*,#5573,.T.);
#5575=ORIENTED_EDGE('',*,*,#3522,.T.);
#5576=ORIENTED_EDGE('',*,*,#5562,.T.);
#5577=ORIENTED_EDGE('',*,*,#2894,.T.);
#5578=EDGE_LOOP('',(#5574,#5575,#5576,#5577));
#5579=FACE_OUTER_BOUND('',#5578,.F.);
#5581=CARTESIAN_POINT('',(6.776601068276E-1,-4.842451847546E-2,4.509E0));
#5582=DIRECTION('',(0.E0,0.E0,-1.E0));
#5583=DIRECTION('',(-4.316197260392E-1,-9.020556590887E-1,0.E0));
#5584=AXIS2_PLACEMENT_3D('',#5581,#5582,#5583);
#5585=CYLINDRICAL_SURFACE('',#5584,2.E-2);
#5586=ORIENTED_EDGE('',*,*,#5573,.F.);
#5587=ORIENTED_EDGE('',*,*,#2892,.T.);
#5589=ORIENTED_EDGE('',*,*,#5588,.T.);
#5590=ORIENTED_EDGE('',*,*,#3524,.T.);
#5591=EDGE_LOOP('',(#5586,#5587,#5589,#5590));
#5592=FACE_OUTER_BOUND('',#5591,.F.);
#5594=CARTESIAN_POINT('',(7.079873503314E-1,-1.81E-1,-4.522642359820E0));
#5595=DIRECTION('',(0.E0,0.E0,1.E0));
#5596=DIRECTION('',(0.E0,1.E0,0.E0));
#5597=AXIS2_PLACEMENT_3D('',#5594,#5595,#5596);
#5598=CYLINDRICAL_SURFACE('',#5597,1.56E-1);
#5599=ORIENTED_EDGE('',*,*,#5588,.F.);
#5600=ORIENTED_EDGE('',*,*,#2890,.T.);
#5602=ORIENTED_EDGE('',*,*,#5601,.F.);
#5603=ORIENTED_EDGE('',*,*,#3526,.T.);
#5604=EDGE_LOOP('',(#5599,#5600,#5602,#5603));
#5605=FACE_OUTER_BOUND('',#5604,.F.);
#5607=CARTESIAN_POINT('',(6.160090920309E-1,-2.5E-2,-1.25E0));
#5608=DIRECTION('',(0.E0,-1.E0,0.E0));
#5609=DIRECTION('',(1.E0,0.E0,0.E0));
#5610=AXIS2_PLACEMENT_3D('',#5607,#5608,#5609);
#5611=PLANE('',#5610);
#5613=ORIENTED_EDGE('',*,*,#5612,.T.);
#5614=ORIENTED_EDGE('',*,*,#3528,.T.);
#5615=ORIENTED_EDGE('',*,*,#5601,.T.);
#5616=ORIENTED_EDGE('',*,*,#2888,.F.);
#5617=EDGE_LOOP('',(#5613,#5614,#5615,#5616));
#5618=FACE_OUTER_BOUND('',#5617,.F.);
#5620=CARTESIAN_POINT('',(8.02E-1,-2.E-3,4.509E0));
#5621=DIRECTION('',(0.E0,0.E0,-1.E0));
#5622=DIRECTION('',(1.E0,0.E0,0.E0));
#5623=AXIS2_PLACEMENT_3D('',#5620,#5621,#5622);
#5624=CYLINDRICAL_SURFACE('',#5623,2.3E-2);
#5625=ORIENTED_EDGE('',*,*,#3530,.T.);
#5626=ORIENTED_EDGE('',*,*,#5612,.F.);
#5627=ORIENTED_EDGE('',*,*,#2886,.T.);
#5628=ORIENTED_EDGE('',*,*,#3628,.T.);
#5629=EDGE_LOOP('',(#5625,#5626,#5627,#5628));
#5630=FACE_OUTER_BOUND('',#5629,.F.);
#5632=CLOSED_SHELL('',(#2839,#2854,#3184,#3199,#3213,#3227,#3554,#3567,#3580,
#3594,#3608,#3622,#3635,#3648,#3661,#3674,#3687,#3700,#3713,#3726,#3740,#3754,
#3768,#3781,#3794,#3807,#3820,#3833,#3845,#3858,#3871,#3884,#3897,#3910,#3923,
#3935,#3948,#3961,#3974,#3987,#4000,#4013,#4025,#4038,#4051,#4070,#4083,#4096,
#4110,#4124,#4138,#4151,#4164,#4177,#4190,#4203,#4216,#4229,#4242,#4256,#4270,
#4284,#4298,#4311,#4324,#4337,#4350,#4363,#4375,#4388,#4401,#4414,#4427,#4440,
#4453,#4465,#4478,#4491,#4504,#4517,#4530,#4543,#4557,#4570,#4583,#4596,#4609,
#4628,#4641,#4654,#4667,#4680,#4694,#4707,#4720,#4733,#4746,#4759,#4771,#4784,
#4797,#4810,#4823,#4836,#4848,#4862,#4874,#4887,#4900,#4913,#4926,#4939,#4951,
#4964,#4977,#4990,#5003,#5016,#5028,#5041,#5054,#5067,#5080,#5093,#5106,#5118,
#5131,#5144,#5157,#5170,#5183,#5195,#5208,#5221,#5234,#5247,#5260,#5273,#5285,
#5298,#5311,#5324,#5337,#5350,#5363,#5375,#5388,#5400,#5413,#5426,#5439,#5452,
#5464,#5477,#5490,#5503,#5516,#5529,#5541,#5554,#5567,#5580,#5593,#5606,#5619,
#5631));
#5633=MANIFOLD_SOLID_BREP('',#5632);
#5634=CARTESIAN_POINT('',(-5.E-1,0.E0,-1.25E0));
#5635=DIRECTION('',(0.E0,0.E0,-1.E0));
#5636=DIRECTION('',(1.E0,0.E0,0.E0));
#5637=AXIS2_PLACEMENT_3D('',#5634,#5635,#5636);
#5639=CARTESIAN_POINT('',(-5.E-1,0.E0,-1.25E0));
#5640=DIRECTION('',(0.E0,0.E0,-1.E0));
#5641=DIRECTION('',(-1.E0,0.E0,0.E0));
#5642=AXIS2_PLACEMENT_3D('',#5639,#5640,#5641);
#5644=CARTESIAN_POINT('',(-5.E-1,0.E0,-1.475E0));
#5645=DIRECTION('',(0.E0,0.E0,-1.E0));
#5646=DIRECTION('',(1.E0,0.E0,0.E0));
#5647=AXIS2_PLACEMENT_3D('',#5644,#5645,#5646);
#5649=DIRECTION('',(0.E0,0.E0,-1.E0));
#5650=VECTOR('',#5649,2.25E-1);
#5651=CARTESIAN_POINT('',(-4.545E-1,0.E0,-1.25E0));
#5652=LINE('',#5651,#5650);
#5653=CARTESIAN_POINT('',(-5.E-1,0.E0,-1.475E0));
#5654=DIRECTION('',(0.E0,0.E0,-1.E0));
#5655=DIRECTION('',(1.E0,0.E0,0.E0));
#5656=AXIS2_PLACEMENT_3D('',#5653,#5654,#5655);
#5658=CARTESIAN_POINT('',(-5.E-1,0.E0,-1.475E0));
#5659=DIRECTION('',(0.E0,0.E0,-1.E0));
#5660=DIRECTION('',(-1.E0,0.E0,0.E0));
#5661=AXIS2_PLACEMENT_3D('',#5658,#5659,#5660);
#5663=DIRECTION('',(0.E0,0.E0,1.E0));
#5664=VECTOR('',#5663,2.5E-2);
#5665=CARTESIAN_POINT('',(-5.375E-1,0.E0,-1.5E0));
#5666=LINE('',#5665,#5664);
#5667=CARTESIAN_POINT('',(-5.E-1,0.E0,-1.5E0));
#5668=DIRECTION('',(0.E0,0.E0,-1.E0));
#5669=DIRECTION('',(1.E0,0.E0,0.E0));
#5670=AXIS2_PLACEMENT_3D('',#5667,#5668,#5669);
#5672=CARTESIAN_POINT('',(-5.E-1,0.E0,-1.5E0));
#5673=DIRECTION('',(0.E0,0.E0,-1.E0));
#5674=DIRECTION('',(-1.E0,0.E0,0.E0));
#5675=AXIS2_PLACEMENT_3D('',#5672,#5673,#5674);
#5677=DIRECTION('',(0.E0,0.E0,1.E0));
#5678=VECTOR('',#5677,2.5E-2);
#5679=CARTESIAN_POINT('',(-4.625E-1,0.E0,-1.5E0));
#5680=LINE('',#5679,#5678);
#5681=CARTESIAN_POINT('',(-5.E-1,0.E0,-1.475E0));
#5682=DIRECTION('',(0.E0,0.E0,-1.E0));
#5683=DIRECTION('',(-1.E0,0.E0,0.E0));
#5684=AXIS2_PLACEMENT_3D('',#5681,#5682,#5683);
#5686=DIRECTION('',(0.E0,0.E0,-1.E0));
#5687=VECTOR('',#5686,2.25E-1);
#5688=CARTESIAN_POINT('',(-5.455E-1,0.E0,-1.25E0));
#5689=LINE('',#5688,#5687);
#5690=CARTESIAN_POINT('',(-4.545E-1,0.E0,-1.25E0));
#5691=CARTESIAN_POINT('',(-5.455E-1,0.E0,-1.25E0));
#5692=VERTEX_POINT('',#5690);
#5693=VERTEX_POINT('',#5691);
#5694=CARTESIAN_POINT('',(-4.625E-1,0.E0,-1.475E0));
#5695=CARTESIAN_POINT('',(-5.375E-1,0.E0,-1.475E0));
#5696=VERTEX_POINT('',#5694);
#5697=VERTEX_POINT('',#5695);
#5698=CARTESIAN_POINT('',(-4.625E-1,0.E0,-1.5E0));
#5699=CARTESIAN_POINT('',(-5.375E-1,0.E0,-1.5E0));
#5700=VERTEX_POINT('',#5698);
#5701=VERTEX_POINT('',#5699);
#5702=CARTESIAN_POINT('',(-4.545E-1,0.E0,-1.475E0));
#5703=CARTESIAN_POINT('',(-5.455E-1,0.E0,-1.475E0));
#5704=VERTEX_POINT('',#5702);
#5705=VERTEX_POINT('',#5703);
#5706=CARTESIAN_POINT('',(0.E0,0.E0,-1.25E0));
#5707=DIRECTION('',(0.E0,0.E0,-1.E0));
#5708=DIRECTION('',(1.E0,0.E0,0.E0));
#5709=AXIS2_PLACEMENT_3D('',#5706,#5707,#5708);
#5710=PLANE('',#5709);
#5712=ORIENTED_EDGE('',*,*,#5711,.T.);
#5714=ORIENTED_EDGE('',*,*,#5713,.T.);
#5715=EDGE_LOOP('',(#5712,#5714));
#5716=FACE_OUTER_BOUND('',#5715,.F.);
#5718=CARTESIAN_POINT('',(-5.E-1,0.E0,-1.25E0));
#5719=DIRECTION('',(0.E0,0.E0,-1.E0));
#5720=DIRECTION('',(1.E0,0.E0,0.E0));
#5721=AXIS2_PLACEMENT_3D('',#5718,#5719,#5720);
#5722=CYLINDRICAL_SURFACE('',#5721,4.55E-2);
#5724=ORIENTED_EDGE('',*,*,#5723,.T.);
#5726=ORIENTED_EDGE('',*,*,#5725,.F.);
#5727=ORIENTED_EDGE('',*,*,#5711,.F.);
#5729=ORIENTED_EDGE('',*,*,#5728,.T.);
#5730=EDGE_LOOP('',(#5724,#5726,#5727,#5729));
#5731=FACE_OUTER_BOUND('',#5730,.F.);
#5733=CARTESIAN_POINT('',(0.E0,0.E0,-1.475E0));
#5734=DIRECTION('',(0.E0,0.E0,-1.E0));
#5735=DIRECTION('',(-1.E0,0.E0,0.E0));
#5736=AXIS2_PLACEMENT_3D('',#5733,#5734,#5735);
#5737=PLANE('',#5736);
#5738=ORIENTED_EDGE('',*,*,#5723,.F.);
#5740=ORIENTED_EDGE('',*,*,#5739,.F.);
#5741=EDGE_LOOP('',(#5738,#5740));
#5742=FACE_OUTER_BOUND('',#5741,.F.);
#5744=ORIENTED_EDGE('',*,*,#5743,.T.);
#5746=ORIENTED_EDGE('',*,*,#5745,.T.);
#5747=EDGE_LOOP('',(#5744,#5746));
#5748=FACE_BOUND('',#5747,.F.);
#5750=CARTESIAN_POINT('',(-5.E-1,0.E0,-1.5E0));
#5751=DIRECTION('',(0.E0,0.E0,-1.E0));
#5752=DIRECTION('',(-1.E0,0.E0,0.E0));
#5753=AXIS2_PLACEMENT_3D('',#5750,#5751,#5752);
#5754=CYLINDRICAL_SURFACE('',#5753,3.75E-2);
#5756=ORIENTED_EDGE('',*,*,#5755,.T.);
#5758=ORIENTED_EDGE('',*,*,#5757,.T.);
#5759=ORIENTED_EDGE('',*,*,#5743,.F.);
#5761=ORIENTED_EDGE('',*,*,#5760,.F.);
#5762=EDGE_LOOP('',(#5756,#5758,#5759,#5761));
#5763=FACE_OUTER_BOUND('',#5762,.F.);
#5765=CARTESIAN_POINT('',(0.E0,0.E0,-1.5E0));
#5766=DIRECTION('',(0.E0,0.E0,-1.E0));
#5767=DIRECTION('',(1.E0,0.E0,0.E0));
#5768=AXIS2_PLACEMENT_3D('',#5765,#5766,#5767);
#5769=PLANE('',#5768);
#5770=ORIENTED_EDGE('',*,*,#5755,.F.);
#5772=ORIENTED_EDGE('',*,*,#5771,.F.);
#5773=EDGE_LOOP('',(#5770,#5772));
#5774=FACE_OUTER_BOUND('',#5773,.F.);
#5776=CARTESIAN_POINT('',(-5.E-1,0.E0,-1.5E0));
#5777=DIRECTION('',(0.E0,0.E0,-1.E0));
#5778=DIRECTION('',(-1.E0,0.E0,0.E0));
#5779=AXIS2_PLACEMENT_3D('',#5776,#5777,#5778);
#5780=CYLINDRICAL_SURFACE('',#5779,3.75E-2);
#5781=ORIENTED_EDGE('',*,*,#5771,.T.);
#5782=ORIENTED_EDGE('',*,*,#5760,.T.);
#5783=ORIENTED_EDGE('',*,*,#5745,.F.);
#5784=ORIENTED_EDGE('',*,*,#5757,.F.);
#5785=EDGE_LOOP('',(#5781,#5782,#5783,#5784));
#5786=FACE_OUTER_BOUND('',#5785,.F.);
#5788=CARTESIAN_POINT('',(-5.E-1,0.E0,-1.25E0));
#5789=DIRECTION('',(0.E0,0.E0,-1.E0));
#5790=DIRECTION('',(1.E0,0.E0,0.E0));
#5791=AXIS2_PLACEMENT_3D('',#5788,#5789,#5790);
#5792=CYLINDRICAL_SURFACE('',#5791,4.55E-2);
#5793=ORIENTED_EDGE('',*,*,#5739,.T.);
#5794=ORIENTED_EDGE('',*,*,#5728,.F.);
#5795=ORIENTED_EDGE('',*,*,#5713,.F.);
#5796=ORIENTED_EDGE('',*,*,#5725,.T.);
#5797=EDGE_LOOP('',(#5793,#5794,#5795,#5796));
#5798=FACE_OUTER_BOUND('',#5797,.F.);
#5800=CLOSED_SHELL('',(#5717,#5732,#5749,#5764,#5775,#5787,#5799));
#5801=MANIFOLD_SOLID_BREP('',#5800);
#5802=CARTESIAN_POINT('',(5.E-1,0.E0,-1.25E0));
#5803=DIRECTION('',(0.E0,0.E0,-1.E0));
#5804=DIRECTION('',(1.E0,0.E0,0.E0));
#5805=AXIS2_PLACEMENT_3D('',#5802,#5803,#5804);
#5807=CARTESIAN_POINT('',(5.E-1,0.E0,-1.25E0));
#5808=DIRECTION('',(0.E0,0.E0,-1.E0));
#5809=DIRECTION('',(-1.E0,0.E0,0.E0));
#5810=AXIS2_PLACEMENT_3D('',#5807,#5808,#5809);
#5812=CARTESIAN_POINT('',(5.E-1,0.E0,-1.475E0));
#5813=DIRECTION('',(0.E0,0.E0,-1.E0));
#5814=DIRECTION('',(1.E0,0.E0,0.E0));
#5815=AXIS2_PLACEMENT_3D('',#5812,#5813,#5814);
#5817=DIRECTION('',(0.E0,0.E0,-1.E0));
#5818=VECTOR('',#5817,2.25E-1);
#5819=CARTESIAN_POINT('',(5.455E-1,0.E0,-1.25E0));
#5820=LINE('',#5819,#5818);
#5821=CARTESIAN_POINT('',(5.E-1,0.E0,-1.475E0));
#5822=DIRECTION('',(0.E0,0.E0,-1.E0));
#5823=DIRECTION('',(1.E0,0.E0,0.E0));
#5824=AXIS2_PLACEMENT_3D('',#5821,#5822,#5823);
#5826=CARTESIAN_POINT('',(5.E-1,0.E0,-1.475E0));
#5827=DIRECTION('',(0.E0,0.E0,-1.E0));
#5828=DIRECTION('',(-1.E0,0.E0,0.E0));
#5829=AXIS2_PLACEMENT_3D('',#5826,#5827,#5828);
#5831=DIRECTION('',(0.E0,0.E0,1.E0));
#5832=VECTOR('',#5831,2.5E-2);
#5833=CARTESIAN_POINT('',(4.625E-1,0.E0,-1.5E0));
#5834=LINE('',#5833,#5832);
#5835=CARTESIAN_POINT('',(5.E-1,0.E0,-1.5E0));
#5836=DIRECTION('',(0.E0,0.E0,-1.E0));
#5837=DIRECTION('',(1.E0,0.E0,0.E0));
#5838=AXIS2_PLACEMENT_3D('',#5835,#5836,#5837);
#5840=CARTESIAN_POINT('',(5.E-1,0.E0,-1.5E0));
#5841=DIRECTION('',(0.E0,0.E0,-1.E0));
#5842=DIRECTION('',(-1.E0,0.E0,0.E0));
#5843=AXIS2_PLACEMENT_3D('',#5840,#5841,#5842);
#5845=DIRECTION('',(0.E0,0.E0,1.E0));
#5846=VECTOR('',#5845,2.5E-2);
#5847=CARTESIAN_POINT('',(5.375E-1,0.E0,-1.5E0));
#5848=LINE('',#5847,#5846);
#5849=CARTESIAN_POINT('',(5.E-1,0.E0,-1.475E0));
#5850=DIRECTION('',(0.E0,0.E0,-1.E0));
#5851=DIRECTION('',(-1.E0,0.E0,0.E0));
#5852=AXIS2_PLACEMENT_3D('',#5849,#5850,#5851);
#5854=DIRECTION('',(0.E0,0.E0,-1.E0));
#5855=VECTOR('',#5854,2.25E-1);
#5856=CARTESIAN_POINT('',(4.545E-1,0.E0,-1.25E0));
#5857=LINE('',#5856,#5855);
#5858=CARTESIAN_POINT('',(5.455E-1,0.E0,-1.25E0));
#5859=CARTESIAN_POINT('',(4.545E-1,0.E0,-1.25E0));
#5860=VERTEX_POINT('',#5858);
#5861=VERTEX_POINT('',#5859);
#5862=CARTESIAN_POINT('',(5.375E-1,0.E0,-1.475E0));
#5863=CARTESIAN_POINT('',(4.625E-1,0.E0,-1.475E0));
#5864=VERTEX_POINT('',#5862);
#5865=VERTEX_POINT('',#5863);
#5866=CARTESIAN_POINT('',(5.375E-1,0.E0,-1.5E0));
#5867=CARTESIAN_POINT('',(4.625E-1,0.E0,-1.5E0));
#5868=VERTEX_POINT('',#5866);
#5869=VERTEX_POINT('',#5867);
#5870=CARTESIAN_POINT('',(5.455E-1,0.E0,-1.475E0));
#5871=CARTESIAN_POINT('',(4.545E-1,0.E0,-1.475E0));
#5872=VERTEX_POINT('',#5870);
#5873=VERTEX_POINT('',#5871);
#5874=CARTESIAN_POINT('',(0.E0,0.E0,-1.25E0));
#5875=DIRECTION('',(0.E0,0.E0,-1.E0));
#5876=DIRECTION('',(1.E0,0.E0,0.E0));
#5877=AXIS2_PLACEMENT_3D('',#5874,#5875,#5876);
#5878=PLANE('',#5877);
#5880=ORIENTED_EDGE('',*,*,#5879,.T.);
#5882=ORIENTED_EDGE('',*,*,#5881,.T.);
#5883=EDGE_LOOP('',(#5880,#5882));
#5884=FACE_OUTER_BOUND('',#5883,.F.);
#5886=CARTESIAN_POINT('',(5.E-1,0.E0,-1.25E0));
#5887=DIRECTION('',(0.E0,0.E0,-1.E0));
#5888=DIRECTION('',(1.E0,0.E0,0.E0));
#5889=AXIS2_PLACEMENT_3D('',#5886,#5887,#5888);
#5890=CYLINDRICAL_SURFACE('',#5889,4.55E-2);
#5892=ORIENTED_EDGE('',*,*,#5891,.T.);
#5894=ORIENTED_EDGE('',*,*,#5893,.F.);
#5895=ORIENTED_EDGE('',*,*,#5879,.F.);
#5897=ORIENTED_EDGE('',*,*,#5896,.T.);
#5898=EDGE_LOOP('',(#5892,#5894,#5895,#5897));
#5899=FACE_OUTER_BOUND('',#5898,.F.);
#5901=CARTESIAN_POINT('',(0.E0,0.E0,-1.475E0));
#5902=DIRECTION('',(0.E0,0.E0,-1.E0));
#5903=DIRECTION('',(-1.E0,0.E0,0.E0));
#5904=AXIS2_PLACEMENT_3D('',#5901,#5902,#5903);
#5905=PLANE('',#5904);
#5906=ORIENTED_EDGE('',*,*,#5891,.F.);
#5908=ORIENTED_EDGE('',*,*,#5907,.F.);
#5909=EDGE_LOOP('',(#5906,#5908));
#5910=FACE_OUTER_BOUND('',#5909,.F.);
#5912=ORIENTED_EDGE('',*,*,#5911,.T.);
#5914=ORIENTED_EDGE('',*,*,#5913,.T.);
#5915=EDGE_LOOP('',(#5912,#5914));
#5916=FACE_BOUND('',#5915,.F.);
#5918=CARTESIAN_POINT('',(5.E-1,0.E0,-1.5E0));
#5919=DIRECTION('',(0.E0,0.E0,-1.E0));
#5920=DIRECTION('',(-1.E0,0.E0,0.E0));
#5921=AXIS2_PLACEMENT_3D('',#5918,#5919,#5920);
#5922=CYLINDRICAL_SURFACE('',#5921,3.75E-2);
#5924=ORIENTED_EDGE('',*,*,#5923,.T.);
#5926=ORIENTED_EDGE('',*,*,#5925,.T.);
#5927=ORIENTED_EDGE('',*,*,#5911,.F.);
#5929=ORIENTED_EDGE('',*,*,#5928,.F.);
#5930=EDGE_LOOP('',(#5924,#5926,#5927,#5929));
#5931=FACE_OUTER_BOUND('',#5930,.F.);
#5933=CARTESIAN_POINT('',(0.E0,0.E0,-1.5E0));
#5934=DIRECTION('',(0.E0,0.E0,-1.E0));
#5935=DIRECTION('',(1.E0,0.E0,0.E0));
#5936=AXIS2_PLACEMENT_3D('',#5933,#5934,#5935);
#5937=PLANE('',#5936);
#5938=ORIENTED_EDGE('',*,*,#5923,.F.);
#5940=ORIENTED_EDGE('',*,*,#5939,.F.);
#5941=EDGE_LOOP('',(#5938,#5940));
#5942=FACE_OUTER_BOUND('',#5941,.F.);
#5944=CARTESIAN_POINT('',(5.E-1,0.E0,-1.5E0));
#5945=DIRECTION('',(0.E0,0.E0,-1.E0));
#5946=DIRECTION('',(-1.E0,0.E0,0.E0));
#5947=AXIS2_PLACEMENT_3D('',#5944,#5945,#5946);
#5948=CYLINDRICAL_SURFACE('',#5947,3.75E-2);
#5949=ORIENTED_EDGE('',*,*,#5939,.T.);
#5950=ORIENTED_EDGE('',*,*,#5928,.T.);
#5951=ORIENTED_EDGE('',*,*,#5913,.F.);
#5952=ORIENTED_EDGE('',*,*,#5925,.F.);
#5953=EDGE_LOOP('',(#5949,#5950,#5951,#5952));
#5954=FACE_OUTER_BOUND('',#5953,.F.);
#5956=CARTESIAN_POINT('',(5.E-1,0.E0,-1.25E0));
#5957=DIRECTION('',(0.E0,0.E0,-1.E0));
#5958=DIRECTION('',(1.E0,0.E0,0.E0));
#5959=AXIS2_PLACEMENT_3D('',#5956,#5957,#5958);
#5960=CYLINDRICAL_SURFACE('',#5959,4.55E-2);
#5961=ORIENTED_EDGE('',*,*,#5907,.T.);
#5962=ORIENTED_EDGE('',*,*,#5896,.F.);
#5963=ORIENTED_EDGE('',*,*,#5881,.F.);
#5964=ORIENTED_EDGE('',*,*,#5893,.T.);
#5965=EDGE_LOOP('',(#5961,#5962,#5963,#5964));
#5966=FACE_OUTER_BOUND('',#5965,.F.);
#5968=CLOSED_SHELL('',(#5885,#5900,#5917,#5932,#5943,#5955,#5967));
#5969=MANIFOLD_SOLID_BREP('',#5968);
#5970=CARTESIAN_POINT('',(0.E0,0.E0,0.E0));
#5971=DIRECTION('',(1.E0,0.E0,0.E0));
#5972=DIRECTION('',(0.E0,1.E0,0.E0));
#5973=AXIS2_PLACEMENT_3D('',#5970,#5971,#5972);
#5974=PLANE('RIGHT',#5973);
#5975=CARTESIAN_POINT('',(0.E0,0.E0,0.E0));
#5976=DIRECTION('',(0.E0,1.E0,0.E0));
#5977=DIRECTION('',(0.E0,0.E0,1.E0));
#5978=AXIS2_PLACEMENT_3D('',#5975,#5976,#5977);
#5979=PLANE('TOP',#5978);
#5980=CARTESIAN_POINT('',(0.E0,0.E0,0.E0));
#5981=DIRECTION('',(0.E0,0.E0,1.E0));
#5982=DIRECTION('',(1.E0,0.E0,0.E0));
#5983=AXIS2_PLACEMENT_3D('',#5980,#5981,#5982);
#5984=PLANE('FRONT',#5983);
#5985=CARTESIAN_POINT('',(0.E0,0.E0,0.E0));
#5986=DIRECTION('',(0.E0,0.E0,1.E0));
#5987=DIRECTION('',(1.E0,0.E0,0.E0));
#5988=AXIS2_PLACEMENT_3D('PRT_CSYS_DEF',#5985,#5986,#5987);
#5989=DRAUGHTING_PRE_DEFINED_CURVE_FONT('continuous');
#5990=CURVE_STYLE('',#5989,POSITIVE_LENGTH_MEASURE(2.E-2),#6);
#5991=PRESENTATION_STYLE_ASSIGNMENT((#5990));
#5992=STYLED_ITEM('',(#5991),#5988);
#5993=DIRECTION('',(0.E0,0.E0,1.E0));
#5994=VECTOR('',#5993,2.5E0);
#5995=CARTESIAN_POINT('',(-5.E-1,0.E0,-1.25E0));
#5996=LINE('',#5995,#5994);
#5998=CURVE_STYLE('',#5989,POSITIVE_LENGTH_MEASURE(2.E-2),#1);
#5999=PRESENTATION_STYLE_ASSIGNMENT((#5998));
#6000=STYLED_ITEM('',(#5999),#5997);
#6001=DIRECTION('',(0.E0,0.E0,-1.E0));
#6002=VECTOR('',#6001,2.5E0);
#6003=CARTESIAN_POINT('',(5.E-1,0.E0,1.25E0));
#6004=LINE('',#6003,#6002);
#6006=CURVE_STYLE('',#5989,POSITIVE_LENGTH_MEASURE(2.E-2),#1);
#6007=PRESENTATION_STYLE_ASSIGNMENT((#6006));
#6008=STYLED_ITEM('',(#6007),#6005);
#6009=DIRECTION('',(0.E0,-1.E0,0.E0));
#6010=VECTOR('',#6009,6.E-2);
#6011=CARTESIAN_POINT('',(0.E0,6.E-2,-5.E-1));
#6012=LINE('',#6011,#6010);
#6014=CURVE_STYLE('',#5989,POSITIVE_LENGTH_MEASURE(2.E-2),#1);
#6015=PRESENTATION_STYLE_ASSIGNMENT((#6014));
#6016=STYLED_ITEM('',(#6015),#6013);
#6017=DIRECTION('',(0.E0,0.E0,-1.E0));
#6018=VECTOR('',#6017,2.25E-1);
#6019=CARTESIAN_POINT('',(-5.E-1,0.E0,-1.25E0));
#6020=LINE('',#6019,#6018);
#6022=CURVE_STYLE('',#5989,POSITIVE_LENGTH_MEASURE(2.E-2),#1);
#6023=PRESENTATION_STYLE_ASSIGNMENT((#6022));
#6024=STYLED_ITEM('',(#6023),#6021);
#6025=DIRECTION('',(0.E0,0.E0,-1.E0));
#6026=VECTOR('',#6025,2.25E-1);
#6027=CARTESIAN_POINT('',(5.E-1,0.E0,-1.25E0));
#6028=LINE('',#6027,#6026);
#6030=CURVE_STYLE('',#5989,POSITIVE_LENGTH_MEASURE(2.E-2),#1);
#6031=PRESENTATION_STYLE_ASSIGNMENT((#6030));
#6032=STYLED_ITEM('',(#6031),#6029);
#6033=DIRECTION('',(0.E0,0.E0,-1.E0));
#6034=VECTOR('',#6033,2.5E-2);
#6035=CARTESIAN_POINT('',(5.E-1,0.E0,-1.475E0));
#6036=LINE('',#6035,#6034);
#6038=CURVE_STYLE('',#5989,POSITIVE_LENGTH_MEASURE(2.E-2),#1);
#6039=PRESENTATION_STYLE_ASSIGNMENT((#6038));
#6040=STYLED_ITEM('',(#6039),#6037);
#6041=DIRECTION('',(0.E0,0.E0,-1.E0));
#6042=VECTOR('',#6041,2.5E-2);
#6043=CARTESIAN_POINT('',(-5.E-1,0.E0,-1.475E0));
#6044=LINE('',#6043,#6042);
#6046=CURVE_STYLE('',#5989,POSITIVE_LENGTH_MEASURE(2.E-2),#1);
#6047=PRESENTATION_STYLE_ASSIGNMENT((#6046));
#6048=STYLED_ITEM('',(#6047),#6045);
#6049=PRESENTATION_LAYER_ASSIGNMENT('01___PRT_ALL_DTM_PLN','',(#5974,#5979,
#5984));
#6050=PRESENTATION_LAYER_ASSIGNMENT('01___PRT_DEF_DTM_PLN','',(#5974,#5979,
#5984));
#6051=PRESENTATION_LAYER_ASSIGNMENT('02___PRT_ALL_AXES','',(#5997,#6005,#6013,
#6021,#6029,#6037,#6045));
#6052=PRESENTATION_LAYER_ASSIGNMENT('05___PRT_ALL_DTM_CSYS','',(#5988));
#6053=PRESENTATION_LAYER_ASSIGNMENT('05___PRT_DEF_DTM_CSYS','',(#5988));
#6055=LENGTH_MEASURE_WITH_UNIT(LENGTH_MEASURE(2.54E1),#6054);
#6056=(CONVERSION_BASED_UNIT('INCH',#6055)LENGTH_UNIT()NAMED_UNIT(*));
#6058=PLANE_ANGLE_MEASURE_WITH_UNIT(PLANE_ANGLE_MEASURE(1.745329251994E-2),
#6057);
#6059=(CONVERSION_BASED_UNIT('DEGREE',#6058)NAMED_UNIT(*)PLANE_ANGLE_UNIT());
#6061=UNCERTAINTY_MEASURE_WITH_UNIT(LENGTH_MEASURE(3.353282031979E-4),#6056,
'distance_accuracy_value',
'Maximum model space distance between geometric entities at asserted connectivities');
#6065=CARTESIAN_POINT('',(0.E0,0.E0,0.E0));
#6066=DIRECTION('',(0.E0,0.E0,1.E0));
#6067=DIRECTION('',(1.E0,0.E0,0.E0));
#6070=SHAPE_REPRESENTATION_RELATIONSHIP('','',#6069,#6063);
#6071=CONSTRUCTIVE_GEOMETRY_REPRESENTATION_RELATIONSHIP('','',#6069,#6064);
#6072=MECHANICAL_DESIGN_GEOMETRIC_PRESENTATION_REPRESENTATION('',(#5992,#6000,
#6008,#6016,#6024,#6032,#6040,#6048),#6062);
#6073=APPLICATION_CONTEXT('automotive_design');
#6074=APPLICATION_PROTOCOL_DEFINITION('international standard',
'automotive_design',2001,#6073);
#6075=PRODUCT_DEFINITION_CONTEXT('part definition',#6073,'design');
#6076=PRODUCT_CONTEXT('',#6073,'mechanical');
#6077=PRODUCT('RA-T2X-64E','RA-T2X-64E','NOT SPECIFIED',(#6076));
#6078=PRODUCT_DEFINITION_FORMATION('2','LAST_VERSION',#6077);
#6086=LENGTH_MEASURE_WITH_UNIT(LENGTH_MEASURE(2.54E1),#6085);
#6087=(CONVERSION_BASED_UNIT('INCH',#6086)LENGTH_UNIT()NAMED_UNIT(*));
#6088=DERIVED_UNIT_ELEMENT(#6087,2.E0);
#6089=DERIVED_UNIT((#6088));
#6090=MEASURE_REPRESENTATION_ITEM('surface area measure',AREA_MEASURE(
3.352449488706E1),#6089);
#6095=LENGTH_MEASURE_WITH_UNIT(LENGTH_MEASURE(2.54E1),#6094);
#6096=(CONVERSION_BASED_UNIT('INCH',#6095)LENGTH_UNIT()NAMED_UNIT(*));
#6097=DERIVED_UNIT_ELEMENT(#6096,3.E0);
#6098=DERIVED_UNIT((#6097));
#6099=MEASURE_REPRESENTATION_ITEM('volume measure',VOLUME_MEASURE(
1.478990654767E0),#6098);
#6103=CARTESIAN_POINT('centre point',(3.314534952706E-10,4.971538293529E-2,
-2.606136122416E-3));
#6108=LENGTH_MEASURE_WITH_UNIT(LENGTH_MEASURE(2.54E1),#6107);
#6109=(CONVERSION_BASED_UNIT('INCH',#6108)LENGTH_UNIT()NAMED_UNIT(*));
#6110=DERIVED_UNIT_ELEMENT(#6109,2.E0);
#6111=DERIVED_UNIT((#6110));
#6112=MEASURE_REPRESENTATION_ITEM('surface area measure',AREA_MEASURE(
3.352449488706E1),#6111);
#6117=LENGTH_MEASURE_WITH_UNIT(LENGTH_MEASURE(2.54E1),#6116);
#6118=(CONVERSION_BASED_UNIT('INCH',#6117)LENGTH_UNIT()NAMED_UNIT(*));
#6119=DERIVED_UNIT_ELEMENT(#6118,3.E0);
#6120=DERIVED_UNIT((#6119));
#6121=MEASURE_REPRESENTATION_ITEM('volume measure',VOLUME_MEASURE(
1.478990654767E0),#6120);
#6125=CARTESIAN_POINT('centre point',(3.314534952706E-10,4.971538293529E-2,
-2.606136122416E-3));
#6130=PRODUCT_RELATED_PRODUCT_CATEGORY('part','',(#6077));
#6131=(GEOMETRIC_REPRESENTATION_CONTEXT(2)PARAMETRIC_REPRESENTATION_CONTEXT()REPRESENTATION_CONTEXT('2D coordinate system context','2'));
#6132=DRAUGHTING_MODEL('Default',(#6144,#6145,#6161),#6131);
#6133=PRESENTATION_VIEW('Default',(#6152,#6165),#6131);
#6134=CARTESIAN_POINT('',(0.E0,0.E0,0.E0));
#6135=CARTESIAN_POINT('',(-1.885793936029E0,-1.614685472122E0,
6.742403372637E0));
#6136=DIRECTION('',(0.E0,0.E0,1.E0));
#6137=DIRECTION('',(1.E0,0.E0,0.E0));
#6138=AXIS2_PLACEMENT_3D('',#6135,#6136,#6137);
#6140=VIEW_VOLUME(.PARALLEL.,#6134,6.742403372637E0,6.742403372637E0,.T.,0.E0,
.F.,.T.,#6139);
#6141=CARTESIAN_POINT('',(3.218457203385E0,2.574278161347E0,5.885410466601E0));
#6142=DIRECTION('',(5.773519922467E-1,5.773420154653E-1,5.773567997583E-1));
#6143=DIRECTION('',(7.071097251470E-1,0.E0,-7.071038372139E-1));
#6144=AXIS2_PLACEMENT_3D('',#6141,#6142,#6143);
#6145=CAMERA_MODEL_D3_WITH_HLHSR('DEFAULT',#6144,#6140,.F.);
#6147=CARTESIAN_POINT('',(-4.776140235736E2,-4.089505276328E2,
1.707644903208E3));
#6148=DIRECTION('',(0.E0,0.E0,1.E0));
#6149=DIRECTION('',(1.E0,0.E0,0.E0));
#6150=AXIS2_PLACEMENT_3D('',#6147,#6148,#6149);
#6152=(CAMERA_IMAGE()CAMERA_IMAGE_3D_WITH_SCALE()GEOMETRIC_REPRESENTATION_ITEM()MAPPED_ITEM(#6146,#6151)REPRESENTATION_ITEM(''));
#6153=CARTESIAN_POINT('',(-1.885793936029E0,-1.614685472122E0,
6.742403372637E0));
#6154=DIRECTION('',(0.E0,0.E0,1.E0));
#6155=DIRECTION('',(1.E0,0.E0,0.E0));
#6156=AXIS2_PLACEMENT_3D('',#6153,#6154,#6155);
#6157=REPRESENTATION_MAP(#6156,#6069);
#6158=CARTESIAN_POINT('',(0.E0,0.E0));
#6159=DIRECTION('',(1.E0,0.E0));
#6160=AXIS2_PLACEMENT_2D('',#6158,#6159);
#6161=MAPPED_ITEM('',#6157,#6160);
#6162=CARTESIAN_POINT('',(-1.885793936029E0,-1.614685472122E0,
6.742403372637E0));
#6163=DIRECTION('',(0.E0,0.E0,1.E0));
#6164=DIRECTION('',(1.E0,0.E0,0.E0));
#6165=AXIS2_PLACEMENT_3D('',#6162,#6163,#6164);
#6166=REPRESENTATION_MAP(#6165,#6133);
#6167=CARTESIAN_POINT('',(0.E0,0.E0));
#6168=DIRECTION('',(1.E0,0.E0));
#6169=AXIS2_PLACEMENT_2D('',#6167,#6168);
#6170=MAPPED_ITEM('',#6166,#6169);
#6172=CARTESIAN_POINT('',(0.E0,0.E0));
#6173=DIRECTION('',(1.E0,0.E0));
#6174=AXIS2_PLACEMENT_2D('',#6172,#6173);
#6175=PLANAR_BOX('',1.E3,8.4375E2,#6174);
#6176=PRESENTATION_SIZE(#6171,#6175);
#6177=PRESENTATION_SET();
#6178=AREA_IN_SET(#6171,#6177);
#6180=GENERAL_PROPERTY('','DESCRIPTION','user defined attribute');
#6181=GENERAL_PROPERTY_ASSOCIATION('user defined attribute','',#6180,#6179);
#6182=DESCRIPTIVE_REPRESENTATION_ITEM('DESCRIPTION','');
#6186=GENERAL_PROPERTY('','MODELED_BY','user defined attribute');
#6187=GENERAL_PROPERTY_ASSOCIATION('user defined attribute','',#6186,#6185);
#6188=DESCRIPTIVE_REPRESENTATION_ITEM('MODELED_BY','');
#6191=APPLIED_PRESENTED_ITEM((#6079));
#6192=PRESENTED_ITEM_REPRESENTATION(#6177,#6191);
#1=COLOUR_RGB('',0.E0,0.E0,9.411764705882E-1);
#2=DRAUGHTING_PRE_DEFINED_COLOUR('green');
#3=COLOUR_RGB('',1.1E-2,1.2E-2,1.E0);
#4=COLOUR_RGB('',4.1E-1,2.61589E-1,1.12848E-1);
#5=COLOUR_RGB('',5.04854E-1,1.5455E-2,1.5455E-2);
#6=COLOUR_RGB('',6.E-1,4.E-1,2.E-1);
#7=COLOUR_RGB('',6.35294E-1,6.86275E-1,7.4902E-1);
#8=COLOUR_RGB('',6.40777E-1,6.40777E-1,6.40777E-1);
#9=COLOUR_RGB('',6.69062E-1,6.69903E-1,6.55217E-1);
#10=COLOUR_RGB('',9.21569E-1,7.05882E-1,4.70588E-1);
#11=DRAUGHTING_PRE_DEFINED_COLOUR('red');
#12=DRAUGHTING_PRE_DEFINED_COLOUR('yellow');
#13=COLOUR_RGB('',1.E0,1.E0,5.3E-1);
#14=COLOUR_RGB('',1.E0,1.E0,9.49E-1);
#15=DRAUGHTING_PRE_DEFINED_COLOUR('white');
#36=CIRCLE('',#35,2.3E-2);
#45=CIRCLE('',#44,2.3E-2);
#58=CIRCLE('',#57,2.3E-2);
#67=CIRCLE('',#66,2.3E-2);
#80=CIRCLE('',#79,2.3E-2);
#89=CIRCLE('',#88,2.3E-2);
#102=CIRCLE('',#101,2.3E-2);
#111=CIRCLE('',#110,2.3E-2);
#120=CIRCLE('',#119,2.E-2);
#129=CIRCLE('',#128,2.3E-2);
#138=CIRCLE('',#137,2.3E-2);
#147=CIRCLE('',#146,3.5E-2);
#156=CIRCLE('',#155,2.3E-2);
#165=CIRCLE('',#164,2.3E-2);
#182=CIRCLE('',#181,2.3E-2);
#191=CIRCLE('',#190,2.3E-2);
#200=CIRCLE('',#199,3.5E-2);
#209=CIRCLE('',#208,2.3E-2);
#218=CIRCLE('',#217,2.3E-2);
#227=CIRCLE('',#226,2.E-2);
#236=CIRCLE('',#235,2.3E-2);
#245=CIRCLE('',#244,2.3E-2);
#258=CIRCLE('',#257,2.3E-2);
#267=CIRCLE('',#266,2.3E-2);
#280=CIRCLE('',#279,2.3E-2);
#289=CIRCLE('',#288,2.3E-2);
#302=CIRCLE('',#301,2.3E-2);
#311=CIRCLE('',#310,2.3E-2);
#324=CIRCLE('',#323,2.3E-2);
#333=CIRCLE('',#332,2.3E-2);
#342=CIRCLE('',#341,2.E-2);
#351=CIRCLE('',#350,2.3E-2);
#360=CIRCLE('',#359,2.3E-2);
#369=CIRCLE('',#368,3.5E-2);
#378=CIRCLE('',#377,2.3E-2);
#387=CIRCLE('',#386,2.3E-2);
#404=CIRCLE('',#403,2.3E-2);
#413=CIRCLE('',#412,2.3E-2);
#430=CIRCLE('',#429,2.3E-2);
#439=CIRCLE('',#438,2.3E-2);
#456=CIRCLE('',#455,2.3E-2);
#465=CIRCLE('',#464,2.3E-2);
#482=CIRCLE('',#481,2.3E-2);
#491=CIRCLE('',#490,2.3E-2);
#508=CIRCLE('',#507,2.3E-2);
#517=CIRCLE('',#516,2.3E-2);
#526=CIRCLE('',#525,3.5E-2);
#535=CIRCLE('',#534,2.3E-2);
#544=CIRCLE('',#543,2.3E-2);
#553=CIRCLE('',#552,2.E-2);
#562=CIRCLE('',#561,2.3E-2);
#571=CIRCLE('',#570,2.3E-2);
#584=CIRCLE('',#583,3.5E-2);
#589=CIRCLE('',#588,3.5E-2);
#598=CIRCLE('',#597,1.56E-1);
#603=CIRCLE('',#602,1.56E-1);
#612=CIRCLE('',#611,2.3E-2);
#621=CIRCLE('',#620,2.3E-2);
#630=CIRCLE('',#629,2.E-2);
#639=CIRCLE('',#638,2.3E-2);
#648=CIRCLE('',#647,2.3E-2);
#657=CIRCLE('',#656,3.5E-2);
#666=CIRCLE('',#665,2.3E-2);
#675=CIRCLE('',#674,2.3E-2);
#692=CIRCLE('',#691,2.3E-2);
#701=CIRCLE('',#700,2.3E-2);
#718=CIRCLE('',#717,2.3E-2);
#727=CIRCLE('',#726,2.3E-2);
#744=CIRCLE('',#743,2.3E-2);
#753=CIRCLE('',#752,2.3E-2);
#770=CIRCLE('',#769,2.3E-2);
#779=CIRCLE('',#778,2.3E-2);
#796=CIRCLE('',#795,2.3E-2);
#805=CIRCLE('',#804,2.3E-2);
#814=CIRCLE('',#813,3.5E-2);
#823=CIRCLE('',#822,2.3E-2);
#832=CIRCLE('',#831,2.3E-2);
#841=CIRCLE('',#840,2.E-2);
#850=CIRCLE('',#849,2.3E-2);
#859=CIRCLE('',#858,2.3E-2);
#872=CIRCLE('',#871,2.3E-2);
#881=CIRCLE('',#880,2.3E-2);
#894=CIRCLE('',#893,2.3E-2);
#903=CIRCLE('',#902,2.3E-2);
#916=CIRCLE('',#915,2.3E-2);
#925=CIRCLE('',#924,2.3E-2);
#938=CIRCLE('',#937,2.3E-2);
#947=CIRCLE('',#946,2.3E-2);
#956=CIRCLE('',#955,2.E-2);
#965=CIRCLE('',#964,2.3E-2);
#974=CIRCLE('',#973,2.3E-2);
#983=CIRCLE('',#982,3.5E-2);
#992=CIRCLE('',#991,2.3E-2);
#1001=CIRCLE('',#1000,2.3E-2);
#1018=CIRCLE('',#1017,2.3E-2);
#1027=CIRCLE('',#1026,2.3E-2);
#1036=CIRCLE('',#1035,3.5E-2);
#1045=CIRCLE('',#1044,2.3E-2);
#1054=CIRCLE('',#1053,2.3E-2);
#1063=CIRCLE('',#1062,2.E-2);
#1072=CIRCLE('',#1071,2.3E-2);
#1081=CIRCLE('',#1080,2.3E-2);
#1094=CIRCLE('',#1093,2.3E-2);
#1103=CIRCLE('',#1102,2.3E-2);
#1116=CIRCLE('',#1115,2.3E-2);
#1125=CIRCLE('',#1124,2.3E-2);
#1138=CIRCLE('',#1137,2.3E-2);
#1147=CIRCLE('',#1146,2.3E-2);
#1208=CIRCLE('',#1207,1.56E-1);
#1213=CIRCLE('',#1212,1.56E-1);
#1270=CIRCLE('',#1269,1.56E-1);
#1275=CIRCLE('',#1274,1.56E-1);
#1296=CIRCLE('',#1295,4.E-2);
#1301=CIRCLE('',#1300,4.E-2);
#1314=CIRCLE('',#1313,4.E-2);
#1319=CIRCLE('',#1318,4.E-2);
#1340=CIRCLE('',#1339,4.E-2);
#1345=CIRCLE('',#1344,4.E-2);
#1358=CIRCLE('',#1357,4.E-2);
#1363=CIRCLE('',#1362,4.E-2);
#1384=CIRCLE('',#1383,7.E-2);
#1389=CIRCLE('',#1388,7.E-2);
#1446=CIRCLE('',#1445,1.56E-1);
#1451=CIRCLE('',#1450,1.56E-1);
#1512=CIRCLE('',#1511,3.5E-2);
#1517=CIRCLE('',#1516,3.5E-2);
#1526=CIRCLE('',#1525,1.56E-1);
#1531=CIRCLE('',#1530,1.56E-1);
#1556=CIRCLE('',#1555,1.56E-1);
#1561=CIRCLE('',#1560,1.56E-1);
#1566=CIRCLE('',#1565,2.E-2);
#1571=CIRCLE('',#1570,2.E-2);
#1580=CIRCLE('',#1579,1.56E-1);
#1585=CIRCLE('',#1584,1.56E-1);
#1610=CIRCLE('',#1609,1.56E-1);
#1615=CIRCLE('',#1614,1.56E-1);
#1652=CIRCLE('',#1651,4.55E-2);
#1657=CIRCLE('',#1656,4.55E-2);
#1670=CIRCLE('',#1669,7.E-2);
#1675=CIRCLE('',#1674,7.E-2);
#1680=CIRCLE('',#1679,4.55E-2);
#1685=CIRCLE('',#1684,4.55E-2);
#1726=CIRCLE('',#1725,1.56E-1);
#1731=CIRCLE('',#1730,1.56E-1);
#1756=CIRCLE('',#1755,1.56E-1);
#1761=CIRCLE('',#1760,1.56E-1);
#1794=CIRCLE('',#1793,1.56E-1);
#1799=CIRCLE('',#1798,1.56E-1);
#1820=CIRCLE('',#1819,3.5E-2);
#1825=CIRCLE('',#1824,3.5E-2);
#1834=CIRCLE('',#1833,1.56E-1);
#1839=CIRCLE('',#1838,1.56E-1);
#1864=CIRCLE('',#1863,1.56E-1);
#1869=CIRCLE('',#1868,1.56E-1);
#1874=CIRCLE('',#1873,2.E-2);
#1879=CIRCLE('',#1878,2.E-2);
#1888=CIRCLE('',#1887,1.56E-1);
#1893=CIRCLE('',#1892,1.56E-1);
#1918=CIRCLE('',#1917,1.56E-1);
#1923=CIRCLE('',#1922,1.56E-1);
#1944=CIRCLE('',#1943,4.E-2);
#1949=CIRCLE('',#1948,4.E-2);
#1962=CIRCLE('',#1961,4.E-2);
#1967=CIRCLE('',#1966,4.E-2);
#1988=CIRCLE('',#1987,4.E-2);
#1993=CIRCLE('',#1992,4.E-2);
#2006=CIRCLE('',#2005,4.E-2);
#2011=CIRCLE('',#2010,4.E-2);
#2044=CIRCLE('',#2043,1.56E-1);
#2049=CIRCLE('',#2048,1.56E-1);
#2054=CIRCLE('',#2053,2.E-2);
#2059=CIRCLE('',#2058,2.E-2);
#2068=CIRCLE('',#2067,1.56E-1);
#2073=CIRCLE('',#2072,1.56E-1);
#2086=CIRCLE('',#2085,3.5E-2);
#2091=CIRCLE('',#2090,3.5E-2);
#2100=CIRCLE('',#2099,1.56E-1);
#2105=CIRCLE('',#2104,1.56E-1);
#2130=CIRCLE('',#2129,1.56E-1);
#2135=CIRCLE('',#2134,1.56E-1);
#2140=CIRCLE('',#2139,2.E-2);
#2145=CIRCLE('',#2144,2.E-2);
#2154=CIRCLE('',#2153,1.56E-1);
#2159=CIRCLE('',#2158,1.56E-1);
#2829=EDGE_CURVE('',#2741,#2739,#19,.T.);
#2831=EDGE_CURVE('',#2739,#2575,#53,.T.);
#2833=EDGE_CURVE('',#2574,#2575,#23,.T.);
#2835=EDGE_CURVE('',#2741,#2574,#1129,.T.);
#2839=ADVANCED_FACE('',(#2838),#2828,.T.);
#2845=EDGE_CURVE('',#2738,#2739,#58,.T.);
#2848=EDGE_CURVE('',#2741,#2743,#1125,.T.);
#2850=EDGE_CURVE('',#2743,#2738,#1191,.T.);
#2854=ADVANCED_FACE('',(#2853),#2844,.T.);
#2860=EDGE_CURVE('',#2766,#2589,#27,.T.);
#2862=EDGE_CURVE('',#2762,#2766,#584,.T.);
#2864=EDGE_CURVE('',#2507,#2762,#603,.T.);
#2866=EDGE_CURVE('',#2667,#2507,#31,.T.);
#2868=EDGE_CURVE('',#2666,#2667,#36,.T.);
#2870=EDGE_CURVE('',#2751,#2666,#40,.T.);
#2872=EDGE_CURVE('',#2749,#2751,#45,.T.);
#2874=EDGE_CURVE('',#2571,#2749,#49,.T.);
#2876=EDGE_CURVE('',#2795,#2571,#2044,.T.);
#2878=EDGE_CURVE('',#2799,#2795,#2059,.T.);
#2880=EDGE_CURVE('',#2575,#2799,#2073,.T.);
#2884=EDGE_CURVE('',#2735,#2738,#62,.T.);
#2886=EDGE_CURVE('',#2733,#2735,#67,.T.);
#2888=EDGE_CURVE('',#2733,#2567,#71,.T.);
#2890=EDGE_CURVE('',#2806,#2567,#2154,.T.);
#2892=EDGE_CURVE('',#2802,#2806,#2140,.T.);
#2894=EDGE_CURVE('',#2563,#2802,#2135,.T.);
#2896=EDGE_CURVE('',#2723,#2563,#75,.T.);
#2898=EDGE_CURVE('',#2722,#2723,#80,.T.);
#2900=EDGE_CURVE('',#2719,#2722,#84,.T.);
#2902=EDGE_CURVE('',#2717,#2719,#89,.T.);
#2904=EDGE_CURVE('',#2559,#2717,#93,.T.);
#2906=EDGE_CURVE('',#2774,#2559,#2100,.T.);
#2908=EDGE_CURVE('',#2770,#2774,#2086,.T.);
#2910=EDGE_CURVE('',#2707,#2770,#97,.T.);
#2912=EDGE_CURVE('',#2706,#2707,#102,.T.);
#2914=EDGE_CURVE('',#2703,#2706,#106,.T.);
#2916=EDGE_CURVE('',#2701,#2703,#111,.T.);
#2918=EDGE_CURVE('',#2810,#2701,#115,.T.);
#2920=EDGE_CURVE('',#2810,#2814,#120,.T.);
#2922=EDGE_CURVE('',#2555,#2814,#1761,.T.);
#2924=EDGE_CURVE('',#2691,#2555,#124,.T.);
#2926=EDGE_CURVE('',#2690,#2691,#129,.T.);
#2928=EDGE_CURVE('',#2687,#2690,#133,.T.);
#2930=EDGE_CURVE('',#2685,#2687,#138,.T.);
#2932=EDGE_CURVE('',#2778,#2685,#142,.T.);
#2934=EDGE_CURVE('',#2778,#2782,#147,.T.);
#2936=EDGE_CURVE('',#2551,#2782,#1731,.T.);
#2938=EDGE_CURVE('',#2675,#2551,#151,.T.);
#2940=EDGE_CURVE('',#2674,#2675,#156,.T.);
#2942=EDGE_CURVE('',#2583,#2674,#160,.T.);
#2944=EDGE_CURVE('',#2581,#2583,#165,.T.);
#2946=EDGE_CURVE('',#2502,#2581,#169,.T.);
#2948=EDGE_CURVE('',#2498,#2502,#1680,.T.);
#2950=EDGE_CURVE('',#2183,#2498,#173,.T.);
#2952=EDGE_CURVE('',#2179,#2183,#1657,.T.);
#2954=EDGE_CURVE('',#2263,#2179,#177,.T.);
#2956=EDGE_CURVE('',#2261,#2263,#182,.T.);
#2958=EDGE_CURVE('',#2359,#2261,#186,.T.);
#2960=EDGE_CURVE('',#2357,#2359,#191,.T.);
#2962=EDGE_CURVE('',#2357,#2230,#195,.T.);
#2964=EDGE_CURVE('',#2463,#2230,#1794,.T.);
#2966=EDGE_CURVE('',#2463,#2459,#200,.T.);
#2968=EDGE_CURVE('',#2459,#2363,#204,.T.);
#2970=EDGE_CURVE('',#2362,#2363,#209,.T.);
#2972=EDGE_CURVE('',#2375,#2362,#213,.T.);
#2974=EDGE_CURVE('',#2373,#2375,#218,.T.);
#2976=EDGE_CURVE('',#2373,#2234,#222,.T.);
#2978=EDGE_CURVE('',#2495,#2234,#1610,.T.);
#2980=EDGE_CURVE('',#2495,#2491,#227,.T.);
#2982=EDGE_CURVE('',#2491,#2379,#231,.T.);
#2984=EDGE_CURVE('',#2378,#2379,#236,.T.);
#2986=EDGE_CURVE('',#2391,#2378,#240,.T.);
#2988=EDGE_CURVE('',#2389,#2391,#245,.T.);
#2990=EDGE_CURVE('',#2389,#2451,#249,.T.);
#2992=EDGE_CURVE('',#2455,#2451,#1825,.T.);
#2994=EDGE_CURVE('',#2238,#2455,#1839,.T.);
#2996=EDGE_CURVE('',#2238,#2395,#253,.T.);
#2998=EDGE_CURVE('',#2394,#2395,#258,.T.);
#3000=EDGE_CURVE('',#2407,#2394,#262,.T.);
#3002=EDGE_CURVE('',#2405,#2407,#267,.T.);
#3004=EDGE_CURVE('',#2405,#2242,#271,.T.);
#3006=EDGE_CURVE('',#2483,#2242,#1864,.T.);
#3008=EDGE_CURVE('',#2487,#2483,#1879,.T.);
#3010=EDGE_CURVE('',#2246,#2487,#1893,.T.);
#3012=EDGE_CURVE('',#2411,#2246,#275,.T.);
#3014=EDGE_CURVE('',#2410,#2411,#280,.T.);
#3016=EDGE_CURVE('',#2423,#2410,#284,.T.);
#3018=EDGE_CURVE('',#2421,#2423,#289,.T.);
#3020=EDGE_CURVE('',#2421,#2254,#293,.T.);
#3022=EDGE_CURVE('',#2478,#2254,#1580,.T.);
#3024=EDGE_CURVE('',#2474,#2478,#1566,.T.);
#3026=EDGE_CURVE('',#2250,#2474,#1561,.T.);
#3028=EDGE_CURVE('',#2250,#2347,#297,.T.);
#3030=EDGE_CURVE('',#2346,#2347,#302,.T.);
#3032=EDGE_CURVE('',#2431,#2346,#306,.T.);
#3034=EDGE_CURVE('',#2429,#2431,#311,.T.);
#3036=EDGE_CURVE('',#2429,#2186,#315,.T.);
#3038=EDGE_CURVE('',#2443,#2186,#1526,.T.);
#3040=EDGE_CURVE('',#2447,#2443,#1517,.T.);
#3042=EDGE_CURVE('',#2447,#2267,#319,.T.);
#3044=EDGE_CURVE('',#2266,#2267,#324,.T.);
#3046=EDGE_CURVE('',#2279,#2266,#328,.T.);
#3048=EDGE_CURVE('',#2277,#2279,#333,.T.);
#3050=EDGE_CURVE('',#2277,#2466,#337,.T.);
#3052=EDGE_CURVE('',#2466,#2470,#342,.T.);
#3054=EDGE_CURVE('',#2190,#2470,#1451,.T.);
#3056=EDGE_CURVE('',#2190,#2283,#346,.T.);
#3058=EDGE_CURVE('',#2282,#2283,#351,.T.);
#3060=EDGE_CURVE('',#2295,#2282,#355,.T.);
#3062=EDGE_CURVE('',#2293,#2295,#360,.T.);
#3064=EDGE_CURVE('',#2293,#2434,#364,.T.);
#3066=EDGE_CURVE('',#2434,#2438,#369,.T.);
#3068=EDGE_CURVE('',#2194,#2438,#1923,.T.);
#3070=EDGE_CURVE('',#2299,#2194,#373,.T.);
#3072=EDGE_CURVE('',#2298,#2299,#378,.T.);
#3074=EDGE_CURVE('',#2311,#2298,#382,.T.);
#3076=EDGE_CURVE('',#2309,#2311,#387,.T.);
#3078=EDGE_CURVE('',#2309,#2210,#391,.T.);
#3080=EDGE_CURVE('',#2206,#2210,#1944,.T.);
#3082=EDGE_CURVE('',#2206,#2202,#395,.T.);
#3084=EDGE_CURVE('',#2198,#2202,#1962,.T.);
#3086=EDGE_CURVE('',#2315,#2198,#399,.T.);
#3088=EDGE_CURVE('',#2314,#2315,#404,.T.);
#3090=EDGE_CURVE('',#2327,#2314,#408,.T.);
#3092=EDGE_CURVE('',#2325,#2327,#413,.T.);
#3094=EDGE_CURVE('',#2325,#2218,#417,.T.);
#3096=EDGE_CURVE('',#2214,#2218,#1988,.T.);
#3098=EDGE_CURVE('',#2214,#2226,#421,.T.);
#3100=EDGE_CURVE('',#2222,#2226,#2006,.T.);
#3102=EDGE_CURVE('',#2331,#2222,#425,.T.);
#3104=EDGE_CURVE('',#2330,#2331,#430,.T.);
#3106=EDGE_CURVE('',#2343,#2330,#434,.T.);
#3108=EDGE_CURVE('',#2341,#2343,#439,.T.);
#3110=EDGE_CURVE('',#2175,#2341,#443,.T.);
#3112=EDGE_CURVE('',#2174,#2175,#447,.T.);
#3114=EDGE_CURVE('',#2663,#2174,#451,.T.);
#3116=EDGE_CURVE('',#2661,#2663,#456,.T.);
#3118=EDGE_CURVE('',#2655,#2661,#460,.T.);
#3120=EDGE_CURVE('',#2653,#2655,#465,.T.);
#3122=EDGE_CURVE('',#2653,#2543,#469,.T.);
#3124=EDGE_CURVE('',#2547,#2543,#1363,.T.);
#3126=EDGE_CURVE('',#2535,#2547,#473,.T.);
#3128=EDGE_CURVE('',#2539,#2535,#1345,.T.);
#3130=EDGE_CURVE('',#2643,#2539,#477,.T.);
#3132=EDGE_CURVE('',#2642,#2643,#482,.T.);
#3134=EDGE_CURVE('',#2639,#2642,#486,.T.);
#3136=EDGE_CURVE('',#2637,#2639,#491,.T.);
#3138=EDGE_CURVE('',#2637,#2519,#495,.T.);
#3140=EDGE_CURVE('',#2523,#2519,#1319,.T.);
#3142=EDGE_CURVE('',#2527,#2523,#499,.T.);
#3144=EDGE_CURVE('',#2531,#2527,#1301,.T.);
#3146=EDGE_CURVE('',#2627,#2531,#503,.T.);
#3148=EDGE_CURVE('',#2626,#2627,#508,.T.);
#3150=EDGE_CURVE('',#2623,#2626,#512,.T.);
#3152=EDGE_CURVE('',#2621,#2623,#517,.T.);
#3154=EDGE_CURVE('',#2621,#2515,#521,.T.);
#3156=EDGE_CURVE('',#2759,#2515,#1270,.T.);
#3158=EDGE_CURVE('',#2759,#2755,#526,.T.);
#3160=EDGE_CURVE('',#2611,#2755,#530,.T.);
#3162=EDGE_CURVE('',#2610,#2611,#535,.T.);
#3164=EDGE_CURVE('',#2607,#2610,#539,.T.);
#3166=EDGE_CURVE('',#2605,#2607,#544,.T.);
#3168=EDGE_CURVE('',#2511,#2605,#548,.T.);
#3170=EDGE_CURVE('',#2791,#2511,#1208,.T.);
#3172=EDGE_CURVE('',#2791,#2787,#553,.T.);
#3174=EDGE_CURVE('',#2595,#2787,#557,.T.);
#3176=EDGE_CURVE('',#2594,#2595,#562,.T.);
#3178=EDGE_CURVE('',#2591,#2594,#566,.T.);
#3180=EDGE_CURVE('',#2589,#2591,#571,.T.);
#3184=ADVANCED_FACE('',(#3183),#2859,.T.);
#3190=EDGE_CURVE('',#2766,#2767,#575,.T.);
#3193=EDGE_CURVE('',#2589,#2587,#579,.T.);
#3195=EDGE_CURVE('',#2767,#2587,#607,.T.);
#3199=ADVANCED_FACE('',(#3198),#3189,.T.);
#3205=EDGE_CURVE('',#2762,#2763,#593,.T.);
#3209=EDGE_CURVE('',#2767,#2763,#589,.T.);
#3213=ADVANCED_FACE('',(#3212),#3204,.F.);
#3220=EDGE_CURVE('',#2763,#2506,#598,.T.);
#3222=EDGE_CURVE('',#2506,#2507,#2027,.T.);
#3227=ADVANCED_FACE('',(#3226),#3218,.F.);
#3236=EDGE_CURVE('',#2586,#2587,#612,.T.);
#3238=EDGE_CURVE('',#2586,#2599,#616,.T.);
#3240=EDGE_CURVE('',#2597,#2599,#621,.T.);
#3242=EDGE_CURVE('',#2597,#2786,#625,.T.);
#3244=EDGE_CURVE('',#2786,#2790,#630,.T.);
#3246=EDGE_CURVE('',#2510,#2790,#1213,.T.);
#3248=EDGE_CURVE('',#2510,#2603,#634,.T.);
#3250=EDGE_CURVE('',#2602,#2603,#639,.T.);
#3252=EDGE_CURVE('',#2602,#2615,#643,.T.);
#3254=EDGE_CURVE('',#2613,#2615,#648,.T.);
#3256=EDGE_CURVE('',#2613,#2754,#652,.T.);
#3258=EDGE_CURVE('',#2754,#2758,#657,.T.);
#3260=EDGE_CURVE('',#2514,#2758,#1275,.T.);
#3262=EDGE_CURVE('',#2619,#2514,#661,.T.);
#3264=EDGE_CURVE('',#2618,#2619,#666,.T.);
#3266=EDGE_CURVE('',#2618,#2631,#670,.T.);
#3268=EDGE_CURVE('',#2629,#2631,#675,.T.);
#3270=EDGE_CURVE('',#2629,#2530,#679,.T.);
#3272=EDGE_CURVE('',#2526,#2530,#1296,.T.);
#3274=EDGE_CURVE('',#2526,#2522,#683,.T.);
#3276=EDGE_CURVE('',#2518,#2522,#1314,.T.);
#3278=EDGE_CURVE('',#2635,#2518,#687,.T.);
#3280=EDGE_CURVE('',#2634,#2635,#692,.T.);
#3282=EDGE_CURVE('',#2634,#2647,#696,.T.);
#3284=EDGE_CURVE('',#2645,#2647,#701,.T.);
#3286=EDGE_CURVE('',#2645,#2538,#705,.T.);
#3288=EDGE_CURVE('',#2534,#2538,#1340,.T.);
#3290=EDGE_CURVE('',#2534,#2546,#709,.T.);
#3292=EDGE_CURVE('',#2542,#2546,#1358,.T.);
#3294=EDGE_CURVE('',#2651,#2542,#713,.T.);
#3296=EDGE_CURVE('',#2650,#2651,#718,.T.);
#3298=EDGE_CURVE('',#2650,#2659,#722,.T.);
#3300=EDGE_CURVE('',#2658,#2659,#727,.T.);
#3302=EDGE_CURVE('',#2658,#2170,#731,.T.);
#3304=EDGE_CURVE('',#2170,#2171,#735,.T.);
#3306=EDGE_CURVE('',#2171,#2339,#739,.T.);
#3308=EDGE_CURVE('',#2338,#2339,#744,.T.);
#3310=EDGE_CURVE('',#2338,#2335,#748,.T.);
#3312=EDGE_CURVE('',#2333,#2335,#753,.T.);
#3314=EDGE_CURVE('',#2333,#2223,#757,.T.);
#3316=EDGE_CURVE('',#2227,#2223,#2011,.T.);
#3318=EDGE_CURVE('',#2215,#2227,#761,.T.);
#3320=EDGE_CURVE('',#2219,#2215,#1993,.T.);
#3322=EDGE_CURVE('',#2323,#2219,#765,.T.);
#3324=EDGE_CURVE('',#2322,#2323,#770,.T.);
#3326=EDGE_CURVE('',#2322,#2319,#774,.T.);
#3328=EDGE_CURVE('',#2317,#2319,#779,.T.);
#3330=EDGE_CURVE('',#2317,#2199,#783,.T.);
#3332=EDGE_CURVE('',#2203,#2199,#1967,.T.);
#3334=EDGE_CURVE('',#2207,#2203,#787,.T.);
#3336=EDGE_CURVE('',#2211,#2207,#1949,.T.);
#3338=EDGE_CURVE('',#2307,#2211,#791,.T.);
#3340=EDGE_CURVE('',#2306,#2307,#796,.T.);
#3342=EDGE_CURVE('',#2306,#2303,#800,.T.);
#3344=EDGE_CURVE('',#2301,#2303,#805,.T.);
#3346=EDGE_CURVE('',#2301,#2195,#809,.T.);
#3348=EDGE_CURVE('',#2439,#2195,#1918,.T.);
#3350=EDGE_CURVE('',#2439,#2435,#814,.T.);
#3352=EDGE_CURVE('',#2291,#2435,#818,.T.);
#3354=EDGE_CURVE('',#2290,#2291,#823,.T.);
#3356=EDGE_CURVE('',#2290,#2287,#827,.T.);
#3358=EDGE_CURVE('',#2285,#2287,#832,.T.);
#3360=EDGE_CURVE('',#2191,#2285,#836,.T.);
#3362=EDGE_CURVE('',#2471,#2191,#1446,.T.);
#3364=EDGE_CURVE('',#2471,#2467,#841,.T.);
#3366=EDGE_CURVE('',#2275,#2467,#845,.T.);
#3368=EDGE_CURVE('',#2274,#2275,#850,.T.);
#3370=EDGE_CURVE('',#2274,#2271,#854,.T.);
#3372=EDGE_CURVE('',#2269,#2271,#859,.T.);
#3374=EDGE_CURVE('',#2446,#2269,#863,.T.);
#3376=EDGE_CURVE('',#2442,#2446,#1512,.T.);
#3378=EDGE_CURVE('',#2187,#2442,#1531,.T.);
#3380=EDGE_CURVE('',#2427,#2187,#867,.T.);
#3382=EDGE_CURVE('',#2426,#2427,#872,.T.);
#3384=EDGE_CURVE('',#2426,#2351,#876,.T.);
#3386=EDGE_CURVE('',#2349,#2351,#881,.T.);
#3388=EDGE_CURVE('',#2251,#2349,#885,.T.);
#3390=EDGE_CURVE('',#2475,#2251,#1556,.T.);
#3392=EDGE_CURVE('',#2479,#2475,#1571,.T.);
#3394=EDGE_CURVE('',#2255,#2479,#1585,.T.);
#3396=EDGE_CURVE('',#2419,#2255,#889,.T.);
#3398=EDGE_CURVE('',#2418,#2419,#894,.T.);
#3400=EDGE_CURVE('',#2418,#2415,#898,.T.);
#3402=EDGE_CURVE('',#2413,#2415,#903,.T.);
#3404=EDGE_CURVE('',#2413,#2247,#907,.T.);
#3406=EDGE_CURVE('',#2486,#2247,#1888,.T.);
#3408=EDGE_CURVE('',#2482,#2486,#1874,.T.);
#3410=EDGE_CURVE('',#2243,#2482,#1869,.T.);
#3412=EDGE_CURVE('',#2403,#2243,#911,.T.);
#3414=EDGE_CURVE('',#2402,#2403,#916,.T.);
#3416=EDGE_CURVE('',#2402,#2399,#920,.T.);
#3418=EDGE_CURVE('',#2397,#2399,#925,.T.);
#3420=EDGE_CURVE('',#2239,#2397,#929,.T.);
#3422=EDGE_CURVE('',#2454,#2239,#1834,.T.);
#3424=EDGE_CURVE('',#2450,#2454,#1820,.T.);
#3426=EDGE_CURVE('',#2387,#2450,#933,.T.);
#3428=EDGE_CURVE('',#2386,#2387,#938,.T.);
#3430=EDGE_CURVE('',#2386,#2383,#942,.T.);
#3432=EDGE_CURVE('',#2381,#2383,#947,.T.);
#3434=EDGE_CURVE('',#2490,#2381,#951,.T.);
#3436=EDGE_CURVE('',#2490,#2494,#956,.T.);
#3438=EDGE_CURVE('',#2235,#2494,#1615,.T.);
#3440=EDGE_CURVE('',#2371,#2235,#960,.T.);
#3442=EDGE_CURVE('',#2370,#2371,#965,.T.);
#3444=EDGE_CURVE('',#2370,#2367,#969,.T.);
#3446=EDGE_CURVE('',#2365,#2367,#974,.T.);
#3448=EDGE_CURVE('',#2458,#2365,#978,.T.);
#3450=EDGE_CURVE('',#2458,#2462,#983,.T.);
#3452=EDGE_CURVE('',#2231,#2462,#1799,.T.);
#3454=EDGE_CURVE('',#2355,#2231,#987,.T.);
#3456=EDGE_CURVE('',#2354,#2355,#992,.T.);
#3458=EDGE_CURVE('',#2354,#2259,#996,.T.);
#3460=EDGE_CURVE('',#2258,#2259,#1001,.T.);
#3462=EDGE_CURVE('',#2258,#2178,#1005,.T.);
#3464=EDGE_CURVE('',#2182,#2178,#1652,.T.);
#3466=EDGE_CURVE('',#2182,#2499,#1009,.T.);
#3468=EDGE_CURVE('',#2503,#2499,#1685,.T.);
#3470=EDGE_CURVE('',#2503,#2579,#1013,.T.);
#3472=EDGE_CURVE('',#2578,#2579,#1018,.T.);
#3474=EDGE_CURVE('',#2578,#2679,#1022,.T.);
#3476=EDGE_CURVE('',#2677,#2679,#1027,.T.);
#3478=EDGE_CURVE('',#2677,#2550,#1031,.T.);
#3480=EDGE_CURVE('',#2783,#2550,#1726,.T.);
#3482=EDGE_CURVE('',#2783,#2779,#1036,.T.);
#3484=EDGE_CURVE('',#2779,#2683,#1040,.T.);
#3486=EDGE_CURVE('',#2682,#2683,#1045,.T.);
#3488=EDGE_CURVE('',#2682,#2695,#1049,.T.);
#3490=EDGE_CURVE('',#2693,#2695,#1054,.T.);
#3492=EDGE_CURVE('',#2693,#2554,#1058,.T.);
#3494=EDGE_CURVE('',#2815,#2554,#1756,.T.);
#3496=EDGE_CURVE('',#2815,#2811,#1063,.T.);
#3498=EDGE_CURVE('',#2811,#2699,#1067,.T.);
#3500=EDGE_CURVE('',#2698,#2699,#1072,.T.);
#3502=EDGE_CURVE('',#2698,#2711,#1076,.T.);
#3504=EDGE_CURVE('',#2709,#2711,#1081,.T.);
#3506=EDGE_CURVE('',#2709,#2771,#1085,.T.);
#3508=EDGE_CURVE('',#2775,#2771,#2091,.T.);
#3510=EDGE_CURVE('',#2558,#2775,#2105,.T.);
#3512=EDGE_CURVE('',#2558,#2715,#1089,.T.);
#3514=EDGE_CURVE('',#2714,#2715,#1094,.T.);
#3516=EDGE_CURVE('',#2714,#2727,#1098,.T.);
#3518=EDGE_CURVE('',#2725,#2727,#1103,.T.);
#3520=EDGE_CURVE('',#2725,#2562,#1107,.T.);
#3522=EDGE_CURVE('',#2803,#2562,#2130,.T.);
#3524=EDGE_CURVE('',#2807,#2803,#2145,.T.);
#3526=EDGE_CURVE('',#2566,#2807,#2159,.T.);
#3528=EDGE_CURVE('',#2731,#2566,#1111,.T.);
#3530=EDGE_CURVE('',#2730,#2731,#1116,.T.);
#3532=EDGE_CURVE('',#2730,#2743,#1120,.T.);
#3536=EDGE_CURVE('',#2798,#2574,#2068,.T.);
#3538=EDGE_CURVE('',#2794,#2798,#2054,.T.);
#3540=EDGE_CURVE('',#2570,#2794,#2049,.T.);
#3542=EDGE_CURVE('',#2570,#2747,#1133,.T.);
#3544=EDGE_CURVE('',#2746,#2747,#1138,.T.);
#3546=EDGE_CURVE('',#2746,#2671,#1142,.T.);
#3548=EDGE_CURVE('',#2669,#2671,#1147,.T.);
#3550=EDGE_CURVE('',#2669,#2506,#1151,.T.);
#3554=ADVANCED_FACE('',(#3553),#3232,.F.);
#3563=EDGE_CURVE('',#2591,#2586,#1155,.T.);
#3567=ADVANCED_FACE('',(#3566),#3559,.T.);
#3575=EDGE_CURVE('',#2599,#2594,#1159,.T.);
#3580=ADVANCED_FACE('',(#3579),#3572,.T.);
#3586=EDGE_CURVE('',#2671,#2666,#1163,.T.);
#3589=EDGE_CURVE('',#2751,#2746,#1167,.T.);
#3594=ADVANCED_FACE('',(#3593),#3585,.T.);
#3600=EDGE_CURVE('',#2703,#2698,#1171,.T.);
#3603=EDGE_CURVE('',#2711,#2706,#1175,.T.);
#3608=ADVANCED_FACE('',(#3607),#3599,.T.);
#3614=EDGE_CURVE('',#2719,#2714,#1179,.T.);
#3617=EDGE_CURVE('',#2727,#2722,#1183,.T.);
#3622=ADVANCED_FACE('',(#3621),#3613,.T.);
#3628=EDGE_CURVE('',#2735,#2730,#1187,.T.);
#3635=ADVANCED_FACE('',(#3634),#3627,.T.);
#3642=EDGE_CURVE('',#2597,#2595,#1199,.T.);
#3648=ADVANCED_FACE('',(#3647),#3640,.T.);
#3654=EDGE_CURVE('',#2786,#2787,#1195,.T.);
#3661=ADVANCED_FACE('',(#3660),#3653,.T.);
#3669=EDGE_CURVE('',#2790,#2791,#1203,.T.);
#3674=ADVANCED_FACE('',(#3673),#3666,.F.);
#3682=EDGE_CURVE('',#2510,#2511,#1221,.T.);
#3687=ADVANCED_FACE('',(#3686),#3679,.F.);
#3693=EDGE_CURVE('',#2605,#2603,#1217,.T.);
#3700=ADVANCED_FACE('',(#3699),#3692,.T.);
#3709=EDGE_CURVE('',#2607,#2602,#1225,.T.);
#3713=ADVANCED_FACE('',(#3712),#3705,.T.);
#3721=EDGE_CURVE('',#2615,#2610,#1229,.T.);
#3726=ADVANCED_FACE('',(#3725),#3718,.T.);
#3732=EDGE_CURVE('',#2623,#2618,#1233,.T.);
#3735=EDGE_CURVE('',#2631,#2626,#1237,.T.);
#3740=ADVANCED_FACE('',(#3739),#3731,.T.);
#3746=EDGE_CURVE('',#2639,#2634,#1241,.T.);
#3749=EDGE_CURVE('',#2647,#2642,#1245,.T.);
#3754=ADVANCED_FACE('',(#3753),#3745,.T.);
#3760=EDGE_CURVE('',#2655,#2650,#1249,.T.);
#3763=EDGE_CURVE('',#2661,#2659,#1253,.T.);
#3768=ADVANCED_FACE('',(#3767),#3759,.T.);
#3775=EDGE_CURVE('',#2613,#2611,#1261,.T.);
#3781=ADVANCED_FACE('',(#3780),#3773,.T.);
#3787=EDGE_CURVE('',#2754,#2755,#1257,.T.);
#3794=ADVANCED_FACE('',(#3793),#3786,.T.);
#3802=EDGE_CURVE('',#2758,#2759,#1265,.T.);
#3807=ADVANCED_FACE('',(#3806),#3799,.F.);
#3815=EDGE_CURVE('',#2514,#2515,#1283,.T.);
#3820=ADVANCED_FACE('',(#3819),#3812,.F.);
#3826=EDGE_CURVE('',#2621,#2619,#1279,.T.);
#3833=ADVANCED_FACE('',(#3832),#3825,.T.);
#3845=ADVANCED_FACE('',(#3844),#3838,.T.);
#3852=EDGE_CURVE('',#2629,#2627,#1287,.T.);
#3858=ADVANCED_FACE('',(#3857),#3850,.T.);
#3866=EDGE_CURVE('',#2530,#2531,#1291,.T.);
#3871=ADVANCED_FACE('',(#3870),#3863,.T.);
#3877=EDGE_CURVE('',#2526,#2527,#1309,.T.);
#3884=ADVANCED_FACE('',(#3883),#3876,.F.);
#3890=EDGE_CURVE('',#2522,#2523,#1305,.T.);
#3897=ADVANCED_FACE('',(#3896),#3889,.T.);
#3903=EDGE_CURVE('',#2518,#2519,#1327,.T.);
#3910=ADVANCED_FACE('',(#3909),#3902,.F.);
#3916=EDGE_CURVE('',#2637,#2635,#1323,.T.);
#3923=ADVANCED_FACE('',(#3922),#3915,.T.);
#3935=ADVANCED_FACE('',(#3934),#3928,.T.);
#3942=EDGE_CURVE('',#2645,#2643,#1331,.T.);
#3948=ADVANCED_FACE('',(#3947),#3940,.T.);
#3956=EDGE_CURVE('',#2538,#2539,#1335,.T.);
#3961=ADVANCED_FACE('',(#3960),#3953,.T.);
#3967=EDGE_CURVE('',#2534,#2535,#1349,.T.);
#3974=ADVANCED_FACE('',(#3973),#3966,.F.);
#3982=EDGE_CURVE('',#2546,#2547,#1353,.T.);
#3987=ADVANCED_FACE('',(#3986),#3979,.T.);
#3993=EDGE_CURVE('',#2542,#2543,#1371,.T.);
#4000=ADVANCED_FACE('',(#3999),#3992,.F.);
#4006=EDGE_CURVE('',#2653,#2651,#1367,.T.);
#4013=ADVANCED_FACE('',(#4012),#4005,.T.);
#4025=ADVANCED_FACE('',(#4024),#4018,.T.);
#4034=EDGE_CURVE('',#2663,#2658,#1375,.T.);
#4038=ADVANCED_FACE('',(#4037),#4030,.T.);
#4046=EDGE_CURVE('',#2170,#2174,#1379,.T.);
#4051=ADVANCED_FACE('',(#4050),#4043,.T.);
#4060=EDGE_CURVE('',#2171,#2175,#1397,.T.);
#4064=EDGE_CURVE('',#2822,#2823,#1384,.T.);
#4066=EDGE_CURVE('',#2823,#2822,#1389,.T.);
#4070=ADVANCED_FACE('',(#4063,#4069),#4056,.T.);
#4076=EDGE_CURVE('',#2341,#2339,#1393,.T.);
#4083=ADVANCED_FACE('',(#4082),#4075,.T.);
#4092=EDGE_CURVE('',#2343,#2338,#1429,.T.);
#4096=ADVANCED_FACE('',(#4095),#4088,.T.);
#4102=EDGE_CURVE('',#2287,#2282,#1401,.T.);
#4105=EDGE_CURVE('',#2295,#2290,#1405,.T.);
#4110=ADVANCED_FACE('',(#4109),#4101,.T.);
#4116=EDGE_CURVE('',#2303,#2298,#1409,.T.);
#4119=EDGE_CURVE('',#2311,#2306,#1413,.T.);
#4124=ADVANCED_FACE('',(#4123),#4115,.T.);
#4130=EDGE_CURVE('',#2319,#2314,#1417,.T.);
#4133=EDGE_CURVE('',#2327,#2322,#1421,.T.);
#4138=ADVANCED_FACE('',(#4137),#4129,.T.);
#4144=EDGE_CURVE('',#2335,#2330,#1425,.T.);
#4151=ADVANCED_FACE('',(#4150),#4143,.T.);
#4158=EDGE_CURVE('',#2285,#2283,#1433,.T.);
#4164=ADVANCED_FACE('',(#4163),#4156,.T.);
#4172=EDGE_CURVE('',#2190,#2191,#1437,.T.);
#4177=ADVANCED_FACE('',(#4176),#4169,.F.);
#4183=EDGE_CURVE('',#2470,#2471,#1441,.T.);
#4190=ADVANCED_FACE('',(#4189),#4182,.F.);
#4196=EDGE_CURVE('',#2466,#2467,#1455,.T.);
#4203=ADVANCED_FACE('',(#4202),#4195,.F.);
#4211=EDGE_CURVE('',#2277,#2275,#1459,.T.);
#4216=ADVANCED_FACE('',(#4215),#4208,.F.);
#4225=EDGE_CURVE('',#2279,#2274,#1467,.T.);
#4229=ADVANCED_FACE('',(#4228),#4221,.T.);
#4235=EDGE_CURVE('',#2271,#2266,#1463,.T.);
#4242=ADVANCED_FACE('',(#4241),#4234,.T.);
#4248=EDGE_CURVE('',#2351,#2346,#1471,.T.);
#4251=EDGE_CURVE('',#2431,#2426,#1475,.T.);
#4256=ADVANCED_FACE('',(#4255),#4247,.T.);
#4262=EDGE_CURVE('',#2383,#2378,#1479,.T.);
#4265=EDGE_CURVE('',#2391,#2386,#1483,.T.);
#4270=ADVANCED_FACE('',(#4269),#4261,.T.);
#4276=EDGE_CURVE('',#2399,#2394,#1487,.T.);
#4279=EDGE_CURVE('',#2407,#2402,#1491,.T.);
#4284=ADVANCED_FACE('',(#4283),#4275,.T.);
#4290=EDGE_CURVE('',#2415,#2410,#1495,.T.);
#4293=EDGE_CURVE('',#2423,#2418,#1499,.T.);
#4298=ADVANCED_FACE('',(#4297),#4289,.T.);
#4305=EDGE_CURVE('',#2269,#2267,#1507,.T.);
#4311=ADVANCED_FACE('',(#4310),#4303,.T.);
#4317=EDGE_CURVE('',#2446,#2447,#1503,.T.);
#4324=ADVANCED_FACE('',(#4323),#4316,.F.);
#4330=EDGE_CURVE('',#2442,#2443,#1521,.T.);
#4337=ADVANCED_FACE('',(#4336),#4329,.F.);
#4345=EDGE_CURVE('',#2186,#2187,#1539,.T.);
#4350=ADVANCED_FACE('',(#4349),#4342,.F.);
#4356=EDGE_CURVE('',#2429,#2427,#1535,.T.);
#4363=ADVANCED_FACE('',(#4362),#4355,.F.);
#4375=ADVANCED_FACE('',(#4374),#4368,.T.);
#4382=EDGE_CURVE('',#2349,#2347,#1543,.T.);
#4388=ADVANCED_FACE('',(#4387),#4380,.T.);
#4396=EDGE_CURVE('',#2250,#2251,#1547,.T.);
#4401=ADVANCED_FACE('',(#4400),#4393,.F.);
#4407=EDGE_CURVE('',#2474,#2475,#1551,.T.);
#4414=ADVANCED_FACE('',(#4413),#4406,.F.);
#4422=EDGE_CURVE('',#2478,#2479,#1575,.T.);
#4427=ADVANCED_FACE('',(#4426),#4419,.F.);
#4435=EDGE_CURVE('',#2254,#2255,#1593,.T.);
#4440=ADVANCED_FACE('',(#4439),#4432,.F.);
#4446=EDGE_CURVE('',#2421,#2419,#1589,.T.);
#4453=ADVANCED_FACE('',(#4452),#4445,.F.);
#4465=ADVANCED_FACE('',(#4464),#4458,.T.);
#4472=EDGE_CURVE('',#2381,#2379,#1601,.T.);
#4478=ADVANCED_FACE('',(#4477),#4470,.T.);
#4484=EDGE_CURVE('',#2490,#2491,#1597,.T.);
#4491=ADVANCED_FACE('',(#4490),#4483,.F.);
#4499=EDGE_CURVE('',#2494,#2495,#1605,.T.);
#4504=ADVANCED_FACE('',(#4503),#4496,.F.);
#4512=EDGE_CURVE('',#2234,#2235,#1623,.T.);
#4517=ADVANCED_FACE('',(#4516),#4509,.F.);
#4523=EDGE_CURVE('',#2373,#2371,#1619,.T.);
#4530=ADVANCED_FACE('',(#4529),#4522,.F.);
#4539=EDGE_CURVE('',#2375,#2370,#1639,.T.);
#4543=ADVANCED_FACE('',(#4542),#4535,.T.);
#4549=EDGE_CURVE('',#2261,#2259,#1627,.T.);
#4552=EDGE_CURVE('',#2359,#2354,#1631,.T.);
#4557=ADVANCED_FACE('',(#4556),#4548,.T.);
#4563=EDGE_CURVE('',#2367,#2362,#1635,.T.);
#4570=ADVANCED_FACE('',(#4569),#4562,.T.);
#4579=EDGE_CURVE('',#2263,#2258,#1643,.T.);
#4583=ADVANCED_FACE('',(#4582),#4575,.T.);
#4591=EDGE_CURVE('',#2178,#2179,#1647,.T.);
#4596=ADVANCED_FACE('',(#4595),#4588,.T.);
#4605=EDGE_CURVE('',#2182,#2183,#1665,.T.);
#4609=ADVANCED_FACE('',(#4608),#4601,.F.);
#4615=EDGE_CURVE('',#2498,#2499,#1661,.T.);
#4622=EDGE_CURVE('',#2818,#2819,#1670,.T.);
#4624=EDGE_CURVE('',#2819,#2818,#1675,.T.);
#4628=ADVANCED_FACE('',(#4621,#4627),#4614,.T.);
#4635=EDGE_CURVE('',#2502,#2503,#1693,.T.);
#4641=ADVANCED_FACE('',(#4640),#4633,.F.);
#4647=EDGE_CURVE('',#2581,#2579,#1689,.T.);
#4654=ADVANCED_FACE('',(#4653),#4646,.T.);
#4663=EDGE_CURVE('',#2583,#2578,#1697,.T.);
#4667=ADVANCED_FACE('',(#4666),#4659,.T.);
#4675=EDGE_CURVE('',#2679,#2674,#1701,.T.);
#4680=ADVANCED_FACE('',(#4679),#4672,.T.);
#4686=EDGE_CURVE('',#2687,#2682,#1705,.T.);
#4689=EDGE_CURVE('',#2695,#2690,#1709,.T.);
#4694=ADVANCED_FACE('',(#4693),#4685,.T.);
#4701=EDGE_CURVE('',#2677,#2675,#1713,.T.);
#4707=ADVANCED_FACE('',(#4706),#4699,.T.);
#4715=EDGE_CURVE('',#2550,#2551,#1717,.T.);
#4720=ADVANCED_FACE('',(#4719),#4712,.T.);
#4726=EDGE_CURVE('',#2782,#2783,#1721,.T.);
#4733=ADVANCED_FACE('',(#4732),#4725,.F.);
#4739=EDGE_CURVE('',#2778,#2779,#1735,.T.);
#4746=ADVANCED_FACE('',(#4745),#4738,.F.);
#4754=EDGE_CURVE('',#2685,#2683,#1739,.T.);
#4759=ADVANCED_FACE('',(#4758),#4751,.T.);
#4771=ADVANCED_FACE('',(#4770),#4764,.T.);
#4778=EDGE_CURVE('',#2693,#2691,#1743,.T.);
#4784=ADVANCED_FACE('',(#4783),#4776,.T.);
#4792=EDGE_CURVE('',#2554,#2555,#1747,.T.);
#4797=ADVANCED_FACE('',(#4796),#4789,.T.);
#4803=EDGE_CURVE('',#2814,#2815,#1751,.T.);
#4810=ADVANCED_FACE('',(#4809),#4802,.F.);
#4816=EDGE_CURVE('',#2810,#2811,#1765,.T.);
#4823=ADVANCED_FACE('',(#4822),#4815,.F.);
#4831=EDGE_CURVE('',#2701,#2699,#1769,.T.);
#4836=ADVANCED_FACE('',(#4835),#4828,.T.);
#4848=ADVANCED_FACE('',(#4847),#4841,.T.);
#4855=EDGE_CURVE('',#2823,#2819,#1773,.T.);
#4858=EDGE_CURVE('',#2822,#2818,#1777,.T.);
#4862=ADVANCED_FACE('',(#4861),#4853,.F.);
#4874=ADVANCED_FACE('',(#4873),#4867,.F.);
#4881=EDGE_CURVE('',#2357,#2355,#1781,.T.);
#4887=ADVANCED_FACE('',(#4886),#4879,.T.);
#4895=EDGE_CURVE('',#2230,#2231,#1785,.T.);
#4900=ADVANCED_FACE('',(#4899),#4892,.F.);
#4906=EDGE_CURVE('',#2462,#2463,#1789,.T.);
#4913=ADVANCED_FACE('',(#4912),#4905,.F.);
#4919=EDGE_CURVE('',#2458,#2459,#1803,.T.);
#4926=ADVANCED_FACE('',(#4925),#4918,.F.);
#4934=EDGE_CURVE('',#2365,#2363,#1807,.T.);
#4939=ADVANCED_FACE('',(#4938),#4931,.F.);
#4951=ADVANCED_FACE('',(#4950),#4944,.T.);
#4958=EDGE_CURVE('',#2389,#2387,#1815,.T.);
#4964=ADVANCED_FACE('',(#4963),#4956,.T.);
#4970=EDGE_CURVE('',#2450,#2451,#1811,.T.);
#4977=ADVANCED_FACE('',(#4976),#4969,.F.);
#4985=EDGE_CURVE('',#2454,#2455,#1829,.T.);
#4990=ADVANCED_FACE('',(#4989),#4982,.F.);
#4998=EDGE_CURVE('',#2238,#2239,#1847,.T.);
#5003=ADVANCED_FACE('',(#5002),#4995,.F.);
#5009=EDGE_CURVE('',#2397,#2395,#1843,.T.);
#5016=ADVANCED_FACE('',(#5015),#5008,.F.);
#5028=ADVANCED_FACE('',(#5027),#5021,.T.);
#5035=EDGE_CURVE('',#2405,#2403,#1851,.T.);
#5041=ADVANCED_FACE('',(#5040),#5033,.T.);
#5049=EDGE_CURVE('',#2242,#2243,#1855,.T.);
#5054=ADVANCED_FACE('',(#5053),#5046,.F.);
#5060=EDGE_CURVE('',#2482,#2483,#1859,.T.);
#5067=ADVANCED_FACE('',(#5066),#5059,.F.);
#5075=EDGE_CURVE('',#2486,#2487,#1883,.T.);
#5080=ADVANCED_FACE('',(#5079),#5072,.F.);
#5088=EDGE_CURVE('',#2246,#2247,#1901,.T.);
#5093=ADVANCED_FACE('',(#5092),#5085,.F.);
#5099=EDGE_CURVE('',#2413,#2411,#1897,.T.);
#5106=ADVANCED_FACE('',(#5105),#5098,.F.);
#5118=ADVANCED_FACE('',(#5117),#5111,.T.);
#5125=EDGE_CURVE('',#2293,#2291,#1909,.T.);
#5131=ADVANCED_FACE('',(#5130),#5123,.T.);
#5137=EDGE_CURVE('',#2434,#2435,#1905,.T.);
#5144=ADVANCED_FACE('',(#5143),#5136,.F.);
#5152=EDGE_CURVE('',#2438,#2439,#1913,.T.);
#5157=ADVANCED_FACE('',(#5156),#5149,.F.);
#5165=EDGE_CURVE('',#2194,#2195,#1931,.T.);
#5170=ADVANCED_FACE('',(#5169),#5162,.F.);
#5176=EDGE_CURVE('',#2301,#2299,#1927,.T.);
#5183=ADVANCED_FACE('',(#5182),#5175,.F.);
#5195=ADVANCED_FACE('',(#5194),#5188,.T.);
#5202=EDGE_CURVE('',#2309,#2307,#1935,.T.);
#5208=ADVANCED_FACE('',(#5207),#5200,.T.);
#5216=EDGE_CURVE('',#2210,#2211,#1939,.T.);
#5221=ADVANCED_FACE('',(#5220),#5213,.F.);
#5227=EDGE_CURVE('',#2206,#2207,#1957,.T.);
#5234=ADVANCED_FACE('',(#5233),#5226,.F.);
#5240=EDGE_CURVE('',#2202,#2203,#1953,.T.);
#5247=ADVANCED_FACE('',(#5246),#5239,.F.);
#5253=EDGE_CURVE('',#2198,#2199,#1975,.T.);
#5260=ADVANCED_FACE('',(#5259),#5252,.F.);
#5266=EDGE_CURVE('',#2317,#2315,#1971,.T.);
#5273=ADVANCED_FACE('',(#5272),#5265,.F.);
#5285=ADVANCED_FACE('',(#5284),#5278,.T.);
#5292=EDGE_CURVE('',#2325,#2323,#1979,.T.);
#5298=ADVANCED_FACE('',(#5297),#5290,.T.);
#5306=EDGE_CURVE('',#2218,#2219,#1983,.T.);
#5311=ADVANCED_FACE('',(#5310),#5303,.F.);
#5317=EDGE_CURVE('',#2214,#2215,#1997,.T.);
#5324=ADVANCED_FACE('',(#5323),#5316,.F.);
#5332=EDGE_CURVE('',#2226,#2227,#2001,.T.);
#5337=ADVANCED_FACE('',(#5336),#5329,.F.);
#5343=EDGE_CURVE('',#2222,#2223,#2019,.T.);
#5350=ADVANCED_FACE('',(#5349),#5342,.F.);
#5356=EDGE_CURVE('',#2333,#2331,#2015,.T.);
#5363=ADVANCED_FACE('',(#5362),#5355,.F.);
#5375=ADVANCED_FACE('',(#5374),#5368,.T.);
#5382=EDGE_CURVE('',#2669,#2667,#2023,.T.);
#5388=ADVANCED_FACE('',(#5387),#5380,.T.);
#5400=ADVANCED_FACE('',(#5399),#5393,.T.);
#5407=EDGE_CURVE('',#2749,#2747,#2031,.T.);
#5413=ADVANCED_FACE('',(#5412),#5405,.T.);
#5421=EDGE_CURVE('',#2570,#2571,#2035,.T.);
#5426=ADVANCED_FACE('',(#5425),#5418,.T.);
#5432=EDGE_CURVE('',#2794,#2795,#2039,.T.);
#5439=ADVANCED_FACE('',(#5438),#5431,.F.);
#5447=EDGE_CURVE('',#2798,#2799,#2063,.T.);
#5452=ADVANCED_FACE('',(#5451),#5444,.F.);
#5464=ADVANCED_FACE('',(#5463),#5457,.F.);
#5471=EDGE_CURVE('',#2709,#2707,#2081,.T.);
#5477=ADVANCED_FACE('',(#5476),#5469,.T.);
#5483=EDGE_CURVE('',#2770,#2771,#2077,.T.);
#5490=ADVANCED_FACE('',(#5489),#5482,.T.);
#5498=EDGE_CURVE('',#2774,#2775,#2095,.T.);
#5503=ADVANCED_FACE('',(#5502),#5495,.F.);
#5511=EDGE_CURVE('',#2558,#2559,#2113,.T.);
#5516=ADVANCED_FACE('',(#5515),#5508,.F.);
#5522=EDGE_CURVE('',#2717,#2715,#2109,.T.);
#5529=ADVANCED_FACE('',(#5528),#5521,.T.);
#5541=ADVANCED_FACE('',(#5540),#5534,.T.);
#5548=EDGE_CURVE('',#2725,#2723,#2117,.T.);
#5554=ADVANCED_FACE('',(#5553),#5546,.T.);
#5562=EDGE_CURVE('',#2562,#2563,#2121,.T.);
#5567=ADVANCED_FACE('',(#5566),#5559,.T.);
#5573=EDGE_CURVE('',#2802,#2803,#2125,.T.);
#5580=ADVANCED_FACE('',(#5579),#5572,.F.);
#5588=EDGE_CURVE('',#2806,#2807,#2149,.T.);
#5593=ADVANCED_FACE('',(#5592),#5585,.F.);
#5601=EDGE_CURVE('',#2566,#2567,#2167,.T.);
#5606=ADVANCED_FACE('',(#5605),#5598,.F.);
#5612=EDGE_CURVE('',#2733,#2731,#2163,.T.);
#5619=ADVANCED_FACE('',(#5618),#5611,.T.);
#5631=ADVANCED_FACE('',(#5630),#5624,.T.);
#5638=CIRCLE('',#5637,4.55E-2);
#5643=CIRCLE('',#5642,4.55E-2);
#5648=CIRCLE('',#5647,4.55E-2);
#5657=CIRCLE('',#5656,3.75E-2);
#5662=CIRCLE('',#5661,3.75E-2);
#5671=CIRCLE('',#5670,3.75E-2);
#5676=CIRCLE('',#5675,3.75E-2);
#5685=CIRCLE('',#5684,4.55E-2);
#5711=EDGE_CURVE('',#5692,#5693,#5638,.T.);
#5713=EDGE_CURVE('',#5693,#5692,#5643,.T.);
#5717=ADVANCED_FACE('',(#5716),#5710,.F.);
#5723=EDGE_CURVE('',#5704,#5705,#5648,.T.);
#5725=EDGE_CURVE('',#5693,#5705,#5689,.T.);
#5728=EDGE_CURVE('',#5692,#5704,#5652,.T.);
#5732=ADVANCED_FACE('',(#5731),#5722,.T.);
#5739=EDGE_CURVE('',#5705,#5704,#5685,.T.);
#5743=EDGE_CURVE('',#5696,#5697,#5657,.T.);
#5745=EDGE_CURVE('',#5697,#5696,#5662,.T.);
#5749=ADVANCED_FACE('',(#5742,#5748),#5737,.T.);
#5755=EDGE_CURVE('',#5700,#5701,#5671,.T.);
#5757=EDGE_CURVE('',#5701,#5697,#5666,.T.);
#5760=EDGE_CURVE('',#5700,#5696,#5680,.T.);
#5764=ADVANCED_FACE('',(#5763),#5754,.T.);
#5771=EDGE_CURVE('',#5701,#5700,#5676,.T.);
#5775=ADVANCED_FACE('',(#5774),#5769,.T.);
#5787=ADVANCED_FACE('',(#5786),#5780,.T.);
#5799=ADVANCED_FACE('',(#5798),#5792,.T.);
#5806=CIRCLE('',#5805,4.55E-2);
#5811=CIRCLE('',#5810,4.55E-2);
#5816=CIRCLE('',#5815,4.55E-2);
#5825=CIRCLE('',#5824,3.75E-2);
#5830=CIRCLE('',#5829,3.75E-2);
#5839=CIRCLE('',#5838,3.75E-2);
#5844=CIRCLE('',#5843,3.75E-2);
#5853=CIRCLE('',#5852,4.55E-2);
#5879=EDGE_CURVE('',#5860,#5861,#5806,.T.);
#5881=EDGE_CURVE('',#5861,#5860,#5811,.T.);
#5885=ADVANCED_FACE('',(#5884),#5878,.F.);
#5891=EDGE_CURVE('',#5872,#5873,#5816,.T.);
#5893=EDGE_CURVE('',#5861,#5873,#5857,.T.);
#5896=EDGE_CURVE('',#5860,#5872,#5820,.T.);
#5900=ADVANCED_FACE('',(#5899),#5890,.T.);
#5907=EDGE_CURVE('',#5873,#5872,#5853,.T.);
#5911=EDGE_CURVE('',#5864,#5865,#5825,.T.);
#5913=EDGE_CURVE('',#5865,#5864,#5830,.T.);
#5917=ADVANCED_FACE('',(#5910,#5916),#5905,.T.);
#5923=EDGE_CURVE('',#5868,#5869,#5839,.T.);
#5925=EDGE_CURVE('',#5869,#5865,#5834,.T.);
#5928=EDGE_CURVE('',#5868,#5864,#5848,.T.);
#5932=ADVANCED_FACE('',(#5931),#5922,.T.);
#5939=EDGE_CURVE('',#5869,#5868,#5844,.T.);
#5943=ADVANCED_FACE('',(#5942),#5937,.T.);
#5955=ADVANCED_FACE('',(#5954),#5948,.T.);
#5967=ADVANCED_FACE('',(#5966),#5960,.T.);
#5997=TRIMMED_CURVE('A_1',#5996,(PARAMETER_VALUE(0.E0)),(PARAMETER_VALUE(1.E0)),
.T.,.UNSPECIFIED.);
#6005=TRIMMED_CURVE('A_4',#6004,(PARAMETER_VALUE(0.E0)),(PARAMETER_VALUE(1.E0)),
.T.,.UNSPECIFIED.);
#6013=TRIMMED_CURVE('A_5',#6012,(PARAMETER_VALUE(0.E0)),(PARAMETER_VALUE(1.E0)),
.T.,.UNSPECIFIED.);
#6021=TRIMMED_CURVE('A_6',#6020,(PARAMETER_VALUE(0.E0)),(PARAMETER_VALUE(1.E0)),
.T.,.UNSPECIFIED.);
#6029=TRIMMED_CURVE('A_7',#6028,(PARAMETER_VALUE(0.E0)),(PARAMETER_VALUE(1.E0)),
.T.,.UNSPECIFIED.);
#6037=TRIMMED_CURVE('A_8',#6036,(PARAMETER_VALUE(0.E0)),(PARAMETER_VALUE(1.E0)),
.T.,.UNSPECIFIED.);
#6045=TRIMMED_CURVE('A_9',#6044,(PARAMETER_VALUE(0.E0)),(PARAMETER_VALUE(1.E0)),
.T.,.UNSPECIFIED.);
#6054=(LENGTH_UNIT()NAMED_UNIT(*)SI_UNIT(.MILLI.,.METRE.));
#6057=(NAMED_UNIT(*)PLANE_ANGLE_UNIT()SI_UNIT($,.RADIAN.));
#6060=(NAMED_UNIT(*)SI_UNIT($,.STERADIAN.)SOLID_ANGLE_UNIT());
#6062=(GEOMETRIC_REPRESENTATION_CONTEXT(3)GLOBAL_UNCERTAINTY_ASSIGNED_CONTEXT((
#6061))GLOBAL_UNIT_ASSIGNED_CONTEXT((#6056,#6059,#6060))REPRESENTATION_CONTEXT(
'ID1','3'));
#6063=ADVANCED_BREP_SHAPE_REPRESENTATION('',(#5633,#5801,#5969),#6062);
#6064=CONSTRUCTIVE_GEOMETRY_REPRESENTATION('supplemental geometry',(#5974,#5979,
#5984,#5988,#5997,#6005,#6013,#6021,#6029,#6037,#6045),#6062);
#6068=AXIS2_PLACEMENT_3D('',#6065,#6066,#6067);
#6069=SHAPE_REPRESENTATION('',(#6068),#6062);
#6079=PRODUCT_DEFINITION('part definition','',#6078,#6075);
#6080=PRODUCT_DEFINITION_SHAPE('','SHAPE FOR RA-T2X-64E.',#6079);
#6081=SHAPE_ASPECT('','solid data associated with RA-T2X-64E',#6080,.F.);
#6082=PROPERTY_DEFINITION('',
'shape for solid data with which properties are associated',#6081);
#6083=SHAPE_REPRESENTATION('',(#5969),#6062);
#6084=SHAPE_DEFINITION_REPRESENTATION(#6082,#6083);
#6085=(LENGTH_UNIT()NAMED_UNIT(*)SI_UNIT(.MILLI.,.METRE.));
#6091=PROPERTY_DEFINITION('geometric validation property','area of RA-T2X-64E',
#6081);
#6092=REPRESENTATION('surface area',(#6090),#6062);
#6093=PROPERTY_DEFINITION_REPRESENTATION(#6091,#6092);
#6094=(LENGTH_UNIT()NAMED_UNIT(*)SI_UNIT(.MILLI.,.METRE.));
#6100=PROPERTY_DEFINITION('geometric validation property',
'volume of RA-T2X-64E',#6081);
#6101=REPRESENTATION('volume',(#6099),#6062);
#6102=PROPERTY_DEFINITION_REPRESENTATION(#6100,#6101);
#6104=PROPERTY_DEFINITION('geometric validation property',
'centroid of RA-T2X-64E',#6081);
#6105=REPRESENTATION('centroid',(#6103),#6062);
#6106=PROPERTY_DEFINITION_REPRESENTATION(#6104,#6105);
#6107=(LENGTH_UNIT()NAMED_UNIT(*)SI_UNIT(.MILLI.,.METRE.));
#6113=PROPERTY_DEFINITION('geometric validation property','area of RA-T2X-64E',
#6080);
#6114=REPRESENTATION('surface area',(#6112),#6062);
#6115=PROPERTY_DEFINITION_REPRESENTATION(#6113,#6114);
#6116=(LENGTH_UNIT()NAMED_UNIT(*)SI_UNIT(.MILLI.,.METRE.));
#6122=PROPERTY_DEFINITION('geometric validation property',
'volume of RA-T2X-64E',#6080);
#6123=REPRESENTATION('volume',(#6121),#6062);
#6124=PROPERTY_DEFINITION_REPRESENTATION(#6122,#6123);
#6126=PROPERTY_DEFINITION('geometric validation property',
'centroid of RA-T2X-64E',#6080);
#6127=REPRESENTATION('centroid',(#6125),#6062);
#6128=PROPERTY_DEFINITION_REPRESENTATION(#6126,#6127);
#6129=SHAPE_DEFINITION_REPRESENTATION(#6080,#6069);
#6139=PLANAR_BOX('',3.948363831362E0,3.331431982712E0,#6138);
#6146=CAMERA_USAGE(#6145,#6132);
#6151=PLANAR_BOX('',1.E3,8.4375E2,#6150);
#6171=PRESENTATION_AREA('',(#6170,#6175),#6131);
#6179=PROPERTY_DEFINITION('DESCRIPTION','user defined attribute',#6079);
#6183=REPRESENTATION('',(#6182),#6062);
#6184=PROPERTY_DEFINITION_REPRESENTATION(#6179,#6183);
#6185=PROPERTY_DEFINITION('MODELED_BY','user defined attribute',#6079);
#6189=REPRESENTATION('',(#6188),#6062);
#6190=PROPERTY_DEFINITION_REPRESENTATION(#6185,#6189);
ENDSEC;
END-ISO-10303-21;
